Hypothesis,Plan,Feasibility,Critique
"A spatially graded, *fixed-charge* defect landscape in a water-stable Zr6-oxo MOF—engineered as an anionically terminated outer shell (Zr–O–SO3− capped missing-linker sites) over a minimally defective, electronically benign core—will generate a measurable shell-to-core electrostatic potential (built-in field) that biases photogenerated carrier separation toward the catalytic surface and accelerates interfacial proton-coupled electron transfer (PCET). When a confined visible absorber is grown *only within a phase-confinement loading window* in the near-surface channel network (initially iodoplumbate MTP; contingency iodobismuthate/Cs3Bi2I9-like clusters), the combined architecture will (i) improve electron delivery to surface HER sites via band bending/potential gradient, (ii) increase HER kinetics via defect-local Zr–OH/Zr–OH2+ Brønsted acidity and optimized H* adsorption at defect-capped nodes (analogy to defect-driven CB/d-band tuning in photocatalytic MOFs), and (iii) suppress deleterious mobile-ion contributions to hysteresis by physically confining the absorber to sub-critical domain sizes and chemically tethering it at defect-capped sites—*provided* a pre-validated aqueous compatibility gate is met (no significant Pb/I leaching or I−/I3− photoredox runaway under the exact illumination/pH/ionic strength). The junction claim is rendered non-metaphorical by (a) specifying the fixed-charge chemistry (controlled fraction of Zr–O–SO3− vs neutral Zr–OH caps) and (b) pre-registering a falsifiable criterion: a reproducible shell-to-core contact potential difference ≥50–100 mV with correlated depth-dependent band-edge shifts by UPS/XPS; if this criterion is not met, the mechanism will be downgraded to ‘defect-site kinetics only’ and field-driven claims removed.","Step 0 — System choice and quantitative design targets (set before synthesis)
0.1 MOF platform: select a Zr6-carboxylate with straight channels and known defect tolerance + aqueous stability. Primary: NU-1000 (Zr6 nodes, 1D mesoporous channels ~3 nm with microporous windows) to accommodate confined clusters while maintaining water stability; Alternative: UiO-67 derivative with enlarged apertures if NU-1000 chemistry proves incompatible with absorber precursors.
0.2 Defect-mode target: missing-linker defects only (node preserved). Acceptance bounds prior to absorber growth: (i) crystallinity retained (single-crystal or microcrystal PXRD peak broadening <15% vs parent), (ii) BET/Ar sorption pore volume loss <25%, (iii) no significant missing-cluster signatures in PDF/STEM (see Step 2).
0.3 Built-in field target: shell-to-core potential difference ≥50–100 mV across a 50–300 nm shell (measured on cross-sections), with matching depth-resolved band-edge/band-bending signatures.
0.4 Absorber phase-confinement target: absorber domain size (TEM/Scherrer) ≤ channel diameter and non-percolated (no continuous 3D MAPbI3-like domains). Define loading window as Pb (or Bi) wt% such that (i) PXRD lacks intense bulk perovskite reflections, (ii) STEM-EDX shows discontinuous domains confined to channels/shell region.

Step 1 — Grow low-defect starting crystals and pre-functionalize for controlled defect chemistry
1.1 Synthesize NU-1000 single crystals or large microcrystals via modulated solvothermal conditions (benzoic/formic acid modulators; low water activity), targeting low initial defect density (verified by digestion 1H NMR + TGA).
1.2 Introduce a minor fraction (5–15%) of linker functionality capable of later anchoring/capping chemistry without destabilizing Zr6 connectivity: (a) sulfonate-bearing dicarboxylate as *post-capable anion source* OR (b) pendant pyridyl groups to coordinate Pb/Bi without introducing strong acid in the same step. The mixed-linker choice is made to decouple “fixed negative charge” (via sulfonate capping) from “Brønsted acidity” (via controlled protonation of Zr–OH) so these variables can be independently tuned.
1.3 Activation: solvent exchange to ethanol/acetone and gentle activation (supercritical CO2 drying preferred) to avoid crack formation that would invalidate diffusion-limited shell control.

Step 2 — Create a core–shell missing-linker gradient while explicitly suppressing missing-cluster formation
2.1 Diffusion-limited, pulse-wise *linker exchange/etch* designed to favor missing-linker over node loss:
  - Etchant/capper: monocarboxylate buffer (acetate/formate) at low concentration (e.g., 5–50 mM) in DMF/EtOH with carefully limited water (≤1–2 vol% initially), operated in short pulses (e.g., 5–20 min) at 25–50 °C.
  - Rationale: mild monocarboxylates preferentially compete at Zr sites to displace a linker locally; catastrophic node removal is promoted by higher water activity/strong acid—both are minimized.
  - Shell thickness control: iterate pulses (e.g., 1–10 cycles), with quench/exchange into dry ethanol between pulses to stop defect propagation. Target 50–300 nm shell thickness via diffusion-limited kinetics; calibrate thickness vs cycle number using cross-sectional mapping (Step 3).
2.2 Immediate defect capping/repair to lock missing-linker modality:
  - Cap open Zr sites with either (a) neutral hydroxylation (Zr–OH/Zr–OH2+) by controlled water dosing or (b) anionic sulfonate termination by treatment with a sulfonate salt (e.g., R–SO3− Na+) under conditions that prevent framework hydrolysis.
  - Optional “node preservation” repair: brief exposure to the parent dicarboxylate linker at low concentration to re-ligate any incipient under-coordinated Zr sites (a controlled re-linking step). Proceed only if crystallinity is not compromised.
2.3 Defect-type discrimination (mandatory gate):
  - Total scattering/PDF: quantify Zr–Zr and Zr–O correlation changes characteristic of missing-cluster vs missing-linker.
  - High-resolution STEM on FIB lamellae: inspect node continuity and identify vacancy clusters.
  - Decision rule: if missing-cluster signatures exceed a predefined threshold (e.g., significant loss of node-node correlations in PDF and visible node voids in STEM), halt and adjust etch/cap conditions (lower water activity, shorter pulses, stronger immediate capping).

Step 3 — Operationally define and measure the built-in field (fixed-charge chemistry + potential mapping + band bending)
3.1 Define fixed-charge fraction: prepare a compositional series where the defect-rich shell has controlled Zr–O–SO3− coverage (e.g., 0%, 10%, 30%, 50% of defect sites anion-capped), while keeping the core largely neutral (predominantly Zr–OH capped).
3.2 Cross-section preparation: embed crystals in inert resin and prepare cross-sections by FIB milling to expose shell-to-core profiles without smearing surface chemistry.
3.3 Potential mapping:
  - Kelvin probe force microscopy (KPFM) across the cross-section to extract contact potential difference (CPD) vs position; replicate across ≥10 crystals per condition.
  - Optional/confirmatory: off-axis electron holography (TEM) to map internal electrostatic potential in lamellae (where feasible).
3.4 Correlate potential with electronic structure:
  - Depth-resolved XPS/UPS (angle-resolved or sputter-free wedge geometry if available) to measure band-edge shifts and chemical state gradients (S 2p for sulfonate, O 1s for OH/H2O caps, Zr 3d).
  - Falsifiable criterion (pre-registered): accept “built-in field present” only if (i) KPFM shows ≥50–100 mV shell-to-core CPD and (ii) UPS/XPS reveals consistent depth-dependent band-edge shifts matching the CPD sign. Otherwise, proceed with the project but remove field-driven mechanistic attributions and treat defects as purely kinetic/chemical catalytic enhancers.

Step 4 — Aqueous compatibility and leaching/speciation gate (must pass before water splitting claims)
4.1 Define exact stress conditions matching intended photocatalysis: pH (buffered), ionic strength, dissolved O2 level, light flux/spectrum, temperature.
4.2 For iodoplumbate route (primary): quantify chemical stability independently of “ion migration”:
  - Time-resolved ICP-MS for Pb leaching under dark and illuminated conditions.
  - UV–vis to detect I3− formation (and iodide depletion) during illumination; track PbI2 signatures.
  - PXRD/PL before/after soaking and illumination to assess phase retention.
  - Pass/fail threshold (example): Pb leaching rate <1% of total Pb over 24 h under illumination; no net I3− accumulation beyond baseline; structural retention of MOF.
4.3 Contingency absorber (mandatory parallel track): implement a hydrolytically more robust visible absorber confined in the same channels and defect environment to decouple “migration” from “decomposition”:
  - Candidate: Cs3Bi2I9-like clusters/iodobismuthates (Sn-free) grown by sequential infiltration (BiI3 + CsI or organic ammonium iodide) with confinement control.
  - Apply the same leaching/speciation analytics (ICP-MS for Bi, UV–vis for polyiodides).
  - Decision logic: if iodoplumbate fails the gate, pivot to iodobismuthate for all photocatalysis mechanistic tests; retain iodoplumbate only for mechanistic comparison under non-aqueous or strictly protected conditions.

Step 5 — Quantitative phase-confinement model + explicit loading window to avoid 3D perovskite domains
5.1 Geometric confinement model:
  - Use channel diameter (from crystallography/sorption) to define maximum absorber crystallite size. For NU-1000 mesochannels (~3 nm), predict that 3D MAPbI3 (unit cell ~6.3 Å but requiring extended connectivity) will be disfavored beyond a few unit repeats; target 0D/1D iodoplumbate motifs or quasi-2D fragments terminated by bulky ammonium.
  - Define critical nucleus constraint: require that inferred domain sizes (Scherrer/TEM) remain ≤ channel diameter and that STEM-EDX shows no continuous percolation.
5.2 Kinetic control strategy beyond “dilute precursors”:
  - Sequential infiltration synthesis (SIS): (i) PbI2 infiltration at sub-saturation, (ii) rinse to remove external precursor, (iii) MAI/FAI vapor exposure at 40–70 °C for limited time, (iv) optional bulky ammonium iodide (e.g., phenethylammonium iodide) post-dose to terminate growth.
  - Explicit loading window study: vary Pb uptake in discrete steps (e.g., 0.1, 0.5, 1, 3, 5 wt% Pb) and map phase via GIWAXS/PXRD + TEM; identify the highest loading that still yields confined, non-percolated domains.
5.3 Distribution control relative to shell: exploit defect-capped shell binding (pyridyl/sulfonate) to bias nucleation toward near-surface channels; verify by cross-sectional STEM-EDX mapping (Pb/I or Bi/I gradients) and ToF-SIMS depth profiling.

Step 6 — Photocatalytic water splitting tests with mechanistic attribution tied to measured field, stability, and confinement
6.1 Stage-gated photocatalysis:
  - Stage A (screening): sacrificial donor HER under visible light; quantify apparent quantum yield; compare across fixed-charge series (0–50% sulfonate capping) and across absorber loading window.
  - Stage B (overall splitting): only after passing aqueous compatibility gate; integrate OER partner/cocatalyst as needed.
6.2 Co-catalyst placement: photodeposit Pt or deposit earth-abundant cocatalyst (Ni2P/MoSx) with preference for defect-rich shell; verify spatial localization by cross-sectional EDX.
6.3 Mechanistic measurements aligned to reviewer directives:
  - Correlate HER rate with (i) measured CPD (KPFM) and (ii) depth-resolved band-edge shifts (UPS/XPS) to test field-driven separation.
  - Transient absorption / time-resolved PL to extract carrier lifetime changes vs CPD magnitude.
  - PCET/proton handling: quantify surface acidity (pyridine-IR or NH3-TPD analog where feasible; titration of Brønsted sites) and relate to HER kinetics.
6.4 Ion migration vs decomposition discrimination:
  - If iodoplumbate is used: impedance spectroscopy under dark/light and humidity control; bias-stress hysteresis in photocurrent/PL; ToF-SIMS after soaking/illumination to detect iodide redistribution *only after* confirming minimal leaching.
  - Compare against iodobismuthate analog (expected lower mobile-ion artifacts) to separate migration effects from chemical instability.

Step 7 — Stability and integrity (operando + post-mortem)
7.1 Operando PXRD and UV–vis during photocatalysis to confirm phase persistence.
7.2 ICP-MS tracking (Pb/Bi and Zr) during cycling; predefined acceptable Zr leaching limits.
7.3 Post-mortem microscopy (FIB-STEM) to verify that (i) shell gradient persists, (ii) absorber remains confined, and (iii) no macroscopic cracking/porosity collapse occurred.

Deliverables (explicit acceptance milestones)
M1: Verified missing-linker-dominant shell gradient with preserved node lattice (PDF/STEM) and retained porosity.
M2: Verified fixed-charge gradient and measurable CPD ≥50–100 mV with matched UPS/XPS depth band shifts.
M3: Demonstrated aqueous compatibility gate pass (or pivot to iodobismuthate).
M4: Demonstrated confined absorber within defined loading window (no 3D percolation).
M5: Photocatalytic HER enhancement that correlates quantitatively with CPD and defect chemistry, not merely with absorber loading.","Addresses (i) “junction/field” rigor: The proposal no longer treats the built-in field as an analogy. Fixed charge is chemically instantiated by a controlled fraction of anionic sulfonate termination (Zr–O–SO3−) versus neutral hydroxyl caps, and the potential profile is measured directly on cross-sections (KPFM; optional electron holography) with a pre-registered falsifiable threshold (≥50–100 mV) and corroborated by depth-resolved UPS/XPS band-edge shifts. If the threshold is not met, the field-driven mechanism is explicitly rejected and the work proceeds under a kinetics-only framework.

Addresses (ii) iodoplumbate + acidity + water incompatibility: The plan inserts a decisive stability/speciation gate *before* water-splitting claims, using time-resolved ICP-MS for Pb, UV–vis for I3−, and operando structural probes under the exact photocatalytic pH/ionic strength/light flux. A mandatory contingency absorber (Sn-free iodobismuthate/Cs3Bi2I9-like clusters) is integrated to decouple “ion migration” phenomena from outright chemical decomposition/leaching; this ensures the core architecture (defect-gradient + confinement + potential mapping) remains testable even if iodoplumbates fail in aqueous acidic microenvironments.

Addresses (iii) defect modality control: The etch strategy is redesigned to minimize missing-cluster formation (low water activity, mild monocarboxylate pulses, immediate capping/repair). Missing-linker vs missing-cluster is not assumed; it is discriminated by total scattering/PDF and HR-STEM on FIB lamellae with explicit acceptance bounds on crystallinity and porosity before proceeding to absorber growth.

Addresses (iv) confinement/phase control quantitatively: A channel-size–bounded phase-confinement model is tied to explicit, experimentally enforced loading windows (Pb/Bi wt% series) and domain-size constraints verified by Scherrer/TEM and cross-sectional STEM-EDX/ToF-SIMS. Growth is controlled kinetically through sequential infiltration plus growth-terminating bulky ammonium iodides rather than relying on dilution alone. This makes the causal chain between confinement, non-percolated domains, reduced mobile-ion artifacts, and improved photocatalysis testable.

Link to established empirical logic: Prior demonstrations that semiconductor/MOF confinement improves charge separation and stability (e.g., QD@MOF water splitting) support the composite strategy, while defect engineering in MOFs is known to tune adsorption energetics and suppress recombination, motivating the defect-capped catalytic shell. The present proposal advances these ideas by adding (a) spatial defect gradients with verified defect modality, and (b) direct, quantitative mapping of electrostatic potential and band bending as the mechanistic linchpin rather than an inferred effect.","This is an unusually rigorous and well-pre-registered proposal with clear mechanistic checkpoints, explicit falsification criteria, and strong separation of variables (defect modality vs fixed charge vs acidity vs absorber stability). Engineering resolution is high due to concrete diffusion-limited defect protocols, cross-sectional potential mapping, and mandatory gating steps. Logical consistency is strong: the built-in field claim is chemically instantiated and experimentally verifiable, with a predefined downgrade path if unmet. Minor weaknesses arise from cumulative complexity and risk: the simultaneous control of defect gradients, sulfonate coverage, absorber confinement, and aqueous stability may stretch experimental bandwidth, and the assumed magnitude of achievable CPD (50–100 mV) in hydrated MOFs remains ambitious even with fixed charges. Evidence grounding is solid and largely disciplined, though some analogies to band bending/d-band tuning in inorganic photocatalysts may not fully translate to MOF electronic structures. The rationale is creative and addresses a real bottleneck (non-metaphorical junctions in MOFs), but it partially relies on the success of iodometalate confinement strategies that are still emerging and system-sensitive."
"A cationic Ni(II) MOF built from a deliberately *controllably labile* dinuclear Ni2(μ2-OH)(carboxylate)3(pyridyl)2 SBU will achieve higher oxoanion sorption capacity (qmax) and faster uptake kinetics (reduced t90) when activated by a crystallography-guided *partial* desolvation protocol that generates a quantified fraction of open/weakly ligated axial Ni sites while retaining accessible pore connectivity. The mechanistic claim is explicitly falsifiable: (i) partial desolvation creates an “open-site population” (axial vacancy fraction, fvac) that increases the intrinsic anion-exchange rate constant (kex) via transient inner-sphere coordination to Ni and cooperative outer-sphere H-bonding to μ2-OH; (ii) any desolvation-induced unit-cell contraction can either increase or decrease intracrystalline mobility depending on whether the *accessible pore volume and pore limiting diameter* (PLD) are preserved—therefore transport acceleration is predicted only within an activation window defined by simultaneously high fvac and non-degraded connectivity metrics (PLD/accessible volume from zeo++/PLATON); and (iii) the observed rate enhancement will be attributable to a shift in the rate-determining step only if independently measured mobility (ionic conductivity/PFG-NMR tracer diffusion) increases and the uptake activation energy decreases in the partially desolvated state. This refined framework avoids overclaiming “electrostatic potential gradients” and instead ties contraction/desolvation to measurable structure descriptors (fvac, PLD, accessible pore volume) and independent mobility/activation-energy observables, while explicitly stress-testing the under-coordinated Ni/μ2-OH node against aquation, hydrolysis, and Ni leaching across pH 4–9 and competitive anion backgrounds.","Step 1 — Resolve SBU stoichiometry/charge balance and engineer controlled lability (pre-registered chemistry).
1.1. Target node and charge accounting (explicit): synthesize a cationic framework containing Ni2(μ2-OH)(O2CR)3(Lpy)2 cores where (a) three carboxylates are bridging (net −3), μ2-OH contributes −1, and Ni2 contributes +4; the resulting SBU core is charge-neutral before axial ligation, while *framework cationicity* is introduced by using a net-cationic linker set (e.g., incorporating a quaternized pyridinium-bearing ditopic linker as a fraction of Lpy) or by embedding cationic pendant groups on the linker backbone. Counteranions (SO4^2−/HSO4−) are incorporated in channels during synthesis for ion exchange.
1.2. Design for lability without catastrophic undercoordination: enforce a square-pyramidal/octahedral Ni environment in the as-synthesized state with axial positions occupied by labile neutral ligands (H2O/MeOH/DMF), and tune axial lability by (i) selecting pyridyl donors that are less labile than solvent yet do not occupy both axial sites, and (ii) sterically biasing one axial site to be weakly bound (longer Ni–Osolv) as determined by SCXRD.
1.3. Phase generation: prepare (i) mm-scale single crystals for SC–SC tracking and (ii) microcrystalline fractions with narrow particle-size cuts (e.g., 0.5–1 μm; 2–5 μm; 10–20 μm by controlled synthesis/sieving) for kinetic discrimination.
1.4. Baseline characterization (pre-activation): SCXRD (node geometry, solvent occupancy, counterion location/occupancy), PXRD (phase purity), ICP-OES/MS (Ni content), CHNS/combustion, TGA-EGA (solvent identity/amount), and FT-IR.

Step 2 — Crystallography-guided partial desolvation activation (CG-PDA) with quantitative structural descriptors (mandatory directive #4).
2.1. SCXRD-derived pore/connectivity metrics: from each refined SCXRD model compute pore limiting diameter (PLD), largest cavity diameter (LCD), accessible surface area, and accessible pore volume using zeo++ (probe radii pre-registered: 1.4 Å for H2O; 2.0–2.4 Å to bracket oxoanion effective sizes) and cross-check with PLATON SQUEEZE/VOID analyses.
2.2. Humidity-programmed activation: use DVS-controlled a_w steps (e.g., 0.95 → 0.75 → 0.50 → 0.30 → 0.20) at fixed temperature (e.g., 298 K) with equilibration criteria defined by mass change rate (<0.01% min−1 over 30 min). Collect in situ variable-humidity PXRD to track unit-cell parameters.
2.3. SC–SC tracking with fragility mitigation: limit SCXRD to a pre-registered maximum of 3–4 states per single crystal (as-synthesized; two intermediate a_w points; final chosen activation state) and replicate across ≥5 crystals; implement low-dose data collection, crystal mounting that maintains humidity (capillary with mother liquor vapor), and mosaicity/twinning checks.
2.4. Define activation window by quantitative, dual descriptors:
  • Structural window: fvac (fraction of Ni axial sites vacated from SCXRD occupancies + EXAFS coordination numbers) ≥ 0.25 while PLD and accessible pore volume remain ≥ 90% of the solvated state (zeo++).
  • Stability window: Ni loss during water exposure/uptake test ≤ 0.5% of total Ni per cycle (ICP of supernatant) and ligand loss below LOQ by LC-UV/LC-MS.
Only states satisfying both are advanced to full sorption/kinetics campaigns.

Step 3 — Independent transport/mobility quantification vs structural contraction (mandatory directive #1; replaces “electrostatic gradient” claim).
3.1. Ionic mobility metric A (preferred): electrochemical impedance spectroscopy (EIS) on oriented single-crystal aggregates or pressed pellets with controlled orientation if feasible.
  • Prepare oriented beds (align 1D channel axis via mild magnetic alignment if crystals are anisotropic, or by sedimentation alignment on patterned substrates).
  • Measure ionic conductivity in aqueous electrolyte (background ionic strength fixed) for solvated vs partially desolvated vs fully desolvated states, extracting bulk resistance and activation energies from temperature-dependent EIS (e.g., 288–318 K).
3.2. Ionic mobility metric B (if feasible): PFG-NMR tracer diffusion using a suitable NMR-active oxoanion analog (e.g., 19F-containing tracer such as BF4−/PF6− for cationic channel environments, or 77Se for selenate where instrument access allows). Report Dtracer with error bars; compare across activation states.
3.3. Temperature-dependent uptake: perform uptake kinetics at ≥3 temperatures (e.g., 288/298/308 K) and extract apparent activation energies (Eapp) under conditions where film transport is minimized (see Step 4). A decrease in Eapp concurrent with increased mobility supports the transport-acceleration claim; an increase indicates pore constriction dominates.

Step 4 — Falsifiable, hierarchical kinetics mechanism package (mandatory directive #2).
4.1. Experimental design for discriminating limitations:
  • Particle-size series: run identical uptake experiments on at least three size fractions (0.5–1 μm; 2–5 μm; 10–20 μm). Intracrystalline diffusion control predicts characteristic time ∝ L^2; exchange-limited predicts weak size dependence.
  • Stirring-rate series: vary external mass transfer (e.g., 200/600/1000 rpm) at constant particle size to test film diffusion; film-limited rates scale with stirring.
  • Concentration series: vary initial oxoanion concentration to probe site-limited saturation and rate dependence.
4.2. Single-crystal uptake imaging (spatiotemporal):
  • Use μXRF/EDS line scans (and/or confocal Raman mapping if anion has signature bands) along the crystallographic channel axis during partial uptake times to detect diffusion fronts/gradients.
  • Fit concentration profiles to 1D diffusion-reaction models to extract Deff and kex with confidence intervals.
4.3. Model hierarchy and selection (pre-registered): fit datasets to a nested set of mechanistic models rather than generic pseudo-order fits:
  • M1: external film diffusion + instantaneous sorption (mass-transfer coefficient kf).
  • M2: intraparticle diffusion in 1D channels (Deff) with boundary film term.
  • M3: diffusion + finite exchange reaction at sites (Deff + kex).
  • M4: dual-population sites (open Ni sites + noncoordinating ion-exchange sites) with distinct kex values and capacities.
Select models by AIC/BIC with bootstrapped confidence intervals; report parameter identifiability (profile likelihood) and goodness-of-fit to both time traces and spatial profiles.

Step 5 — Sorption capacity/selectivity tied to structural state.
5.1. Oxoanion targets: SeO4^2− and HAsO4^2−/H2AsO4− with pH-controlled speciation; optional ReO4− as a monovalent geometric analog to decouple charge effects.
5.2. Isotherms: collect equilibrium isotherms for each activation state at fixed ionic strength (e.g., 1–10 mM background electrolyte) and specified pH (e.g., 6.5–7.5 for environmentally relevant). Fit with Langmuir/Freundlich *only as descriptive*, while mechanistic interpretation uses site counts from SCXRD/EXAFS.
5.3. Competition: test Cl−, NO3−, HCO3−, SO4^2−, PO4^3− at environmentally relevant ratios; quantify selectivity coefficients and capacity retention.

Step 6 — Mechanism-specific structural validation (binding mode + node integrity).
6.1. Guest-validated structures: SCXRD (where feasible) of loaded crystals from within activation window to identify inner-sphere Ni–O(oxoanion) binding versus outer-sphere μ2-OH hydrogen bonding; quantify occupancies and disorder.
6.2. XAS/EXAFS operando and post-mortem: Ni K-edge XANES/EXAFS on (i) solvated, (ii) partially desolvated, (iii) loaded, and (iv) cycled samples to quantify Ni coordination number changes and rule out conversion to Ni(OH)2/NiOOH signatures.
6.3. Leaching/ligand release package (mandatory directive #3):
  • Operando Ni leaching: ICP-OES/MS of supernatants vs time during uptake at pH 4, 6.5, 9 and with competitors.
  • Ligand release: LC-UV/LC-MS quantification of linker fragments in supernatants.
  • Acceptance criterion: within the activation window, cumulative Ni loss ≤0.5% per cycle and no increasing trend over ≥10 cycles.

Step 7 — Controls to establish causality.
7.1. Control A (non-labile Ni): isoreticular Ni MOF with saturated axial positions (e.g., strongly bound axial ligands or a node topology that lacks accessible axial sites) to isolate the effect of open-site creation.
7.2. Control B (no μ2-OH): same topology but μ2-O replaced/absent (synthetic analog), isolating H-bond relay contribution to capacity/kinetics.
7.3. Control C (contraction without open sites, if accessible): a framework that contracts under desolvation but maintains fully coordinated Ni, to decouple contraction effects from site creation.

Pre-registered success/failure outcomes (falsifiable).
• Success requires simultaneous: (i) partially desolvated state shows increased mobility (higher conductivity or higher Dtracer) and lower Eapp than solvated state; (ii) kinetics show size-scaling consistent with increased Deff and/or increased kex depending on state; (iii) qmax increases relative to fully desolvated (accessibility restored) without unacceptable Ni/ligand loss.
• Failure modes are informative: if contraction reduces PLD/accessible volume and mobility drops, uptake slows—this directly falsifies any universal “contraction accelerates transport” narrative and will redirect to linker/SBU redesign to maintain PLD while creating fvac.","1) Literature-anchored rationale with tightened claims: High-capacity oxoanion capture by cationic Ni(II) MOFs via ion exchange is validated (Asset 1), but this proposal adds a quantitative, state-resolved activation variable rather than assuming activation is benign. SBU geometry controlling sorption behavior is well-established (Asset 2), and SC–SC, desolvation-linked kinetic acceleration via channel transport is plausible (Asset 4) but here is reframed into measurable pore/connectivity and mobility metrics (zeo++/PLATON + EIS/PFG-NMR + temperature-dependent kinetics), directly addressing reviewer concern (i).
2) Node stoichiometry and aqueous stability are treated as first-class risk items: charge balance is explicitly engineered (counteranions in channels; framework cationicity via linker design), and the under-coordinated/open-site concept is constrained to an activation window bounded by quantified Ni/ligand leaching thresholds across pH 4–9 and competitors, with EXAFS to rule out Ni hydroxide/oxyhydroxide formation (addresses concern (ii) and mandatory directive #3).
3) Kinetics are made diagnostic and falsifiable: instead of relying on pseudo-order fits, the plan pre-registers discriminating experiments (particle size, stirring rate, temperature dependence, single-crystal spatial profiling) and a hierarchical diffusion–reaction model selection workflow with confidence intervals and identifiability checks (addresses concern (iii) and mandatory directive #2).
4) SCXRD fragility is mitigated and de-risked: the SC–SC program limits the number of humidity states per crystal, uses replication, and moves the activation-window definition away from PXRD peak width to quantitative structural (fvac, PLD, accessible volume) and stability (Ni loss per cycle) descriptors tied to function, satisfying mandatory directive #4 and addressing concern (iv). Even if some crystals fail, the microcrystalline kinetics/mobility and post-mortem structural probes still deliver the mechanistic package.
5) Clear decision points: The proposal is structured with go/no-go criteria (activation window thresholds, mobility increase requirement, leaching limits). This ensures that if partial desolvation constricts pores or destabilizes Ni nodes, the mechanism is rejected early and the design is iterated (e.g., linker sterics to preserve PLD, alternative counteranions, or reduced open-site fraction) rather than forcing an overconfident narrative.","The proposal is unusually rigorous and falsifiable, with good separation of structural, transport, and reactivity contributions. The strongest elements are (i) pre-registered activation-window criteria linking fvac and connectivity to function, (ii) hierarchical diffusion–reaction model selection with identifiability checks, and (iii) explicit stability/leaching acceptance criteria across pH and competitors. Score deductions are driven by several technical risks and some under-specified feasibility points: (1) Quantifying fvac by SCXRD solvent occupancies is intrinsically fragile—partial occupancy of disordered axial solvent and counterions can be highly model-dependent, and EXAFS coordination numbers may not uniquely resolve “vacancy” versus substitution by anions/water during handling; the plan needs tighter operando control to prevent rehydration artifacts. (2) The EIS plan is ambitious for MOF powders/pellets in aqueous electrolyte; separating true intracrystalline ion mobility from interparticle/contact resistances and electrode polarization is nontrivial, and “oriented aggregates” is not yet a concrete, proven method in this context. (3) PFG-NMR tracer diffusion choices (BF4−/PF6−) may be chemically incompatible with a strongly anion-exchanging, water-exposed cationic Ni MOF (competitive binding, hydrolysis, or poor relevance to oxoanions); 77Se is elegant but may be impractical. (4) The proposed control B (no μ2-OH) may be synthetically unrealistic while preserving topology and Ni2 node identity; similarly, control C (contraction without open sites) may be difficult to realize without changing many confounders. (5) The core synthetic premise—creating framework cationicity via a “fraction of quaternized pyridinium-bearing ditopic linker” while retaining crystallinity/SC–SC behavior and stable Ni2(μ2-OH) nodes—may be the dominant risk and is not yet supported by a contingency plan (e.g., post-synthetic quaternization vs mixed-linker solvothermal routes vs cationic metalloligands)."
"Zn‑PYI1 can be transformed into a crystallinity‑retaining, permanently porous metalloenzyme‑mimetic by a two-layer catalytic architecture that explicitly de-risks Zn‑carboxylate fragility: (i) a topotactic, low‑fraction solvent‑assisted linker exchange (SALE) installs a latent, inward-facing carbonyl handle on an isoreticular PYI strut while preserving the primary organocatalyst geometry enforced by the Zn-carboxylate lattice; (ii) a water-activity–controlled dynamic covalent manifold (preferentially oxime/hydrazone; imine as a secondary route) programs an adaptive second-sphere microenvironment (H-bonding + Brønsted acid/base + polarity) around the fixed PYI site. Mechanistically, the lattice provides a rigid first-sphere “active-site frame” (crystallinity) that fixes the relative positioning of photoredox (triphenylamine) and organocatalyst (PYI) motifs, while the reversible C=N chemistry acts as an error-correcting, self-healing second sphere that can (a) pre-organize aldehyde/enamine formation, (b) electrostatically and H-bond stabilize the enamine–radical-cation coupled transition state in photoinduced asymmetric α-alkylation, and (c) suppress nonselective solution pathways by increasing internal effective molarity and restricting radical diffusion/recombination. The refined approach overcomes the reviewers’ chemistry–structure interface concerns by (1) avoiding strong aqueous acid for deprotection (switch to MOF-compatible carbonyl unmasking and/or direct carbonyl-linker exchange), (2) operating under quantified low water activity (Karl Fischer–verified solvents; molecular sieves; buffered catalysts), and (3) replacing unquantified “self-sorting” with a measurable selectivity hierarchy (competitive uptake/isotherms + in-pore speciation by ssNMR/XPS) that predicts which amines occupy which fraction of carbonyl sites as a function of pKa, size, and diffusion. Catalytic gains are predicted to correlate with a defined pocket-density parameter (ρpocket = xexchange × θC=N loading) and with site-isolation metrics proving pore-internal turnover dominates over external surface catalysis.","Step 0 — Define quantitative go/no-go gates (mandatory derisking milestones)
0.1. Crystallinity gate (all postsynthetic steps): PXRD similarity index ≥ 0.90 vs parent (peak positions within ±0.05° 2θ; no new dominant phases), and (where crystals permit) unit-cell volume change |ΔV| ≤ 3% by SCXRD or Le Bail refinement.
0.2. Permanent porosity gate: BET surface area retention ≥ 70% of parent Zn‑PYI1 after each critical step (post-SALE; post-carbonyl unmasking; post-pocket installation), and micropore volume retention ≥ 65% (NLDFT).
0.3. Chemical stability gate: Zn leaching during any treatment or catalysis ≤ 1.0 wt% of total Zn per cycle (ICP‑MS of supernatants), and carboxylate-linker loss/defect increase limited to ≤ 5% relative change by quantitative digest NMR mass balance (total linker:Zn ratio) plus TGA consistency.
0.4. Internal-site catalysis gate: (i) external poisoning reduces activity ≤ 20% (internal remains), while (ii) pore blocking reduces activity ≥ 60% (internal required), and (iii) initial rate shows weak particle-size dependence consistent with internal diffusion control only beyond a defined size regime (see Step 3.4).

Step 1 — Baseline reproduction and controls (structure–function anchor)
1.1. Synthesize Zn‑PYI1 and activate under literature-consistent conditions; prepare three particle-size cuts (e.g., ~0.5–1 µm, 2–5 µm, 20–50 µm) by controlled crystallization/sonication/sieving; measure size distributions (SEM + laser diffraction).
1.2. Baseline characterization: PXRD, N2/Ar sorption (BET, NLDFT), CO2 (273 K) for ultramicropore access, TGA, and photocatalytic asymmetric α‑alkylation benchmarking under fixed photon flux (actinometry), fixed stirring, identical catalyst mass and optical path. Record: initial rates, yields, ee, quantum yield (apparent), and recyclability (≥5 cycles).
1.3. Establish homogeneous and “physical mixture” controls: (i) homogeneous PYI organocatalyst + triphenylamine analogue (if available) + amine additives; (ii) physical mixture of parent Zn‑PYI1 with the same amine additives not tethered; these define the non-confinement baseline.

Step 2 — Linker editing with explicit SCSC derisking (SALE fraction control)
2.1. Linker design options (choose primary + contingency):
  - Primary path A (avoid post-exchange acid deprotection): synthesize an isoreticular PYI-derived dicarboxylate linker bearing a directly accessible aldehyde (L‑CHO) but electronically deactivated toward side reactions (e.g., aromatic aldehyde separated by a short alkyl spacer to reduce coordination interference) and lacking extra donor atoms.
  - Contingency path B (latent carbonyl, MOF-compatible unmasking): synthesize L‑Acetal (acetal-protected aldehyde) OR L‑Diol precursor that can be oxidized in-pore to aldehyde under neutral conditions (e.g., TEMPO/bleach-type oxidations are excluded; instead use mild, non-aqueous oxidants compatible with Zn-carboxylates; final selection determined by stability screen in Step 2.5).
  - Nonreactive control linker L‑Me (steric/electronic analog lacking carbonyl reactivity).
2.2. SALE protocol (topotactic constraints): perform SALE on activated Zn‑PYI1 in non-coordinating solvent (e.g., chlorinated solvent/alkane + minimal polar co-solvent as required for linker solubility; exclude DMF/strong amide donors if they increase lability) at 40–70 °C with low linker concentration to minimize dissolution–reprecipitation. Target xexchange = 0.02, 0.05, 0.10, 0.20.
2.3. Time-course sampling to prove topotaxy: collect aliquots at multiple time points; quantify exchange fraction by digest 1H NMR (integral ratios of native vs introduced linker), and verify crystallinity retention by high-resolution PXRD; accept only conditions meeting gates 0.1–0.3.
2.4. Defect quantification and lattice lability check: (i) total scattering/PDF before/after SALE to detect local Zn–O distortions; (ii) thermogravimetry/digest NMR for linker:Zn stoichiometry; (iii) quantify any increase in missing-linker defects indirectly via increased uptake of a defect-probe (e.g., small polar probe gas vs parent) while ensuring micropore retention.
2.5. Carbonyl-handle viability screen (small-scale stability matrix): expose SALE materials to candidate unmasking/activation conditions in sealed vials with controlled water activity (aw) and quantify: PXRD similarity, BET retention, and Zn leaching. Only one protocol is promoted to full workflow:
  - Validated protocol requirement: demonstrate ≥70% BET retention and ≤1 wt% Zn loss after 24 h treatment.

Step 2b — Carbonyl activation/unmasking with water-activity control (explicit protocol + contingency)
2b.1. If direct L‑CHO is used: skip deprotection and proceed to pocket formation.
2b.2. If acetal deprotection is required (contingency, only if Step 2.5 passes): perform acetal hydrolysis under strictly controlled low aw using anhydrous alcohol solvent pre-dried to <200 ppm H2O (Karl Fischer), 3Å molecular sieves, and catalytic, non-coordinating Brønsted acid at minimal loading (screen: 0.1–1 mol% relative to acetal sites). Keep crystals solvent-filled at all times; avoid vacuum drying until after neutralization and thorough solvent exchange.
2b.3. If any deprotection condition violates gates: pivot to oxime/hydrazone strategy using a carbonyl that does not require acid (direct L‑CHO), or pivot to in-pore formation of oxime/hydrazone from a ketone handle that is installed directly.

Step 3 — Pocket programming with quantified “assembly rules” (replace qualitative self-sorting)
3.1. Choose dynamic covalent bond type based on stability matrix:
  - Preferred: oxime or hydrazone formation (greater hydrolytic stability than imines; still reversible under mild conditions), using aminooxy or hydrazide residues as second-sphere “modules”.
  - Secondary: imines only if Step 2.5 shows stability under required aw and pH window.
3.2. Define pocket-density parameter and loading control:
  - ρpocket = xexchange × θC=N, where θC=N is fractional conversion of carbonyl sites to C=N adduct (quantified by digest NMR and ssNMR integration).
  - Target θC=N levels: 0.25, 0.50, 0.75 at each xexchange to decouple “how many handles” from “how fully occupied”.
3.3. Quantify competitive uptake/selectivity (mandatory):
  - Measure single-component uptake isotherms in solvent (or vapor, if feasible) for each amine/aminooxy module to obtain apparent partition coefficients (Kpore).
  - Perform competitive uptake experiments (binary/ternary mixtures) and determine selectivity factors Sij = (qi/qj)pore / (Ci/Cj)solution. Use these Sij values to design mixtures that predictably enrich a desired module near the carbonyl handles.
3.4. Replace “self-sorting triad” with rule-based assembly:
  - Construct a minimal “His-like” module (aminoimidazole derivative via C=N chemistry), an “Asp/Glu-like” anionic/polar module (carboxylate/sulfonate-bearing aminooxy/hydrazide), and a “Ser-like” H-bond donor module (aminoalcohol aminooxy/hydrazide).
  - Assembly strategy A (sequential with equilibrium reset): install module 1 to partial θ, wash/exchange, then module 2, then module 3; leverage reversibility by applying a mild catalyst (buffered) to allow error correction, followed by solvent exchange to freeze composition.
  - Assembly strategy B (competitive mixture with predicted outcome): use the measured Sij and diffusion/size data to set feed ratios that target a specified internal composition (e.g., 1:1:1 occupancy within ±10%).
  - Heterogeneity assessment (mandatory): ssNMR (13C/15N CP/MAS) lineshape/broadening analysis to estimate distribution of C=N environments; corroborate with XPS N 1s deconvolution and, where possible, spatial mapping (e.g., micro-FTIR mapping across single crystals) to rule out shell-only functionalization.
3.5. Optional locking step (only after best dynamic pocket identified): reduce C=N adducts to secondary amines under rigorously screened mild conditions (small-scale first), ensuring gates 0.1–0.3 remain satisfied. Maintain an unreduced series to compare “dynamic vs static” function.

Step 4 — Internal-site proof: discriminate pore vs external surface catalysis (mandatory)
4.1. External-site selective poisoning: graft/block external surface with a bulky, non-penetrating reagent that binds/quenches accessible basic sites (size-excluded from pores), then test catalytic activity. Pass criterion: ≤20% loss vs unpoisoned sample.
4.2. Pore-blocking experiment: introduce a bulky, pore-occupying but catalytically inert guest that is known to enter the channels and reduce free volume (quantify by sorption decrease). Pass criterion: ≥60% loss in initial rate and/or ee collapse consistent with loss of confinement.
4.3. Particle-size dependence: compare initial rates and ee across size cuts at identical loading and photon flux. Internal catalysis expectation: (i) rates decrease with increasing crystal size if diffusion-limited; (ii) if external sites dominated, rates scale with external area and show stronger size dependence even when pores are blocked. Use these trends with Thiele-modulus-style interpretation to support internal turnover.
4.4. Leaching/homogeneous contribution test: hot filtration (or light-off filtration) and continuation of reaction in filtrate; require ≤5% additional conversion in filtrate over matched time.

Step 5 — Structure–function correlations tied to quantitative descriptors (address reviewer request)
5.1. Correlate catalytic metrics (kobs, yield, ee, apparent quantum yield) against: xexchange, θC=N, ρpocket, BET/micropore volume, diffusion proxy (uptake kinetics), and heterogeneity metrics (ssNMR linewidth/peak ratios).
5.2. Mechanism probes with decision outcomes:
  - Water/protic additive sensitivity mapped vs dynamic bond type (oxime/hydrazone vs imine) to verify that performance changes track C=N equilibrium rather than framework degradation.
  - H-bond/acid–base perturbation: add competitive H-bond acceptors/donors; quantify changes in ee/rate to infer second-sphere involvement.
  - Photophysics: transient absorption/EPR (if available) to compare radical lifetimes/back-electron transfer rates vs ρpocket; link improved ee to altered radical persistence within pores.
5.3. Confinement beyond size-selectivity: site-isolation metric by comparing turnover frequency normalized to internal functional loading (from digest NMR) and showing super-linear dependence of ee (or rate) on ρpocket consistent with cooperative pocket effects rather than additive external catalysis.

Step 6 — Stability, recyclability, and self-healing demonstration
6.1. Multi-cycle tests (≥8 cycles) with PXRD + sorption after cycles 1, 3, 5, 8; enforce gates 0.1–0.3.
6.2. Compare dynamic vs locked pockets: dynamic materials should show partial recovery of activity/ee after deliberate perturbation (e.g., brief exposure to competitive binder then removal), whereas locked pockets should not—directly testing “enzyme-like adaptivity”.","This revision directly addresses the reviewers’ three feasibility risks with explicit quantitative milestones and contingency chemistry.

(1) Framework survivability through carbonyl unmasking and C=N chemistry: The plan no longer depends on repeated aqueous/acidic treatments as a default. The primary route installs an already-unmasked aldehyde (L‑CHO) via low-fraction SALE to minimize lattice stress. If protection is unavoidable, unmasking is screened in a water-activity–controlled matrix (Karl Fischer thresholds; molecular sieves; minimal acid) with pass/fail gates for PXRD similarity (≥0.90), BET retention (≥70%), and Zn leaching (≤1 wt%). This gatekeeping converts “SCSC asserted” into a decision-controlled workflow that stops before irreversible damage.

(2) Water/acid management vs permanent porosity: Dynamic covalent assembly is shifted to oxime/hydrazone as the preferred manifold because it is generally more hydrolytically robust than imines while still reversible enough for error-correction; imines are retained as a secondary option only if stability gates are met. Permanent porosity is protected by keeping pores solvent-filled during transformations, using gentle activation (e.g., scCO2 when needed), and requiring micropore volume retention ≥65% after each critical step.

(3) Pocket assembly rules and heterogeneity control: “Self-sorting” is replaced with measurable selectivity factors (competitive uptake/isotherms) and a defined pocket-density descriptor (ρpocket = xexchange × θC=N). Heterogeneity is not assumed away: ssNMR lineshape analysis + XPS speciation + (where feasible) spatially resolved vibrational mapping are specified to detect shell-only functionalization or broad distributions of C=N environments. These measurements feed back into assembly strategy (sequential vs competitive) and into catalysis correlations.

Internal-site proof and confinement controls are upgraded beyond size-selectivity: a paired external-poisoning vs pore-blocking logic with explicit pass thresholds, particle-size dependence across three size cuts, and leaching/hot-filtration criteria together establish whether turnover occurs predominantly within pores. Finally, structure–function correlation is enforced by mapping rate/ee vs (xexchange, θC=N, ρpocket, diffusion proxies, and heterogeneity metrics), enabling a reviewer-satisfying link between pocket geometry/spacing and catalytic outcomes.

This derisking logic is consistent with prior demonstrations that (i) multivariate postsynthetic modifications can preserve crystallinity/porosity when reactions are chosen to match framework stability windows (Assets 1–2), and (ii) Zn‑PYI MOFs deliver synergistic catalysis when cooperative functions are integrated rather than physically mixed (Asset 3). The revised plan adopts the same integration principle while adding conservative stability gates and fallback chemistries to keep Zn‑carboxylate integrity central rather than assumed.","Methodologically, the proposal is unusually well-engineered for Zn‑carboxylate fragility: it defines hard go/no-go gates (PXRD similarity, BET/micropore retention, Zn leaching, defect mass balance) and includes credible internal-site validation (paired external poisoning/pore blocking, size cuts, hot filtration). The main scientific risk is that the central mechanistic claim—second-sphere modules stabilizing an enamine–radical-cation coupled transition state and suppressing radical diffusion/recombination—remains under-specified in terms of measurable, discriminating observables. Several proposed probes (ssNMR/XPS lineshapes, uptake selectivities) establish composition and heterogeneity, but they do not directly verify the hypothesized H-bond/electrostatic organization at the reactive intermediate stage. Additionally, topotactic SALE at low exchange fractions is plausible, yet the plan underestimates practical linker-solubility/transport constraints and the possibility that even ‘non-coordinating’ solvents and mild heat can induce partial dissolution–recrystallization in Zn-carboxylate MOFs; the PDF/stoichiometry checks help, but the criteria may not fully distinguish subtle recrystallization from true SCSC. Finally, the pocket-density descriptor (ρpocket = xexchange × θC=N) is useful but incomplete: it ignores spatial correlations (clustering vs isolation) and local microenvironment distributions, which can dominate catalysis/ee in confined photoredox where exciton/radical migration lengths matter."
"A helically scrolled MOF nanotube derived from a pre-registered, carboxylate-latticed 2D coordination nanosheet can sustain morphology-retentive conversion into a porous Zr6-cluster–stitched framework if (and only if) the precursor nanosheet is reticularly matched to the Zr6O4(OH)4 connectivity and the conversion proceeds via kinetically controlled, surface-confined cluster nucleation rather than bulk single-crystal-to-single-crystal (SC–SC) exchange. In this architecture, directional ligand-to-metal/ligand-to-ligand charge-transfer (LMCT/LLCT) is not enforced by chirality alone but by a chemically encoded inner/outer surface redox asymmetry: asymmetric axial capping creates a permanent electrostatic potential gradient across the tube wall, while Zr6 stitching rigidifies registry and suppresses excimer-forming interlayer contacts. The result is (i) enhanced, tunable solid-state emission with reduced trap-mediated quenching and (ii) spatially vectorial charge separation that biases photogenerated electrons and holes toward chemically distinct inner versus outer surfaces, enabling measurable selectivity in CO2 photoreduction when catalytic sites are deliberately confined to one interface.","Step 1 – Reticular precursor design with guaranteed Zr6 compatibility.
1.1 Ligand lattice pre-registration: Replace the generic salphen CP with a mixed-linker 2D coordination nanosheet built from (i) an atropisomeric, redox-active N2O2 chelating core (Ni(II) or Cu(II)) that defines in-plane conjugation and (ii) a co-planar, ditopic isophthalate-derived carboxylate linker whose O–O spacing (≈6.9–7.2 Å) and 120° geometry are matched to the equatorial edges of Zr6O4(OH)4 clusters. The carboxylates are positioned periodically (every ~1.5–2.0 nm) in the plane, forming a known (sql or kgm-type) 2D net that is crystallographically resolvable by GIWAXS/electron diffraction prior to scrolling.
1.2 Nanosheet formation: Grow 2–3 nm thick CP nanosheets by liquid–liquid interfacial coordination polymerization under modulator-free conditions to minimize defect density. Confirm in-plane order and lattice constants by GIWAXS and selected-area electron diffraction (SAED).

Step 2 – Deterministic helical scrolling with preserved lattice registry.
2.1 One-sided axial functionalization: Introduce 3–5% axial camphorsulfonate (or enantiopure menthoxyacetate) exclusively from the organic phase during interfacial growth to bind axial sites of Ni/Cu on only one face. This establishes a fixed dipolar and steric asymmetry without perturbing in-plane carboxylate registry.
2.2 Scrolling trigger: Apply a controlled solvent activity gradient (THF → MeCN/H2O, Δa_w quantified) to induce differential swelling. Helix pitch and diameter are tuned by sheet thickness and ionic strength, while in-plane diffraction is monitored to ensure lattice retention during scrolling.

Step 3 – Crystallographically defensible Zr6-cluster stitching (non-SC–SC).
3.1 Surface-confined Zr6 nucleation: Expose the helical CP scrolls to pre-formed Zr6O4(OH)4(modulator)x clusters (x = acetate/formate) in MeCN/H2O (≤10% H2O) at 50–70 °C. Use excess monocarboxylate modulator to slow ligand exchange, favoring stepwise substitution of modulators by pre-registered sheet carboxylates. This avoids uncontrolled Zr–O–Zr condensation.
3.2 Kinetic locking rather than bulk exchange: Zr6 clusters first bind within a single turn of the scroll, then progressively bridge adjacent turns only where lattice registry matches. Conversion is stopped at partial stitching densities (30–60%) to preserve porosity and avoid collapse.
3.3 Validation of registry: Compare in-plane GIWAXS/SAED before and after Zr6 incorporation; retention of peak positions (±2%) is required for pass. Loss of registry is a fail condition.

Step 4 – Proof of framework porosity vs. inter-scroll voids.
4.1 Gas sorption hierarchy: Measure N2 (77 K), Ar (87 K), CO2 (273/298 K), and Xe/Kr adsorption to extract pore-size distributions characteristic of Zr–carboxylate frameworks (≤2 nm). Contrast with collapsed-scroll controls.
4.2 Contrast-matched porosity tests: Perform positron annihilation lifetime spectroscopy (PALS) or Xe NMR to distinguish intrinsic framework pores from mesoscopic voids between scroll turns.

Step 5 – Quantification of cross-wall redox asymmetry and CT directionality.
5.1 Surface potential mapping: Use Kelvin probe force microscopy (KPFM) on sectioned nanotubes to map inner vs outer surface potentials; a ≥50–100 mV difference is targeted.
5.2 Depth-resolved composition: Apply angle-resolved XPS and ToF-SIMS to confirm asymmetric axial capping and Zr6 distribution across the wall.
5.3 Directional charge separation tests: Perform transient absorption spectroscopy with selective inner- or outer-surface quenchers (e.g., tethered viologen vs TEMPO). Faster quenching on one interface constitutes pass/fail evidence of vectorial CT.

Step 6 – CO2 photoreduction with enforced interface asymmetry.
6.1 Catalyst localization: Confine molecular Re(I) or Mn(I) bipyridine carbonyl catalysts to the inner surface only (1–2% sites) via pre-installed docking ligands. Outer surface remains catalyst-free.
6.2 Photocatalysis and causality: Measure CO/ HCOO− production under 13CO2. Correlate rates and selectivity with KPFM-measured potential gradients and CT lifetimes. Compare to symmetric (two-sided capped) and unscrolled controls to isolate the role of geometry-induced redox asymmetry.","This revision removes the chemically fragile SC–SC claim and replaces it with a kinetically and crystallographically defensible pathway rooted in reticular chemistry. By pre-designing a carboxylate lattice whose spacing and geometry are explicitly matched to Zr6 cluster connectivity, the proposal satisfies the reviewer’s demand for registry rather than assuming it. Surface-confined cluster nucleation using pre-formed Zr6 units and strong modulators is a known strategy in UiO-type post-synthetic modification and minimizes amorphization risks. Importantly, porosity is proven by multiple orthogonal techniques that discriminate framework pores from inter-scroll voids. The charge-transfer mechanism is no longer inferred from chirality alone: it is quantified via surface-potential mapping, depth-resolved spectroscopy, and directional quenching experiments that directly test inner/outer redox asymmetry. Finally, CO2 reduction selectivity is mechanistically tied to enforced interface chemistry (catalyst localization + potential gradient), not to helicity as an abstract concept. Together, these changes convert the highest-risk steps into testable, pass/fail milestones and tightly couple helical morphology, electronic structure, and catalytic outcome.","The proposal is unusually strong in experimental resolution: it defines lattice-matching targets, specifies nucleation control via pre-formed Zr6 clusters and modulators, and sets clear structural validation criteria (GIWAXS/SAED retention ±2%). The biggest scientific risk is mechanistic over-determination: (i) the assumption that partial Zr6 “stitching densities” of 30–60% will both preserve helical morphology and generate an internally connected, intrinsically microporous Zr–carboxylate framework is not yet chemically justified—partial crosslinking may yield a mechanically locked composite with inter-turn voids rather than a true Zr6-node framework; (ii) cross-wall electrostatic potential gradients measured by KPFM on sectioned nanotubes can be dominated by contact potential/work-function artifacts, charging, or thickness variations, so the claimed ≥50–100 mV may not uniquely report “inner vs outer redox asymmetry”; (iii) catalyst localization to the inner surface at 1–2% while keeping the outer surface catalyst-free is nontrivial in a porous, defect-bearing, partially stitched wall—diffusion/redistribution and unintended binding to Zr6 carboxylate sites could erase interface specificity; and (iv) the link from chirality/scrolling to suppression of excimer-forming contacts and improved emission is plausible but under-specified—no quantitative structural handle (interchromophore distance/orientation distribution) is proposed to connect stitching to excitonic coupling and trap suppression. Overall, the logic is coherent and testable, but several causal claims (true framework porosity; unambiguous vectorial CT; enforced interface-only catalysis) remain insufficiently de-risked by controls that distinguish alternative explanations."
"We hypothesize that a permanently porous, pressure- and analyte-responsive carboxylate MOF can be rationally programmed to exhibit cooperative gate-opening via a crystallographically enforced alternation of carboxylate binding modes that is symmetry-required rather than kinetically imposed during growth. Specifically, we propose a hexacarboxylate linker and single-metal, high-connectivity Zr6-based secondary building unit (SBU) that crystallizes in a low-symmetry (orthorhombic or monoclinic) space group containing two inequivalent carboxylate coordination environments per linker: (i) rigid, coplanar μ2-η1:η1 Zr–carboxylates that define the load-bearing backbone and enforce permanent porosity, and (ii) symmetry-distinct μ2-η2:η1 carboxylates associated with sterically frustrated binding pockets that permit pressure-induced torsional reorientation. This alternation is encoded by linker topology and space-group constraints (not by growth-layer modulation), yielding a predictable superstructure with crystallographically resolvable order parameters (carboxylate tilt angle, aperture width). Upon hydrostatic gas loading (N2, H2), collective elastic coupling between these inequivalent sites produces a bistable free-energy landscape with a quantifiable gate-opening pressure and hysteresis. Polar analytes (amines, carbonyl VOCs) selectively stabilize the open state via directional host–guest interactions, thereby amplifying the structural transition and enabling quantitative chemical sensing intrinsically linked to hydrogen sorption.","1. Crystallographic and chemical design (enforceable structural program):
1.1 Linker design: Synthesize a rigid acetylene-centered hexacarboxylate ligand (LH6) in which three carboxylates are directly conjugated to the C≡C core (planar, high torsional penalty) and three are appended via short –CH2– spacers (rotationally compliant). The linker geometry is chosen to be incompatible with high-symmetry cubic nets, forcing crystallization in an orthorhombic/monoclinic lattice with two symmetry-inequivalent carboxylate sites.
1.2 Node selection (de-risked SBU): Employ a single-metal Zr6O4(OH)4 carboxylate cluster (UiO-type family) with full 12-connectivity to avoid metal scrambling. Directional compliance is introduced by linker asymmetry rather than heterometallicity. Defect concentration is minimized via excess monotopic acid modulation and verified quantitatively.
1.3 Target topology and symmetry: Reticular analysis will target a non-cubic (e.g., shp- or csq-derived) topology in space groups such as C2/c or Pnma, where two crystallographically distinct carboxylate coordination modes are symmetry-mandated. Expected superstructure reflections and inequivalent C=O environments are predicted a priori.

2. Verification of structural alternation:
2.1 SCXRD: Solve and refine single-crystal structures to explicitly resolve inequivalent carboxylate binding modes, linker torsion angles, and aperture dimensions. Collect high-redundancy data to detect weak superstructure reflections; analyze anisotropic displacement parameters and residual density for incipient disorder.
2.2 Complementary spectroscopy: Use solid-state 13C CP-MAS NMR to distinguish inequivalent carboxylate carbon environments; IR spectroscopy to resolve split νas(COO−)/νs(COO−) bands corresponding to different binding modes.
2.3 Defect quantification: Employ 1H NMR of digested samples and TGA to quantify missing-linker defects; target <5% defect density.

3. Quantitative mechanics and thermodynamics:
3.1 Elastic modeling: Calculate elastic constants from DFT (periodic) and validate via nanoindentation on single crystals. Identify soft modes associated with compliant carboxylates.
3.2 Free-energy landscapes: Perform DFT-based static calculations and classical MD with enhanced sampling to map free-energy profiles as a function of aperture angle under hydrostatic pressure and guest loading (N2, H2, NH3). Predict gate-opening pressures and hysteresis widths.
3.3 Symmetry change prediction: Identify expected symmetry lowering or lattice strain signatures accompanying the closed→open transition to guide operando diffraction.

4. Operando adsorption and SC–SC transformation studies:
4.1 Gas adsorption: Measure N2 isotherms at 77 K and H2 isotherms up to 120 bar at 77 K and 87 K. Identify stepped isotherms and hysteresis corresponding to cooperative opening.
4.2 In situ SCXRD: Conduct high-pressure SCXRD under N2 and H2 to directly correlate adsorption inflection points with changes in unit-cell parameters, carboxylate tilt angles, and guest locations.

5. Chemical sensing as a flow-through, quantitative experiment:
5.1 Device architecture: Fabricate oriented polycrystalline films on interdigitated electrodes via solvothermal epitaxial growth from the same phase.
5.2 Operando sensing: Perform flow-through sensing experiments with controlled analyte concentrations (amines, acetone) under dry and humid conditions (0–80% RH). Metrics: limit of detection (ppb), response/recovery times, selectivity factors over H2/N2, and cycling stability.
5.3 Structure–signal correlation: Correlate impedance/optical responses with the SCXRD-defined structural order parameter (aperture angle or unit-cell strain) to establish causality.","This revised strategy directly addresses reviewer concerns by replacing speculative growth-layer alternation with a symmetry-enforced, crystallographically verifiable alternation of carboxylate binding modes that is well precedented in low-symmetry Zr-carboxylate MOFs. By eliminating heterometallic SBUs, the proposal avoids metal scrambling while retaining permanent porosity and SC–SC robustness characteristic of UiO-type frameworks (Asset 3). The use of rigid acetylene-linked carboxylates draws on established high-surface-area, high-pressure hydrogen storage principles (Asset 4), while introducing controlled mechanical compliance analogous to linker-rotation-driven breathing phenomena (Asset 1). Quantitative elastic and free-energy modeling provides predicted transition pressures and hysteresis, strengthening mechanistic sufficiency. Finally, defining sensing as an operando, flow-through measurement with explicit performance metrics and direct correlation to SCXRD-resolved structural parameters aligns the proposal with best practices in MOF-based chemical sensing and thin-film integration (Asset 2), ensuring both conceptual rigor and experimental realism.","The proposal is technically ambitious and largely well-instrumented (SCXRD/operando SCXRD, adsorption, defect quantification, DFT/MD, nanoindentation, device metrics). The main weaknesses are (i) an overconfident claim that the linker will “force” orthorhombic/monoclinic symmetry and “symmetry-mandate” two carboxylate binding modes—this is plausible but not demonstrated as inevitable versus disorder, partial occupancy, or alternative nets; (ii) insufficient de-risking of single-crystal-to-single-crystal (SC–SC) transformations under 77 K cryogenic adsorption and up to 120 bar H2, where crystal integrity and equilibration can fail; (iii) a gap between the hypothesized cooperative elastic coupling and the experimental observables—stepped isotherms/hysteresis can arise from defects, domain formation, or crystal-size effects, so more discriminating validation is needed (e.g., variable-temperature isotherms for thermodynamic parameters; calorimetry; diffraction-based phase-fraction tracking); and (iv) the required concept “layer-by-layer growth” is not actually implemented—epitaxial solvothermal film growth is different from LbL methods and has different controllability over orientation/defects, which matters for sensing reproducibility. Overall, the mechanistic direction is strong, but the symmetry/topology determinism and the operando structure–property causality require tighter proof and controls."
"A Y-shaped catalytic hairpin assembly (Y-CHA) circuit nucleated from a Co-MOF-on-COF ultrathin heterointerface will produce a superlinear EIS response because the Y-CHA product is engineered to (i) physically and coordinatively crosslink adjacent Co open-metal-sites (OMS) and (ii) gate ionic/mediator access through the MOF meso/microporous shell, creating a connectivity transition (“percolation threshold”) in transport pathways. Mechanistically, the proposal explicitly separates three coupled but distinguishable contributors to the impedance signal: (A) electron-transfer physics (film/charge-transport + interfacial k0), (B) ionic/pore-access (diffusion/migration through a porous shell, pore constriction), and (C) electrostatic repulsion (Donnan exclusion of charged mediators by the increasingly polyanionic DNA layer). The revised design resolves reviewer concerns by: (1) providing an explicit electron-transport pathway through a redox-hopping Co(II)/Co(III) network and/or embedded redox mediators (catechol/ferrocene) within a ≤20 nm Co-MOF shell so film resistance does not dominate Rct; (2) operationally defining and measuring the percolation threshold using orthogonal observables (QCM-D/SPR mass uptake, AFM thickness/roughness, and XPS P/S elemental quantitation for crosslink density), then correlating these to nonlinear Rct; (3) deconvoluting pore-gating from electrostatics by performing EIS in oppositely charged mediators ([Fe(CN)6]3−/4− vs [Ru(NH3)6]3+/2+) plus a mediator-free surface-tethered ferrocene readout; and (4) making LC–MS/MS stoichiometric to target binding by placing a single cleavable isotopic reporter on the surface initiator (one initiator released/cleaved per captured target event) rather than on amplified Y-CHA products, thereby enabling absolute ‘captured miR-133a equivalents’ calibration or, alternatively, clearly framing MS as qualitative verification if stoichiometry controls fail.","Step 1 — Materials architecture with defined transport pathway (addresses Critique #1).
1.1 COF underlayer (chemically addressable, thin, continuous):
- Electrode: Au (for SPR/QCM-D compatibility) and glassy carbon (for robustness). Use identical geometric area and include Au/Ti for adhesion if needed.
- COF: nitrogen-rich, π-conjugated TPN-like COF grown as a thin film (target thickness 10–30 nm; rms roughness <3 nm) via interfacial or surface-confined polymerization to minimize insulating thickness.
- Functional handles: incorporate a controlled fraction (1–5%) of aldehyde- or carboxyl-terminated monomers (or post-synthetic modification) to tune wettability and reduce nonspecific serum adsorption.
1.2 Co-MOF-on-COF ultrathin shell with redox-hopping support:
- Grow Co-MOF shell by layer-by-layer (LBL) room-temperature growth to control thickness precisely: target 5, 10, 20 nm shells (not 50 nm by default). Stop when continuous coverage is achieved (AFM step height + SEM continuity).
- MOF chemistry: Co(II) nodes + rigid aromatic dicarboxylate ligand (e.g., 2,6-naphthalenedicarboxylate) to promote π-stacking/packing and improve electronic coupling; activate to expose Co OMS (solvent exchange + mild thermal/vacuum activation compatible with film).
- Built-in redox mediator option (explicit): co-introduce a small fraction (0.5–2 mol%) of redox-active linker (catechol/quinone-like or ferrocene-dicarboxylate analogue) during LBL cycles to enable defined redox-hopping across the ultrathin MOF shell; verify incorporation by XPS/ToF-SIMS.
1.3 Mixed-valence tuning with an explicit electrochemical model:
- Create controlled Co(II)/Co(III) ratio via potentiostatic conditioning in benign electrolyte (e.g., phosphate-buffered saline without halides that strongly complex Co) using fixed potentials and times; quantify Co valence by XPS/XANES.
- Replace the single Randles assumption with a porous-electrode / transmission line model (TLM) fit: extract film resistance (Rf), distributed charge-transfer (Rct,dist), and CPE dispersion (α) to explicitly test whether the observed ‘steepness’ arises from transport limitations vs interfacial blocking.
- Thickness dependence: measure EIS vs shell thickness (5/10/20 nm) to confirm that Rf scales with thickness while the nonlinear Rct jump correlates with crosslinking metrics (Step 3), not merely with thickness.

Step 2 — DNA anchoring redesigned to preserve accessibility and reduce fouling (addresses Critique #3).
2.1 Anti-fouling and controlled probe spacing:
- Introduce a short mixed monolayer strategy at the Co-MOF surface: co-immobilize initiator strands with a diluent (PEGylated or zwitterionic short oligo/thiol surrogate) to control probe density and reduce serum adsorption.
- Use a single primary anchoring mode to avoid overconstraint: prefer Co–imidazole coordination at OMS with a spacer (e.g., hexaethylene glycol or polyT) to lift the initiator away from the surface; keep π–π/COF interactions secondary (non-covalent) rather than a required attachment.
- Quantify surface density and accessibility by: (i) fluorescently labeled initiator calibration; (ii) SPR association kinetics; (iii) nuclease/strand-displacement accessibility assay.
2.2 Competitive coordination/fouling stress tests (built-in controls):
- Challenge with histidine/imidazole (1–10 mM) and EDTA (0.1–1 mM) under controlled conditions to determine how much of the signal depends on Co–DNA coordination vs mere adsorption.
- Serum fouling panel: 10% and 50% serum exposure, with and without BSA/casein blocking; track baseline drift in Rf and CPE to separate fouling capacitance effects from true Rct changes.

Step 3 — Y-CHA circuit engineered for coordination crosslinking and independently quantifiable threshold (addresses Critique #2).
3.1 Y-CHA design with crosslinkable arms (chemically explicit):
- H1/H2 sequences selected for miR-133a triggering with target recycling; design for minimal off-target to close miRNA family members using mismatch discrimination in toehold region.
- Y-product arms:
  (A) Imidazole-bearing domain: multiple imidazole-modified nucleotides (e.g., imidazole-dU) spaced to enable multidentate binding to Co OMS.
  (B) Phosphorothioate (PS) tract: 6–10 consecutive PS linkages positioned to chelate Co and bridge nearby nodes; use a defined PS count to enable XPS quantification of S.
  (C) Optional inert arm for sterics: polyT/PEG segment to increase excluded volume and enhance pore constriction without adding charge-binding ambiguity.
- Negative controls: identical Y-CHA lacking imidazole/PS features (no crosslinking), and a linear hybridization probe with equivalent net charge.
3.2 Operational definition of percolation threshold (quantitative criterion):
- Define the threshold as the surface state where the second derivative of log(Rct) vs X becomes positive and maximal (inflection to superlinear regime), where X is an independent coverage/crosslink metric (mass uptake or elemental ratio), not miRNA concentration.
- Independent observables for X:
  (i) QCM-D on Au: Δf/ΔD to obtain areal mass uptake and viscoelasticity during Y-CHA growth.
  (ii) SPR on Au: resonance shift to confirm binding kinetics and surface coverage trends.
  (iii) AFM: thickness increase (Δh) and roughness changes mapping the emergence of a connected layer.
  (iv) XPS elemental quantitation: P (DNA backbone) and S (PS tracts) normalized to Co to estimate crosslink density per area; track S/P ratio to verify PS incorporation independent of total DNA.
- Correlate the onset of nonlinearity in EIS with the above metrics to claim a true ‘connectivity transition’ rather than a smooth surface-coverage increase.

Step 4 — Mechanistic deconvolution package mandated by reviewers (explicit separation A/B/C).
4.1 Multi-mediator EIS to separate electrostatics from pore-gating:
- Perform EIS in:
  (i) Anionic outer-sphere: [Fe(CN)6]3−/4− (electrostatic repulsion expected to be strong).
  (ii) Cationic outer-sphere: [Ru(NH3)6]3+/2+ (electrostatic attraction expected).
- Compare ΔRct signatures: pore-gating should increase Rct in both mediators (direction-independent), while pure electrostatics should show opposite or strongly asymmetric behavior.
4.2 Mediator-free interfacial redox to isolate electron-transfer physics:
- Introduce a surface-tethered ferrocene (Fc) reporter (either Fc-initiator strand or Fc-diluent strand) such that the Fc is proximal to the electrode and reports local electron transfer independent of diffusion through pores.
- Measure Fc EIS/voltammetry before/after Y-CHA: if Fc kinetics remain stable while solution-mediator Rct jumps, the dominant mechanism is pore-access gating rather than a global loss of electronic conductivity.
4.3 Film resistance and distributed kinetics (avoid overfitting Randles):
- Use TLM/porous electrode model fits to extract Rf and distributed Rct; validate Rf independently via conductive AFM (nanoscale) and/or four-point probe on larger-area films where feasible.
- Thickness series (5/10/20 nm) under identical Y-CHA conditions to confirm that superlinearity appears at a similar coverage metric X, not simply at a particular thickness.

Step 5 — EIS readout protocol and analytical claims.
5.1 EIS acquisition and fitting:
- Frequency range and perturbation amplitude fixed; report fit quality metrics and parameter confidence intervals.
- Primary outputs: distributed Rct (or pore-associated charge-transfer resistance), Rf, and low-frequency phase angle; treat changes in CPE (α) as diagnostics for fouling/heterogeneity.
5.2 Performance evaluation:
- Determine LOD/LOQ in buffer and serum; dynamic range; mismatch selectivity against miR-21/miR-499 and single-base mismatches; regeneration using mild strand displacement and re-activation of Co OMS (validated by XPS).

Step 6 — LC–MS/MS orthogonal verification with explicit stoichiometry (addresses Critique #4).
6.1 Stoichiometric MS design (preferred):
- Place a single cleavable isotopic reporter on the surface initiator strand (not on Y-CHA products). Design the sensing so that target binding triggers one-time initiator processing (e.g., target-assisted cleavage/strand displacement releasing exactly one reporter per captured target) while Y-CHA amplification proceeds without generating additional reporters.
- After EIS, cleave/release the reporter quantitatively (photocleavage or chemical cleavage) and quantify by LC–MS/MS with an isotopically labeled internal standard.
- Validate stoichiometry in a calibration series by comparing MS reporter counts to independently quantified target inputs under conditions where amplification is active vs suppressed.
6.2 If stoichiometry cannot be guaranteed (fallback):
- Reframe LC–MS/MS as qualitative/confirmatory (presence/identity) and semi-quantitative (trend) rather than absolute ‘captured equivalents’; explicitly report amplification factor uncertainty.

Step 7 — Decision gates and risk mitigation.
7.1 If Rf dominates (high film resistance):
- Reduce MOF thickness, increase redox-linker fraction, or switch to a more conductive MOF chemistry while retaining Co OMS at the outer surface (core-shell concept preserved).
7.2 If electrostatics dominate (anionic vs cationic mediator diverge strongly):
- Increase ionic strength, introduce charge-neutral spacers, and rely on mediator-free Fc reporting plus pore-access metrics.
7.3 If serum fouling overwhelms signals:
- Add zwitterionic/PEG passivation, optimize probe spacing, and include pre-filtration or microfluidic washing; verify with QCM-D dissipation and XPS N/C ratios.

Deliverables (explicit evidence chain):
- Proof of transport pathway: Rf vs thickness (TLM + c-AFM/four-point) and stable Fc kinetics.
- Proof of pore-gating vs electrostatics: consistent Rct increase in both anionic and cationic mediators + Fc control.
- Proof of percolation-like transition: correlated nonlinear Rct onset with QCM-D/SPR/AFM/XPS-derived coverage/crosslink density threshold.
- Proof of MS linkage: validated reporter stoichiometry or explicit qualitative framing.","1) Electron-transport feasibility (resolves ‘insulating COF + MOF shell’ concern): The revised architecture constrains the Co-MOF shell to ≤20 nm and optionally embeds a small fraction of redox-active linkers to support redox-hopping transport. Mixed-valence Co(II)/Co(III) is no longer asserted as a vague ‘steepness’ enhancer; it is quantified (XPS/XANES) and modeled with a porous-electrode/TLM framework that separates film resistance from interfacial charge transfer. This directly addresses mediator choice and CPE dispersion confounders.

2) Mechanistic proof of superlinearity (resolves percolation ambiguity): The percolation threshold is operationally defined using independent coverage/crosslink metrics (QCM-D/SPR mass uptake, AFM morphology, and XPS P/S-to-Co ratios). Nonlinearity is claimed only when the Rct inflection coincides with a threshold in these independent observables and persists across mediator charge sign.

3) Discrimination of pore-gating vs electrostatic repulsion (mandatory directive): EIS will be performed in both anionic [Fe(CN)6]3−/4− and cationic [Ru(NH3)6]3+/2+ mediators plus a mediator-free surface-tethered ferrocene reporter. This three-pronged approach isolates (A) electron-transfer changes, (B) pore/ionic access constraints, and (C) electrostatic effects, preventing misinterpretation of increased Rct as purely Donnan exclusion of anions.

4) Probe accessibility and fouling risk control (addresses Co-OMS coordination concerns): The anchoring strategy is simplified to a primary Co–imidazole coordination with a spacer and explicit probe-density dilution plus anti-fouling passivation. Competitive coordination (imidazole/histidine/EDTA) and serum exposure tests are built in as go/no-go gates to ensure that the platform is not dominated by nonspecific adsorption or unstable coordination chemistry.

5) LC–MS/MS orthogonal confirmation made quantitative (or explicitly not): The reporter is moved to the initiator strand so that one cleavable tag corresponds to one captured target event, independent of Y-CHA amplification. This makes MS a true calibrant for captured miR-133a equivalents; if stoichiometry cannot be validated, MS is explicitly downgraded to qualitative/semi-quantitative verification, preventing overclaiming.

Collectively, these revisions preserve the original concept chain (Co-MOF/COF heterointerface + Y-CHA + coordination crosslinking/pore gating + EIS + MS verification) while adding the quantitative mechanistic package needed to withstand alternative explanations.","Methodologically, the revision is substantially stronger than a standard “EIS + DNA amplification” sensor: ultrathin shell control, TLM fitting, thickness series, mediator polarity controls, and orthogonal surface quantitation constitute a credible mechanistic package. However, the central claim of a true percolation-like connectivity transition remains only semi-theoretical: the proposed crosslinking modalities (imidazole-modified bases and PS tracts) are chemically plausible but not yet bounded by quantitative coordination stoichiometry, spatial reach relative to Co–Co site spacing, or competitive ligand effects under realistic ionic strengths—meaning “percolation” could still reduce to a smooth, viscoelastic polymer/DNA overlayer causing distributed blocking (CPE shifts) rather than a connectivity threshold in transport pathways. The electron-transport argument is improved, but still carries risk: redox-hopping through sparse redox linkers or mixed-valence Co nodes in a thin MOF film can be rate-limiting and hard to distinguish from mediator diffusion/partitioning changes; the proposal relies heavily on model fitting (TLM/CPE) where parameter identifiability and covariance can be severe without strong priors. Finally, the LC–MS/MS stoichiometric reporter concept is clever but underspecified regarding the chemistry that enforces exactly one reporter release per captured target in the presence of target recycling (CHA) and potential initiator turnover; without a concrete, kinetically trapped “single-shot” mechanism, the MS calibration could still be biased."
"A genuinely photo-switchable ORR catalyst can be realized if (and only if) a percolating, nanoscale carbon–carbon p–p heterojunction is quantitatively preserved through MOF-to-carbon conversion, such that it produces (i) a measurable built-in potential (work-function offset, ΔΦ) across adjacent S-rich (donor-derived) and N-rich (acceptor/porphyrin-derived) carbon domains, and (ii) a light-addressable charge-separation pathway that reversibly perturbs the Fe–N4 electronic structure under electrochemical bias. Mechanistically, we posit a falsifiable structure–function chain: (1) Reticularly programmed donor/acceptor proximity in a single Zr–porphyrin crystal yields post-pyrolysis domains of 2–10 nm with junction densities ≥10^16–10^17 m−2 (interface area fraction ≥0.2), enabling a continuous network where Fe–N4 sites reside within <3 nm of a junction so that the local electrostatic potential is not screened under ORR-relevant ionomer environments. (2) The S-carbon/N-carbon p–p junction creates a built-in field (target ΔΦ = 80–250 meV) that biases hole/electron populations near Fe–N4; upon visible-light excitation of the donor-rich S-carbon (and/or donor–acceptor charge-transfer band), quasi-Fermi level splitting occurs and shifts the Fe(II/III) redox equilibrium (target reversible shift ΔE1/2 = 10–40 mV at fixed electrolyte composition and temperature), altering *OOH/*OH adsorption energetics and thereby reducing peroxide yield. (3) ‘Photogating’ is defined operationally as: an ORR activity/selectivity modulation whose action spectrum matches the optical absorption of the donor/CT band, whose transient response time constants track carrier trapping/recombination (ms–s) rather than thermal diffusion (s–10s), and whose magnitude scales sublinearly with irradiance consistent with recombination kinetics. (4) The durability claim is constrained: the interfacial hole reservoir must increase the turnover of oxygenated intermediates (faster *OOH/*OH desorption) without increasing net carbon oxidation; this will be tested by directly comparing CO2 evolution rates and surface oxygen functionalities under matched peroxide flux. The proposal therefore overcomes the reviewers’ two uncertainties by predefining domain/junction targets and by employing discriminant, quantitative electro-photo-electrochemical criteria that separate true interfacial photogating from photothermal and transport artifacts.","Step 0 — Quantitative design targets (pre-registered acceptance criteria)
0.1 Target post-pyrolysis domain architecture: S-rich donor-carbon domains (from TTF) and N-rich acceptor-carbon domains (from porphyrin/linker carbon) with characteristic lateral size 2–10 nm (median 4–6 nm), continuous percolation of each phase over ≥50 nm (to ensure charge extraction), and junction density (number of S/N interfaces per projected area) ≥1×10^16 m−2. 
0.2 Target electronic offsets: work-function bimodality by KPFM with ΔΦ ≥80 meV (goal 150–250 meV) and temperature-dependent conductivity consistent with a p–p barrier (activated component across junction) rather than purely metallic percolation.
0.3 Target photogating signatures: (i) action spectrum peak(s) coincide with donor/CT absorption features within ±20 nm; (ii) chopped-light current response exhibits at least one fast component (≤1 s) inconsistent with the cell’s thermal time constant; (iii) Fe(II/III) redox shift ΔE1/2 = 10–40 mV reversible on light on/off; (iv) RRDE peroxide suppression correlates with ΔE1/2 and with operando *OOH/*OH vibrational proxies.

Step 1 — MOF precursor architecture (linker-level D/A programming)
1.1 Framework: PCN-224-type Zr6O4(OH)4–porphyrin MOF (robust Zr–carboxylate nodes, porphyrin N4 templates). Modulation with benzoic acid to obtain 0.5–2 µm crystals for cross-sectional analysis and to reduce defect-driven dopant scrambling.
1.2 Linker set: (A) sulfonated porphyrin linker TCPP–SO3− (acceptor-rich/ion-pair anchor), (B) neutral TCPP (dilution/spacing), metallated fraction 10–50% using FeTCPP (primary) or CoTCPP (secondary). Maintain constant total porphyrin content across variants.
1.3 Donor guest-linker: TTF-(Py+)2 introduced during solvothermal growth (not post-loading) at controlled equivalents relative to –SO3− sites (0.3–1.0 per sulfonate) to force electrostatic pairing and periodic proximity. A “randomized” control (Directive 4) will add TTF-(Py+)2 only after MOF synthesis via diffusion/impregnation under identical overall uptake, destroying crystallographic imprinting.

Step 2 — Pre-pyrolysis proof of D/A charge transfer (screening gate)
2.1 Optical/charge-transfer screening: steady-state absorption + PL quenching (donor and porphyrin bands), TCSPC lifetimes, and transient absorption (visible pump, broadband probe) to identify a charge-separated state lifetime ≥10× longer than donor-only reference. Only formulations meeting this criterion proceed to carbonization.
2.2 Spatial correlation: confocal PL mapping on single crystals (where feasible) to verify non-uniform quenching consistent with nanoscale donor-rich/acceptor-rich organization rather than homogeneous mixing.

Step 3 — ‘Imprinting-preserving’ carbonization with constrained diffusion
3.1 Stage I (200–250 °C, Ar, 2 h): solvent removal and ion-pair locking; slow ramp (≤1 °C/min) to minimize structural stress.
3.2 Stage II (550–650 °C, Ar/2–5% H2, 2 h): initiate carbonization while suppressing Fe nanoparticle nucleation; include a sulfur-retention bias by limiting dwell time and using a moderate heating rate (2–3 °C/min). 
3.3 Stage III (900 °C, Ar, 30–60 min) with NH3 ‘micro-pulse’ (5–10 min total exposure, segmented as 2–3 short pulses): increase pyridinic/graphitic N near Fe–Nx while limiting wholesale etching that would blur domains.
3.4 Acid wash if needed (e.g., 0.5 M H2SO4 at 80 °C, 2 h) to remove any detectable Fe/Co nanoparticles, followed by a short Ar anneal (900 °C, 15 min) to restore conductivity.
3.5 Differential passivation (kept optional and decoupled): mild oxidation 1–2% O2/Ar at 200–250 °C for 30–60 min applied as a tuning knob for ΔΦ. Crucially, this step will be performed as a factorial variable (on/off) and always paired with oxidation-state-matched controls to avoid confounding selectivity changes.

Step 4 — Mandatory post-pyrolysis structure–function map (junction density/length-scale)
4.1 Cross-sectional STEM-EDX/EELS (Directive 1): prepare FIB lamellae from individual particles. Map N-K and S-L edges at ≤2 nm pixel size; extract (i) domain size distribution via spatial autocorrelation lengths, (ii) interface density (S/N boundary length per area), (iii) nearest-neighbor distance from Fe signal (if visible) or from N-rich regions to S/N interfaces. Acceptance: median domain size 2–10 nm and interface density ≥1×10^16 m−2.
4.2 Statistical KPFM mapping (Directive 1): perform KPFM on ≥50 particles across ≥3 batches; report work-function histograms and spatial correlation with S/N maps (co-registered where possible). Acceptance: bimodal Φ distribution and ΔΦ ≥80 meV.
4.3 Nanoscale electrical mapping: conductive-AFM line scans across S/N interfaces to detect rectifying/asymmetric I–V or barrier-like behavior; complement with macroscopic temperature-dependent conductivity (80–350 K) and fit to two-channel transport (metallic + activated barrier) to demonstrate a junction-associated activation energy.
4.4 ‘Junction destroyed, composition matched’ control (Directive 4): (i) post-impregnation TTF loading into pre-formed MOF then pyrolysis; (ii) physical mixture of separately carbonized S-carbon and N-carbon milled together; (iii) oxidation-state matched by identical mild O2 treatment. These controls must match bulk S/N contents (XPS, elemental analysis) and similar ID/IG (Raman) yet should show reduced interface density and diminished KPFM bimodality.

Step 5 — Isolating true photogating from photothermal/transport artifacts (Directive 2)
5.1 Action spectrum (mandatory): measure Δ(ORR activity/selectivity) vs wavelength using bandpass filters or monochromator (e.g., 420–700 nm, 20–30 nm bandwidth). Compare to absorption spectrum of catalyst (diffuse reflectance) and, if present, donor/CT band. Criterion: action spectrum tracks absorption features (after correcting photon flux) rather than being flat (thermal).
5.2 Chopped-light transient electrochemistry: at fixed potential (e.g., 0.75–0.85 V vs RHE in O2-sat electrolyte), apply square-wave light modulation (0.1–10 Hz) and record current transients. Fit to multi-exponential model; compare time constants to independently measured thermal response of the electrode (micro-thermocouple/IR camera). Photogating requires a component faster than the thermal rise time and persisting at constant electrode temperature (see 5.3).
5.3 Isothermal controls: repeat under (i) identical measured electrode temperature using external heating in the dark, and (ii) light on with active cooling to hold temperature constant. Any residual enhancement under isothermal light-on supports non-thermal photogating.
5.4 Transport/hydration controls: keep O2 partial pressure, rotation rate (RDE), and ionomer content constant; include N2-sat electrolyte to confirm no ‘light current’ unrelated to ORR; quantify dissolved O2 and local pH if possible (SECM or pH microelectrode) to exclude illumination-induced transport artifacts.

Step 6 — Quantifying Fe–N4 redox gating and linking to *OOH binding (Directive 3)
6.1 Electrochemical Fe(II/III) redox shift: in inert atmosphere (Ar/N2), measure Fe-centered redox features (CV/DPV) of Fe–N–C; quantify ΔE1/2 under light on/off at multiple irradiances (e.g., 10, 30, 100 mW cm−2) and wavelengths (matching action spectrum maxima). Criterion: reversible, intensity-dependent ΔE1/2.
6.2 Operando XAS (or Mössbauer where feasible): potential-controlled XANES/EXAFS under dark vs light to quantify Δvalence (Fe) and coordination changes. Require correlation between Δvalence and ΔE1/2.
6.3 Operando vibrational proxies for *OOH/*OH: operando ATR-FTIR or Raman in O2 electrolyte to track bands assigned to adsorbed OOH/OH and C–O functionalities; test whether light decreases the steady-state coverage at fixed potential and whether the magnitude correlates with ΔE1/2 and reduced H2O2 yield.
6.4 RRDE selectivity: measure peroxide yield and electron number (n) dark vs light; require that junction-preserved samples show larger light-induced peroxide suppression than junction-destroyed, composition-matched controls.

Step 7 — Durability with explicit carbon-oxidation accounting
7.1 Half-cell carbon corrosion diagnostics: at high potential holds/cycling, quantify CO2 by online MS (OEMS) under dark vs light, ensuring equal temperature. The durability hypothesis is supported only if (i) ORR selectivity improves (lower H2O2) while (ii) CO2 evolution does not increase under illumination.
7.2 MEA AST: 0.6–1.0 V cycling with periodic light pulses; compare performance retention, peroxide indicators, and post-mortem (Raman ID/IG, XPS O-content, TEM for Fe aggregation).
7.3 Factorial analysis of mild O2 passivation: separate the effect of ΔΦ tuning from pre-oxidation artifacts by comparing passivated vs unpassivated across both imprinted and randomized controls.

Deliverable — Structure–function map
For each catalyst variant (imprinted vs randomized vs mixtures; passivation on/off; metallation fraction), compile a quantitative map: {domain size, interface density, ΔΦ, barrier activation energy, ΔE1/2(light), Δvalence(light), ΔH2O2(light), Δactivity(light), CO2 rate(light)} and regress ΔH2O2 and Δactivity against (interface density × ΔΦ) and against ΔE1/2 to demonstrate causality or falsify the hypothesis.","1) Addressing junction preservation uncertainty with quantitative constraints: The revised plan no longer asserts junction survival qualitatively; it pre-registers target domain size (2–10 nm) and interface density and then measures them post-pyrolysis by FIB cross-sectional STEM-EELS/EDX with autocorrelation-based domain statistics plus KPFM bimodality over large particle counts. This directly confronts dopant migration/graphitization concerns by (i) limiting high-T dwell time, (ii) using segmented NH3 micro-pulses to avoid extensive etching and dopant homogenization, and (iii) requiring a composition-matched ‘randomized’ control that should exhibit reduced interface density if imprinting is real.
2) Distinguishing true photogating from photothermal/transport artifacts: The revised plan adds discriminants demanded by reviewers—an action spectrum (photon-flux-normalized) matching donor/CT absorption, and chopped-light transient electrochemical responses with time constants benchmarked against independently measured thermal diffusion. Isothermal light-on vs dark-heated controls decouple photochemistry from heating. Additional transport controls (O2, rotation, ionomer, N2 background) suppress false positives due to illumination-driven mass transport/hydration.
3) Making the Fe–N4 gating claim falsifiable under bias: We define expected magnitudes (ΔE1/2 = 10–40 mV; ΔΦ = 80–250 meV) and require reversible, intensity-dependent shifts in electrochemical Fe redox features and operando Fe valence (XAS/Mössbauer). The mechanistic link to *OOH binding is tested by correlating these redox shifts with operando vibrational proxies for OOH/OH coverage and with RRDE peroxide suppression. If light changes activity without matching action spectra, without ΔE1/2/Δvalence shifts, or equally in junction-destroyed controls, the photogating mechanism is rejected.
4) Resolving the durability ‘hole reservoir vs carbon oxidation’ tension: Durability is evaluated with explicit carbon corrosion accounting (CO2 by OEMS) under temperature-controlled illumination. The hypothesis is only supported if peroxide decreases without increased CO2 evolution; otherwise, the model is revised (e.g., light-induced oxidation dominates). The mild O2 passivation step is treated as a controlled, factorial variable and is paired with oxidation-state-matched controls to prevent misattribution.
5) Literature-grounded rationale consistent with the original concept chain: Heterojunction-enabled charge separation under visible light is a proven lever for suppressing recombination and biasing interfacial redox chemistry (Asset 1). MOF-native synthesis provides architectural control over heterojunction formation beyond physical mixtures (Asset 2), and MOF-derived Metal–N–C motifs are established ORR platforms where electronic tuning and durability are central (Asset 3). The revised approach integrates these concepts but adds the quantitative post-pyrolysis mapping and decisive electro-photo criteria required for reviewer confidence.","This is a technically ambitious but unusually well-structured attempt to make “photo-switchable ORR” falsifiable. The main strengths are (i) quantitative accept/reject thresholds (domain size, interface density, ΔΦ, ΔE1/2) and (ii) a control logic that directly targets the historical failure modes in this area (photothermal artifacts; post-pyrolysis dopant scrambling; nanoparticle-driven activity). The key scientific risk is whether a p–p carbon/carbon junction with ΔΦ ~80–250 meV remains electrochemically unscreened within realistic catalyst layers (ionomer + electrolyte), and whether such a modest built-in field can reproducibly yield a 10–40 mV Fe redox shift under bias without being dominated by capacitive charging, local pH changes, or oxygen-transport modulation under illumination. KPFM ΔΦ in air/vacuum also does not automatically translate to an operative junction potential in aqueous/ionomer environments; without an operando measurement of interfacial potential/field (or at least electrolyte-dependent attenuation), the causal chain could remain suggestive rather than definitive even if correlations are observed. A second vulnerability is synthetic: preserving 2–10 nm S/N phase separation through 900 °C treatment plus NH3 exposure is plausible but not guaranteed; the acceptance criteria are clear, but the plan lacks a contingency path if domains coarsen/homogenize (which would terminate the central hypothesis). Finally, the operando vibrational assignment of *OOH/*OH on Fe–N–C is notoriously non-unique; without isotopic labeling and rigorous band assignment, these proxies may be too ambiguous to serve as a mechanistic linchpin."
"A conformal, covalently anchored organosilica (R–SiO1.5/Q) shell grown under rigorously water-starved sol–gel conditions on amino-functional Zn4O(BDC-NH2)3 (IRMOF-3) single crystals will preserve single-crystal-to-single-crystal (SCSC) integrity during postsynthetic acylation by enforcing a quantitatively defined transport–reaction regime and by mechanically suppressing transformation-induced strain localization. Mechanistically, the shell operates as (i) a diffusion resistor with tunable permeability (P) that reduces reagent activity at the MOF surface and sets a finite, controllable flux J through the shell, and (ii) a mechanically adherent clamp that raises the energetic cost of microcrack nucleation and inhibits crack propagation during lattice-parameter evolution. A reaction front (spatial conversion gradient) is expected only when intrinsic acylation kinetics outpace transport across the combined ‘shell + MOF’ pathway, i.e., when a modified Thiele modulus Φ = R·sqrt(k_app/D_eff) exceeds ~1 (and Damköhler number Da = k_app·R^2/D_eff ≳ 1); otherwise the system will react quasi-uniformly. The proposal therefore couples (a) an a priori measurable permeability/diffusivity and (b) rate-matching (choice of anhydride chain length, concentration, temperature, and shell thickness/crosslink density) to deliberately place 100–500 nm nanocrystals either in a uniform regime (for maximal conversion homogeneity) or in a front-propagating regime (for strain-minimizing, stepwise transformation), while using ≥5–20 µm single-crystal analogues for definitive SCXRD proof of SCSC preservation.","Step 0 — Define quantitative decision criteria (go/no-go) and the transport–reaction model.
0.1 Crystallinity retention metric (primary endpoint):
- For ≥5–20 µm crystals: SCXRD before/after modification with refinement quality thresholds: (i) retention of single-domain indexing, (ii) R1 ≤ 0.10 and no evidence of merohedral twinning increase beyond baseline, (iii) ≤2% change in mosaicity (as reported by integration statistics), and (iv) unit-cell evolution consistent with functionalization rather than amorphization.
- For 100–500 nm crystals: operando/in situ PXRD + Williamson–Hall analysis to decouple size vs strain: require (i) ≤20% increase in microstrain (ε) relative to coated baseline during/after reaction, and (ii) no appearance of amorphous halo above a pre-set intensity fraction (e.g., <10% of total scattering in 10–30° 2θ window). Corroborate by TEM tomography (microcrack count density) and SAED spot/ring integrity.
0.2 Conversion uniformity metric (secondary endpoint): radial conversion gradient ΔX = X_surface − X_core measured by (i) confocal Raman/FTIR mapping of amide bands across individual particles and (ii) layer-by-layer shell removal/etch-back (see 3.3) followed by digestion 1H NMR. Go/no-go: |ΔX| ≤ 0.10 for ‘uniform mode’; for ‘front mode’ demonstrate monotonic front progression with time and bounded strain (ε threshold above).
0.3 Transport–reaction framework (used to select conditions):
- Measure shell permeability P_shell and effective diffusivity D_shell for anhydride analogs; measure MOF effective diffusivity D_MOF via tracer uptake (below).
- Compute effective resistance: 1/P_overall ≈ (δ_shell/D_shell) + (R_MOF/D_MOF) (series resistance approximation), and use D_eff ≈ (R_total)^−1 mapped to Φ and Da for each particle radius R (50–250 nm) and each anhydride (C2–C18).
- Target regimes:
  (A) Uniform conversion: Da < 0.3 (or Φ < 0.5).
  (B) Front-propagating conversion: Da > 3 (or Φ > 1.5) with bounded microstrain (ε).

Step 1 — Prepare two crystal size regimes (nano for relevance; micro for definitive SCXRD).
1.1 NMOF (100–500 nm) synthesis: solvothermal Zn4O(BDC-NH2)3 using acid modulation and controlled supersaturation.
- Representative conditions to screen (DoE matrix): Zn(NO3)2·6H2O + H2BDC-NH2 in dry DMF; modulator = benzoic acid or formic acid (0–30 equiv vs linker) to tune nucleation; optional water content controlled to ≤0.5 vol% to avoid framework defects; temperature 80–100 °C; time 6–24 h.
- Aim: 100, 250, 500 nm monodisperse single crystals (TEM size distribution σ/μ < 0.15).
1.2 Microcrystal analogue (≥5–20 µm): same chemistry but lower supersaturation (lower concentration, higher temperature 100–120 °C, longer time 24–72 h) to obtain SCXRD-grade crystals.
1.3 Baseline characterization:
- Nano: PXRD, TEM/SAED, N2 (or Ar) sorption, TGA, digestion 1H NMR for –NH2 linker fraction.
- Micro: SCXRD (structure, baseline disorder), optical microscopy, and single-crystal integrity metrics.

Step 2 — De-risk and implement primer anchoring without MOF etching (explicit safeguards + failure-mode assays).
2.1 Pre-drying and water control:
- All solvents anhydrous (≤50 ppm H2O; Karl Fischer verified). Glassware baked; reactions under N2/Ar.
- MOF activation at mild conditions compatible with Zn4O-carboxylate (e.g., solvent exchange to dry CH2Cl2 or toluene; avoid harsh heating that collapses IRMOF-3).
2.2 Primer selection to avoid acid generation and ligand displacement:
- Primary route (non-acid-generating): glycidyloxypropyltrialkoxysilane (GPTMS) or mercaptopropyltrialkoxysilane (MPTMS) as a neutral anchoring primer; these do not release HCl (unlike chlorosilanes) and can form hydrogen-bond/coordination interactions at the surface while providing siloxane growth points.
- Contingency route (if stronger anchoring needed): isocyanatopropyltriethoxysilane (ICPTES) with strict byproduct management (trace amines can quench isocyanate; avoid water). Avoid APTES as default due to amine-catalyzed hydrolysis/condensation and possible Zn-node perturbation.
2.3 Anchoring protocol (example for GPTMS):
- Disperse MOF in anhydrous toluene at 0–10 °C; add GPTMS (0.5–2.0 mmol per g MOF) with ≤0.1 equiv H2O delivered by microsyringe only if needed to initiate limited hydrolysis at the interface; stir 1–4 h, then wash with dry toluene and dry ether.
2.4 Mandatory etching/failure-mode controls during primer step:
- ICP-OES/MS of supernatant for Zn leaching (threshold: <0.5% of total Zn).
- Solution 1H NMR of supernatant (after solvent removal/redissolution) to detect linker loss (BDC-NH2 signals); threshold: <1% linker loss.
- PXRD after primer: require no peak disappearance and ≤10% increase in microstrain.

Step 3 — Grow permeability-tunable organosilica shell via water-starved co-condensation (quantified parameters).
3.1 Shell architecture:
- Two-layer concept: (i) ultrathin primer-grafted siloxane seed (~0.5–2 nm equivalent), then (ii) TEOS + bridged silsesquioxane (BTES) co-condensation to reduce shrinkage stress and tune free volume.
- BTES choice: BTES-ethylene for flexible, higher free volume; BTES-benzene for stiffer, lower permeability. Screen both.
3.2 Water-starved sol–gel growth (reverse microemulsion or biphasic) with controlled hydrolysis:
- Continuous phase: cyclohexane (dry) + nonionic surfactant (e.g., Igepal CO-520) for reverse microemulsion; alternatively a biphasic toluene/water-minimized system if microemulsion destabilizes MOF.
- Water activity: total H2O added = 0.2–1.0 equiv per total alkoxide (<< stoichiometric 4 equiv) to enforce incomplete hydrolysis and slow condensation; deliver by syringe pump over 1–3 h.
- Base catalyst: imidazole (1–10 mM) or NH4OH (0.5–5 mM effective) to avoid rapid Stöber-like condensation. Maintain 10–25 °C to minimize Zn-carboxylate lability.
- Precursor ratios: TEOS:BTES = 70:30 and 50:50 (mol%) to map permeability vs mechanical robustness.
- Thickness targets: 5, 10, 20 nm controlled by total Si-precursor dose (calibrated on planar analogs; see 4.1). Stop-growth by brief exposure to trimethylsilyl chloride (TMSCl) vapor or hexamethyldisilazane (HMDS) in dry solvent to cap silanols and stabilize permeability.
3.3 Shell integrity and uniformity checks:
- TEM and STEM-EDS (Si map) for conformality; tomography on a subset to detect discontinuities or cracks.
- Solid-state 29Si MAS NMR: quantify Qn/Tn distribution; require significant T content in BTES samples and reduced Q4 fraction vs pure TEOS shells (proxy for reduced shrinkage).
- FTIR: Si–O–Si and residual Si–OH; monitor silanol capping effectiveness.

Step 4 — Quantify permeability/diffusivity and compute Da/Φ to select SCSC conditions (mandatory quantitative framework).
4.1 Planar analog calibration (per reviewer directive):
- Grow identical organosilica films (same TEOS/BTES, catalyst, H2O schedule) on (i) silica wafers and (ii) Zn-carboxylate MOF thin films (if available) to mimic interfacial chemistry.
- Measure thickness and densification: spectroscopic ellipsometry (nm accuracy) and water contact angle.
- Measure transport: QCM-D uptake of probe molecules (acetic anhydride surrogate, fluorescent ester/anhydride analog, or size-matched neutral dye) to extract effective diffusion coefficients in the film (D_shell) and partition coefficients (K). Compute permeability P_shell = K·D_shell/δ.
4.2 Particle-scale tracer uptake to estimate D_eff:
- Use a nonreactive tracer series spanning size/hydrophobicity (e.g., alkyl benzoates or fluorescent anhydride analogs that do not acylate) and monitor uptake kinetics by fluorescence (if tracer) or by time-resolved solution depletion.
- Fit to spherical diffusion with shell boundary condition to extract D_shell and D_MOF (or combined D_eff) for 100, 250, 500 nm particles.
4.3 Reaction kinetics (k_app) measurement under matched conditions:
- Perform acylation on uncoated microcrystals with small anhydride (C2) and bulky (C12/C18) at controlled temperature; follow conversion vs time by digestion 1H NMR (linker amide formation). Fit to pseudo-first-order k_app under reagent excess.
- Repeat on coated particles to capture apparent rate including transport limitations; use this to validate Da predictions.
4.4 Decision table (rate-matching):
- For each (δ, TEOS:BTES, capping state) and anhydride chain length, compute Da and Φ for R = 50–250 nm. Select:
  • Uniform mode experiments where Da < 0.3.
  • Front mode experiments where Da > 3.
Only proceed to full SCSC series once at least one condition in each regime is experimentally validated by conversion-time curves and tracer-derived D.

Step 5 — Execute SCSC acylation/functionalization inside the shell (nano + micro), explicitly tied to regimes.
5.1 Reaction set (anchored to Asset 1): homologous linear anhydrides C2–C18.
5.2 Conditions (two operational modes):
- Uniform diffusion mode: thinner shell (5–10 nm), higher BTES-ethylene fraction (higher free volume), mild swelling microadditions (≤1 vol% EtOH) only if compatibility verified, reagent 10–50 mM, 25–50 °C.
- Front-propagating mode: thicker shell (10–20 nm), higher BTES-benzene fraction or stronger capping, reagent 0.5–5 mM, 10–25 °C, longer times; objective is Da > 3.
5.3 Microcrystal SCXRD proof-of-SCSC:
- Run the same acylation on ≥5–20 µm crystals with and without shell; collect SCXRD after defined partial (e.g., 30–50%) and near-complete conversion to show lattice evolution without loss of single crystallinity.

Step 6 — Directly test “mechanical clamping” and microcrack suppression (tightened claim with readouts).
6.1 Operando PXRD during transformation:
- Collect time-resolved PXRD while dosing anhydride; perform Williamson–Hall to track microstrain (ε) and coherent domain size changes. Compare uncoated vs Stöber TEOS vs organosilica shells.
- Go/no-go for clamping claim: coated samples must show ≥2× lower ε increase at matched conversion, and reduced irreversible peak broadening after washing.
6.2 TEM tomography / FIB-SEM (subset):
- Quantify microcrack density and crack length distribution pre/post reaction; define threshold (e.g., <1 crack per particle on average; or <5% particles cracked).
6.3 Nanoindentation/AFM (films or particle monolayers):
- Measure apparent modulus increase and hysteresis changes upon shell formation; correlate with reduced cracking.

Step 7 — Validate conversion gradients and porosity/function retention.
7.1 Spatial conversion mapping:
- Confocal Raman/FTIR mapping of amide I/II bands across individual microcrystals and aggregated nanocrystal films.
7.2 Radial quantification by controlled etch-back:
- Replace HF vapor microdosing with a safer preferential approach when possible: buffered NH4F/EtOH micro-etch under tightly timed conditions to remove shell incrementally; if HF is required, restrict to dedicated facility with microreactor containment.
- After each etch step: digest MOF and quantify conversion by 1H NMR; reconstruct X(r).
7.3 Porosity and hydrophobicity:
- N2/Ar sorption (BET, pore volume); water vapor sorption to quantify hydrophobization with chain length; compare to Asset 1 trends and assess how shell modifies accessibility.

Step 8 — Benchmark controls (expanded failure-mode controls).
8.1 Controls: uncoated, fast Stöber TEOS, primer-only, organosilica-only, and ‘no-capping’ shells.
8.2 Chemical stability controls:
- During coating and reaction: periodic ICP of Zn in supernatant + solution NMR for linker loss; PXRD check for phase change.
8.3 Success criteria summary:
- Demonstrated SCXRD-confirmed SCSC in microcrystals with shell.
- For nanocrystals: ε increase ≤20% (or ≥2× improvement vs uncoated at matched conversion), microcrack density below threshold, and conversion uniformity meeting the defined ΔX targets in at least one uniform-mode condition; additionally, show ability to extend functionalization to longer anhydrides (C12–C18) at higher retained crystallinity/porosity than controls.","1) Quantitative transport–reaction feasibility (addresses reviewer’s front-propagation concern): The proposal no longer assumes a reaction front in 100–500 nm particles; it predicts when a front is physically expected via Da/Φ computed from measured D_shell/D_MOF and k_app. Permeability is experimentally obtained (QCM-D/ellipsometry on planar analogs plus particle tracer uptake), enabling rational selection of shell thickness (5–20 nm), TEOS:BTES ratio, and capping state to shift between Da < 0.3 (uniform) and Da > 3 (front). This resolves the internal inconsistency noted for small radii and small anhydrides by making “front vs uniform” a controllable, decision-based outcome rather than an assumption.

2) Definitive SCSC proof (addresses nanoscale crystallinity ambiguity): A parallel ≥5–20 µm crystal track is included explicitly for SCXRD-based confirmation of SCSC transformations (as in Asset 1), while nanocrystals remain the application-relevant platform. For nanocrystals, crystallinity is quantified with pre-defined metrics that decouple size/strain/amorphization (operando PXRD + Williamson–Hall) and direct microcrack readouts (TEM tomography), avoiding reliance on peak broadening alone.

3) De-risking silane chemistry for Zn-carboxylate MOFs (addresses compatibility): The primer step is redesigned to avoid HCl-generating chlorosilanes and to minimize water-driven Zn–carboxylate lability, using non-acid-generating trialkoxysilanes (GPTMS/MPTMS) as the default. Rigorous drying (KF-verified solvents), low-temperature conditions, and mandatory etching checks (Zn leaching by ICP; linker loss by solution NMR) are built in as stop criteria. This directly addresses the risk that APTES/ICPTES could compromise Zn4O-carboxylate nodes.

4) Tightened mechanical clamping claim (addresses under-quantification): The clamping mechanism is tested with direct strain evolution (operando PXRD microstrain), crack statistics (tomography), and mechanical response (AFM/nanoindentation). Go/no-go thresholds are defined relative to matched conversion, turning a qualitative claim into falsifiable criteria.

5) Strong literature grounding and transfer logic: Asset 1 motivates SCSC acylation trends and diffusion/steric limitations across anhydride chain length; Asset 3 supports silica-shell stabilization strategies and motivates organosilica tuning for permeability and crack resistance; the revised plan integrates these with explicit mass-transport measurements and kinetics to engineer chemical diversity without sacrificing crystallinity in nanoscale MOFs.","This is an unusually well-engineered MOF coating/PSM proposal: it defines falsifiable endpoints (SCXRD quality/mosaicity; operando PXRD microstrain thresholds; Zn/linker leaching stop criteria), includes a microcrystal track for definitive SCSC proof, and correctly reframes “reaction front” as conditional on Da/Φ rather than assumed. Score deductions arise from (i) parameter identifiability risk: extracting unique D_shell vs D_MOF (and K) from particle uptake and QCM-D often suffers degeneracy and model dependence, especially when adsorption/partitioning and pore filling complicate simple Fickian fits; (ii) shell–MOF interfacial chemistry remains under-specified: trialkoxysilanes (GPTMS/MPTMS/ICPTES) may not produce truly covalent attachment to a Zn-carboxylate MOF surface without a defined density of reactive –OH/defect sites, so “covalently anchored” is not yet mechanistically secured; (iii) the mechanical clamping claim is directionally testable, but the proposal lacks a predictive mechanical model (e.g., mismatch strain vs shell modulus/thickness) that would connect measured ε/crack statistics to a quantitative energy barrier for crack nucleation/propagation; and (iv) the water-starved sol–gel window is plausible but narrow—trace water/acid/base, surfactant residues, and local hydrolysis could still damage IRMOF-3 or occlude pores, risking conflation of ‘stabilization’ with ‘passivation/blocked access’. Overall: high merit, but the central “quantitatively defined regime” hinges on separating transport, adsorption/partitioning, and intrinsic kinetics more rigorously, and on proving true interfacial anchoring rather than merely conformal deposition."
"A surface-confined, topotactic densification of extruded MIL-88A(Fe)/iron‑fumarate particles can generate a chemically continuous, low‑permeability iron–carboxylate shell that functions as an external mass‑transfer barrier without pore occlusion or guest redistribution, provided that (i) the shell phase is rigorously constrained to an amorphous/short‑range‑ordered Fe–carboxylate network (distinct from FeOOH/ferrihydrite or recrystallized secondary phases), and (ii) the transformation is demonstrably self‑limited by coupled diffusion–reaction kinetics in a nanometric surface zone. The mechanistic rationale is that controlled water/modulator activity induces partial linker exchange and defect healing at outer Fe nodes, increasing coordination saturation and reducing terminal aquo/μ‑OH density, thereby lowering water/ion permeability and competitive phosphate/citrate attack. Confinement is not assumed but will be proven by time‑resolved isotopic tracer uptake and cross‑sectional mapping. Interfacial transformation modulation will be benchmarked: Ni(NCS)2(PPh3)2 is treated as a testable, optional viscogenic/speciation modifier rather than a linchpin, and will be retained only if it shows a unique, dose‑dependent ability to sharpen the reaction front relative to chemically simpler alternatives. Guest loading‑before‑shell will suppress burst release only if guest spatial profiles are preserved; this will be directly verified. Thus, burst suppression and stability gains are hypothesized to arise from a quantifiable diffusion barrier whose thickness–permeability relationship is independent of internal adsorption chemistry.","1. Core synthesis and baseline definition.
1.1. Prepare MIL‑88A(Fe) and iron‑fumarate cores by twin‑screw extrusion (TSE): FeCl3·6H2O or Fe(NO3)3·9H2O with fumaric acid, liquid‑assisted extrusion (η = 0.2–0.4 μL mg−1 H2O/EtOH), barrel 40–70 °C, residence 3–6 min, targeting 0.2–2 μm particles. Verify crystallinity (PXRD), composition (ICP), and defect density (water sorption hysteresis).
1.2. Benchmarks: HKUST‑1 and M‑CPO‑27 synthesized by extrusion per Asset 2 to serve as adsorption/release and stability comparators.

2. Shell‑forming transformation with falsifiable phase criteria.
2.1. Reactive humidity/modulator treatment: expose activated cores to controlled RH (60, 75, 90%) with defined partial pressures of acetic or formic acid (10−3–10−1 bar) for 5–240 min. No bulk liquid present.
2.2. Shell phase acceptance criteria (pre‑registered):
(a) PDF: retention of MIL‑88A correlations beyond ~1.5 nm in the core; emergence of short‑range Fe–O–C correlations (≤0.8 nm) at the surface without long‑range order.
(b) Fe K‑edge XANES/EXAFS: increased average Fe–O coordination number (≥+0.5) with Fe–O distances consistent with carboxylate binding (≈1.98–2.05 Å), no growth of Fe–Fe paths at 3.0–3.4 Å characteristic of ferrihydrite/FeOOH.
(c) Mössbauer: dominant high‑spin Fe(III) carboxylate doublets; exclusion of sextets or parameters diagnostic of FeOOH.
(d) O K‑edge (where available): suppression of μ‑oxo/hydroxo features relative to carboxylate oxygen.
Samples failing these criteria are rejected as non‑target phases.

3. Quantifying confinement and self‑limitation.
3.1. Time‑resolved tracer uptake: repeat shell formation using D2O and 13C‑labeled acetic/formic acid. Quench at defined times (1–240 min).
3.2. Cross‑sectional mapping: FIB‑TEM lamellae analyzed by nanoSIMS (D/H, 13C/12C) or STEM‑EELS/EDS to extract penetration depth vs time.
3.3. Kinetic analysis: fit penetration depth (x) vs time (t) to coupled diffusion–reaction models (x ∝ t^1/2 initially, transitioning to plateau). Extract effective diffusivity (Deff) and reaction rate constant; acceptance requires a clear asymptotic depth (10–100 nm) under fixed conditions.

4. Transformation modulators: benchmarking and contingency.
4.1. Compare four modulators at matched molar loadings: (i) Ni(NCS)2(PPh3)2, (ii) hydrophobic carboxylate (e.g., octanoic acid vapor, trace), (iii) phosphonate (≤0.05 wt% phenylphosphonic acid), (iv) neutral viscogen (PEG‑400 aerosol).
4.2. Dose–response: 0–1 wt% additive. Metrics: shell thickness distribution, Deff, phase acceptance (Section 2).
4.3. Mass balance and removability: ICP‑MS for Ni, P, S; XPS depth profiling pre/post washing. Pre‑registered rule: if Ni‑based additive shows no statistically unique confinement benefit or incomplete removability, it is dropped from the final protocol.

5. Guest loading and redistribution tests.
5.1. Load ibuprofen, doxorubicin·HCl, and caffeine into cores prior to shell formation. Perform identical shelling on empty controls.
5.2. Guest spatial mapping: confocal fluorescence (doxorubicin) and ToF‑SIMS (ibuprofen/caffeine analogs) on cross‑sections pre‑ and post‑shell. Acceptance: ≤10% change in radial guest distribution.
5.3. Inert barrier control: apply a non‑reactive silica or cross‑linked polymer nanolayer of comparable thickness to decouple pure barrier effects from chemistry.

6. Release, stability, and biointerface validation.
6.1. Release kinetics under controlled hydrodynamics; fit to two‑resistance diffusion models to extract shell permeability.
6.2. Stability: Fe/ligand leaching (ICP/HPLC), PXRD decay, SEM over 1–28 d in PBS, serum, phosphate/citrate.
6.3. Biointerface: hemolysis, complement activation proxy, macrophage viability; correlate outcomes with Fe leaching and confirm absence of residual modulators.

7. Go/no‑go gates.
(i) Shell phase meets criteria in 2.2; (ii) self‑limited penetration demonstrated; (iii) ≥3× burst reduction with preserved capacity; (iv) ≥2× reduced Fe leaching; (v) no added cytotoxicity.","This revision converts previously assumed mechanisms into decision‑driven tests. Asset 1 establishes iron‑carboxylate/fumarate MOFs as biocompatible yet interfacially vulnerable; Asset 2 provides scalable extrusion routes and access to mechanochemical additives. The proposal now explicitly distinguishes the target shell from ferrihydrite/FeOOH or secondary recrystallization using pre‑registered PDF, XANES/EXAFS, Mössbauer, and O‑edge criteria, eliminating phase ambiguity. Confinement is no longer inferred but quantified via isotopic tracer kinetics and cross‑sectional mapping, yielding effective diffusivities and reaction‑front limits. The Ni(NCS)2(PPh3)2 role is demoted to a benchmarked option against chemically simpler modulators with a strict mass‑balance and drop‑Ni contingency, directly addressing toxicity and speculation concerns. Finally, guest redistribution—central to interpreting burst suppression—is directly measured spatially and decoupled from chemistry using an inert barrier control. Together, these elements ensure that observed improvements in release and stability can be causally attributed to a tunable diffusion barrier derived from the parent Fe–carboxylate framework, preserving the original concept while making it chemically specific, falsifiable, and manufacturable.","Methodologically, the proposal is unusually strong for interfacial MOF transformations: it defines falsifiable phase boundaries against ferrihydrite/FeOOH, directly measures confinement with isotope tracers and cross-sectional mapping, and links these to a diffusion–reaction model with explicit acceptance thresholds. The main deductions are (i) mechanistic ambiguity in what “densification/defect healing/linker exchange” specifically means for MIL-88A vs iron-fumarate under humid acid vapor (risk of partial dissolution–reprecipitation or amorphous iron–carboxylate precipitation that is not topotactic), (ii) the shell “low-permeability” claim lacks a direct, independent permeability measurement on the shell material itself (it is inferred from release fits that can be non-unique), and (iii) the required concept chain is not deeply integrated: HKUST-1 and M-CPO-27 appear as generic benchmarks rather than mechanistic anchors, and Ni(NCS)2(PPh3)2 remains chemically under-justified beyond an empirical ‘viscogen/speciation’ role. Feasibility risks include maintaining strict no-bulk-liquid conditions at high RH without capillary condensation in meso/macropores, FIB-induced redistribution/beam damage during nanoSIMS/TEM on hydrated/organic-rich zones, and potential confounding by acid-catalyzed framework breathing/collapse that changes adsorption independently of any shell."
"Topology in RE–MOFs that straddle (3,9)-c sep (RE6) and (3,3,18)-c ytw (higher-nuclearity RE clusters) is not claimed to be fully “deterministic”; instead, it can be made quantitatively programmable within a defined decision framework by (i) verifying that a reversible intralinker conformational actuator reaches a known photostationary composition under solvothermal growth conditions, and (ii) showing that switching changes the *rate balance* between two measurable pathways: (A) growth on existing nuclei with preserved RE6 connectivity (sep) versus (B) additional RE insertion/cluster nuclearity increase (RE6→REn, n>6) that stabilizes higher-connectivity nets (ytw). Mechanistically, the actuator does not need to ‘rebuild’ a mature lattice wholesale; it must shift the free-energy landscape of carboxylate binding vectors during the *prenucleation/early growth window* where RE–carboxylate clusters are labile. The refined mechanism explicitly introduces a trackable intermediate: a solution/prenucleation cluster speciation trajectory (RE6-like → RE8/RE9-like oligomers) that is predicted to correlate with the actuator state via quantified conformer-dependent binding mode energetics (monodentate/chelating/bridging carboxylate probabilities, and RE–O coordination number distributions). For the Zr arm, the goal is not topology switching but orthogonal control of *Lewis-site approach sterics* in an 8-connected Zr6 platform; the hypothesis is that a switchable ‘canopy’ can modulate accessibility to node-adjacent Zr(IV) sites while holding defect chemistry constant, as verified by direct missing-linker/modulator quantification and open-site titration before/after switching. This addresses the reviewer’s core risk by converting ‘determinism’ into falsifiable, quantitative criteria: (1) actuator state under solvothermal conditions is measured and stable on the crystallization timescale; (2) switching produces a measurable change in cluster speciation (solution or prenucleation aggregates) and a measurable change in growth mode (phase transformation vs secondary nucleation); (3) in Zr-MOFs, switching changes steric probe access/catalysis only when defect metrics and open-site counts are invariant.","Step 0 — Quantitative decision framework (replaces “determinism” with measurable go/no-go criteria)
0.1 Define outcome metrics:
- Phase outcome metric: phase fraction vs time (synchrotron in situ PXRD Rietveld with internal standard) and crystal population statistics (number density/size by time-resolved microscopy).
- Pathway metric: transformation vs secondary nucleation discriminator (see Step 3).
- Speciation metric: relative abundance of REk(carboxylate)m oligomers (ESI-MS where feasible; otherwise SAXS/PDF + rapid-quench EXAFS).
0.2 Define success thresholds (pre-registered):
- Solvothermal switching feasibility: photostationary state (PSS) difference ΔPSS ≥ 30% between ON/OFF illumination at reaction temperature; thermal half-life t1/2(thermal back-isomerization) ≥ 3× the time window for nucleation/growth stage being targeted; fatigue <10% loss in switching amplitude over ≥20 cycles in the relevant solvent/modulator matrix.
- Mechanistic coupling: upon switching, a statistically significant shift (p<0.01) in (i) prenucleation cluster size distribution (SAXS radius/Guinier) and/or RE coordination environment (EXAFS CN) and (ii) net growth mode discriminator (epitaxial growth/transformation vs new crystallite birth) in seeded experiments.

Step 1 — Actuator/linker engineering with solvothermal-compatibility constraints (addresses feasibility gap)
1.1 Choose actuator chemistries explicitly screened for high-T coordinating media:
- Primary: diarylethene (DAE) photoswitch (thermal bistability, high fatigue resistance) embedded in a non-coordinating strut segment.
- Secondary (only if stable): tetra-ortho-substituted azobenzene (slower thermal Z→E) as a comparator.
Design rule: actuator is electronically insulated from carboxylates (e.g., via phenylene spacers) to reduce RE coordination to the switch core and minimize redox/photobleaching.
1.2 Build two matched linker series:
- Switchable tritopic RE linker L* (topologically equivalent connectivity to the sep/ytw tritopic platform in Asset 2) incorporating DAE/azo.
- Non-switchable controls: (i) ‘locked mimic’ (steric bulk matched to one photostate using a static substituent) and (ii) ‘polarity-matched’ analogue (same heteroatom content/polarity but no switching) to control adsorption/catalysis artifacts.
1.3 Quantify conformer-dependent coordination-vector energetics (makes “coordination-access map” predictive):
- Compute (DFT with solvent correction + conformational sampling) free-energy differences ΔG for carboxylate binding modes to RE(III) fragments: monodentate vs chelating vs bridging; and for tritopic bite-angle sets relevant to RE6 vs RE9 assembly.
- Output quantitative predictors: (i) probability of forming μ2-bridging carboxylates aligned with additional RE insertion vectors; (ii) distribution of linker ‘effective cone angles’ around each carboxylate; (iii) predicted change in RE–O coordination number preference.
Deliverable: a ranked set of 2–3 L* candidates with maximal ΔΔG between photostates for the binding modes implicated in RE6→REn growth.

Step 2 — Solvothermal switching feasibility: in situ actuator-state measurement under true reaction matrices (mandatory directive #1)
2.1 Autoclave-compatible optical cell architecture:
- Use a small-volume stirred sapphire-window reactor insert (or commercially available high-pressure optical cell) with a fiber-optic dip probe.
- Illumination: high-power LEDs at actuator wavelengths (e.g., 365/405 nm for DAE ring-closing; 520–630 nm for ring-opening depending on substitution) delivered via fiber; measure photon flux at the probe tip (chemical actinometry).
2.2 Measure actuator state in the *actual* solvent/modulator/metal salt mixtures (no MOF yet):
- Fiber-optic UV–Vis and/or Raman signatures of each photostate; calibrate vs ex situ NMR after rapid quench.
- Map PSS, switching kinetics, thermal back-isomerization t1/2, and fatigue as a function of: temperature (80–160 °C), solvent (DMF/DMAc/EtOH mixtures), modulator identity/concentration (e.g., 2-fluorobenzoic acid, acetic acid), RE salt (nitrate/chloride).
Decision gate: proceed to crystallizations only for actuator/conditions meeting thresholds in Step 0.2.

Step 3 — RE topology control with hard discriminators: transformation vs secondary nucleation (mandatory directive #2)
3.1 Establish baseline sep/ytw windows (static conditions):
- Reproduce Asset-2-like behavior with L-H/L-CH3 analogues to confirm the lab’s ability to access sep and ytw reference phases under controlled conditions.
3.2 Seeded growth experiments (primary discriminator):
- Prepare phase-pure sep seeds (micron-sized, narrow distribution). Add seeds (0.5–2 wt%) to fresh growth solution containing L*.
- Run growth under photostate A (e.g., ‘locked/expanded’) for a defined period t1, then switch to photostate B (‘unlocked/less crowded’) at time t_switch.
- Imaging: time-resolved optical microscopy (where crystals are large enough) and ex situ SEM at multiple time points; track whether existing seeds change habit/texture (indicative of transformation/epitaxy) vs emergence of new crystallites (secondary nucleation).
- Synchrotron in situ PXRD: follow peak evolution; apply Johnson–Mehl–Avrami analysis to compare nucleation-and-growth vs solid-state transformation kinetics; look for consumption of sep reflections with concurrent rise of ytw reflections *without* an increase in total crystallite number.
3.3 Spatially resolved phase mapping:
- Microfocus XRD or synchrotron micro-CT/PXRD mapping across individual crystals harvested after switching to detect core–shell structures (sep core / ytw shell implies epitaxial overgrowth; uniform conversion suggests transformation).
3.4 Isotopic/edge metal-pulse tracer synchronized to switching (retained but tied to pathway):
- At t_switch, inject a pulse of distinguishable RE (e.g., Y→Tb, or enriched isotope). If ytw appears primarily as new crystallites, tracer localizes to those; if epitaxial overgrowth occurs, tracer enriches in shell regions on pre-existing seeds (validated by spatially resolved XRF mapping + EXAFS).

Step 4 — RE solution/prenucleation speciation trajectory (mandatory directive #3)
4.1 Rapid-quench speciation workflow:
- Withdraw aliquots at defined times pre- and post-switch; quench into cold nonsolvent containing chelator (to arrest growth).
- Characterize:
  - ESI-MS for RE–carboxylate oligomers (when ionizable/observable); use isotope patterns to assign nuclearities.
  - SAXS on the mother liquor to obtain size distributions of prenucleation clusters; correlate Guinier radius changes with switching.
  - Rapid-quench RE L-edge or K-edge EXAFS/XANES (synchrotron) to extract RE–O coordination numbers and RE–RE distances indicative of RE6-like vs RE9-like motifs.
4.2 Correlate speciation with topological outcome:
- Build a multivariate model linking (actuator photostate fraction, SAXS size parameter, EXAFS CN/RE–RE distance metrics) → (phase fraction sep vs ytw). This is the quantitative decision framework that replaces ‘determinism’ with predictive control.

Step 5 — Zr arm: keep topology fixed, isolate steric accessibility while enforcing invariant defect chemistry (mandatory directive #4)
5.1 Platform selection (anchored to Asset 1 logic):
- Target a mesoporous or diffusion-permissive Zr-MOF with 8-connected Zr6 nodes (NU-1008-like node accessibility rationale) but incorporate a non-coordinating switchable canopy on the linker.
- Synthesis parameters locked: modulator identity, modulator:Zr ratio, water content, temperature profile.
5.2 Defect chemistry invariance protocol:
- Before switching: quantify missing-linker/modulator content by digestion 1H NMR (linker:modulator ratio), ICP (Zr:linker), and TGA (mass loss assignments).
- Open-site count: titrate accessible Zr sites using a calibrated probe (e.g., pyridine uptake by IR with extinction coefficients; or acetonitrile adsorption microcalorimetry) and compare across samples.
- After switching (post-synthetic): repeat the same defect and open-site quantifications; switching is only interpreted if these metrics remain within predefined bounds (e.g., ±5% for linker/modulator ratio; ±5–10% for open-site titration).
5.3 Steric accessibility readouts at constant topology/defects:
- Probe steric gating by paired bases: pyridine vs 2,6-di-tert-butylpyridine IR; and by epoxide size series diffusion/uptake kinetics.
- Catalysis (CO2/epoxide cycloaddition as in Asset 1): run identical conditions for both canopy states; report TOF normalized to measured open-site counts, not mass.
5.4 Zr controls:
- Non-switchable canopy analogue matched for polarity and mass to rule out adsorption differences unrelated to steric approach.
- Dark controls and ‘light-only’ controls (irradiation without switchable unit) to exclude photothermal effects.

Step 6 — Integrated falsification logic (explicit stop/interpret rules)
6.1 If in situ spectroscopy shows inadequate PSS separation or fast thermal relaxation under solvothermal conditions, pivot from photo- to redox-triggered DAE/viologen-like actuation under lower-temperature ionothermal or microwave conditions, or restrict switching to prenucleation (solution-stage) only.
6.2 If seeded experiments show only new crystallites of the alternate phase (secondary nucleation) with no epitaxy/transformation signatures, the claim is narrowed to ‘switchable nucleation bias’ and the mechanistic model is updated accordingly.
6.3 If Zr defect metrics drift upon switching, interpret any catalytic change as a convolution of sterics + defect chemistry; redesign canopy to reduce coordination competition (increase distance from node, lower donor strength) and repeat invariance protocol.

Deliverables (what will be produced)
- A solvothermal photochemistry map (PSS/t1/2/fatigue) for candidate actuators in MOF growth media.
- A seeded-growth mechanistic verdict (transformation/epitaxy vs secondary nucleation) supported by time-resolved PXRD + microscopy.
- A speciation-linked quantitative predictor connecting actuator state to RE cluster nuclearity trajectory and final topology.
- A Zr-MOF dataset where steric accessibility is modulated at fixed 8-connected topology with defect/open-site invariance verified.","1) Directly addresses the core technical risk (switching under solvothermal conditions): the revised plan begins with an autoclave-compatible, fiber-optic UV–Vis/Raman feasibility study in the *exact* solvent/modulator/metal matrices, reporting photostationary states, thermal half-lives, and fatigue. This converts actuator compatibility from an assumption into a measured design constraint.

2) Mechanistic linkage is operationally pinned to measurable intermediates: instead of asserting in-lattice ‘RE6→REn conversion’, the proposal tracks a prenucleation/solution (or gel-like aggregate) RE–carboxylate speciation trajectory via SAXS and rapid-quench EXAFS (and ESI-MS when feasible). The hypothesis is tested by whether switching coincides with a reproducible shift in RE coordination metrics and cluster sizes that predict sep vs ytw outcomes.

3) Transformation vs secondary nucleation is explicitly discriminated: seeded growth combined with time-resolved microscopy and synchrotron in situ PXRD (with kinetic model fitting) provides a hard readout of whether ytw arises by overgrowth/transformation on sep seeds or by new crystallite formation. Spatially resolved phase mapping (core–shell vs separate populations) and synchronized tracer pulses further tighten causal inference.

4) Quantitative steric predictors replace qualitative ‘coordination-access maps’: conformer-resolved ΔG calculations for carboxylate binding modes and bite-angle sets create testable predictors that can be correlated with observed speciation and topology outcomes, enabling a decision framework rather than over-claiming determinism.

5) Zr sterics vs topology is deconvoluted by enforcing constant defect chemistry: the revised Zr plan requires pre/post switching quantification of missing-linker/modulator content (digest NMR/ICP/TGA) and open-site counts (probe titration). Only if invariance criteria are met will catalytic changes be attributed to steric approach control. A polarity-matched non-switchable canopy control addresses adsorption/catalysis confounds.

6) The approach is grounded in known steric–topology and steric–accessibility precedents (Assets 2 and 1) but upgrades them with stimulus addressability plus mechanistic discriminators, making outcomes interpretable even if full ‘determinism’ is not achieved (e.g., establishing controllable nucleation bias is still a publishable, mechanistically resolved result).","Methodologically, the plan is unusually well-instrumented for falsifiability (PSS/t1/2/fatigue gates; seeded transformation vs secondary nucleation discriminators; speciation metrology). The main score-limiting issue is not vagueness but causal identifiability: (1) the proposal assumes the photoswitch changes only carboxylate binding-vector statistics, yet under RE solvothermal conditions linker photochemistry can be perturbed by coordination, protonation state, and modulator competition; these variables may dominate cluster nuclearity irrespective of actuator geometry, confounding attribution. (2) The speciation tools (ESI-MS, SAXS, EXAFS) can report sizes/CNs/distances, but uniquely assigning “RE6-like → RE8/RE9-like” motifs from ensemble solution data is underdetermined without stronger structural priors or orthogonal validation (e.g., total scattering/PDF modeling with explicit cluster libraries). (3) The transformation vs secondary nucleation logic is solid, but the kinetic modeling (JMAK) can be non-unique for concurrent processes; the proposal needs explicit model selection/competition and error propagation (otherwise p-values are not meaningful). (4) The Zr arm’s claim of ‘defect chemistry constant’ is directionally correct, but digestion NMR/ICP/TGA and simple probe titrations may not detect spatially heterogeneous defect redistribution or light-induced ligand rearrangements that preserve bulk ratios while changing local accessibility; thus catalytic attribution may still be ambiguous."
"A layered Zn4‑p‑tert‑butylsulfonyl calixarene SURMOF grown by layer‑by‑layer liquid‑phase epitaxy (LPE) can be programmed to exhibit *quantifiable, intrinsic interlayer corrugation* (registry mismatch/height dispersion) when a controlled fraction of labile DABCO pillars is replaced by rigid N,O‑chelating 2,3‑dihydroquinazolinone (DHQ) “coordination clamps”. The key refinement is to convert the original qualitative claim (“Zn(II) catalyzes DHQ formation and clamps during growth”) into a falsifiable, speciation‑resolved mechanism: (i) DHQ formation is pre‑validated as Zn(II)‑assisted under the exact solvent/pH regime used in LPE; (ii) DHQ binds to the Zn‑calixarene node with a measurable affinity and a definable coordination geometry that is *commensurability-breaking* relative to DABCO-only periodic pillaring; (iii) clamp occupancy (f_clamp) can be measured per LPE program and mapped versus roughness metrics (σ_z, correlation length ξ) derived from orthogonal structural probes; and (iv) fluorescence enhancement is decoupled into two separable contributions—(A) geometry-driven suppression of exciton/energy migration and aggregation-caused quenching in a reporter-doped film at fixed composition, and (B) any intrinsic emissive/CT states introduced by DHQ—by using composition-matched flat controls and an independent emissive reporter. Mechanistically, we posit a *threshold roughness model*: when f_clamp exceeds a percolation-like threshold (predicted ~0.10–0.25 depending on clamp geometry), local interlayer spacing disorder (Δd) and lateral registry mismatch reduce exciton diffusion length (L_D) below the domain size set by crystalline coherence, thereby decreasing encounter rates with quenchers/traps and increasing the radiative fraction for a fixed reporter population. This hypothesis is falsified if (1) f_clamp cannot be controlled independently of film degradation, (2) σ_z does not correlate with f_clamp across programs, or (3) PL/lifetime changes track only DHQ content (chemical emission) and not σ_z when reporter-based readouts are used.","Phase 0 — Define target node chemistry and analytic standards (Weeks 1–4)
0.1 Node analogue selection: prepare a molecular Zn–calixarene/carboxylate model complex (or the closest isolable surrogate capturing the Zn–O environment of the calixarene layer) and a 2D powder analogue of the layered MOF (bulk microcrystalline) to serve as spectroscopic references.
0.2 Build XPS/ToF‑SIMS standards: prepare (i) DABCO-only coordinated reference, (ii) DHQ-only coordinated reference, (iii) mixed known ratios on powders by post-synthetic exchange. Acquire N 1s XPS line-shapes for tertiary amine N (DABCO), amide-like N and imine-like N (DHQ tautomer distribution), and compile a constrained fitting model.
0.3 Define quantitative go/no-go targets (pre-registered):
   • Film integrity: GIWAXS in-plane peak positions preserved within ±0.2% and FWHM broadened ≤50% vs DABCO-only film; no extra crystalline phase peaks above S/N 5.
   • Clamp occupancy range: controllable f_clamp from 0 to ≥0.30 with step resolution ≤0.05.
   • Roughness measurability: σ_z change ≥0.2 nm relative to baseline with consistent trend across ≥3 independent films.

Phase 1 — Pre-validate DHQ formation + Zn binding/displacement kinetics on model systems (Weeks 4–12)
1.1 Confined-chemistry feasibility without films: run DHQ formation from the chosen precursor set (o-aminobenzamide + aldehyde, or validated imine precursor) under LPE-like solvent composition (e.g., MeCN/DMF or MeOH/MeCN, matching calixarene MOF compatibility), Zn(II) concentration comparable to exposed-node conditions, and temperature identical to LPE (typically 20–60 °C). Quantify conversion vs time by LC or ^1H NMR (solution) to obtain apparent rate constants. Criterion: ≥50% DHQ formation within the residence time window used in one “clamp cycle” (e.g., 5–20 min) or else switch to a pre-formed DHQ ligand dosing strategy.
1.2 Measure DHQ binding affinity and geometry to Zn-node analogues:
   • Perform titration (UV–vis/fluorescence if applicable, or ^1H NMR for paramagnetic-free Zn) of DHQ into Zn–calixarene analogue; fit K_a and stoichiometry.
   • Operando vibrational spectroscopy (ATR‑IR/Raman) on powders during DHQ dosing to track emergence/shifts of Zn–N/Zn–O, C=O (amide) coordination shifts; extract binding kinetics.
   • DABCO displacement assay: start from DABCO-coordinated analogue/powder; dose DHQ at controlled activity; quantify displaced DABCO in supernatant by GC/LC (or ^1H NMR) and Zn in solid by ICP. Criterion: measurable exchange with equilibrium fraction tunable by DHQ chemical potential.
1.3 If DHQ competes mainly for open Zn sites (side-binding) rather than pillar sites: redesign clamp to enforce bridging/pillaring (e.g., DHQ derivative with a second donor arm or tether that geometrically matches interlayer coordination), but keep the core “DHQ clamp” concept. This branch is triggered if exchange produces <5% pillar substitution under conditions that still preserve framework.

Phase 2 — LPE program with explicit speciation checkpoints (Weeks 10–24)
2.1 Substrate and baseline SURMOF growth (exclude substrate roughness): prepare Au/QCM, quartz, and SiO2 wafers with identical SAM termination (e.g., carboxylate/thiolate on Au; silane-carboxylate on SiO2) chosen to promote oriented growth. Grow DABCO-pillared layered Zn–calixarene SURMOF via standard alternating metal/linker/pillar solutions. Monitor mass per cycle by QCM-D to verify linear growth and determine baseline areal density.
2.2 “Clamp cycles” with controlled chemical potentials:
   • Implement a ternary LPE sub-sequence: (i) Zn dosing, rinse; (ii) calixarene dosing, rinse; (iii) mixed pillar dosing containing DABCO + (pre-formed DHQ) OR DABCO + (DHQ precursor pair) depending on Phase 1; rinse.
   • Control variables: DABCO:DHQ (or DABCO:precursors) molar ratio (e.g., 1:0, 0.9:0.1, 0.75:0.25, 0.5:0.5), dosing time (2–20 min), temperature (RT vs 40–60 °C), and number/location of clamp cycles (early vs late in growth to test depth dependence).
2.3 After each programmed block (e.g., every 5–10 cycles), stop growth and perform speciation quantification on replicate samples:
   • Depth-resolved XPS (angle-resolved or gentle cluster sputter profiling) focusing on N 1s deconvolution using the Phase 0 standards to extract f_clamp(z).
   • ToF‑SIMS 3D mapping to visualize spatial heterogeneity of DABCO fragments vs DHQ fragments; report lateral correlation (domain sizes) to distinguish homogeneous substitution from phase segregation.
   • Digest-film quantification: dissolve replicate films (validated protocol that preserves DHQ/DABCO identity), quantify organics by LC with calibration curves + Zn by ICP‑OES/MS to obtain clamp:Zn and DABCO:Zn ratios (absolute occupancy).
   • Optional solid-state NMR (if feasible with sufficient mass): ^13C/^15N CP/MAS on scraped films or powder analogues to corroborate coordination state (especially to differentiate free vs coordinated DHQ).
   Decision rule: proceed to Phase 3 only for samples meeting integrity criteria and showing monotonic, controllable f_clamp.

Phase 3 — Operationally define and measure “intrinsic roughness” with orthogonal metrics (Weeks 18–34)
3.1 XRR with model discrimination: fit reflectivity using physically constrained multilayer models that separate (i) interfacial width (σ_interface), (ii) thickness gradient across the sample, and (iii) internal electron-density modulation. Report uncertainty and demonstrate that parameter covariances do not allow a trivial “thickness inhomogeneity” explanation.
3.2 GIWAXS line-shape analysis: quantify in-plane coherence length and mosaic spread; correlate any degradation with f_clamp to establish safe substitution windows.
3.3 Cross-sectional microscopy that targets registry/corrugation directly:
   • Prepare FIB cross-sections; perform HAADF‑STEM to resolve layered contrast; extract local interlayer spacing distributions (Δd) over many positions.
   • STEM tomography (or, if not feasible, serial cross-sections) to reconstruct 3D corrugation statistics; report σ_z and lateral correlation length ξ of height fluctuations.
3.4 AFM strategy beyond topography: perform AFM on cleaved edges (where possible) or step-terrace regions; compare to top-surface roughness to separate surface granularity from internal corrugation. (Top-surface AFM alone is not accepted as an intrinsic metric.)
3.5 Define “intrinsic roughness” quantitatively as: (a) internal Δd distribution broadened beyond baseline by ≥0.2 nm (STEM), and (b) correlated height fluctuations with ξ in the 5–100 nm regime (tomography/ToF‑SIMS correlation), while (c) GIWAXS shows preserved in-plane lattice constants within ±0.2%.

Phase 4 — Photophysics redesigned to decouple composition, roughness, and emissive species (Weeks 26–46)
4.1 Establish what emits (baseline mapping): measure steady-state PL/PLE, absolute quantum yield, and TCSPC lifetimes for (i) DABCO-only film, (ii) DHQ-containing films across f_clamp, and (iii) isolated DHQ in a non-coordinating matrix and in Zn-coordinated model complexes. Identify whether emission originates from DHQ, the calixarene framework, ligand-to-metal/metal-to-ligand charge transfer, or a doped reporter.
4.2 Composition-matched “flat clamp” control (mandatory): install the same DHQ fraction post-synthetically under conditions designed to minimize corrugation (e.g., low-temperature, low-activity DHQ exchange with long equilibration allowing registry relaxation; verify σ_z ~ baseline by Phase 3 metrics). This yields a chemical-control sample with matched f_clamp but minimal intrinsic roughness.
4.3 Geometry-matched “roughness without DHQ” control (mandatory): introduce an isosteric rigid pillar that increases steric registry mismatch but is electronically inert relative to DHQ (e.g., a quaternized DABCO analogue or rigid diamine with similar length but different electronic structure), tuned to match σ_z of DHQ-clamped films while keeping N-chemistry distinct. This yields a roughness-control sample with minimal DHQ-derived emissive changes.
4.4 Reporter strategy to test exciton/energy migration independent of DHQ emission:
   • Load a known fluorescent guest (e.g., a dye whose emission is sensitive to self-quenching/exciton migration at high local concentration) at identical loading across all films using vapor/solution infiltration; quantify loading by QCM-D and/or UV–vis absorbance.
   • Measure fluorescence lifetime/anisotropy and concentration-dependent quenching behavior; extract an effective exciton/energy migration proxy (e.g., Stern–Volmer quenching constant against a standardized quencher introduced at controlled partial pressure/activity).
   • Correlate reporter lifetime/quantum yield changes with σ_z at fixed reporter loading and matched f_clamp where possible.
4.5 Threshold model + go/no-go criteria:
   • Build an empirical model linking f_clamp → σ_z (from Phase 3) and σ_z → change in reporter lifetime (Δτ) and diffusion proxy (ΔK_SV). Define success as a statistically significant dependence on σ_z that persists when chemical composition is held constant (flat clamp control) and when DHQ is absent (roughness-only control).
   • Declare falsification if PL enhancements occur only when DHQ is present regardless of σ_z, indicating emissive-species formation dominates over corrugation.

Phase 5 — Host–guest amplification and binding-pocket claims become quantitative (Weeks 38–60)
5.1 Quantify uptake and binding thermodynamics: expose films to external DHQ and analogues; measure uptake kinetics and mass changes via QCM-D; fit adsorption isotherms where feasible. Use ToF‑SIMS depth profiling pre/post exposure to confirm internal uptake vs surface adsorption.
5.2 Connect binding to fluorescence with causality controls: repeat uptake on (i) flat clamp control and (ii) roughness-only control to determine whether binding-pocket formation (chemical) or corrugation (geometric) governs amplification.
5.3 Optional chiral extension only after core causality is proven: introduce chiral DHQ precursors/derivatives and test enantiodiscriminating fluorescence response with matched f_clamp and σ_z; use enantiopure analytes and report selectivity factors with replicates.

Deliverables (explicit checkpoints)
C1 (Chemistry): f_clamp quantified by at least two methods (XPS + digest LC/ICP) with agreement within ±10% absolute.
C2 (Geometry): σ_z and ξ quantified by STEM/tomography and supported by XRR model discrimination.
C3 (Causality): Reporter-based photophysics correlates with σ_z in the presence/absence of DHQ, while flat clamp controls isolate chemical effects.
C4 (Function): Uptake/binding constants and fluorescence amplification plotted against f_clamp and σ_z to identify the dominating lever.","1) Chemical speciation control is made explicit and measurable. The revised plan no longer assumes that “some” DABCO becomes DHQ clamps during growth; it *measures* pillar occupancy after defined LPE programs using orthogonal quantification (depth-resolved XPS N 1s with standards, ToF‑SIMS mapping, and absolute clamp:Zn ratios from digested-film LC/ICP). This directly addresses the reviewer’s concern about substitution vs side-binding and makes the claimed interlayer dispersion contingent on a quantified f_clamp.

2) Clamp chemistry is pre-validated before committing to SURMOF growth. By determining DHQ formation kinetics under LPE-like conditions and independently measuring DHQ↔Zn binding/displacement on node analogues (including DABCO displacement), we establish thermodynamic/kinetic plausibility and can pivot to pre-formed DHQ dosing if in situ cyclization is too slow or spatially uncontrolled.

3) “Intrinsic roughness” becomes operational rather than rhetorical. The proposal defines roughness as an internal interlayer spacing distribution (Δd) and correlated corrugation statistics (σ_z, ξ) measured by cross-sectional STEM/tomography, with XRR and GIWAXS used as complementary—rather than sole—averaged probes. Explicit criteria distinguish corrugation from thickness inhomogeneity, mosaicity, or phase segregation.

4) Photophysics is redesigned to decouple roughness, composition, and emissive species formation. Two mandatory controls (composition-matched flat clamp installation; roughness-only isosteric pillar) plus a reporter-dye strategy allow testing whether corrugation suppresses energy migration/ACQ independent of DHQ’s own electronic effects. The plan explicitly anticipates—and can falsify—the alternative explanation that DHQ introduces traps or CT states that reduce emission.

5) Deterministic outcomes are replaced with threshold-based, falsifiable checkpoints. A simple, measurable threshold model (f_clamp → σ_z → reporter lifetime/quenching proxy) provides go/no-go criteria for film integrity and fluorescence enhancement. Even if the original “±0.3–1.0 nm” target is not met, the approach still yields interpretable structure–property maps, while catastrophic disruption is avoided by predefined GIWAXS/XRR integrity limits.","Methodologically, the proposal is unusually well-engineered for a SURMOF causality claim: it pre-registers integrity thresholds, builds quantitative spectroscopic standards for N 1s deconvolution, and uses orthogonal composition readouts plus cross-sectional imaging to define “intrinsic roughness” beyond surface AFM. The photophysics plan is also appropriately redesigned with mandatory composition- and geometry-matched controls, which directly addresses the common failure mode where ‘enhancement’ is actually new emissive states. Score deductions are mainly due to remaining chemical/structural ambiguities that could collapse the central mechanism: (i) it is not yet established that a monodentate/bidentate DHQ motif can truly replace a bridging pillar site in this Zn–calixarene architecture rather than binding as a terminal/side ligand or defect-capper; the contingency plan acknowledges this but does not specify a validated clamp geometry/length that enforces interlayer bridging while preserving periodicity. (ii) Quantifying f_clamp by XPS N 1s lineshapes risks systematic bias from charging, depth-dependent attenuation, and overlapping DHQ tautomers/coordination states; the standards help, but the proposal lacks an explicit error model and cross-calibration strategy that ties XPS/ToF-SIMS signals to absolute site occupancy (beyond the digest assay) in a spatially resolved way. (iii) The ‘threshold roughness/percolation’ model is plausible but currently under-parameterized: no explicit geometric model links clamp coordination geometry to registry mismatch amplitude/Δd distribution, and no quantitative exciton/energy-transfer framework is specified that would predict the observed Δτ or quenching constants given measured σ_z and ξ. Overall, the plan is strong and falsifiable, but its core success still hinges on a chemically nontrivial and not-yet-demonstrated pillar-substitution mode and on ensuring roughness metrics are not conflated with defect formation/partial amorphization."
"A solvent-filled, heterometallic Fe/Co rod-SBU “chain–pillar” MOF can be made intrinsically collapse-resistant if (i) topochemical constraints (pendant-group proximity and orientation) are verified crystallographically in the solvated state, (ii) open metal sites are deliberately capped to prevent catalyst poisoning and uncontrolled coordination chemistry, and (iii) an intrapore covalent crosslinking reaction is selected that is (a) Cu-free / metathesis-free or uses a protected catalyst and (b) sufficiently strain-tolerant to proceed via a programmed single-crystal-to-single-crystal (SCSC) transformation. Mechanistically, solvent-exchange collapse in rod-MOFs is initiated by capillary-pressure-driven linker hinging and node shear; adding a sparse, percolating covalent ‘brace network’ converts the lattice from purely coordinative connectivity to a coordinative–covalent hybrid, raising the shear modulus (G) and increasing the collapse pressure threshold. The Fe/Co ratio is not assumed to monotonically control stiffness; rather, it is treated as a coupled control variable that modulates (1) node Lewis acidity and ligand-exchange kinetics (thereby controlling how strongly temporary capping ligands protect the node and how readily the node tolerates crosslinking reagents), (2) defect chemistry (missing-linker/terminal ligand populations that soften the lattice), and (3) breathing amplitude that perturbs pendant-group distances. By staging (a) structure-guided crosslinker selection/redesign, (b) a minimal chemistry screen in homometal parents under capped-node conditions, and (c) direct mechanical readouts (nanoindentation/Brillouin) before expanding the full Fe/Co matrix, we de-risk the two highest-failure modes identified by reviewers: (i) catalyst deactivation/poisoning or framework damage, and (ii) insufficient topochemical alignment for high-yield inter-linker coupling. After ‘locking’, CH4 pressure-swing cycling will be performed under explicitly controlled dry vs humid conditions, enabling separation of adsorption-strain-driven damage from hydrolysis/impurity-driven decomposition; the resulting composition–structure–mechanics–stability map will identify the Fe/Co window that maximizes (crosslink density × modulus gain × surface-area retention) while preserving crystallinity and CH4 working capacity.","Stage 0 (Go/No-Go gate design; weeks 1–10): determine whether topochemistry + benign intrapore coupling + SCSC retention is achievable in at least one parent composition before any full Fe/Co matrix.

0.1 Select an implementable rod-MOF family and define node-capping strategy up front.
- Target topology: MIL-53/MIL-68-like 1D channels built from infinite M–O–C rods (carboxylate chains) + pillar/linker.
- Metals: Fe(III) and Co(II/III) in mixed-metal rods; initial de-risking uses homometal Fe-only and Co-only analogues.
- Node-site protection (mandatory): install labile, monodentate capping ligands to occupy open metal sites during crosslinking to prevent catalyst sequestration and uncontrolled coordination. Two orthogonal caps will be screened:
  (A) pyridine-N-oxide (PNO, weakly coordinating, displaceable) or DMF retained at nodes (baseline), and
  (B) acetate/benzoate terminal ligands introduced via modulated synthesis to pre-saturate labile sites.
- Verification of capping: quantify terminal ligands/defects by quantitative digest NMR (linker:cap ratio) and thermogravimetric titration (mass loss assignment to caps/solvent), supported by XPS (N 1s for PNO) and EXAFS for coordination-number changes.
- Go/No-Go criterion G0: capped-node samples must show no significant loss of crystallinity after 72 h soak in the intended reaction solvent at reaction temperature (≤60 °C), judged by PXRD peak integrity (≥90% relative intensity retained) and unchanged unit cell within ±0.5%.

Stage 1 (Topochemical feasibility; weeks 4–14): crystallographically prove pendant-group geometry in the solvent-filled state and under solvent swaps.

1.1 Solve at least one solvent-filled crystal structure (as-synthesized) for one composition.
- Choose the composition that yields the largest, highest-quality crystals first (anticipated: homometal Co-MOF often crystallizes better; if not, use Fe-MOF).
- Crystal size/quality window for SCXRD: target 50–150 µm single crystals, low mosaicity (<0.5° preferred). Establish growth conditions by modulated solvothermal synthesis (acid modulator equivalents varied 5–50 eq) to tune size.
- Data: SCXRD structure with resolved pendant groups (or partially occupied disorder model) and channel solvent.

1.2 Quantify the ‘reactive distance distribution’ and breathing sensitivity.
- Extract across-channel pendant–pendant distances (d) and relative approach angles (θ) for the intended coupling reaction (e.g., S···C for thiol–ene preorganization, azide–alkyne proximity for click-like, alkene–alkene proximity for [2+2]/metathesis).
- Perform solvent-dependent unit-cell + geometry mapping by sequential, gentle solvent replacement while keeping crystals solvated (e.g., mother liquor → DMF → MeCN → acetone), collecting SCXRD where possible or high-resolution PXRD + Pawley/Rietveld to track cell changes.
- Go/No-Go criterion G1: identify at least one solvent condition in which a majority population of pendant pairs satisfy d ≤ 6.5 Å (for flexible bis-thiol bridging/thiol–ene proximity) or d ≤ 7–10 Å (for a designed bifunctional crosslinker length), and where breathing does not broaden d beyond a bimodal distribution that would preclude percolation (operationally: standard deviation of d across symmetry-unique pairs ≤ 1.5 Å).

1.3 Crosslinker-length selection/redesign based on measured geometry.
- If pendant pairs are too far: redesign linker to enforce proximity (e.g., move pendant group from meta to ortho relative to carboxylate to bias inward projection; incorporate a rigid spacer to reduce conformational freedom).
- If pendant pairs are too close and risk pore blocking: select a shorter, more flexible crosslinker to avoid dense network formation.

Stage 2 (Minimal chemistry screen in homometal parents; weeks 10–26): demonstrate intrapore coupling under capped-node conditions with SCSC/PXRD retention before expanding to Fe/Co series.

2.1 Replace high-risk CuAAC and Grubbs metathesis with a staged reaction screen that prioritizes catalyst-tolerant, strain-tolerant, Cu-free pathways.
- Primary route (Cu-free, node-benign): photoinitiated thiol–ene coupling.
  • Linker pendant group: terminal alkene preferred for thiol–ene.
  • Diffuse a dithiol crosslinker (HS–(CH2)n–SH; n chosen from Stage 1 geometry; start n=2,4,6) into solvent-filled crystals.
  • Initiation: 365–405 nm LED irradiation with a pore-diffusible photoinitiator (e.g., DMPA at low mM) in MeCN or acetone; temperature 25–35 °C.
  • Rationale: radical thiol–ene is tolerant of carboxylates and avoids strong metal-binding catalysts; often proceeds with low strain penalty and high functional-group tolerance.
- Secondary route (latent crosslinker, thermal trigger): incorporate pendant groups that undergo thermally activated cycloaddition without metal catalysts.
  • Example: furan–maleimide Diels–Alder (DA) pair split across linkers (requires dual-linker strategy) or a masked nitrile imine precursor for photoinduced 1,3-dipolar cycloaddition.
  • Trigger at 40–80 °C (DA) or UV (photo-click), all under capped-node conditions.
- Tertiary route (only if needed, and only after soak-stability is proven): Cu-free strain-promoted azide–alkyne cycloaddition (SPAAC).
  • Use cyclooctyne-bearing pendant groups (linker redesign) + difunctional azide crosslinker; eliminates Cu entirely.
  • This is retained as a contingency due to synthetic overhead.

2.2 Diffusion timescale and reaction uniformity control.
- Measure reagent uptake kinetics using gravimetry or UV–vis depletion (for initiator) and/or confocal Raman mapping (alkene band intensity vs position) across a single crystal.
- Establish diffusion time t90 (time to reach 90% uptake) for each crystal size; restrict SCSC experiments to crystals where t90 ≤ 12 h to avoid gradients.
- Go/No-Go criterion G2: post-reaction crystals must retain sharp PXRD peaks (FWHM increase ≤ 20%), maintain unit cell within ±1%, and show ≥30% conversion of pendant groups (digest NMR) without evidence of linker cleavage (LC-MS of digests: no new low-mass fragments above 5% relative abundance).

2.3 SCSC monitoring strategy that does not rely solely on in situ SCXRD.
- In situ: high-resolution PXRD during reaction (capillary setup, solvent-saturated) to monitor phase purity/unit-cell drift.
- Ex situ: SCXRD on a subset of crystals that survive (not mandatory for every condition).
- Spectroscopy: Raman/IR (loss of C=C or appearance of thioether C–S band); solid-state 13C NMR confirming new bond formation.

Stage 3 (Mechanical hardening validation; weeks 18–36): directly measure modulus gain and tie it to stitch density and collapse threshold.

3.1 Mechanical proxies.
- Nanoindentation on oriented single crystals (if size permits): measure reduced modulus (Er) pre/post crosslinking; target ≥25% increase as meaningful hardening.
- If crystals are too small: Brillouin light scattering on crystal aggregates to extract longitudinal/transverse sound velocities and estimate elastic constants; complement with AFM modulus mapping on microcrystals embedded in epoxy.

3.2 Collapse threshold mapping.
- Variable-pressure in situ PXRD during controlled drying (stepwise reduction of solvent vapor pressure) to detect gate-closure/collapse onset.
- Surface area retention: N2 (77 K) and Ar (87 K) BET; compare to non-stitched controls.
- Go/No-Go criterion G3: crosslinked sample must retain ≥80% of the parent’s solvated-porosity-derived accessible volume (operationally: ≥80% of BET area of the best-activated control using the same drying protocol) and shift collapse onset to lower vapor pressure (or higher applied capillary stress) by ≥30% relative to non-stitched analog.

Stage 4 (Only after passing G1–G3): expand to Fe/Co composition matrix with defect and node-chemistry covariates explicitly measured (weeks 28–60).

4.1 Composition set and synthesis.
- Ratios: Fe/Co = 0/1, 1/9, 1/4, 1/2, 1/1, 2/1, 1/0 (as originally proposed), but synthesized in two waves:
  • Wave A (3 compositions): Co-only, Fe/Co=1/4, Fe-only.
  • Wave B (remaining): fill in after identifying the ‘safe’ crosslinking window.
- Control defect density via modulator equivalents; track missing-linker populations via quantitative digest NMR and TGA-based cap quantification.
- Metal distribution/speciation: ICP-OES for bulk; STEM-EDS for homogeneity; 57Fe Mössbauer + Co K-edge XANES/EXAFS to assign oxidation/spin states and coordination.

4.2 Crosslinking under the validated chemistry and capped-node condition.
- Apply the best-performing route from Stage 2; keep reaction conditions fixed to isolate composition effects.
- Quantify stitch density (digest NMR, solid-state NMR, XPS) and correlate with mechanical and sorption outcomes.

Stage 5 (CH4 adsorption/cycling with dry vs humid separation; weeks 40–72): isolate strain-driven effects from hydrolysis/impurities.

5.1 Gas quality and water control.
- Dry CH4 spec: use 6.0-grade CH4; pass through additional purifier; continuously monitor H2O with an online hygrometer at the instrument inlet/outlet.
- Define conditions:
  • “Dry”: H2O ≤ 1 ppm.
  • “Humid”: controlled 200–500 ppm H2O (and a higher-stress condition at ~1000 ppm) using a calibrated humidification loop.
- Analyze impurities (O2/CO2) by inline GC if possible; otherwise batch certificate + purifier performance logs.

5.2 Cycling protocol.
- CH4 isotherms at 273 and 298 K up to 65 bar.
- Pressure-swing cycling: 65→5 bar, ≥50 cycles dry and ≥50 cycles humid, identical ramp rates and dwell times.
- In situ PXRD under CH4 pressure for representative samples to monitor reversible breathing vs irreversible collapse.

5.3 Decomposition/defect propagation diagnostics.
- Post-cycling: BET area, pore-size distribution, PXRD.
- Chemical stability: TGA-DSC (inert/air), TGA-MS for fragments, LC-MS of digested linkers, EXAFS for node rearrangement, ICP of leached metals after humid exposure.
- Model includes defect density and capping-ligand population as covariates to avoid attributing all effects to Fe/Co ratio.

Deliverable: a composition–structure–stitch density–elastic modulus–collapse threshold–CH4 working capacity map identifying an Fe/Co window where (i) stitch conversion is high without SCSC loss, (ii) modulus gain is measurable, (iii) activation without supercritical CO2 yields high retained surface area, and (iv) CH4 cycling stability is limited by strain rather than hydrolysis (quantified by dry vs humid divergence).","This revision explicitly addresses the review board’s feasibility gaps by adding staged de-risking gates, chemistry alternatives, node-protection, quantitative mechanics, and humidity-controlled CH4 testing.

(1) Topochemical constraints are no longer assumed: Stage 1 requires solving a solvent-filled crystal structure and quantifying pendant-pair distances/angles under multiple solvent states. Crosslinker length (or linker redesign) is chosen from measured geometry, directly satisfying the directive to prove inter-linker proximity in breathing rod-MOFs before committing to a composition matrix.

(2) Stitching chemistry is de-risked away from the two highest-risk catalytic assumptions (in-node CuAAC and ppm Grubbs metathesis). The primary screen uses photoinitiated thiol–ene (Cu-free, tolerant of carboxylates), while latent thermally/photochemically triggered options and SPAAC remain as contingencies. This directly mitigates risks of Cu sequestration/poisoning, uncontrolled metal-mediated nucleation, and metathesis catalyst deactivation by Fe/Co carboxylate environments.

(3) Open-metal-site poisoning and framework damage are proactively controlled via deliberate, quantified node capping (PNO or carboxylate terminals) plus mandatory soak-stability tests with PXRD/XANES/EXAFS validation, aligning with the directive to demonstrate catalyst/structure compatibility rather than assuming it.

(4) Mechanical hardening is made quantitative: modulus gain is measured (nanoindentation or Brillouin) and explicitly correlated with stitch density and collapse threshold (variable-pressure in situ PXRD during drying). This supplies the missing mechanical proxy for the shear-modulus premise and ties it to the functional outcome (surface-area retention) rather than relying on qualitative arguments.

(5) CH4-induced effects are separated from hydrolysis/impurity-driven degradation by explicit gas specs, online water-ppm monitoring, and parallel dry vs humid cycling under identical pressure swings, with defect density and terminal-ligand populations treated as covariates. This directly addresses the reviewer’s concern that “CH4-induced decomposition” can be confounded by moisture.

Integration with provided literature assets: Asset 2 motivates that activation protocol improvements alone cannot reliably prevent collapse; therefore, the proposal shifts the locus of control to pre-activation internal mechanical reinforcement. Asset 3 supports the premise that solvent-handling and post-synthetic transformations can preserve porosity and stability when designed to avoid decomposition pathways; here, SCSC-compatible intrapore locking is explicitly engineered with strain-tolerant chemistry and capped nodes. Asset 4 underscores that oxidative/hydrolytic environment changes can catastrophically reduce surface area and adsorption; accordingly, we incorporate humidity-controlled cycling and chemical-state diagnostics. Asset 1 establishes that Fe/Co ratio can strongly modulate morphology/porosity; in this proposal, Fe/Co is treated mechanistically and quantitatively through its effects on node chemistry, defect populations, breathing, and ultimately stitch yield and modulus gain—validated experimentally rather than assumed.

Overall, the concept chain remains identical (Fe/Co rod-MOF → solvent-filled intrapore covalent ‘locking’ → activation without collapse → CH4 cycling stability), but the highest-risk elements are now front-loaded into minimal go/no-go experiments with explicit quantitative criteria before expanding scope.","Methodologically, the staged de-risking with quantitative gates is strong and addresses the two dominant failure modes (misalignment and node/catalyst incompatibility). However, several key chemical/structural uncertainties remain under-specified for a rod-SBU Fe/Co system: (i) the actual identity/stoichiometry/charge balance of the heterometallic rod node and where “open metal sites” exist in the solvated structure is not pinned down, yet capping strategy, defect accounting, and crosslinking compatibility all depend on it; (ii) the primary thiol–ene route introduces plausible side reactions in redox-active Fe/Co carboxylate environments (thiyl radical quenching at metals, thiol coordination/displacement of caps, oxidative disulfide formation, radical damage to linkers), but the plan lacks explicit control experiments/analytics to distinguish true inter-linker stitching from thiol adsorption, chain transfer, or pore-filling; (iii) the percolation/‘sparse brace network’ premise is asserted but not quantitatively connected to a required conversion threshold, crosslink topology, and expected modulus gain—without a minimal mechanical model, the ≥25% modulus target and ≥30% conversion gate risk being arbitrary; (iv) SCSC is treated as a major objective, but rod-MOF breathing/disorder may preclude reliable pendant-pair statistics from SCXRD in many realistic cases (partial occupancy, dynamic disorder), so the proposal should define what “success” looks like if only high-resolution PXRD + spectroscopic constraints are achievable. Overall the concept chain is preserved and the engineering plan is credible, but the mechanistic link from chemistry → verified covalent network architecture → quantified modulus/collapse improvement needs tighter, falsifiable structure–property predictions."
"Chloroform (CHCl3) can be detected with a higher and more reproducible turn-on fluorescence quantum yield in NUS-1a by converting its AIE-active tetraphenylethene (TPE/DPEB) environment into a geometry-programmed host via **intrapore covalent phenyl-ring bracing** that (a) raises the torsional barriers of phenyl rotors (reducing non-radiative decay, knr) and (b) narrows/homogenizes the **pore aperture distribution** toward the kinetic-diameter regime relevant to CHCl3, thereby increasing CHCl3 residence time and occupancy at emissive sites. This proposal explicitly separates three contributing effects—(1) intrinsic rigidification by bracing, (2) pore-aperture redistribution/size-sieving, and (3) guest-assisted rigidification—by using a geometry-constrained crosslink design with a pre-registered conversion window that preserves accessible porosity, definitive chemical proof of covalent bracing (digest-and-analyze + isotopic mapping), and orthogonal controls that decouple crosslinking from catalyst exposure, thermal/solvent history, or external pore fouling. Mechanistically, the refined approach overcomes reviewer-identified feasibility risks by (i) precomputing feasible intrapore coupling pairs and selecting crosslinkers with a narrow length tolerance matched to those distances, (ii) enforcing intrapore selectivity through external-surface passivation + diffusion-bounded kinetics + low-conversion targets, and (iii) using a MOF-compatible click-chemistry contingency (thiol–ene or CuAAC) that avoids strongly basic/wet conditions that can destabilize Zn4O-carboxylate nodes.","Step 0 — Pre-registered geometry and conversion design (mandatory gating before synthesis scale-up)
0.1 Acquire/solve the activated NUS-1a structure (from literature CIF if available; otherwise PXRD refinement) and build a periodic model.
0.2 Identify “braceable” phenyl-ring pairs: compute distributions of centroid–centroid distances and relative orientations between (i) dangling phenyl rings in the channel and (ii) phenyl rings on neighboring linkers within the first and second coordination shells. Use a simple protocol that is reproducible: (a) periodic DFTB/force-field optimization (UFF4MOF or MOF-FF) and (b) geometric screening for aryl–aryl coupling feasibility (distance window and dihedral accessibility).
0.3 Define a **design criterion** for crosslinker length: choose a linker that spans the modal candidate distance (d*) with tolerance ±0.3–0.5 Å after accounting for aryl–aryl bond formation geometry; generate 2–3 discrete crosslinkers (short/medium/long) around d*.
0.4 Predefine a **target conversion window** that preserves porosity: aim for 10–30% conversion of reactive handles at 5–10 mol% handle loading (net 0.5–3% of linkers crosslinked). Set acceptance criteria: (i) PXRD peak positions maintained (no phase change), (ii) Ar(87 K) BET retained ≥70% of pristine NUS-1a, and (iii) diffusion accessibility maintained (vapor uptake kinetics half-time within 2× pristine).

Step 1 — Baseline NUS-1/NUS-1a synthesis and a chloroform-free activation history (reference map)
1.1 Synthesize NUS-1 and activate to NUS-1a following the NUS-1a literature route but implement activation without chloroform (MeOH exchange → supercritical CO2 drying or gentle thermal activation under dynamic vacuum), to avoid solvent-history confounds.
1.2 Establish baseline structure–property metrics:
- Crystallinity/topology: PXRD + Le Bail/Rietveld check.
- Porosity: Ar 87 K isotherms; NLDFT/QSDFT pore size distribution (report differential PSD and uncertainty).
- Defects/composition: digestion 1H NMR (linker ratio), ICP-OES/MS (Zn), TGA.
- Photophysics: absolute quantum yield (integrating sphere), TCSPC lifetime, temperature-dependent PL (to parameterize knr(T)).
1.3 Baseline CHCl3 response: single-component CHCl3 vapor sorption (298 K) + in situ PL/QY vs partial pressure to define the unmodified turn-on curve and saturation regime.

Step 2 — Build reactive-handle NUS-1a variants with minimal topology perturbation
2.1 Mixed-linker strategy: prepare isoreticular NUS-1a containing 5, 10, and 15 mol% of a DPEB analogue bearing para-reactive handles positioned to project into the pore (two orthogonal handle sets for main + contingency routes):
- Set A (Suzuki/Ullmann option): para-bromo (or para-iodo) DPEB and complementary para-boronate DPEB (statistical incorporation; enables intrapore cross-coupling).
- Set B (click contingency): para-alkenyl (e.g., styrenyl) DPEB or para-azide/alkyne DPEB.
2.2 Confirm handle incorporation and preservation of NUS-1a structure: digestion 1H NMR (handle %), PXRD, Ar(87 K) sorption.

Step 3 — Intrapore bracing reaction with bounded, diffusion-controlled protocol + external-surface passivation
3.0 External-surface passivation (to suppress external polymerization/pore-mouth clogging): cap external reactive handles prior to coupling by brief exposure to a bulky, mono-functional “quench” reagent that cannot enter pores (size-exclusion chosen based on PSD; e.g., a bulky arylboronic acid or thiol with size > pore window), then wash thoroughly. Validate passivation by ToF-SIMS depth profiling (surface-enriched signal only).

3.1 Primary route (intrapore Suzuki–Miyaura bracing; only if stability gates are met)
- Crosslinker: geometry-selected di-boronate or di-halo aryl (from Step 0: short/medium/long around d*).
- Catalyst system: Pd(dppf)Cl2 (or Pd(PPh3)4) at ≤0.5–1 mol% relative to reactive sites.
- Base/solvent: weak inorganic base (K2CO3 or Cs2CO3) with rigorously limited water activity; use EtOH/toluene with controlled micro-water (≤1–2 vol%) to enable base solubility but minimize Zn-carboxylate hydrolysis.
- Temperature/time: 50–70 °C, 2–12 h; run time-series aliquots to stop in the target conversion window.
- Reaction format: packed-bed flow-through or gentle agitation with crystal-size control to promote uniform diffusion; track conversion vs time.
- Post-reaction cleanup: iterative solvent exchange (EtOH/MeOH), chelator wash (EDTA in alcohol), then activation. Verify Pd removal by ICP-MS.

3.2 Contingency route (MOF-compatible click chemistry; pre-planned, not “if time permits”)
Option B1: Thiol–ene intrapore bracing
- Use DPEB-styrenyl handles + a dithiol crosslinker of geometry-selected length.
- Initiation: photoinitiated (365–405 nm) or thermal radical initiator at low loading under oxygen-controlled conditions.
- Advantages: no strong base/water; typically high-yield; mild to Zn4O-carboxylate.
Option B2: CuAAC intrapore bracing
- Use azide/alkyne handles + difunctional alkyne/azide linker.
- Cu(I) source: CuBr + ligand (TBTA) at low loading; rigorous chelation wash post-reaction; monitor Cu by ICP-MS.

Step 4 — Decisive chemical proof of *intrapore covalent bracing* and spatial uniformity (mandatory)
4.1 Digest-and-analyze coupled fragments:
- Fully digest MOF (acidic digestion appropriate to Zn-carboxylate) and analyze by LC–MS and 1H/13C NMR to detect crosslinked linker–linker or linker–crosslinker adducts (mass shifts diagnostic of specific coupling). Quantify adduct fraction to determine true crosslink conversion.
4.2 Isotopic labeling for unambiguous assignment:
- Use 13C-labeled crosslinker (or 2H-labeled) and confirm incorporation by solid-state 13C CP/MAS NMR (appearance of labeled resonances) and ToF-SIMS mapping (labeled fragment distribution).
4.3 Spatial uniformity across crystallites:
- Perform confocal Raman/fluorescence mapping (if handle has distinct tag) and/or ToF-SIMS depth profiling on microtomed crystals to verify intrapore distribution (core vs shell). Pair with size-selected crystal batches to quantify diffusion limitations.
4.4 Rule out “pore fouling/graphitization-like byproducts”:
- Compare digestion LC–MS/NMR signatures with those from deliberate external polymerization control (Step 5 controls) to ensure the observed products correspond to discrete covalent braces rather than oligomeric tar.

Step 5 — Orthogonal controls explicitly demanded by reviewers (pre-registered)
C1 Catalyst/thermal-history control: expose pristine NUS-1a (no handles) to identical catalyst/base/solvent/time; assess PXRD, BET, PL/QY to quantify catalyst-induced changes.
C2 Inert-aryl control: use a mono-functional aryl analogue (cannot crosslink) under identical conditions to test adsorption/PL changes from mere guest uptake or physisorbed aromatic species.
C3 External-only coupling control: pre-block pore entrances with a reversible bulky guest, then run coupling; if crosslinking signatures appear only at the surface (ToF-SIMS), it validates the diffusion selectivity assumptions.
C4 Surface-passivation control: run coupling with and without external passivation; compare BET/PSD and depth profiles to quantify external polymerization contribution.

Step 6 — Quantify PSD tightening, accessibility, and CHCl3 binding energetics (structure–adsorption linkage)
6.1 PSD/accessibility: Ar 87 K + NLDFT/QSDFT (differential PSD), PALS for sub-nm free-volume change, and vapor uptake kinetics (time constants) for CHCl3/DCM/toluene.
6.2 CHCl3 binding strength/residence proxies:
- CHCl3 vapor isotherms at multiple temperatures (e.g., 298/308/318 K) to extract isosteric heats (Clausius–Clapeyron).
- In situ DRIFTS and/or solid-state NMR with CDCl3 to identify binding environments and distinguish specific confinement vs nonspecific condensation.

Step 7 — Photophysics with causality separation (rigidification vs pore redistribution vs guest-assisted RIM)
7.1 Intrinsic rigidification (no guest): compare QY and lifetime of activated samples under inert atmosphere; compute kr and knr (QY + TCSPC).
7.2 Guest-assisted rigidification: measure in situ PL/QY vs CHCl3 partial pressure; fit a two-regime model (low-loading “binding-site” regime vs high-loading “pore-filling” regime) to separate occupancy-dependent effects.
7.3 Decouple uptake from RIM: introduce a size-mismatched non-emissive guest that occupies volume but does not enhance emission (or use an analyte with similar uptake but different turn-on) to test whether QY tracks uptake alone.
7.4 Temperature-dependent PL (guest-free and guest-loaded) to verify suppression of vibrationally assisted nonradiative decay after bracing (reduced knr(T) slope).

Step 8 — Competitive selectivity, humidity tolerance, and quantitative sensing metrics (pre-registered)
8.1 Competitive vapor mixtures (mandatory): perform dynamic breakthrough-style vapor exposure and/or gravimetric mixture sorption with CHCl3 competing against DCM, CCl4, and toluene (and optionally acetone) at controlled partial pressures. Collect simultaneous PL response.
8.2 Humidity studies: run CHCl3 sensing at defined RH (0%, 30%, 60%) to test water interference and framework robustness; measure any QY drift and PXRD after cycling.
8.3 Sensing metric definitions (pre-registered):
- LOD: 3σ/slope using replicate blank noise (n≥10) and linear region of calibration curve (define exposure time and equilibration criterion).
- Response time: t90 (time to reach 90% of steady-state PL intensity) under a defined flow rate and film thickness/crystal mass.
- Reversibility: ≥20 adsorption/desorption cycles with maintained PXRD + BET retention ≥70% and PL baseline drift ≤10%.

Decision gates and success criteria (go/no-go)
G1 (post-crosslink): PXRD maintained + BET ≥70% + definitive digest-MS evidence of covalent adducts.
G2 (mechanism): QY increase must be explained primarily by decreased knr (not only increased uptake), and must correlate with PSD narrowing metrics (NLDFT/PALS) and/or increased CHCl3 isosteric heat.
G3 (selectivity): mixture experiments must show statistically significant preferential CHCl3 PL turn-on vs DCM/CCl4/toluene at equal partial pressures; humidity tolerance demonstrated at ≥30% RH.

Deliverable library
- Pristine NUS-1a
- Handle-only mixed-linker NUS-1a (no crosslink)
- Crosslinked series (low/medium/high conversion within target window)
- Full set of controls (C1–C4)
- Contingency-click crosslinked analogues (if primary route fails gates)","Chemoselectivity and framework integrity: The main feasibility risk (Pd/Cu coupling damaging Zn4O-carboxylate or causing uncontrolled polymerization) is addressed by (i) a geometry-constrained crosslinker choice derived from the actual NUS-1a pore geometry (reducing off-path coupling), (ii) a low-handle, low-conversion regime explicitly defined to preserve accessible porosity, (iii) diffusion-bounded protocols with crystal-size control and time-series stopping, and (iv) external-surface passivation to suppress surface-initiated oligomerization that would masquerade as “intrapore bracing.” Any catalyst/solvent/thermal effects are quantified via mandatory catalyst-exposure controls (C1).

Decisive proof of covalent intrapore bracing: Rather than relying on non-specific FTIR/Raman changes, the plan requires (a) digestion followed by LC–MS and NMR identification/quantification of the exact coupled adducts, and (b) isotopic labeling (13C/2H) with solid-state NMR and ToF-SIMS mapping to verify incorporation and spatial distribution (core vs shell), directly addressing reviewer concerns about distinguishing true bracing from pore fouling.

Causality separation: The hypothesis explicitly distinguishes intrinsic rigidification, PSD redistribution, and guest-assisted RIM, and the execution plan separates them experimentally by guest-free photophysics (intrinsic effect), PSD/uptake measurements (pore effect), and controlled loading/temperature dependence plus decoupling controls (guest-assisted effect vs mere uptake). Extracting kr/knr from QY+TCSPC provides the required mechanistic discriminator.

Selectivity claims made testable: Competitive mixture experiments (CHCl3 vs DCM/CCl4/toluene) and humidity-defined protocols are built into the core plan with pre-registered LOD and response-time definitions, preventing over-attribution to PSD changes alone.

Contingency chemistry: If Suzuki/Ullmann compromises crystallinity or porosity, the proposal contains a pre-engineered click-chemistry branch (thiol–ene or CuAAC) using built-in handles designed at the mixed-linker stage, enabling intrapore bracing under milder, MOF-compatible conditions that avoid strong base/high water activity. This maintains the central concept chain (intrapore covalent bracing → RIM/PSD control → enhanced CHCl3 turn-on QY) while reducing synthetic risk.","Methodological resolution is strong: the plan contains gated decision criteria, orthogonal controls for catalyst/thermal history and surface fouling, and a rare level of rigor in proving covalent intrapore bracing (digest-MS + isotopic labeling + depth profiling). The mechanistic chain (brace → higher torsional barriers → lower knr; brace → PSD tightening → higher CHCl3 residence/occupancy; guest-assisted RIM separated by loading/temperature) is logically coherent and experimentally testable.

Primary deductions are feasibility and interpretability risks that remain under-addressed at a quantitative level. (i) Intrapore aryl–aryl cross-coupling in Zn4O-carboxylate MOFs is still high-risk: even “mild” carbonate base with trace water and Pd can induce node hydrolysis/defect formation or linker exchange; the proposal includes controls but not a quantitative stability model (rates/thresholds) or a hard backstop if partial amorphization preserves PXRD but changes defect density that itself alters PL. (ii) “PSD narrowing/homogenization” at 0.5–3% crosslinked linkers may be too subtle to robustly resolve by NLDFT/QSDFT on Ar(87 K) alone; model-dependence and uncertainty could dominate the claimed effect size, and PALS sensitivity/interpretation in flexible/defective MOFs is nontrivial. (iii) The assumption that CHCl3 selectivity will materially increase via aperture redistribution is plausible but not yet anchored to predicted adsorption selectivity (e.g., IAST/GCMC or Henry constants) versus competing guests with similar kinetic diameters/polarizabilities (DCM/CCl4), so the selectivity gate may fail even if bracing succeeds. (iv) Photophysics causality: extracting kr/knr from QY+TCSPC is correct, but heterogeneous emissive populations (defects, partially crosslinked domains, surface vs core) can make single-/bi-exponential lifetime fits ambiguous; without a predefined global analysis model, “knr decrease” could be over-claimed."
"A plasmon-active, facet-programmed Zr6-oxo SURMOF can deliver **substrate-level photocatalytic selectivity** under visible light *without polymer imprinting* if—and only if—the **entire catalytically competent volume is confined to the verified plasmonic interaction zone (≤20–40 nm from Au nanorod hot spots)** and if the **rate-determining step is inner-sphere electron transfer (ET) that is distance/orientation gated by framework-encoded recognition linkers**. The revised mechanism explicitly resolves the reviewer’s length-scale concern by redesigning the architecture so that (i) Au nanorods (AuNRs) are **partially embedded** within the top layers of an ultrathin, oriented SURMOF (total thickness 20–35 nm), and (ii) node-anchored In(III)-chalcogen/oxide acceptor motifs are **localized to the same top region** (0–20 nm depth) via defect-directed installation, ensuring that all productive ET events occur within the LSPR near-field/hot-carrier reach. Mechanistically, on-resonance LSPR drives selectivity via two falsifiable contributions that are separated by controls: (1) **field-enhanced interfacial charge-transfer (PICT/LMCT-like) at bound complexes**—only guests that form a specific coordination/H-bonding complex at recognition linkers achieve the short tunneling distance and defined orbital alignment needed for fast inner-sphere ET; (2) **hot-carrier injection from Au into In–S/In–O acceptor states** (or into a linker/guest acceptor state that is electronically coupled to In clusters), which increases the population of reactive electrons at the bound complex. Nonbinding analogues remain outer-sphere/weakly adsorbed, where ET is slower and becomes kinetically suppressed. The gating claim is made falsifiable by (a) enforcing geometric confinement (all sites within 20–35 nm), (b) measuring energetic alignment (UPS/APS + spectroelectrochemistry), (c) implementing a **dielectric-spacer thickness series** that yields an exponential distance dependence (extract β) expected for ET but not for adsorption, and (d) imposing stringent photothermal/equal-absorption controls to exclude heating-driven selectivity.","Step 1 — Architecture redesign around the plasmonic interaction volume (mandatory near-field coherence)
1.1 Ultrafilm SURMOF with single-facet exposure: Select a Zr6 MOF that is (i) water-stable, (ii) supports oriented SURMOF growth, and (iii) tolerates mixed-linker substitution. Primary choice: UiO-67-derived SURMOF (bpdc family) on FTO/ITO with (111)-preferred orientation. Grow by liquid-phase epitaxy (LPE) with a fixed cycle protocol to target **20–35 nm** thickness (not 80–150 nm): e.g., 15–25 deposition cycles, calibrated by ellipsometry/QCM-D. Terminate with a Zr-rich surface (node-terminated) to maximize phosphonate anchoring density.
1.2 Confining catalysis to the top reaction zone: Install In acceptor motifs only in the top portion of the film by **post-growth, diffusion-limited infiltration** (short contact time; low solvent swelling) and/or by a **two-layer SURMOF stack**: bottom 10–15 nm “inert” UiO-67 (no defects, no In), top 10–20 nm “active” UiO-67 (defect-enriched + In-installation). Defects tuned via modulator: formic acid/acetic acid ratio and controlled missing-linker fraction (target 3–8% missing-linker) to create μ3–OH/μ3–O defect sites for In binding.

Step 2 — Embed AuNRs into the MOF instead of placing them above it (mandatory length-scale fix)
2.1 Deterministic AuNR metasurface fabrication (geometry-controlled hot spots): Fabricate an ordered AuNR array on a sacrificial stamp by NIL/e-beam. Target dimensions: length 70 ± 10 nm; diameter 20–25 nm; pitch 120–200 nm (to avoid strong far-field coupling that broadens resonances uncontrollably). Tune longitudinal LSPR to 650–750 nm in water.
2.2 Transfer and partial embedding into SURMOF: Transfer-print AuNRs onto the *half-grown* SURMOF (e.g., after 8–12 LPE cycles, ~10–15 nm thickness). Then continue LPE growth (“growth-over”) for an additional 10–15 nm to **partially embed rods** so the rod sidewalls/tips reside within or immediately adjacent to MOF porosity. Outcome: essentially all active sites (recognition linkers + In motifs) are within ≤20–40 nm of Au hot spots.
2.3 Verify embedding and pore accessibility: Cross-sectional TEM/SEM (FIB lamella), GISAXS/GIWAXS (order/orientation), and dye-uptake/QCM-D to confirm that growth-over does not seal pores.

Step 3 — Replace speculative ALD windows with a concrete, distance-series dielectric spacer strategy (mandatory)
3.1 Uniform ultrathin dielectric spacer on AuNRs (no patterning/windows): Coat AuNR array *before* growth-over with **conformal Al2O3 by low-temperature ALD** (≤80–100 °C) at precisely controlled thickness t = 0.0, 0.3, 0.6, 1.0, 1.5, 2.0 nm (series). This is a literature-standard strategy to (i) prevent Au corrosion/ligand loss in water, (ii) suppress indiscriminate charge recombination at metal surfaces, and (iii) create a tunable tunneling barrier.
3.2 Define the falsifiable ET-distance experiment: For each t(Al2O3), hold AuNR geometry, MOF thickness (20–35 nm), In loading, and guest coverage constant. Measure photocatalytic rate constants for target vs analogues. Expectation for ET gating: log(k) decreases approximately linearly with t (effective barrier thickness), yielding an apparent β; adsorption-only selectivity should not exhibit an exponential dependence on t.
3.3 Add an orthogonal molecular spacer series at the recognition linker: Introduce recognition linkers with systematically varied electronic coupling lengths (e.g., phenyl vs biphenyl vs terphenyl spacer between bpdc backbone and binding group) while keeping binding group identity constant. This provides a second, independent β extraction.

Step 4 — Interface recognition chemistry made explicit and robust in water
4.1 Framework-encoded recognition linkers (functional-monomer analogue): Mixed-linker UiO-67 with 5–12% functionalized bpdc derivatives. Two prioritized chemistries (chosen for aqueous robustness and defined coordination/H-bonding):
  (a) N-heteroaromatic chelation: bpdc-(CH2)n-pyridyl (n = 0–2) to promote fluoroquinolone binding via zwitterion/H-bond + metal-assisted coordination.
  (b) Directional H-bonding: bpdc-urea/sulfonamide substituents oriented into the pore aperture nearest the AuNR interface.
Synthesis: incorporate during LPE using mixed-linker precursor solutions; confirm composition by digestion NMR/LC-MS of linkers and XPS on films.
4.2 Minimal, stable Au–MOF coupling chemistry compatible with Al2O3 spacer: Rather than relying on Au–thiol directly (blocked by Al2O3), couple the MOF growth-over and interface proximity as the primary “attachment.” Any chemical anchoring is implemented at the MOF side: phosphonate groups bind Zr6 nodes to position recognition motifs; the dielectric spacer ensures defined separation without requiring reactive windows.

Step 5 — In–S/In–O acceptor-state engineering with energetic justification and recombination controls
5.1 Node-directed In installation localized to the top zone: Expose the finished embedded architecture to In(NO3)3 in ethanol/water (low swelling) for short times (e.g., 5–30 min) to limit penetration depth. Rinse thoroughly.
5.2 Controlled conversion to In–S/In–O motifs: Convert with thioacetamide at ≤70–80 °C (aqueous/ethanolic) to generate ultrasmall In–S clusters; optionally mild air/hydrolysis to introduce In–O/In–S mixed motifs. Avoid large nanoparticles by limiting precursor concentration and time; confirm with XPS (In 3d, S 2p), EXAFS (In–S/In–O coordination), and TEM (absence of >2–3 nm particles).
5.3 Recombination/trap-state controls: Prepare matched films with (i) In installed but not sulfided (In–O dominant), (ii) sulfided without AuNRs, (iii) AuNRs without In, (iv) neither. These decouple “trap-mediated recombination” vs “acceptor-mediated charge separation.”

Step 6 — Explicit energy-level scheme + measurements (mandatory)
6.1 Define the energy-level hypothesis quantitatively: Measure/compile (a) Au Fermi level/work function (ΦAu) and its shift with Al2O3 and environment; (b) MOF valence/conduction proxy levels (linker-based states) and defect states; (c) In–S/In–O acceptor levels; (d) guest redox potentials (E1/2) for target and analogues. Predict whether hot-electron injection Au→In or Au→(guest/linker) is thermodynamically plausible under illumination.
6.2 Measurements on the actual films: UPS (work function, valence onset), ambient photoemission/APS (electron affinity trend), and in situ spectroelectrochemistry (UV–Vis under applied potential) to map polaron/charge-transfer signatures. Use Mott–Schottky/EIS cautiously (MOFs are not classical semiconductors) but employ them comparatively across controls.

Step 7 — Reaction selection and selectivity metric designed for inner-sphere ET discrimination
7.1 Model transformation: Visible-light reductive dehalogenation of a halogenated fluoroquinolone (target) versus non-halogenated or differently substituted analogues (controls), or selective oxidation of ciprofloxacin vs norfloxacin/ofloxacin where binding modes differ subtly.
7.2 Quantification: LC-MS/MS for substrate depletion and product distribution; define selectivity as (kapp,target/kapp,analogue) at equal surface coverage.
7.3 Equal-coverage protocol (mandatory adsorption control): Pre-adsorb each substrate to identical θ (measured by depletion/HPLC) prior to illumination; run kinetics under identical photon flux.

Step 8 — Discriminant mechanistic tests tying observables to inner-sphere vs outer-sphere ET (mandatory strengthening)
8.1 Distance-series ET signature: For Al2O3 thickness series, fit ln(kapp) vs t to extract β; require that target shows a different β/intercept consistent with stronger electronic coupling due to binding geometry.
8.2 Dark electrochemical ET test (mandatory): Using the FTO/SURMOF electrode, perform dark electrochemical reduction/oxidation of bound substrates at controlled potentials (no light). If binding enforces inner-sphere ET, target should show lower overpotential/faster heterogeneous ET than analogues at equal θ. This directly links “recognition” to ET kinetics independent of plasmonics.
8.3 Hot-carrier vs field-only separation: Compare (i) AuNR on-resonance excitation, (ii) off-resonance excitation with equal absorbed power, (iii) a nonplasmonic metal control (e.g., Pd nanorods with damped LSPR in visible or Au spheres tuned away from excitation), and (iv) dielectric-only nanorod replica (no metal) to isolate pure photothermal.
8.4 Photothermal calibration (mandatory): Measure local/average temperature rises via (a) embedded fluorescent thermometry dye in a sacrificial analog film or (b) Raman thermometry on the substrate; then perform heating-matched dark reactions and off-resonance heating-matched illuminated runs. Selectivity must persist after matching temperature profiles.
8.5 Reactive-species controls (secondary): Scavengers (EDTA, benzoquinone, isopropanol) and isotope labeling where relevant; interpret only after the ET-distance and energy-alignment tests.

Step 9 — Stability and leaching under realistic matrices
9.1 Cycle tests in buffered water + NOM + common ions; monitor LSPR peak stability (UV–Vis–NIR), GIWAXS for MOF integrity, and ICP-MS for Au/In leaching.
9.2 Fouling tolerance: Compare performance before/after exposure to humic substances; quantify any loss of recognition binding constants (adsorption isotherms) and correlate with selectivity changes.

Milestones / Go–No-Go criteria
M1 (architecture): Demonstrate MOF thickness 20–35 nm; AuNR partial embedding confirmed by cross-sectional TEM; retained porosity/uptake.
M2 (energetics): UPS/APS + spectroelectrochemistry show feasible alignment for hot-electron injection and/or field-enhanced interfacial CT.
M3 (falsifiable gating): Exponential distance dependence of kapp on Al2O3 thickness and/or linker spacer length; selectivity persists at equal θ and under heating-matched controls.
M4 (mechanistic linkage): Dark electrochemical ET discriminates target vs analogue in a manner consistent with the photocatalytic selectivity trend.","Addresses (1) length-scale/field mismatch: The revised design eliminates the 80–150 nm film assumption and instead **forces all catalytically relevant chemistry into a 20–35 nm SURMOF** with **AuNR partial embedding** via growth-over. This directly implements the reviewer’s directive so the plasmonic near-field/hot-carrier flux overlaps essentially the full active zone; the gating claim no longer depends on framework-wide penetration of |E|2.

Addresses (2) under-specified interface chemistry / ALD windows: The proposal removes the speculative “windowed ALD” concept and replaces it with a **uniform, thickness-controlled Al2O3 spacer series** (0–2 nm) that is actionable, reproducible, and intrinsically quantitative. Because rods are embedded by MOF overgrowth, mechanical/chemical stability is achieved without relying on fragile Au–thiol linkages in water, while the dielectric spacer provides a defined tunneling barrier and corrosion protection.

Addresses (3) energetic alignment + discriminant tests: A **measured energy-level scheme** (UPS/APS + spectroelectrochemistry + guest redox potentials) is now central, enabling a justified claim for hot-carrier injection versus field-only enhancement. Potential trap/recombination risks from In–S/In–O are treated as a design variable with explicit controls (In-only, Au-only, neither) and localized installation to avoid bulk trapping. Mechanistic attribution is made falsifiable through (i) distance-series β extraction (ET hallmark), (ii) equal-coverage kinetics to eliminate adsorption artifacts, (iii) dark electrochemical ET to directly test inner-sphere ET advantages conferred by recognition linkers, and (iv) stringent photothermal controls with absorbed-power matching and heating-matched experiments.

Grounding in provided assets: Asset 1 motivates the importance of metal/semiconductor junctions and internal fields for charge transport; here AuNR LSPR provides resonant carrier generation/fields while In motifs serve as acceptors. Asset 2 supports the heterojunction principle that In-based components improve visible-light photocatalysis via charge separation; here the In acceptors are node-anchored and spatially confined to the plasmonically addressable zone. Asset 3 validates that “functional monomer” chemistry on MOF scaffolds can generate selectivity; here that logic is translated into **mixed-linker, framework-encoded recognition** that gates ET rather than relying on an imprinted polymer shell.

Overall, the refined proposal is technically ambitious but now architecturally consistent with plasmonic length scales, chemically concrete at the interface, and experimentally designed so the selectivity-by-ET-gating claim can be disproven (or supported) by clear, quantitative signatures.","The redesign directly addresses the prior length-scale mismatch and replaces the previously speculative ‘windowed ALD’ with a reproducible spacer-series experiment, which is a major engineering upgrade. The mechanistic claim (inner-sphere ET gating by recognition linkers within the plasmonic zone) is largely coherent and appropriately falsifiable via (i) Al2O3 thickness dependence, (ii) linker electronic-length series, and (iii) dark heterogeneous ET metrics at equal coverage. Score deductions stem from several remaining high-risk or under-specified points: (1) Partial embedding + subsequent LPE growth over ALD-coated AuNRs can disrupt SURMOF orientation, introduce voids, or seal transport pathways; the proposal lists characterization but not contingency process windows (surface chemistry, nucleation strategy on Al2O3, defect control while maintaining crystallinity). (2) The interpretation of an exponential ln(k)–t(Al2O3) dependence is not uniquely diagnostic of inner-sphere ET in this geometry: t also perturbs local field amplitude at the reaction zone and changes interfacial capacitance/ion distribution; without independent near-field mapping or a field-only control that preserves ET coupling, β extraction may be confounded. (3) The In–S/In–O ‘acceptor’ role risks becoming a variable density of midgap traps that alter selectivity via differential radical pathways rather than distance/orientation-gated ET; EXAFS/XPS/TEM help, but the plan lacks operando identification of the actual reduced intermediate(s) and a kinetic model separating injection, hopping/transport in the MOF, and substrate ET. (4) The ‘equal coverage’ requirement is good but practically challenging in thin SURMOFs with competitive binding and possible photodesorption; selectivity could still reflect different residence times or diffusion limitations rather than ET kinetics unless residence-time/diffusion are measured. Overall: technically ambitious, substantially improved in rigor, but still vulnerable to alternative explanations unless the field-vs-ET and transport-vs-ET separations are strengthened."
