Hypothesis,Plan,Feasibility,Critique
"Engineering a pre-organized energy landscape in de novo iron–sulfur proteins is achievable by a methodological adaptation: couple (i) binary-patterned, repeat-based helical bundle scaffolds that enforce a funneled folding landscape with (ii) an RNA-display genotype–phenotype linkage that includes an on-ribosome, redox-competent Fe–S assembly/retention gate. Mechanistically, binary hydrophobic/polar patterning reduces conformational entropy and minimizes off-pathway molten-globule traps, while a geometrically constrained Cys/His ligand array pre-organizes the Fe–S coordination sphere (lowering the reorganization energy for cluster binding). Selection under alternating oxidation states enriches sequences whose native basin simultaneously stabilizes the fold and maintains Fe–S occupancy and electron-transfer function, thereby navigating sequence space toward proteins with both high foldability and robust Fe–S redox activity.","Step 1: Specific system setup or data preparation.
1.1 Define a target architecture: a 4-helix bundle or tandem-repeat helical bundle (e.g., 2–4 repeats) with an internal cavity sized for a [4Fe-4S] or [2Fe-2S] cluster.
1.2 Build a constrained sequence library using binary patterning: enforce hydrophobic positions at core ‘a/d’ heptad sites and polar/charged residues at solvent-exposed sites; encode helix-capping motifs (e.g., Asn/Gly at termini) and restrict glycine/proline internally except at designed turns.
1.3 Hard-code a minimal ligand geometry: introduce a Cys-x2-Cys…Cys…Cys (or Cys/Cys/His/His) motif positioned on facing helices so that in the folded state ligands converge with feasible Fe–S coordination distances/angles; diversify second-shell residues (H-bond donors/acceptors, electrostatics) around the motif to tune redox potential and reduce misligation.
1.4 Prepare an in vitro Fe–S assembly environment compatible with RNA display: anaerobic workflow; Fe2+ and sulfide donors; optional inclusion of scaffold proteins (IscU/SufU) or small-molecule persulfide donors if needed.

Step 2: Detailed implementation of the adapted methodology.
2.1 Methodological adaptation—‘Redox-gated RNA display’ selection: implement RNA display where each candidate protein remains physically linked to its encoding RNA, but add a functional gate requiring Fe–S occupancy and redox cycling. Concretely:
  - Translate the library in vitro under anaerobic conditions.
  - Promote cofactor incorporation during/after translation by supplying Fe/S donors.
  - Perform a two-stage selection: (A) Fold/occupancy capture and (B) redox competence challenge.
2.2 Stage A (fold/occupancy capture): capture only proteins that bind/retain Fe–S by using a cluster-sensitive affinity step. Options include:
  - Immobilized small-molecule chelator competitors that strip weakly bound clusters; only high-affinity, well-shielded sites retain Fe–S and remain functional.
  - A mild proteolysis challenge (limited proteolysis) before capture to remove unfolded/loosely folded variants; folded variants protect cleavage sites.
2.3 Stage B (redox competence challenge): apply alternating oxidizing/reducing pulses (e.g., dithionite/reductant then ferricyanide/oxidant at controlled potentials) and select for variants that maintain cluster integrity and remain folded after cycling. Couple this to enrichment by:
  - Selecting binding to a partner redox probe (e.g., a designed ferredoxin-interaction peptide, or a redox-state-dependent chemical trap) that preferentially recognizes intact clusters.
2.4 Iterative evolution: after each round, recover RNA, reverse transcribe, and re-amplify with targeted mutagenesis focused on second-shell and helix-interface positions (not the primary ligand residues) to preserve geometry while optimizing landscape funneling and redox stability.
2.5 Incorporate a computationally guided ‘energy-landscape filter’ between rounds: predict secondary structure propensity, helix-bundle packing, and frustration metrics; down-select sublibraries that maintain low predicted energetic frustration near the ligand pocket and high helical propensity.

Step 3: Rigorous validation and analytical framework.
3.1 Biophysical folding validation: express top hits recombinantly; assess folding cooperativity and stability via CD (helicity/thermal melts), DSC, and chemical denaturation; quantify aggregation propensity.
3.2 Fe–S occupancy and identity: UV–Vis signatures, EPR/Mössbauer (as available) to distinguish [2Fe-2S] vs [4Fe-4S], quantify cluster loading, and evaluate ligand-field consistency.
3.3 Redox function: protein film electrochemistry or solution redox titrations to measure midpoint potential (Em) and stability under cycling; evaluate electron-transfer rates to physiological partners or model acceptors.
3.4 Structure determination: solve representative structures (NMR or X-ray/cryo-EM depending on size) to confirm ligand geometry, second-shell packing, and whether binary patterning produced the intended core.
3.5 Mechanism tests: (i) swap binary-patterned cores for composition-matched but unpatterned controls to show increased foldability and reduced kinetic traps; (ii) mutate second-shell residues predicted to tune reorganization energy and show corresponding shifts in Em and redox-cycling tolerance; (iii) map epistasis across evolved mutations to quantify landscape funneling effects.
3.6 Benchmarking: compare to natural ferredoxin-like domains and prior de novo metal-binding bundles on metrics: folding ΔG, cluster loading %, Em stability after cycling, and electron-transfer turnover/half-life.","1. Theoretical/Empirical Basis: Binary patterning and helical-bundle design are established strategies for constructing funneled folding landscapes with cooperative unfolding, and de novo metal-binding (including Fe–S) in designed bundles has precedent when ligand geometry and second-shell packing are controlled. RNA display enables exploration of vast sequence space with strong selection pressure, making it suitable for simultaneously optimizing foldability and function.
2. Transfer Logic (How the adaptation fits the domain): The key domain bottleneck is that Fe–S proteins often fail due to misfolding, incorrect ligand geometry, oxidation sensitivity, or weak cluster retention. Redox-gated RNA display directly selects for the clinically/biomedically relevant phenotype—stable redox cofactor handling—rather than binding alone, while binary patterning constrains the landscape to produce expressible, soluble scaffolds compatible with biomedical deployment (e.g., intracellular redox sensors, therapeutic enzyme cofactors, or mitochondrial-targeted electron relays).
3. Comparative Advantage: Standard directed evolution on Fe–S proteins is limited by cellular assembly constraints and by screening assays that do not enforce redox cycling robustness. The proposed adaptation couples folding selection (proteolysis resistance and patterned cores) with a redox-stress selection that enriches for low-frustration pockets and reduced reorganization energy. This should yield higher hit rates, better generalizability across architectures, and proteins with superior stability/occupancy under physiologically relevant redox perturbations compared to unpatterned random libraries or binding-only selections.","This is a technically ambitious and intellectually coherent proposal that integrates de novo protein design principles with a sophisticated evolutionary selection scheme. The engineering resolution is high: binary-patterned libraries, constrained ligand geometries, anaerobic in vitro translation, redox cycling, and multi-layered selection pressures are all described at an actionable level. The logical framework—pre-organized folding landscapes lowering both conformational entropy and Fe–S reorganization energy—is sound and well aligned with known protein-folding and metalloprotein theory. However, several aspects remain under-specified or optimistic: (i) the feasibility of robust Fe–S assembly and retention during RNA display translation is not quantitatively justified, especially given cluster oxygen sensitivity and ribosome-associated sterics; (ii) the proposed redox-gated capture steps rely on affinity or partner-recognition mechanisms that are conceptually plausible but not yet demonstrated for de novo Fe–S proteins; and (iii) the computational ‘energy-landscape filter’ is described qualitatively, without clear metrics or thresholds that would guide down-selection. These gaps modestly weaken confidence in end-to-end execution rather than in the conceptual vision itself."
"Therapeutic modality and topology (locked): We will develop an exogenously dosed, purified (or formulation-delivered) chicken cystatin–based protease-activated outer-membrane permeabilizer (pro‑AMPP) whose antimicrobial peptide (AMP) domain is unmasked primarily by E. coli periplasmic envelope-stress proteases after the pro‑AMPP gains transient periplasmic access through self-promoted uptake/porin sampling and OM lesions that occur in antibiotic-stressed cells. Mechanistic rationale for the MIC shift: (i) In intact form, the cystatin gate sterically and electrostatically masks the cationic amphipathic AMP, minimizing nonspecific membrane binding and mammalian cytotoxicity; (ii) in envelope-stress states (e.g., induced by sub‑MIC OM-excluded antibiotics or misfolded-envelope protein load), DegP/HtrA and related periplasmic proteases exhibit increased catalytic flux toward exposed, designed cleavage motifs, accelerating conversion to the active AMP; (iii) the cleaved AMP is biased to partition into LPS/outer membrane (OM) rather than the inner membrane (IM) by sequence constraints (high LPS affinity; controlled hydrophobic moment) and by local concentration amplification at the periplasm–OM interface, producing OM-first permeabilization that enables self-promoted uptake and potentiates OM-barred antibiotics, thereby sharply reducing apparent MIC. Directed evolution hypothesis: if we evolve (a) linker cleavage kinetics within realistic periplasmic protease kcat/KM windows, and (b) post-cleavage AMP OM selectivity while holding the “masked” pro-form inert, then we can obtain variants that (1) measurably increase periplasmic activation rate only under stress, (2) show OM-first permeabilization signatures, and (3) deliver large MIC reductions and synergy (FIC) against naive clinical E. coli isolates when dosed externally—thereby eliminating the translational mismatch of intracellular-expression selection.","Step 0 — Define delivery, activation compartment, and measurable success criteria (pre-registered).
0.1 Product format: purified pro‑AMPP protein (His-tag/Strep-tag for production only; tag removed by protease for final material) delivered exogenously in MIC assays. No genetic delivery.
0.2 Required mechanistic triad for a ‘hit’: (i) stress-enhanced periplasmic cleavage signal (FRET linker cleavage) in live E. coli; (ii) OM-first permeabilization (rapid NPN uptake / OM reporter change preceding IM depolarization/PI entry); (iii) ≥8-fold MIC reduction of at least one OM-excluded antibiotic (e.g., rifampicin or novobiocin) at non-hemolytic pro‑AMPP concentrations.

Step 1 — Molecular architecture redesigned to resolve topology (how periplasm-generated AMP reaches LPS/OM).
1.1 Construct architecture (single-chain pro‑AMPP): [N-terminus: OM/LPS-anchoring ‘landing’ motif]–[chicken cystatin gating domain]–[FRET-cleavable linker]–[cationic amphipathic AMP payload]–[solubility/anti-aggregation tail].
• OM/LPS-anchoring motif: short, cationic LPS-binding segment (e.g., polymyxin-like heptapeptide mimic without fatty acylation) designed to increase residence time at the OM and enrich local concentration near porins/defects without being independently lytic.
• Gate: chicken cystatin as a steric shield; engineered surface patches to reduce nonspecific OM insertion in the intact state.
• Linker: dual-purpose (protease substrate + optical readout). Insert a quenched FRET pair across the scissile bond (e.g., Edans/Dabcyl analogs via unnatural amino acid incorporation during production in an orthogonal translation system, or cysteine labeling pairs if UAA is infeasible). Cleavage increases fluorescence in the periplasm (activation reporter).
• AMP payload constraints (OM-selective): design space limited to net charge +4 to +8, hydrophobic moment tuned to favor LPS interaction but avoid deep IM insertion; avoid long hydrophobic stretches that drive IM lysis.
1.2 Activation topology testing built-in: the FRET linker provides a direct, quantitative periplasmic cleavage readout in live cells; fractionation + LC-MS of periplasm/OM fractions confirms where cleavage occurs and where the cleaved AMP accumulates.

Step 2 — Protease gating bounded with a concrete protease/linker panel and kinetic targets.
2.1 Protease candidates (E. coli periplasm/envelope QC) and rationale:
• DegP/HtrA: stress-responsive protease/chaperone; primary activation target.
• PtrA/Protease III, Tsp/Prc, and/or OmpT (outer membrane protease, surface-exposed; used as a ‘do-not-activate’ counter-target unless intentionally leveraged): included to map cleavage specificity and avoid heterogeneous activation outside the periplasm.
2.2 Linker motif panel (starting library): design 20–40 motifs spanning known DegP preferences (hydrophobic residues at P1/P1′, flexible regions) plus ‘non-cleavable’ controls (proline-rich / D-amino substitutions where allowed).
2.3 Kinetic acceptance window (explicit): select for variants showing periplasmic cleavage half-time of ~5–30 min under stress (sub‑MIC antibiotic) and >2–4 h without stress, measured by live-cell FRET and validated by LC-MS. This window targets conditional activation compatible with MIC assays (16–20 h endpoint) while minimizing off-target toxicity.

Step 3 — Redesign directed evolution selection to match exogenous dosing (reviewer-mandated).
3.1 Two-compartment droplet architecture for genotype–phenotype coupling without intracellular expression artifacts:
• Producer compartment: a barcoded expression strain (E. coli production host) secretes or releases pro‑AMPP into the droplet after controlled induction; genotype tracked by plasmid barcode.
• Tester compartment: naive, non-engineered clinical E. coli target cells co-encapsulated in the same droplet (or introduced by pico-injection) receive the externally present pro‑AMPP.
This breaks the confound where the selected cell is also the expressing cell, and aligns selection with the final therapeutic mode.
3.2 Timing control (explicit):
• Phase I (production): induce expression for a fixed time (e.g., 45–90 min) with tightly regulatable promoter (pBAD or rhamnose) while keeping tester cells metabolically paused (temperature shift or bacteriostatic hold).
• Phase II (challenge): pico-inject sub‑MIC antibiotic plus resuspend tester cells into growth-permissive conditions; measure time-resolved FRET cleavage + OM integrity.
3.3 Primary selection readouts (artifact-resistant, OM-first enforced):
• Activation: increase in FRET fluorescence (cleavage) within tester-cell periplasm (requires uptake/entry + protease action).
• OM permeabilization: NPN uptake in-droplet (fast OM marker) or a genetically encoded OM stress reporter in tester cells (e.g., σE-responsive GFP) calibrated to precede IM collapse.
• IM damage exclusion: delayed IM depolarization/PI entry compared to OM signal; variants that cause immediate IM collapse without an OM-first signature are rejected.
3.4 Sorting logic:
• Positive gate: high FRET-cleavage signal + early OM permeabilization + enhanced antibiotic killing compared to controls at fixed pro‑AMPP dose.
• Counterselection A (protease dependence): repeat screens with tester strains carrying CRISPRi knockdown of degP (and/or inducible DegP expression). Accept only variants whose FRET activation and potentiation drop when DegP is suppressed.
• Counterselection B (no-antibiotic): reject variants that kill tester cells without antibiotic (filters constitutively active AMPs and nonspecific detergency).
• Counterselection C (surface protease off-target): evaluate cleavage in ompT+ vs ompT− testers; reject variants activated primarily extracellularly (unless intentionally allowed).
3.5 Library design (10^6–10^7 scale, structured):
• Block 1 (linker): degenerate motifs spanning candidate cleavage sequences.
• Block 2 (cystatin gate surface): focused saturation at solvent-exposed positions predicted to modulate masking/unmasking and OM residency without destabilizing the fold.
• Block 3 (AMP payload micro-variants): limited substitutions controlling charge and hydrophobic moment; hard constraints to keep hemolysis surrogates low.
Assemble via Golden Gate; include unique DNA barcodes for lineage tracking across rounds.
3.6 Iteration: 4–8 rounds; progressively lower antibiotic concentration used for potentiation (more stringent MIC shift) while maintaining a fixed pro‑AMPP concentration ceiling below cytotoxic thresholds.

Step 4 — Orthogonal validation of topology, mechanism, and true MIC shift (post-selection).
4.1 Purify top variants and quantify: (i) intact vs cleaved fractions, (ii) cleavage kinetics with purified DegP and periplasmic extracts, (iii) stability in serum and wound-like fluids.
4.2 Compartment confirmation: osmotic shock fractionation + western/LC-MS to quantify where pro‑AMPP resides (surface/OM/periplasm) and where cleavage occurs in tester cells.
4.3 OM-first mechanistic panel:
• NPN uptake (OM), BODIPY-TR-cadaverine displacement (LPS binding), PI uptake (IM) with time resolution to confirm sequence OM→IM.
4.4 MIC and synergy mapping (CLSI broth microdilution):
• Pro‑AMPP alone and with OM-excluded antibiotics (rifampicin/novobiocin) and periplasmic-acting antibiotics (selected beta-lactams) across: lab strain, MDR clinical isolates, and envelope-stress mutants.
• Compute FIC indices; run time-kill curves and resistance emergence (serial passage).
4.5 Safety and selectivity:
• Hemolysis (human RBC), cytotoxicity (primary keratinocytes/fibroblasts), and off-target activation in human serum (FRET cleavage + LC-MS). If off-target cleavage occurs, introduce mammalian-protease-resistant substitutions while preserving DegP kinetics.

Step 5 — In vivo-relevant proof-of-concept aligned with exogenous dosing.
5.1 Ex vivo infected wound/biofilm model: topical pro‑AMPP + antibiotic; endpoints: CFU reduction, biofilm disruption, and antibiotic dose-sparing correlated to ex vivo MIC shifts.
5.2 If warranted, murine superficial wound infection model: confirm bacterial burden reduction and local tolerability.

Built-in reviewer-requested controls (explicit):
• Inert cystatin control proteins matched for size/charge to quantify nonspecific stress and assay interference.
• Dye/peptide interaction controls: run NPN/PI/FRET readouts with killed cells and with peptide-only droplets to detect optical artifacts.
• Expression-burden decoupling: selection is based on activity of externally present purified/secreted material against naive testers, not growth of the producer.
• Protease-tunable testers: inducible DegP to map dose–response between protease activity, cleavage rate, and MIC shift.","Addresses topology gap (periplasm → OM): The redesigned construct includes an OM/LPS ‘landing’ motif to concentrate the pro‑AMPP at the OM and promote transient periplasmic access; activation is measured directly in live cells via a FRET-cleavable linker, and compartment fractionation/LC-MS will confirm periplasmic cleavage and OM accumulation of the cleaved AMP. OM-first action is enforced during selection using NPN (or OM-stress genetic reporter) as an early gate, preventing enrichment of IM-lytic variants.

Bounds protease gating and reduces false positives: Instead of assuming DegP specificity, we explicitly screen a linker motif panel and require stress-accelerated cleavage kinetics within a predefined half-time window. Protease dependence is enforced by repeating selections in tester strains with CRISPRi/inducible DegP, and off-pathway cleavage is controlled using ompT+ / ompT− comparisons and serum cleavage assays.

Resolves genotype–phenotype coupling and expression-burden artifacts: Selection is redesigned around the locked exogenous dosing modality. Variants are evaluated as extracellular agents acting on naive clinical E. coli within droplets, decoupling antimicrobial phenotype from intracellular expression toxicity or envelope-stress induction in the producer. Barcoding maintains genotype linkage across rounds.

Aligns selection readout with MIC-shift claims: The droplet screen jointly measures (i) activation (FRET cleavage), (ii) OM permeabilization (NPN/OM reporter), and (iii) antibiotic potentiation (survival under sub‑MIC antibiotic). This directly selects for the proposed MIC-lowering mechanism rather than generic growth inhibition. The final readout uses standardized CLSI MIC and FIC synergy mapping against clinical isolates, matching the therapeutic claim.

Grounded in prior art/toolbox: The MIC-centric validation aligns with established antimicrobial testing practices (Asset 1). Directed evolution is applied as phenotype-first selection rather than binding optimization (Assets 2–3), with high-throughput droplet sorting used to evolve functional activity under clinically relevant constraints (MIC reduction and conditional activation).","The proposal is unusually specific and addresses a common translational artifact (intracellular-expression selection) with a well-motivated droplet architecture. Mechanistic claims are mostly coherent (stress-elevated DegP flux → accelerated cleavage → OM-first permeabilization → antibiotic potentiation), and the plan includes appropriate orthogonal validation (fractionation/LC-MS, purified DegP kinetics, CLSI MIC/FIC). However, several critical feasibility and logic gaps remain: (1) Periplasmic access from exogenous protein is assumed but not quantitatively de-risked; porin transit and/or OM lesion entry for a cystatin-sized fusion may be too rare/slow to achieve the proposed 5–30 min cleavage half-time without already substantial OM disruption, creating circularity in the mechanism (needs OM access to get cleavage, needs cleavage to get OM permeabilization). (2) DegP is primarily a periplasmic QC protease with complex substrate recognition and compartmentalization; designing linkers with predictable in vivo kcat/KM and stress-specific flux may be less controllable than implied, and stress induction by “sub-MIC OM-excluded antibiotics” is not guaranteed to raise DegP activity in the periplasm of the tester cells in a manner separable from global growth effects. (3) The OM-first selectivity constraint is stated but not connected to quantitative biophysical design criteria (e.g., target LPS binding constants, partitioning energetics, or sequence-structure relationships) and may be hard to enforce solely with NPN/PI timing gates in droplets (signal timing can be confounded by dye kinetics, cell density, and droplet microenvironment). (4) The selection readout for “antibiotic potentiation” inside droplets risks enrichment for generic stress inducers or metabolically inhibitory constructs that synergize nonspecifically, unless antibiotic uptake/target engagement is directly verified (e.g., rifampicin intracellular accumulation). (5) Safety/deactivation logic is incomplete: cystatin itself is a protease inhibitor scaffold that could have unintended interactions; serum proteases and bacterial surface proteases (OmpT) could generate active AMP extracellularly, undermining stress-conditionality and increasing host toxicity—controls are mentioned, but a concrete design path for protease-orthogonality is not fully developed."
"Carbon-number-resolved metabolite ion fingerprints can predict *specific, designable shifts* in protein helix geometry **only when conditioned on direct metabolite–protein engagement and constrained to an observable helix-parameter subspace**. We hypothesize that a small subset of bound metabolites/cofactors (validated by occupancy and affinity measurements) modulate local dielectric screening, side-chain packing, and heptad-register energetics at helix interfaces, leading to reproducible changes in *helical phase and superhelical pitch* (but not all Crick parameters). By explicitly measuring metabolite occupancy and restricting inference to helix parameters demonstrably observable from CD, HDX-MS, and XL-MS, a joint isotopologue-calibrated proteome–metabolome model can achieve identifiability and transferability that abundance-only or unconstrained multi-omic correlations cannot. The refined approach overcomes prior limitations by (i) separating functional ligand binding from global metabolic flux, (ii) mathematically constraining the structural degrees of freedom to the designable coiled-coil manifold, and (iii) embedding causal interventions (metabolite titrations and helix-interface mutations) directly into the generative model.","Step 0: Pre-registration and identifiability analysis.
0.1 Pre-register a *minimal observable helix-parameter set*: helical phase (Δφ) and superhelical pitch (P). Helical frequency and radius are treated as nuisance parameters with tight priors derived from coiled-coil statistics (>95% of natural structures within 1 Å RMSD). Explicitly state that CD informs total helicity (constraint on ensemble weight), HDX-MS informs protection factors mapped to phase-dependent interface burial, and XL-MS provides sparse restraints on inter-helical distances sufficient to localize Δφ and P but not absolute radius.
0.2 Perform simulation-based identifiability tests: generate synthetic coiled-coil ensembles with known Δφ and P, forward-simulate CD, HDX, and XL-MS signals (including noise and linker ambiguity), and demonstrate recovery within target RMSE (Δφ ≤ 10°, P ≤ 5%). Use this to define minimal replicate numbers and variant counts.

Step 1: System selection and perturbation design.
1.1 Select a helix-driven protein with documented metabolite/cofactor regulation (e.g., a coiled-coil transcriptional regulator or helical enzyme requiring a small-molecule cofactor). Engineer helix-interface variants predicted (via Rosetta/Crick parameter sensitivity) to selectively alter dielectric sensitivity without changing oligomeric state.
1.2 Pre-define causal perturbations: (a) metabolite titration series around physiological KD; (b) biosynthetic inhibition to modulate intracellular levels; (c) interface mutations as orthogonal interventions.

Step 2: Hard target-engagement layer.
2.1 Measure direct metabolite binding/occupancy using *native MS* (stoichiometry and KD), *thermal shift/DSF* with purified protein and defined metabolites, and *CETSA/TPP* in cells to confirm engagement under experimental conditions.
2.2 Use isotopically labeled metabolite analogs where feasible to confirm specificity (competition assays). Encode occupancy (θ) as an observed or tightly informed latent variable.

Step 3: Quantitative proteomics and controlled metabolomics.
3.1 Generate multiplexed QconCAT constructs via wheat-germ cell-free synthesis to absolutely quantify: (a) target protein isoforms/PTMs; (b) oligomerization sentinels; (c) pathway enzymes producing candidate ligands.
3.2 Perform stable-isotope-assisted LC–MS/MS (fully 13C vs unlabeled substrates). Process data with an MS-DIAL/MS-FINDER-derived pipeline enforcing carbon-determined ion grouping, but *restrict features to mechanistically proximal metabolites*: validated ligands/cofactors and pathway sentinels.
3.3 Explicitly quantify global-state controls: ATP/ADP, NAD(H)/NADP(H), pH/ionic strength proxies, growth rate, and major PTMs (phosphorylation/acetylation) to model confounding.

Step 4: Structural readouts.
4.1 Acquire CD spectra for helicity constraints; HDX-MS for residue-level protection factors; XL-MS with defined linker lengths for helix–helix distance restraints. Map each modality to likelihood functions over Δφ and P only.

Step 5: Generative modeling.
5.1 Define a probabilistic model: p(Data | Δφ, P, θ, A, C) where A = absolute protein abundance/isoform state (QconCAT-calibrated) and C = controlled covariates (energy/redox/pH).
5.2 Priors: strong priors on coiled-coil designability (Crick-parameter distributions), physicochemical coupling terms linking θ to Δφ/P via electrostatic screening and hydrophobic packing energies.
5.3 Causal structure: explicit do-operators for metabolite titration and genetic variants. Train on a subset of variants/conditions; validate transfer on held-out variants and unseen metabolite perturbations.

Step 6: Validation and benchmarking.
6.1 Compare inferred Δφ/P against orthogonal structural data and, for a subset, high-resolution structures.
6.2 Benchmark against proteomics-only, metabolomics-only, and unconstrained models. Report RMSE, credible interval coverage, and robustness to confounders.
6.3 Demonstrate functional prediction (e.g., complex assembly or activity) linked to inferred helix geometry.","This revision directly addresses identifiability and causality. Target engagement is no longer inferred but measured (native MS, DSF, CETSA), converting metabolomics from correlational context to mechanistic input. By pre-registering and restricting inference to helix parameters demonstrably observable from CD/HDX/XL-MS, the structural mapping becomes mathematically well-posed. Carbon-number constraints improve metabolite annotation, but mechanistic proximity and occupancy filtering prevent high-dimensional overfitting. The generative model is explicitly defined with modality-specific likelihoods, strong designability priors grounded in coiled-coil geometry, and causal interventions to test transfer. Empirically, all components are established technologies (13C metabolomics, QconCAT proteomics, HDX/XL-MS), but their integration with hard engagement measurements and parameter-space restriction yields a uniquely identifiable framework suitable for biomedical systems where metabolite-regulated conformational ensembles drive function.","This is a technically sophisticated and unusually well-posed proposal that directly confronts identifiability and causality, a major weakness in prior multi-omic structure–function studies. The integration of native MS/CETSA for occupancy, QconCAT-calibrated proteomics, isotope-resolved metabolomics, and constrained structural inference is logically coherent and methodologically credible. The principal deduction arises from a mild concept-chain mismatch: the target chain includes helical frequency, whereas the proposal explicitly treats it as a nuisance parameter and excludes it from inference—scientifically defensible, but it weakens strict adherence to the stated chain. Secondary risk stems from system complexity: simultaneous execution of HDX-MS, XL-MS, native MS, and causal modeling across variants may strain throughput and statistical power, even with pre-registered identifiability tests."
"Podocyte immaturity and phenotype blunting in PSC kidney organoids arise because glomerulus-scale mechano-chemical coupling is missing: in vivo, podocyte precursors experience cyclic capillary wall strain (transmitted through the nascent GBM) that periodically engages integrin–FAK/Src–RhoA/ROCK and mechanosensitive Ca2+ entry (TRPC6/PIEZO1/2), which (i) stabilizes actin stress fibers and α-actinin-4/synaptopodin networks, (ii) promotes slit-diaphragm assembly (nephrin/podocin/MAGI2 complex) and endocytic maturation, and (iii) sensitizes podocytes to spatially restricted endothelial angiocrine cues (VEGF-A, Ang1, S1P) that are naturally presented in pulses and gradients as capillary mechanics evolve. Standard static organoids provide diffuse, constant growth-factor exposure without a deforming, glomerular-like endothelium/GBM, causing desensitization and mis-timed signaling, attenuated cytoskeletal tension, fetal-like transcriptional states, and weak filtration phenotypes.

We hypothesize that an engineered “strain-indexed angiocrine glomerulus-on-organoid” that (a) delivers a quantified, physiologic cyclic circumferential strain to the podocyte-facing ECM/GBM mimic (5–10% peak-to-peak cyclic strain at 1–2 Hz with a cardiac-like waveform) while (b) synchronizing angiocrine delivery to the measured strain phase via a fully characterizable microfluidic dosing module (replacing high-risk strain-sensitive liposomes) will enforce a developmental program yielding mature podocytes (high NPHS1/NPHS2/SYNPO/PODXL/MAGI2; organized slit diaphragms; foot-process ultrastructure; improved albumin sieving) and will amplify disease-model sensitivity (APOL1, NPHS2, WT1) versus conventional static organoids. Mechanistic causality will be established by preregistered factorial isolation of shear vs strain, constant vs pulsatile factor kinetics, EC presence vs soluble-only signaling, and ±pericyte stabilization, with glomerulus-specific vascular/GBM benchmarks to ensure the interface is authentically glomerular (fenestration, glycocalyx, and GBM isoforms).","A. Cell sources, differentiation, and genetic disease models
A1. Nephrogenic progenitors and early nephron patterning (organoid input): Differentiate hiPSCs using a staged, chemically defined protocol to generate intermediate mesoderm → SIX2+/CITED1+ metanephric mesenchyme-like nephron progenitors and UB-like epithelium (e.g., Activin A/BMP4/retinoic acid followed by GDNF), then aggregate to initiate nephron patterning in 3D. Timing target: day 8–12 aggregates containing renal vesicle/early S-shaped body domains with presumptive podocyte lineage adjacent to stromal/epithelial compartments.
A2. Vascular compartment (isogenic): Differentiate matched hiPSC-derived endothelial cells (ECs) and pericyte-like mural cells. EC quality control: VE-cadherin (CDH5)+, PECAM1+, KDR+, low VCAM1 at baseline; optional induction toward glomerular-like EC phenotype using shear-conditioning plus VEGF/Ang/TGFβ tuning.
A3. Disease alleles (optional arm): Create isogenic mutant/control lines (APOL1 G1/G2; NPHS2 loss-of-function; WT1 haploinsufficiency) via base editing/CRISPR with clonal validation (Sanger/amplicon-seq; off-target panel) to benchmark phenotype separability.

B. Device architecture with quantitative mechanical specification
B1. Two-compartment microfluidic “glomerular loop ↔ organoid” chip:
- Upper (vascular) channel: EC-lined, perfusable loop over an elastic membrane.
- Lower (organoid) chamber: docking cradle that positions day 8–12 renal aggregates against the membrane interface.
- Interface: nanoporous, thin elastic membrane coated on both sides with an engineered GBM-mimetic ECM.
B2. Membrane/ECM targets (glomerular relevance and strain transmission):
- Membrane thickness: 10–30 µm (thin enough to transmit strain; thick enough for handling).
- Pore size/density: 0.4–1.0 µm pores with high areal density to permit paracrine exchange while preventing bulk cell transmigration.
- GBM-mimetic coating: laminin-521 + collagen IV (α3/α4/α5-enrichment strategy over time) + heparan sulfate proteoglycan mimic (e.g., agrin/perlecan fragments or heparan-sulfate presenting hydrogel layer) to support podocyte adhesion and EC glycocalyx retention.
B3. Quantitative mechanical design targets (primary setpoints):
- Cyclic strain at podocyte-facing ECM: 5–10% peak-to-peak (εpp) biaxial strain, centered at 2–5% mean strain, applied as a cardiac-like waveform.
- Frequency: 1.0–2.0 Hz (60–120 cycles/min), with an option to developmentally ramp (e.g., week 1: 0.5–1 Hz at 3–5% εpp; week 2–3: 1–2 Hz at 5–10% εpp).
- Vascular pressure amplitude: tuned to achieve target strain; starting design target ΔP 10–30 mmHg across the elastic segment, with closed-loop control.
- Shear stress control in vascular channel: matched mean flow across conditions (target 0.5–2 dyn/cm^2) to decouple shear from strain.

C. Direct metrology and strain transfer verification (mandatory in situ validation)
C1. Finite-element modeling (FEM) before fabrication: Build a coupled fluid–structure interaction model to predict membrane strain fields, pore-induced stress concentrations, and attenuation through ECM thickness into the organoid-facing layer. Deliverables: (i) spatial strain maps at the podocyte interface, (ii) sensitivity to membrane thickness/Young’s modulus, (iii) predicted strain gradient length scale relative to glomerular domain size.
C2. In situ membrane strain mapping: Embed fluorescent fiducial markers (microbeads or photopatterned markers) in/onto the membrane; quantify 2D strain fields during pulsation using high-speed imaging and digital image correlation (DIC). Acceptance criterion: measured εpp within ±10% of target across ≥70% of the docking region.
C3. ECM and organoid-facing deformation readouts: Use traction/ECM deformation assays at the organoid-facing layer (e.g., fluorescently labeled ECM fibers or compliant thin hydrogel overlayer with bead displacement) to quantify strain transmission into the podocyte adhesion plane. Acceptance criterion: ≥50% of membrane εpp transmitted to the podocyte-facing ECM within the targeted glomerular contact zone (to be refined by FEM-informed thresholds).

D. Replace/de-risk strain-gated release: synchronized, characterizable angiocrine dosing
D1. Primary implementation (preferred): microfluidic pulsatile factor injection synchronized to measured strain.
- Add a dedicated “angiocrine dosing” microchannel that delivers VEGF-A165, Ang1, and S1P to the vascular side (or interfacial microgrooves) as pulses phase-locked to strain (e.g., peak systolic strain), using a programmable pressure pump/valve.
- Define pulse parameters: pulse width 5–30 s; duty cycle 5–20%; inter-pulse interval determined by frequency (1–2 Hz) or lower-frequency envelopes (e.g., burst trains every 5–10 min) depending on receptor kinetics.
- Concentration targets (starting points; to be titrated): VEGF-A165 1–10 ng/mL equivalent at the interface; Ang1 50–200 ng/mL; S1P 0.1–1 µM, with albumin-carrier control.
D2. Kinetics benchmarking and stability over multi-week culture:
- Use fluorescently labeled surrogates (e.g., FITC-dextran matched MW; labeled VEGF analogs where feasible) to quantify at-interface concentration vs time, pulse fidelity, dispersion into organoid chamber, and baseline leakage.
- Predefine release metrics: burst amplitude (Cmax), baseline leak (Cbaseline/Cmax < 0.05), pulse-to-pulse reproducibility (CV < 20%), and stability over 14–21 days (no monotonic drift >30% in Cmax under constant settings).
D3. Backup alternative (if microfluidic pulsing perturbs ECs): immobilized, cleavable presentation.
- Use enzyme-cleavable or photo-cleavable tethering of VEGF/Ang1 to the interfacial ECM with externally controlled activation windows (short exposures) while maintaining continuous mechanical strain; quantify cleavage kinetics and residual tethered fraction.

E. Building an authentically glomerular vascular/GBM interface (benchmarked)
E1. EC specialization and fenestration/glycocalyx benchmarks:
- Evaluate glomerular EC features: PLVAP (fenestration-associated), KDR, EMCN, low VWF (context-dependent), and ultrastructural fenestration by TEM/SEM where feasible.
- Glycocalyx characterization: lectin staining (e.g., WGA), heparan sulfate immunostaining, and enzymatic sensitivity (heparinase) to confirm presence/function.
E2. GBM composition benchmarks:
- Track collagen IV α3/α4/α5 and laminin-521 enrichment at the interface (immunostaining, targeted proteomics).
- Confirm correct spatial juxtaposition: podocyte markers on organoid side, EC markers on vascular side, GBM proteins concentrated in between.

F. Preregistered factorial experimental design to establish causality (minimum set)
F1. Factorial variables (2-level each; preregistered):
- EC perfusion: +EC perfused vs –EC (acellular channel with matched factor delivery) to isolate EC-derived effects.
- Strain: +cyclic strain (5–10% εpp) vs –strain (rigid membrane or zero pulsation) with matched mean flow to isolate strain.
- Factor kinetics: pulsatile (phase-locked) vs constant (same time-averaged dose) to isolate kinetics.
- Pericytes: +pericytes vs –pericytes to test stabilization/GBM remodeling contribution.
This yields a 2^4 design (16 conditions) executed in two staged blocks if necessary (screening block then confirmatory block), with randomization and batch-balanced organoid allocation.
F2. Primary endpoints (predefined):
- Functional: albumin sieving curve shift (FITC-albumin + size series dextrans) quantified as permeability/sieving coefficient across the interface; success criterion ≥2-fold improvement in albumin retention (reduced leakage) vs static baseline.
- Cellular: mature podocyte fraction by scRNA-seq (fraction of NPHS1/NPHS2/SYNPO/PODXL-high, stromal-low cells) with predefined gating/annotation; success criterion ≥1.5–2× increase vs baseline organoids.
F3. Secondary endpoints:
- Slit diaphragm organization (nephrin/podocin/MAGI2 spatial co-localization), actin architecture (α-actinin-4, synaptopodin), endocytic maturation markers, and ultrastructure (TEM foot process-like interdigitations).
- Vascular/GBM authenticity: fenestration markers, glycocalyx metrics, collagen IV/laminin isoform distribution.

G. Mechanism tests (node perturbations) with isolation of strain vs shear
G1. Mechanotransduction perturbations (performed on top-performing condition and matched controls):
- Integrin β1 blockade or FAK inhibition; ROCK inhibition; TRPC6 and PIEZO1/2 modulation; YAP/TAZ pathway modulation.
- Readouts: phosphorylation states (FAK/Src), nuclear YAP localization, Ca2+ transients (genetically encoded indicators), actin remodeling metrics, and rescue experiments (e.g., partial ROCK rescue windowing if over-inhibition impairs differentiation).
G2. Shear/strain decoupling: maintain identical mean shear across +strain/–strain arms; include a “high shear, low strain” geometry control if needed.

H. Disease modeling sensitivity
H1. Compare mutant vs isogenic control across (i) static organoids, (ii) perfused/no strain, (iii) strain + constant factors, (iv) strain + pulsatile factors.
H2. Phenotypes: baseline barrier leak, cytoskeletal derangements, susceptibility to podocyte stressor (e.g., puromycin aminonucleoside) quantified by leak kinetics, cytoskeletal imaging, and transcriptional stress signatures.
H3. Success: increased effect size and separability (e.g., Cohen’s d) in coupled system relative to static, demonstrating amplified modeling sensitivity rather than generic maturation alone.

I. Reproducibility and QC
I1. Multi-line benchmarking: ≥3 hiPSC donors; ≥3 independent differentiations per donor; mixed-effects modeling for batch/donor.
I2. Device QC: strain map verification for each chip batch; factor pulse fidelity validation weekly.
I3. Go/no-go gates: (i) strain transmission acceptance, (ii) pulse leak acceptance, (iii) EC viability/inflammation (VCAM1/ICAM1 low), (iv) absence of gross hypoxia/necrosis in organoid chamber.

Timeline (indicative): Months 0–3 FEM + chip iteration + metrology validation; Months 3–6 establish organoid docking and EC/pericyte stabilization + GBM benchmarks; Months 6–12 execute preregistered factorial with primary endpoints; Months 12–18 mechanism perturbations + disease-allele sensitivity analysis.","1) Quantitative mechanical rigor and direct verification: The revised plan defines explicit strain (5–10% εpp), frequency (1–2 Hz), waveform, shear targets, and acceptance criteria. It adds FEM-informed design and mandatory in situ strain mapping (DIC via fiducials) plus organoid-facing ECM deformation measurements, addressing the prior assumption that membrane strain reaches the podocyte interface.

2) De-risked, characterizable angiocrine delivery: The highest-risk “strain-sensitive liposome/piezoelectric microdomain” concept is replaced by a controllable microfluidic dosing line that phase-locks angiocrine pulses to measured strain. This approach is readily calibrated (Cmax, baseline leak, CV, multi-week drift) using fluorescent surrogates and/or labeled factors, and has clear failure-mode mitigations (backup cleavable-tether presentation). This directly addresses leakiness, depletion, batch variability, and cytotoxicity concerns.

3) Causal specificity via preregistered factorial design: A 2^4 factorial (±EC, ±strain with matched mean flow, pulsatile vs constant factor kinetics at matched mean dose, ±pericytes) with preregistered primary endpoints (albumin sieving curve; mature podocyte fraction by scRNA-seq) separates the contributions of shear, strain, EC contact/paracrine support, factor kinetics, and mural stabilization—preventing attribution drift when multiple variables change simultaneously.

4) Authentic glomerular interface benchmarks: The plan adds glomerulus-specific vascular/GBM criteria (fenestration-associated markers, glycocalyx assays, collagen IV α3/α4/α5 and laminin-521 distribution) to ensure the engineered interface is not merely generic endothelium-on-membrane, reducing confounding and strengthening mechanistic interpretation.

5) Alignment with renal organoid differentiation literature and concept chain: The nephrogenic progenitor generation and nephron patterning steps are grounded in chemically defined PSC differentiation protocols that produce SIX2+/CITED1+ progenitors and nephron lineages (including podocyte precursors). The engineering addition is narrowly targeted to the known missing in vivo cues (capillary deformation + spatially timed angiocrine signaling) that are plausibly required for actin/slit diaphragm/endocytic maturation and thus improved filtration phenotypes and disease-model sensitivity.","This is a strong, unusually well-specified mechanobiology proposal: mechanical setpoints, shear/strain decoupling, in situ strain metrology, dosing kinetics QA, and a preregistered factorial to establish causality are all major strengths. Score deductions are mainly due to remaining biological and physical confounds that are not fully closed. (i) The central mechanistic claim—glomerulus-scale circumferential capillary strain transmitted through GBM as a developmental driver—remains plausible but under-anchored to quantitative in vivo benchmarks (actual podocyte/GBM strain amplitudes over development, frequency content beyond heart rate, and how these map onto 5–10% εpp at the adhesion plane). Without those benchmarks, the chosen strain envelope risks being arbitrary or supra-/sub-physiologic. (ii) The interface may not reproduce key glomerular boundary conditions: true capillary curvature, 3D tuft architecture, and the spatial localization of podocyte precursors relative to an invading capillary loop; a planar membrane can generate non-glomerular stress states and signaling topology even if strain magnitude matches. (iii) The functional readout (albumin/dextran sieving across an engineered membrane interface) can be dominated by membrane/EC junction tightness, pore properties, and ECM coating integrity rather than podocyte slit diaphragm function; without a clear method to attribute barrier changes to podocytes (vs EC layer vs membrane), interpretation may remain ambiguous. (iv) The proposal assumes timed soluble “angiocrine pulses” are the missing feature, but in vivo many cues are matrix-bound or contact-mediated; pulsing VEGF/Ang1/S1P may not recreate localized presentation, and receptor desensitization/adaptation kinetics are not yet used to justify pulse widths/duty cycles. (v) Throughput/replication burden is high: 16 conditions × multiple donors/differentiations × multi-week culture with tight mechanical and dosing QC is feasible but operationally demanding; power/statistics are mentioned (mixed-effects) but not concretely tied to expected effect sizes/variance for the primary endpoints."
"In PSC-associated IBD, microbiome-defined inflammatory states (Fusobacterium-enriched Crohn’s-like mucositis vs Enterococcus-linked cholangitis-associated intestinal state) drive a reproducible mucosal epithelial response characterized by (i) increased SERPINB1 transcription in inflamed epithelium and (ii) selective protection of SERPINB1 transcripts from extracellular RNase through packaging into RNase-resistant compartments at the mucosal surface—principally extracellular vesicles (EVs) and/or mucus-associated ribonucleoprotein (RNP) condensates—rather than assuming abundant freely soluble intact luminal mRNA. This protection is hypothesized to be mediated by a specific post-transcriptional regulatory module consisting of SERPINB1-targeting miRNAs (AGO2-loaded) and inflammation-linked lncRNAs (including MALAT1 as a benchmark), together with RBPs, which stabilize SERPINB1 and bias it toward apical release (EV loading and/or mucus-layer retention). Therefore, an endoscopically deployable RNase-gated mucosal “RNA-capture patch” will be engineered not as a generic hybridization sampler, but as a compartment-disambiguating sampler that separately quantifies (A) EV-protected SERPINB1, (B) non-EV/RNP/mucus-protected SERPINB1, and (C) injury/lysis-derived RNA, while simultaneously validating physical SERPINB1–ncRNA association using gold-standard interaction mapping (AGO2-RIP/CLIP and SERPINB1 antisense capture) in matched patient material and organoid models. This refined design overcomes reviewer-identified limitations by: (1) explicitly testing RNase-protection and EV dependence of the captured signal, (2) enforcing mechanistic proof of SERPINB1–ncRNA association beyond surface co-capture kinetics, and (3) applying quantified engineering acceptance criteria and a staged pivot to a simpler mucosal wash/brush capture if in situ hybridization under mucus is not reproducible.","STAGE 0 — Pre-registration, narrowing of clinical claim, and power
0.1 Primary pre-registered clinical discrimination (single primary endpoint): Within PSC-IBD (PSC-UC + PSC-Crohn’s combined initially), classify HIGH vs LOW endoscopic inflammation (e.g., Mayo endoscopic subscore ≥2 or SES-CD ≥7; harmonized by segment) using the patch-derived compartment-resolved SERPINB1 signal. Secondary discrimination (pre-registered): PSC-Crohn’s vs Crohn’s-only (exploratory unless powered).
0.2 Power (explicit): Target n=120 PSC-IBD total (60 HIGH, 60 LOW) to detect an AUC of 0.75 vs 0.5 with 80% power at α=0.05 (bootstrap/DeLong), assuming balanced classes; enroll additional comparator groups for mechanistic anchoring but do not claim primary clinical performance in them.
0.3 Mediation (exploratory): Microbiome taxa → patch SERPINB1 compartment signal → fecal calprotectin/endoscopic score; only confirmatory if longitudinal intervention cohort is achieved (see Stage 4).

STAGE 1 — Cohort design with compartment controls and injury quantification
1.1 Prospective, multi-center enrollment (target n per group): PSC-IBD (n=120, primary analysis), Crohn’s-only (n=50), PSC-only (n=40), healthy colonoscopy controls (n=40). PSC-UC and PSC-Crohn’s are recorded separately but pooled for the primary HIGH/LOW inflammation task.
1.2 Standardized sampling sites and paired luminal material:
- At colonoscopy: 2 inflamed and 2 non-inflamed sites when present; otherwise 2 standardized sites (ascending + sigmoid/rectum; ileum if intubated).
- For each site, collect: (i) patch sample, (ii) paired mucosal surface wash (10–20 mL sterile RNase-free isotonic buffer sprayed and immediately re-aspirated), (iii) minimal biopsy (2–3 mm) for histology and orthogonal molecular assays.
1.3 Mandatory injury/lysis readouts (site-specific):
- Luminal wash: LDH activity (U/L) and calprotectin; hemoglobin/occult blood.
- Patch eluate and wash RNA QC: EPCAM and KRT8/18 mRNA (epithelial content), PTPRC (immune cell), 18S/28S rRNA ratio or rRNA fraction, and mitochondrial rRNA; high rRNA + high EPCAM triggers “possible lysis” flag.
- Histology: epithelial denudation score at sampled sites.
1.4 Confounder capture and harmonization:
- Medications: antibiotics (past 8 weeks), UDCA, biologics, steroids, bile-acid binders.
- Bowel prep timing/type; stool consistency (Bristol score) and fecal microbial load.
- PSC severity: ALP, bilirubin, MELD, imaging stage.

STAGE 2 — Device engineering refined into measurable specs, compartment-disambiguation, and acceptance criteria
2.1 Patch architecture (catheter deliverable, 8–12 mm contact diameter; contact time 60 s standard, 120 s optional):
Layer A (Mucus interface + RNase gating):
- Hydrogel: PEG-based, 5–10 kPa compressive modulus; thickness 200–400 µm to conform without abrasion.
- RNase inhibitor immobilization: covalently tethered recombinant RNase inhibitor (RI) or small-molecule RNase inhibitor moieties; plus diffusible RI (low µg range) released locally for 60–120 s.
- Mucolytic microdomains: low-dose thiol functionality (e.g., N-acetylcysteine-like chemistry) embedded as micro-islands (<5% area fraction) to reduce mucus viscosity without epithelial permeabilization.
- Safety constraint: no chaotropes, no detergents in Layer A.
Layer B (Compartment-specific capture zones; three physically separated microdomains on the same patch to prevent artifactual mixing):
- Zone B1 “Total protected RNA capture”: LNA/2’-O-methyl capture probes (18–22 nt, Tm 65–75°C in physiological salt) targeting SERPINB1 near polyA-adjacent region and an exon–exon junction; includes spike-in standards tethered for process control.
- Zone B2 “EV-enrichment capture”: anti-CD63/anti-CD81 aptamer or antibody-functionalized region to bind EVs; within the EV-capture region, SERPINB1 probes are co-present to capture EV-associated SERPINB1 after on-patch EV lysis step (see 2.3).
- Zone B3 “Non-EV/RNP/mucus capture”: lectin/mucin-binding chemistry minimized; instead, capture relies on direct hybridization plus an RBP/RNP capture handle (e.g., oligos designed for RNase H–free capture; optional anti-AGO2 or anti-HuR microspot to retain RNPs for downstream mapping).
2.2 Hybridization kinetics acceptance criterion (in mucus):
- Bench-defined requirement: ≥1,000 SERPINB1 copies/cm² captured from a standardized mucus surrogate containing 10^4 copies/mL SERPINB1 fragments/EVs within 60 s contact; coefficient of variation (CV) ≤25% across operators.
- In vivo feasibility threshold: detectable SERPINB1 above LOD in ≥80% of inflamed sites with 60 s contact; otherwise move to 120 s or pivot (Stage 3.4).
2.3 On-patch compartment disambiguation assays (mandatory, orthogonal):
(A) RNase protection + detergent disruption series (applied to paired wash and to patch eluate aliquots):
- Condition 1: no treatment.
- Condition 2: RNase A/T1 exposure (defined units, 10 min, 37°C).
- Condition 3: mild detergent (0.1% Triton X-100 or equivalent) then RNase A/T1.
Interpretation: EV-protected RNA is resistant in Condition 2 but becomes sensitive in Condition 3; non-EV RNP/mucus-protected RNA shows intermediate behavior; free RNA is sensitive in Condition 2.
(B) Size fractionation of wash/eluate (orthogonal to RNase test):
- Rapid SEC or ultrafiltration split: >100 nm (EV-enriched) vs <100 nm (non-EV) fraction; quantify SERPINB1 in each.
(C) EV marker quantification:
- On eluate fractions: CD63/CD81 protein by immunoassay; EV-miRNA controls (e.g., miR-21) to confirm EV capture competence.
2.4 Limits of detection and integrity criteria (pre-set):
- ddPCR LOD: ≤10 copies/reaction for SERPINB1; report copies/cm².
- Integrity: dual-amplicon ddPCR (short ~70 bp and long ~200 bp). High fragmentation index (short/long ratio above threshold) is reported and used to interpret “intact transcript” claims conservatively.
- Intactness claim restricted: “intact/polyadenylated” only if polyA-tail anchored capture + long-amplicon detection + RNase protection pattern are consistent.

STAGE 3 — Analytical workflows: quantification, injury controls, and interaction mapping replacing proximity-only claims
3.1 Primary patch readout (per site):
- Compartment-resolved SERPINB1 signal:
  S_total (Zone B1), S_EV (Zone B2 with EV disruption step), S_nonEV (Zone B3).
- Compute derived metrics: EV fraction = S_EV / S_total; injury index = z(LDH in wash) + z(EPCAM/KRT8 on patch) + z(rRNA fraction).
3.2 Paired luminal wash readout:
- Apply the same RNase±detergent protection series and size fractionation to wash to independently validate compartment attribution.
3.3 Gold-standard interaction/causality mapping (mandatory; replaces reliance on 10–50 nm co-capture claims):
(A) AGO2-RIP/targeted CLIP (patient biopsies + organoids):
- Immunoprecipitate AGO2; quantify enrichment of SERPINB1 mRNA and candidate miRNAs by ddPCR; in a subset, perform targeted small RNA sequencing.
- Acceptance criterion for “miRNA involvement”: significant enrichment of SERPINB1 in AGO2-IP vs IgG with concordant candidate miRNA enrichment, preferentially in inflamed/high SERPINB1 sites.
(B) SERPINB1 antisense capture (RAP/ChIRP-like) in biopsies/organoids:
- Use biotinylated antisense oligos tiled across SERPINB1; pull down complexes; detect co-associated ncRNAs (candidate miRNAs/lncRNAs incl. MALAT1) by ddPCR or targeted RNA-seq.
- Include stringent wash conditions and RNase controls to differentiate direct/complex-mediated association.
(C) Causality perturbation in organoids:
- Antagomirs/ASOs against top candidate miRNAs/lncRNAs; measure SERPINB1 mRNA half-life (4sU pulse-chase), EV loading (EV isolation + SERPINB1 ddPCR), and patch-capture signal from apical media.
- Acceptance criterion: perturbation decreases SERPINB1 stability and/or shifts compartment distribution (EV fraction) without inducing overt cell death (LDH, caspase activity).
3.4 Pivot rule (staged feasibility milestone):
- If in vivo patch capture fails reproducibility (CV>30% across repeat applications in same segment) or injury index is systematically elevated vs biopsy-only control, pivot to “mucosal wash/brush capture” workflow:
  - Standardized brush with immediate immersion in RI buffer; then apply the same compartment-disambiguation (RNase±detergent, SEC) and interaction mapping. Clinical endpoint remains unchanged.

STAGE 4 — Microbiome and bile acid integration with confounder control; longitudinal add-on for mediation support
4.1 Stool microbiome absolute quantification:
- Spike-in standards + shotgun metagenomics; compute absolute abundances of Fusobacterium, Enterococcus, Veillonella and Bacteroides 2 enterotype assignment; total microbial load.
- Confounder adjustment explicitly includes stool consistency and microbial load (per Asset 3).
4.2 Targeted bile acids (LC-MS) in stool and serum:
- Quantify PSC-related bile acid dysregulation as a mechanistic covariate influencing mucus/RNase environment and EV release.
4.3 Optional longitudinal sub-study (to support mediation/causality):
- In patients undergoing clinically indicated antibiotics, bile-acid modulation, or biologic initiation, repeat flexible sigmoidoscopy/limited sampling at 8–12 weeks (where clinically justified) to test whether microbiome shifts precede changes in compartment-resolved SERPINB1 signal and inflammation.

STAGE 5 — Statistical plan aligned to narrowed claims
5.1 Primary model (confirmatory):
- Outcome: HIGH vs LOW endoscopic inflammation within PSC-IBD.
- Predictors: S_total, EV fraction, fragmentation index, plus injury index as exclusion/sensitivity covariate.
- Report: AUC with nested cross-validation; calibration; decision-curve analysis.
5.2 Key sensitivity analyses:
- Exclude high-injury samples (predefined injury index threshold).
- Segment-stratified models (ascending vs sigmoid/rectum).
- Medication-stratified or propensity-adjusted analyses (antibiotics, biologics, UDCA).
5.3 Exploratory (clearly labeled):
- Taxa associations with S_EV vs S_nonEV; interaction terms (Fusobacterium vs Enterococcus).
- Mediation only in longitudinal sub-study; otherwise treated as hypothesis-generating.

Deliverables (what will be reported, not implied):
- Evidence that the captured SERPINB1 signal is EV-protected and/or RNP/mucus-protected (RNase±detergent + SEC + EV marker support), evidence that sampling does not induce lysis (LDH/EPCAM/rRNA), and evidence of SERPINB1–ncRNA association (AGO2-RIP/CLIP + SERPINB1 antisense capture) with perturbation-based causality in organoids.","Addresses (i) compartment ambiguity: The revised approach no longer presumes abundant free intact luminal mRNA. It explicitly quantifies RNase-protected RNA and disambiguates EV-associated vs non-EV RNA using two orthogonal axes—RNase protection with detergent disruption and size fractionation—applied both to patch eluate and paired mucosal washes. EV marker measurements (CD63/CD81) provide independent confirmation. This directly operationalizes the reviewer’s requirement to distinguish EV-associated, mucus/RNP-protected, and freely degradable RNA.

Addresses (ii) “native RNA–RNA complex” rigor: The proposal removes reliance on proximity co-capture as proof of interaction. Instead, it implements gold-standard interaction mapping: AGO2-RIP/CLIP to test miRNA involvement (AGO2 loading of SERPINB1) and SERPINB1 antisense pull-down (RAP/ChIRP-like) to detect physically associated ncRNAs. These are performed in matched patient biopsies and in organoid models, and paired with perturbation (antagomirs/ASOs) plus 4sU pulse-chase to establish causal effects on SERPINB1 stability/export. Proximity capture on the patch, if retained, is treated as a supportive, not decisive, signal.

Addresses (iii) RNase-gating and in vivo kinetics: Engineering is translated into measurable acceptance criteria (capture efficiency per cm², LOD, CV, fragmentation index thresholds) and is designed to minimize injury (no chaotropes/detergents at mucosal interface; limited mucolytic microdomains; defined modulus/thickness). RNase-gating effectiveness is not assumed: it is validated via in situ-like RNase challenge assays and interpreted through protection patterns rather than absolute yield alone. A staged pivot to a standardized mucosal wash/brush capture preserves the scientific aims if on-mucosa hybridization is not reproducible within safe contact times.

Addresses (iv) over-extended clinical/statistical claims: The primary clinical objective is narrowed to a single confirmatory discrimination (HIGH vs LOW endoscopic inflammation within PSC-IBD), explicitly powered and pre-registered. PSC-Crohn’s vs Crohn’s-only and microbiome→SERPINB1 mediation are explicitly exploratory unless supported by the longitudinal add-on. Confounding is mitigated by mandatory metadata (antibiotics, bowel prep, bile acids), absolute microbiome quantification (per Asset 3), and segment/site-matched sampling. Injury/lysis quantification (LDH, EPCAM/KRT, rRNA fraction, histology) prevents false attribution of RNA capture to sampling-induced release.

Empirical anchoring to provided assets: Asset 1 supports SERPINB1 mRNA detectability as a clinically informative, extracellularly recoverable transcript (in EV contexts) and motivates ncRNA modules (e.g., MALAT1) as relevant regulators/companions; this proposal adapts that EV-centric evidence to the gut mucosal interface where PSC-IBD biology is instantiated. Asset 2 justifies treating PSC-IBD as a distinct phenotype needing tailored mechanistic biomarkers rather than assuming Crohn’s genetics/biology. Asset 3 supports the microbiome-state framing (Fusobacterium vs Enterococcus) and the necessity of absolute quantification and confounder control, which are incorporated into the analysis and sampling design.","This is a materially improved, technically grounded proposal that directly addresses prior weaknesses (RNase-protection assumptions and “proximity capture = interaction” overclaiming). Engineering strength is high: explicit patch architecture, safety constraints, measurable specs, and orthogonal compartment tests (RNase±detergent; SEC/UF; EV markers) are appropriate. However, several feasibility and interpretability risks remain that justify score deductions: (i) In vivo compartment calls may still be ambiguous because detergent/RNase workflows can artifactually disrupt mucus/RNP condensates and vesicles differently across samples; without standardized spike-in particles (EV-like and RNP-like) added *on-mucosa* or immediately upon elution, it will be hard to quantify differential loss/recovery and avoid misclassification. (ii) Zone B2 “EV-enrichment capture” via CD63/CD81 risks bias toward canonical tetraspanin+ EV subtypes, while gut luminal vesicles include bacterial OMVs and host vesicles with variable marker expression; this could systematically undercount EV-protected SERPINB1 and weaken mechanistic conclusions. (iii) The RNase-inhibitor ‘gating’ chemistry is underspecified at the level needed for translational device review (immobilization density, release kinetics, activity retention in bile/protease-rich mucus, and demonstration that RI delivery does not itself alter EV integrity or mucus structure). (iv) The mechanistic ncRNA module is ambitious: AGO2-RIP/CLIP and RAP/ChIRP-like assays in small, inflamed mucosal biopsies are low-yield and highly batch sensitive; without pre-defined sample adequacy metrics and batch controls, negative results will be uninterpretable (assay failure vs biology). (v) The primary clinical endpoint (AUC 0.75 for HIGH vs LOW) is plausible, but the predictor set includes multiple engineered metrics; without a locked-down feature selection plan and strict separation of training/validation across centers, there is residual overfitting risk despite cross-validation. Overall, the proposal is strong but would benefit from tighter standardization and more explicit controls for EV subtype bias and biochemical stability at the mucosal interface."
"Embedding a stereodefining, Zn2+-templated dynamic microcycle clamp (DMC) at the mouth of a de novo metalloprotein active site and evolving only the clamp’s closure geometry (via split-intein–mediated post-translational macrocyclization) will yield abzyme-like catalysts that achieve simultaneously high enantioselectivity and substrate specificity for a single locked Year-1 transformation: enantioselective hydrolysis (kinetic resolution) of 2-pyridylmethyl 2-arylpropionate esters (profens-like core) in water-rich media. Mechanistic rationale addressing reviewer concerns: (i) Reaction-level specificity/metal chemistry: the substrate family carries a built-in metal-binding handle (2-pyridylmethyl alcohol leaving-group side) that chelates Zn2+ through the pyridine N and the ester carbonyl O (N,O-bidentate), enforcing a single binding register and positioning the scissile carbonyl for activation; this makes the transformation explicitly compatible with a designed Zn site and provides a chemically grounded anchoring mode rather than a generic ‘carbonyl handle’. (ii) Stereocontrol physics: the de novo scaffold fixes Zn geometry (target: distorted tetrahedral Zn, 3 protein ligands + 1 substrate ligand set) while the DMC provides the only tunable degrees of freedom that differentiate competing prochiral approach trajectories; by constraining the clamp topologically, mutations primarily reshape a small, local conformational ensemble that modulates the relative populations of near-attack conformations (NACs) leading to (R)- vs (S)-product pathways, thereby shifting ΔΔG‡. (iii) Overcoming ‘predictability’ critique: ‘predictable low-entropy shifts’ is operationalized as a quantitative ensemble hypothesis—small clamp sequence changes produce measurable shifts in a defined set of clamp microstates (Markov state model) that correlate with computed NAC frequencies and experimentally inferred ΔΔG‡ (from E-values). (iv) Throughput bottleneck: enantioselectivity is enriched before chiral HPLC using an explicit dual-reporter selection architecture: a matched pair of enantiomeric fluorogenic substrates in which only one enantiomer releases a self-immolative quencher to generate a fluorescence turn-on, while the opposite enantiomer releases an orthogonal LC-MS barcode (nonfluorescent) enabling counterselection; this creates a two-tier enrichment that increases evolutionary depth while reserving chiral chromatography for a reduced hit set. (v) Metal-site realism: mis-metallation and solution-phase Zn catalysis are deconvoluted via a metal-swap/chelator/active-site-knockout/background panel; true designed stereocontrol is defined as protein-dependent, clamp-sequence-dependent, Zn-dependent, and abolished by triad knockout without being recapitulated by free Zn2+ in solution.","Year-1 locked system: Enantioselective hydrolysis (kinetic resolution) of 2-pyridylmethyl 2-arylpropionate esters (general: PyCH2O–C(O)–CH(CH3)–Ar; Ar = 4-iBu-Ph, 2-naphthyl, 4-F-Ph as a close-analog panel). Target output: E-value ≥ 50 on the lead substrate and ≥10-fold activity preference over close analogs.

1) Reaction definition, substrate chemistry, and assay architecture (addresses critique i & iii)
1.1 Substrate family and Zn coordination mode (explicit): Use 2-pyridylmethyl ester leaving group to enforce Zn anchoring via N(pyridine) and O(carbonyl) coordination (N,O-bidentate) in the Michaelis complex. Anticipated Zn geometry in the protein: 3 fixed ligands (His/His/Asp) + 1 substrate ligand (carbonyl O) with pyridine N stabilized by second-shell H-bonding (e.g., designed backbone carbonyl or Asn/Gln) to reduce adventitious off-site chelation.
1.2 Lead substrate for selection: 2-pyridylmethyl 2-(4-isobutylphenyl)propionate (profens-like), racemate.
1.3 Enantioselectivity-enrichment screen (pre-HPLC) using matched enantiomeric reporters:
  - Reporter A (fluorogenic): (R)-substrate-A carries a 7-hydroxycoumarin (umbelliferone) caging group on the 2-pyridylmethyl alcohol via a self-immolative linker such that hydrolysis liberates fluorescent umbelliferone (λex/λem ~ 365/450). Only (R)-A produces fluorescence.
  - Reporter B (counterselection barcode): (S)-substrate-B is the enantiomeric analog that releases a nonfluorescent amine-containing barcode upon hydrolysis; the barcode is captured by NHS-biotin (post-reaction) and quantified by LC-MS (or streptavidin pull-down + MS). This enables counterselection for variants that hydrolyze (S) significantly.
  - Selection logic: primary enrichment = maximize fluorescence rate while minimizing barcode capture signal in the same well (dual-objective).
1.4 Secondary analytics: chiral HPLC on the lead substrate (non-reporter) to quantify ee and compute E-values at defined conversion (e.g., 20–40%). Confirm the reporter-derived rank order correlates with true kinetic resolution metrics.

2) De novo scaffold and Zn site engineering with explicit anti-mismetallation controls (addresses critique iv)
2.1 Scaffold choice and constraints: Design a compact alpha/beta de novo scaffold (non-four-helix bundle) with a single buried cavity and a solvent-managed entrance. Incorporate two split-intein junctions flanking an exposed loop at the cavity mouth (DMC installation site). Ensure the Zn site is partially buried (to reduce free water ligation) but not fully water-excluded; include a defined catalytic water channel (one ordered water) to support hydrolysis while limiting uncontrolled solvent access.
2.2 Zn site design: Primary ligands His-His-Asp positioned for distorted tetrahedral Zn with one open coordination position for the substrate carbonyl O; implement second-shell constraints (e.g., H-bond donor to Asp carboxylate; aromatic packing around His) to enforce geometry and reduce adventitious binding.
2.3 Metallation protocol: express apo-protein, EDTA-strip, then reconstitute with Zn2+ at defined stoichiometry; quantify by ICP-MS.
2.4 Mis-metallation/adventitious catalysis control panel (performed in parallel for every lead):
  - Metal-swap activity panel: Zn2+, Co2+, Ni2+, Cu2+, Mn2+ reconstitution (same protocol) to test whether activity/selectivity is Zn-specific.
  - Chelator titration: EDTA or TPEN titration to determine metal dependence; define IC50 for activity loss.
  - Active-site knockout: H→A (each His), D→N single mutants and triple mutant; require loss of Zn occupancy and catalytic activity.
  - Background solution controls: (a) substrate + Zn2+ (no protein), (b) substrate + scaffold lacking Zn ligands, (c) substrate + denatured protein + Zn2+. Define acceptance: free Zn2+ background rate must be <5% of the best variant rate at screening concentrations, and must not produce enantioenrichment.

3) DMC architecture, library design, and split-intein macrocyclization (addresses critique ii)
3.1 DMC length and placement: 14–18 aa loop positioned at the cavity mouth; cyclized via split intein trans-splicing to yield a covalent microcycle that ‘caps’ the bound substrate and controls its approach vector.
3.2 Diversified positions: 6 positions facing inward (toward substrate pyridine/aryl/methyl stereocenter), 2 positions at the hinge controlling clamp closure. Use focused degenerate codons (e.g., NDT/VHG/DBK sets) to bias toward catalytic chemistries (H-bond donors/acceptors, aromatics for π-stacking with pyridine/aryl, and limited Gly/Pro for hinge tuning).
3.3 Cyclization yield management: quantify splicing/cyclization efficiency per library batch by intact-protein MS and a gel-shift/Western if applicable. Gate screening to variants with cyclization efficiency above a preset threshold (e.g., >70%) to prevent heterogeneity confounding.
3.4 Library size and throughput: initial library 10^4–10^5 unique clamps; screen in microplates by fluorescence + barcode counterread. Carry ~200–500 best dual-objective hits forward to chiral HPLC.

4) Explicit conformational-ensemble framework linking clamp microstates to ΔΔG‡ (addresses critique ii)
4.1 Computational ensemble model (pre-registered):
  - Build structural models of scaffold + Zn + substrate (both enantiomers) for a reference clamp.
  - Run MD (e.g., 3–5 replicas, 0.5–1 μs each) for representative variants; cluster clamp conformations using CVs: clamp aperture distance, hinge dihedrals, and key H-bond/π-contact occupancies.
  - Construct a Markov state model (MSM) of clamp microstates and compute: (a) state populations, (b) transition rates, (c) NAC frequency for each enantiomeric pathway defined by a geometric criterion (e.g., Bürgi–Dunitz angle window + nucleophilic water distance/orientation).
4.2 Experimental restraints to anchor the ensemble:
  - HDX-MS focusing on clamp and nearby scaffold segments to infer protection patterns consistent with ‘tight’ vs ‘permissive’ states.
  - Site-specific fluorescence: incorporate one Trp (or environment-sensitive dye via engineered Cys) in the clamp; measure fluorescence lifetime/anisotropy changes upon substrate binding to report clamp closure.
  - Optional sparse NMR restraints (if feasible): 15N-label clamp residues in a subset of variants; measure chemical shift perturbations and dynamics indicators.
4.3 Quantitative success criteria linking ensemble to stereoselectivity:
  - Define ΔΔG‡exp from E-value (or from kcat/KM for each enantiomer) and require a monotonic correlation (Spearman ρ ≥ 0.6 across ≥15 variants) between ΔΔG‡exp and computed log(NAC_R/NAC_S) or equivalent MSM-derived metric.
  - ‘Predictability’ claim is accepted only if ensemble features measured (HDX/fluorescence) track with computed microstate populations and with ΔΔG‡exp across variants.

5) Screening, evolution loop, and benchmarking (addresses critique iii)
5.1 Primary enrichment (ultrahigh-throughput compatible): fluorescence time-course for (R)-reporter A; in parallel quantify (S)-reporter B barcode capture by LC-MS on pooled wells or plate subsets (or streptavidin enrichment + MS). Select variants maximizing (R)-signal slope / (S)-barcode signal.
5.2 Secondary screen: chiral HPLC on the non-reporter lead substrate to obtain ee vs conversion and E-value; require reproducibility across ≥3 independent expressions.
5.3 Specificity panel: test 2–3 close analogs differing only in Ar group (4-iBu-Ph vs 2-naphthyl vs 4-F-Ph) to compute specificity ratios and ensure the clamp is not a general Zn-esterase.
5.4 Iteration: recombine beneficial clamp motifs by microcycle shuffling (Golden Gate) while holding scaffold constant; optionally apply mild mutagenesis only within clamp codons. Maintain Zn-site residues invariant in Year 1.
5.5 Benchmarks: (a) a natural esterase/lipase evolved by standard error-prone PCR on the full gene toward the same substrate, and (b) non-cyclized (linear loop) versions of top variants. Compare kcat/KM, E, stability (Tm), and tolerance to cosolvent (e.g., 5–20% v/v acetonitrile).

6) Mechanistic falsification tests (tight linkage to hypothesis)
6.1 Metal anchoring perturbation: replace the 2-pyridylmethyl handle with benzyl (no pyridine N) while keeping the ester; prediction: binding weakens, ee collapses toward 0 and kcat/KM drops.
6.2 Cyclization necessity: compare cyclized vs non-cyclized constructs at matched Zn occupancy; prediction: cyclized variants show larger gain in E (ΔE) than in kcat/KM.
6.3 Off-pathway Zn catalysis exclusion: show that free Zn2+ or scaffold-only cannot reproduce enantioenrichment; show that triad knockout abolishes both activity and ee.

Deliverables by end of Year 1: (i) at least one cyclized DMC variant with E≥50 on the lead substrate and ≥10-fold preference over at least one close analog; (ii) validated dual-reporter enrichment that correlates with chiral HPLC ee; (iii) an MSM+HDX/fluorescence supported ensemble model that quantitatively explains observed ΔΔG‡ trends; (iv) full metal-dependence control dataset demonstrating designed stereocontrol rather than solution Zn effects.","1) Reaction-level feasibility is now anchored to a single, explicit transformation and substrate family chosen to match Zn coordination chemistry and assayability: 2-pyridylmethyl 2-arylpropionate esters provide a defined N,O chelation motif that can be captured by a designed Zn pocket and simultaneously enable robust, high-throughput readouts via leaving-group–linked reporter designs. This directly resolves the reviewer concern that feasibility hinged on an unspecified reaction/handle.

2) The mechanistic premise (‘topology-first’ evolution) is no longer an unquantified assertion: the proposal pre-registers a conformational-ensemble framework (MD → clustering → MSM) and specifies experimental restraints (HDX-MS + fluorescence, with optional NMR) and explicit quantitative criteria that must link ensemble shifts to ΔΔG‡ (from E-values). This addresses the over-commitment risk by defining what would validate—or falsify—the predictability claim.

3) The throughput bottleneck is mitigated by an explicit enantioselectivity-enrichment architecture before chiral HPLC: a matched enantiomeric reporter pair with orthogonal outputs (fluorescence turn-on for desired enantiomer; LC-MS barcode capture for undesired enantiomer) enables dual-objective selection at library scale and reserves chiral chromatography for a tractable number of candidates. This increases effective evolutionary depth while retaining rigorous ee quantification.

4) Metal-site realism and adventitious catalysis are explicitly controlled: metal-swap panels, chelator titrations, active-site ligand knockouts, and free-Zn background assays are built into the plan with acceptance thresholds. These controls deconvolute protein-encoded stereocontrol from solution-phase Zn hydrolysis and reduce mis-metallation ambiguity.

5) The approach remains coherent with the original concept chain (abzyme-like paratope mimicry inside de novo scaffolds; metal binding; stereoselectivity/substrate specificity; topology-first evolution over error-prone PCR) while making Year-1 execution scientifically and operationally determinate.","The proposal is technically ambitious and unusually well-specified for Year 1 (locked transformation, explicit Zn anchoring handle, stringent metal/background controls, and a defined screening funnel). The main deductions are (i) catalytic plausibility and mechanism: a Zn(His)2Asp site is often hydrolytically competent but can be dominated by nonspecific Lewis-acid/solvent chemistry; achieving E≥50 in water-rich media without a clearly engineered general base/activated water architecture (beyond a ‘defined water channel’) is not yet mechanistically tight. The plan assumes the clamp alone can drive large ΔΔG‡ while keeping the catalytic machinery invariant, but does not specify how nucleophile generation, proton shuttling, and tetrahedral intermediate stabilization are controlled to avoid rate/ee tradeoffs or solution-Zn mimicry. (ii) Reporter validity risk: the fluorogenic and barcoded substrates are structurally more complex than the lead substrate and may change binding mode/metal chelation, so selection could optimize reporter-specific recognition rather than true kinetic resolution; the proposal states correlation testing, but the risk remains a primary feasibility hinge. (iii) Structural/biophysical overhead: the MD→MSM plus HDX/fluorescence correlation requirement across ≥15 variants is heavy for Year 1 and may become a parallel project competing with directed evolution throughput; success criteria are clear but feasibility/timeline realism is borderline. (iv) Concept-chain alignment: the stated chain foregrounds error-prone PCR, but the execution is ‘topology-first’ focused diversification; that is defensible scientifically, yet it weakens grounding relative to the provided chain. Overall, engineering resolution is high, logic is strong but overcommitted on the clamp-only stereocontrol premise, grounding is good with a chain mismatch, and rationale is creative and targeted at a real bottleneck."
"Engineering a pore-forming peptide into a protease-activated, hydrophilicity-masked “zymogen pore-former” will yield superior anti-tumor activity against MDA-MB-435 with reduced off-target cytotoxicity, because a removable hydrophilic anionic pro-domain (i) sterically and electrostatically blocks membrane binding/insertion in circulation, (ii) prevents serum-driven adsorption/aggregation by shifting the pre-insertion ensemble toward a soluble, non-amphipathic state, and (iii) is selectively cleaved by tumor-associated proteases (e.g., MMP-2/9) to unmask the native amphipathic insertion face, enabling rapid oligomerization and pore formation specifically at the tumor cell surface. Methodological adaptation: rather than tuning hydrophilicity by external grafts or coronas, we will redesign the peptide architecture itself as a two-segment construct—an inhibitory hydrophilic pro-domain linked via a protease-cleavable sequence to the pore-forming domain—creating an activation gate that converts hydrophilicity into a switchable property controlled by tumor proteolysis.","Step 1: System setup and design constraints
1.1 Select the pore-forming scaffold aligned with Asset 2 (SGP-like ~69 aa) and define a minimal pore-forming core (PFC) by mapping essential residues for amphipathic helix formation and oligomerization using: (a) literature-anchored motif identification for SGP-like peptides, (b) AlphaFold2/ESMFold structure prediction, and (c) membrane-orientation prediction (OPM/PPM) to define the insertion face and oligomer interface.
1.2 Define a hydrophilic inhibitory pro-domain (IPD) that is intrinsically disordered, highly anionic, and strongly water-binding (e.g., 20–40 aa enriched in Asp/Glu and polar residues). Design the IPD to physically occlude the PFC’s hydrophobic/insertion face via an intramolecular “cap” stabilized by short-range electrostatic interactions (IPD negative charge paired with engineered Lys/Arg patches placed on a non-pore-lining solvent-exposed region of the PFC).
1.3 Insert a tumor-protease-cleavable linker between IPD and PFC. Create a small panel of linkers with distinct protease selectivities/kinetics (e.g., MMP-2/9 preferred motifs such as GPLG↓VRG; plus uPA/plasmin-sensitive motif as an orthogonal alternative). Include a non-cleavable linker control (scrambled motif) to prove gating causality.
1.4 Establish biologically relevant activation conditions: quantify MMP-2/9 activity in MDA-MB-435 conditioned media (gelatin zymography + fluorogenic peptide substrates) and select activation window matching tumor-like protease levels; include normal-cell conditioned media as a negative activation environment.

Step 2: Detailed implementation of the adapted methodology (zymogen pore-former engineering)
2.1 Construct a focused design library (not random screening) with orthogonal design axes:
- Axis A (IPD strength): vary IPD length (20/30/40 aa) and charge density (net −6/−10/−14).
- Axis B (intramolecular cap geometry): introduce 2–4 strategically placed Lys/Arg residues on a solvent-exposed, non-pore-lining surface of PFC to create a reversible IPD–PFC electrostatic clamp; include clamp-null variants.
- Axis C (protease linker): MMP-2/9-sensitive vs uPA-sensitive vs non-cleavable.
This yields a tractable library (e.g., 3×3×3 plus controls ~30–40 variants) enabling mechanistic inference.
2.2 Produce peptides as recombinant constructs (E. coli expression with solubility tag + protease-cleavable purification handle) or by chemical synthesis for shorter variants; confirm identity and purity by LC-MS and analytical HPLC.
2.3 Biophysical characterization to confirm hydrophilicity masking and protease-triggered unmasking:
- Solubility/aggregation in physiological salt and 10% serum: SEC-MALS and DLS to quantify monomer fraction and hydrodynamic radius before/after protease treatment.
- Hydrophilicity shift: measure apparent logD (octanol/buffer partition for peptides where feasible) and HIC retention time changes pre/post cleavage; confirm increased water affinity in masked state.
- Conformational gating: CD spectroscopy to show reduced membrane-induced helicity in masked state and recovery after protease cleavage.
2.4 Functional mechanism cascade that explicitly separates activation from pore formation:
- Protease activation assay: incubate constructs with recombinant MMP-2/9 (and separately with MDA-MB-435 conditioned media) and quantify cleavage kinetics by LC-MS time course; fit kcat/KM-like parameters for each linker.
- Membrane binding/insertion: use lipid nanodiscs or LUVs with tumor-mimic composition (PS/PE/cholesterol enriched) vs normal-mimic (PC/cholesterol). Quantify binding by BLI/SPR or fluorescence anisotropy; insertion by environment-sensitive dyes (e.g., tryptophan blue shift or NBD-labeled lipids) before/after protease activation.
- Pore formation: planar lipid bilayer single-channel conductance and/or dye leakage kinetics (calcein or ANTS/DPX) comparing (i) masked state, (ii) protease-activated state, (iii) non-cleavable control.
2.5 Cell assays focused on MDA-MB-435 with strict specificity controls:
- Cytotoxicity: CellTiter-Glo/MTT dose-response with and without broad-spectrum MMP inhibitors (e.g., GM6001) to demonstrate protease-dependence; LDH release and propidium iodide uptake kinetics to confirm membrane lysis.
- Selectivity: test in parallel on non-malignant mammary epithelial cells (e.g., MCF-10A) and on RBC hemolysis to quantify systemic membrane-toxicity risk.
- Tumor-microenvironment mimic: repeat key assays in 3D spheroids and in serum-containing medium; evaluate penetration and activation by confocal imaging using a fluorogenic “cleavage-reporter” version (FRET pair spanning linker) to visualize spatial activation.

Step 3: Rigorous validation and analytical framework
3.1 Mechanistic causality tests (hard gates):
- Protease gate: show that (a) MMP inhibition abolishes cytotoxicity for cleavable constructs, (b) non-cleavable constructs remain non-lytic despite identical PFC, and (c) exogenous MMP addition rescues activation.
- Hydrophilicity gate: correlate IPD net charge/length with reduced binding to normal-mimic membranes and reduced hemolysis in masked state; confirm that post-cleavage activity converges toward the PFC benchmark.
- Membrane composition dependence: titrate PS fraction in liposomes and determine threshold for activated construct potency, linking tumor lipid enrichment to activity.
3.2 Quantitative performance criteria:
- Activation specificity: ≥10× faster cleavage in MDA-MB-435 conditioned media vs normal-cell conditioned media.
- Safety window: masked-state hemolysis <5% at concentrations exceeding the activated-state EC50 for MDA-MB-435.
- Efficacy: activated-state EC50 on MDA-MB-435 ≤1–5 µM in serum-containing media, with ≥5× selectivity over MCF-10A.
3.3 In vivo pilot (contingent on in vitro gates):
- Model: MDA-MB-435 xenografts.
- Dosing: systemic administration with pharmacodynamic readout using the FRET-cleavage reporter to confirm intratumoral activation; compare to native PFC and to non-cleavable control.
- Endpoints: tumor growth inhibition, body weight, CBC, liver/kidney enzymes, histology (liver, kidney, spleen), and ex vivo hemolysis.
3.4 Data integration: build a mechanistic model linking (IPD charge/length, clamp strength, linker kinetics) → (serum stability, cleavage rate, membrane binding, pore conductance states) → (cell killing/selectivity). Use multivariate regression or Bayesian modeling to identify the optimal design region and to predict next-generation variants with improved activation index.","1. Theoretical/Empirical Basis: Asset 2 establishes that SGP-like pore-forming peptides can rapidly kill MDA-MB-435 via membrane disruption and can reduce tumor burden in vivo, but non-specific lysis is a translational barrier. A protease-activated zymogen architecture is a well-established biological strategy (pro-toxins, zymogens) to spatially confine activity; here it is repurposed to gate membrane insertion rather than enzymatic catalysis. Asset 1 supports that hydrophilicity strongly modulates biointeraction and functional outcomes; converting hydrophilicity into an ON/OFF state via a removable hydrophilic pro-domain directly leverages this principle.
2. Transfer Logic (How the adaptation fits the domain): The proposal uses rational protein/peptide design to re-architect a pore-former into a conditionally active therapeutic, integrating tumor microenvironment cues (protease activity) with membrane biophysics (amphipathic insertion and oligomeric pore formation). This is a bioengineering approach that addresses a key biomedical constraint—systemic toxicity—by mechanistically gating function at the molecular level.
3. Comparative Advantage: Unlike direct pore-formers (high off-target cytotoxicity) or the rejected hydrophilic-grafting approach, this strategy introduces a structurally novel, genetically encodable activation gate that (i) suppresses membrane activity in blood through an intrinsic hydrophilic inhibitory segment, (ii) achieves tumor-local activation through protease cleavage rather than relying on subtle differential membrane composition alone, and (iii) preserves the fast, resistance-agnostic killing mechanism once activated. The built-in non-cleavable and inhibitor controls enable definitive proof of mechanism and reduce risk of non-specific lysis during development.","This is a technically dense and unusually well-structured proposal with strong mechanistic intent. Engineering resolution is high: the design axes, control logic (non-cleavable linkers, clamp-null variants, protease inhibitors), and multi-scale assays (biophysical → membrane → cellular → in vivo) are all well specified and feasible. Logical consistency is strong, particularly in separating hydrophilicity masking, protease activation, and pore formation into experimentally testable gates. Minor deductions arise from two points: (i) reliance on MDA-MB-435 as a breast cancer model, which is historically controversial due to melanoma-like features, slightly weakens biological specificity; and (ii) the intramolecular IPD–PFC electrostatic ‘cap’ is conceptually sound but structurally speculative without preliminary evidence that such short-range interactions can reliably occlude the insertion face in solution. Evidence grounding is solid and remains within peptide biophysics, tumor protease biology, and membrane disruption—no disciplinary drift is observed. The rationale quality is high: the proposal directly addresses a recognized translational bottleneck (systemic lysis) with a creative architectural re-engineering of the therapeutic itself rather than incremental tuning."
"Ulcerative colitis (UC) severity and mesalazine responsiveness are partly determined by a cytokine-conditioned UBASH3A splicing/expression state in mucosal T cells and myeloid cells that sets the gain of TCR/TLR→IKK/NF-κB signaling and quantitatively controls osteoprotegerin (OPG/TNFRSF11B) production. In this model, mesalazine-refractory UC exhibits a UBASH3A isoform/expression configuration that preserves or amplifies proximal signaling (LCK/ZAP70 for T cells; IRAK4/TAK1 for myeloid), sustaining NF-κB nuclear translocation despite 5-ASA and driving an OPG-high mucosal secretome. Elevated OPG then acts as a causal barrier-disrupting effector through a receptor-defined TNF-superfamily axis in the lamina propria–epithelium interface (pre-specified to be RANKL–RANK and/or TRAIL–DR4/DR5 depending on receptor mapping), producing measurable downstream node shifts (e.g., noncanonical NF-κB p100→p52, caspase-8 cleavage, epithelial tight-junction remodeling) that weaken barrier–immune crosstalk and select for dysbiotic microbiota patterns observed in UC.

To overcome the reviewers’ concerns about directionality, correlation, and over-complex co-delivery, the therapeutic strategy is explicitly staged and falsifiable: first, establish a bidirectional causal ladder UBASH3A→proximal signaling→OPG; second, prove OPG necessity/sufficiency for barrier defects via receptor/pathway-resolved endpoints independent of global cytokine suppression; third, engineer a colon-restricted, inflammation-synchronized mesalazine nanoprodrug as the base module (pH + ROS gating) and only then add a single biologic payload (either UBASH3A-silencing oligonucleotide or an OPG-neutralizing binder) with pre-specified PK/PD and penetration/uptake metrics; the full triple combination is attempted only if each upstream rung meets go/no-go thresholds. This addresses mechanistic overreach by anchoring every claim to intermediate, measurable signaling nodes and by reducing engineering failure modes through modular escalation.","Step 0 — Cohort definition, confounder control, and preregistration (mandatory foundation)
0.1 Patient strata (UC only):
- Mesalazine responder: clinical + endoscopic remission on stable oral 5-ASA ≥2.4 g/day (or equivalent) for ≥8 weeks, with documented adherence (pharmacy refill + stool 5-ASA/acetyl-5-ASA where feasible), no systemic steroids/biologics within 12 weeks.
- Mesalazine-refractory: active endoscopic disease despite oral 5-ASA ≥4.0–4.8 g/day + topical 5-ASA where appropriate for ≥8 weeks, confirmed adherence, and no initiation of steroids/biologics in the preceding 8 weeks (or recorded washout; if not feasible, capture exposure and include as covariate).
- Capture and stratify by extent (E1/E2/E3), disease duration, smoking, antibiotics/probiotics (past 8 weeks), diet questionnaire, BMI, and concomitant meds.
0.2 Samples: paired inflamed and non-inflamed colonic biopsies (when present), serum, stool (same week), and optional lamina propria mononuclear cells (LPMCs).
0.3 Preregistered statistical models:
- Primary causal chain model: UBASH3A isoform/expression (by cell type) → proximal signaling score (phospho-nodes) → OPG (tissue/serum) → barrier metrics → microbiome modules.
- Pre-specified covariates: extent, prior biologic exposure, steroid exposure, antibiotics, age/sex, disease duration.
- Multiple-testing control plan (Benjamini–Hochberg) and power estimates for primary endpoints.

Step 1 — Causal ladder rung #1: UBASH3A directionality and UBASH3A→signaling→OPG causality in patient-derived immune subsets
1.1 Cell-type-resolved UBASH3A state mapping
- Sort from biopsies/LPMCs: CD4+ T (including CD4+CD45RO+), CD8+ T, CD14+ myeloid/macrophage, dendritic cells (CD11c+), B cells (CD19+).
- UBASH3A isoforms: targeted long-read sequencing (e.g., adaptive sampling or amplicon-based long-read) focusing on UBASH3A splice junctions; validate dominant isoforms with isoform-specific qPCR.
- Quantify protein: UBASH3A by intracellular flow and/or targeted proteomics (parallel reaction monitoring) if antibodies allow.
1.2 Define proximal signaling node panels (pre-specified)
- T cells: phospho-LCK (Y394), phospho-ZAP70 (Y319), phospho-LAT, phospho-IKKα/β, NF-κB p65 nuclear translocation (imaging flow or confocal), and NFAT nuclear localization (to separate TCR-proximal from NF-κB-specific effects).
- Myeloid: phospho-IRAK4, phospho-TAK1, phospho-IKK, p65 nuclear translocation after TLR ligands (LPS) and UC-relevant cytokine conditioning (TNFα/IL-1β).
- Transcriptional outputs: NFKBIA, TNFAIP3, IL1B, TNF, and TNFRSF11B (OPG) by qPCR/targeted RNA-seq.
1.3 UBASH3A perturbation with bidirectional control (go/no-go defined)
- In primary sorted cells (or short-term expanded cells):
  a) CRISPRi (dCas9-KRAB) to reduce UBASH3A; b) CRISPRa (dCas9-VPR) to increase UBASH3A; and c) isoform-specific ASO if a single isoform dominates in refractory disease.
- Deliver perturbation using electroporation optimized per subset (e.g., Lonza 4D-Nucleofector programs for primary T cells and monocytes) with viability tracking.
- Readouts at 24–72 h: changes in proximal phospho-nodes and NF-κB nuclear translocation under standardized stimulation, plus secreted OPG in supernatants (ultrasensitive ELISA).
- Go/no-go #1 (causal rung acceptance): UBASH3A CRISPRi and CRISPRa must shift at least one proximal signaling composite score in opposite directions (≥25% change from baseline with FDR<0.05) AND induce bidirectional change in OPG secretion (≥20% opposite-direction change), in at least one clinically relevant subset (pre-specified: CD4+ T and/or CD14+ myeloid).

Step 2 — Causal ladder rung #2: Identify the operative OPG receptor axis in UC mucosa and prove OPG necessity/sufficiency for barrier dysfunction
2.1 Receptor-axis mapping in epithelium and lamina propria
- Spatial profiling on biopsies (paired inflamed/non-inflamed): multiplex IF or spatial proteomics/RNA to map:
  - OPG (TNFRSF11B)
  - RANKL (TNFSF11) and receptor RANK (TNFRSF11A)
  - TRAIL (TNFSF10) and receptors DR4 (TNFRSF10A) / DR5 (TNFRSF10B)
  - Decoy receptors (e.g., osteoprotegerin interactions context) as feasible.
- Single-cell RNA-seq (subset) or targeted single-cell panels to assign receptor expression to epithelial subsets (goblet, enterocyte-like, stem/transit amplifying) and LP immune subsets.
- Outcome: pre-specify the dominant axis for functional testing as the one meeting both criteria: (i) receptor present in epithelium and/or key LP subset at meaningful abundance in inflamed mucosa; (ii) ligand availability (RANKL or TRAIL) detectable in the same microanatomical niche.
2.2 Necessity: OPG blockade rescue independent of global cytokine suppression
- Ex vivo epithelial barrier platforms:
  a) Patient-derived colonic organoid-derived monolayers on Transwells (TEER + FITC-dextran flux).
  b) Organoid–autologous LPMC co-culture with cytokine cocktails mimicking active UC.
- Add recombinant human OPG to phenocopy, and neutralize endogenous OPG using:
  - A defined OPG-neutralizing binder (lead candidate) or anti-OPG antibody, plus isotype control.
- Receptor-resolved intervention: block or activate the identified axis:
  - If RANKL–RANK is implicated: use RANKL neutralization or recombinant RANKL; monitor downstream noncanonical NF-κB (p100→p52) and epithelial junction proteins.
  - If TRAIL axis implicated: use TRAIL neutralization or recombinant TRAIL; monitor caspase-8 activation, apoptosis/necrosis markers, and barrier outcomes.
- Go/no-go #2 (OPG rung acceptance): (i) recombinant OPG must worsen barrier metrics (≥20% TEER drop or ≥30% increase in dextran flux) AND (ii) OPG neutralization must rescue barrier function by ≥50% of the deficit, with receptor-axis downstream nodes changing in the predicted direction, even when total cytokine levels are not globally reduced (measured by multiplex cytokine panel in supernatant).

Step 3 — Delivery de-risking as staged modules (engineering milestones before combination)
3.1 Base module: colon-restricted ROS-gated mesalazine nanoprodrug (no biologic payload)
- Architecture:
  - Outer coat: Eudragit S100 (pH dissolution threshold ~7.0) thickness tuned for distal ileum/colon release; confirm dissolution profile in sequential SGF (pH 1.2, 2 h) → SIF (pH 6.8, 3 h) → colonic buffer (pH 7.2) assays.
  - Core: thioketal-crosslinked polymer nanoparticle (ROS-cleavable) engineered to degrade under pathologic ROS ranges (benchmark against H2O2 ~0.1–1 mM and HOCl models).
  - Mesalazine conjugation: covalent linkage via ROS-cleavable thioketal linker with quantified drug loading (target 5–15% w/w) and release kinetics.
- Required characterization: DLS size (target 80–200 nm), PDI <0.2, zeta potential mildly negative to reduce mucus trapping (e.g., −5 to −15 mV), stability in bile salts, and ROS-triggered release half-life in inflamed-mimetic conditions.
- Go/no-go #3A: compared with standard mesalazine, the NP must (i) increase colonic tissue 5-ASA exposure (AUCcolon) ≥2× while (ii) reducing plasma Cmax or AUCplasma ≥30% in mice, with comparable or improved efficacy in DSS (clinical + histology).

3.2 Single add-on module A (RNA payload only): UBASH3A-silencing oligonucleotide delivery
- Payload choice rule: siRNA for total UBASH3A knockdown; switch to isoform-specific splice-modulating ASO only if Step 1 indicates isoform-specific causality.
- Formulation specifics:
  - Encapsulate siRNA/ASO in the NP core using ionizable lipid or cationic polymer microdomains while maintaining overall mucus-compatible surface (e.g., PEGylation or zwitterionic brush) to balance uptake vs penetration.
  - Include an endosomal escape element (ionizable component with pKa ~6.2–6.8) and quantify endosomal escape in relevant cells (Gal8 recruitment assay or equivalent).
- Uptake metrics: quantify cell-type-specific uptake in vivo using labeled oligo and flow cytometry of LP immune subsets and epithelial cells.
- Go/no-go #3B: achieve ≥50% UBASH3A mRNA knockdown (or predefined isoform modulation) in the target subset in colonic tissue with minimal knockdown in spleen/liver (<20%), plus demonstrated endosomal escape signal in target cells.

3.3 Single add-on module B (protein binder only): local OPG neutralization
- Binder constraints:
  - Use a low-immunogenic scaffold (humanized VHH or DARPin) with high affinity (target KD in low nM or better) and validated neutralization in vitro.
  - Protease-sensitive linker optional only if it improves local release; explicitly test stability in fecal protease cocktails and inflamed mucosal proteases (including MMP-9) because luminal proteolysis is a known failure mode.
- Mucosal penetration metric: quantify binder presence in mucus vs lamina propria using fluorescent imaging and tissue extraction.
- Go/no-go #3C: local reduction of free OPG in colonic tissue/supernatant (≥50% reduction vs control) with no systemic cytokine perturbation and no detectable systemic binder accumulation beyond a pre-set threshold.

3.4 Combination module (only after passing #3A + either #3B or #3C): dual- or triple-payload escalation
- Escalation rule:
  - First combine base NP + RNA OR base NP + binder (whichever passed and showed larger mechanistic effect on OPG/barrier in Step 2).
  - Attempt full triple payload only if the dual system improves efficacy ≥25% over base NP in DSS and confirms both PD markers (UBASH3A modulation + OPG neutralization) without safety flags.

Step 4 — In vivo validation: efficacy, causal microbiome linkage, and benchmarking
4.1 Models
- DSS colitis (epithelial injury/inflammation), TNBS (immune-driven) to test generalizability.
- Humanized microbiota gnotobiotic mice colonized with stool from mesalazine-refractory UC donors to test dysbiosis reversal as a consequence of mechanism-based barrier restoration.
4.2 Arms (staged)
- Stage I: standard mesalazine vs ROS-gated mesalazine NP.
- Stage II: add RNA-only or binder-only.
- Stage III: full combination only if prior go/no-go met.
4.3 Endpoints (linked to causal ladder)
- UBASH3A PD: cell-type-specific UBASH3A expression/isoform shift and proximal phospho-node score.
- OPG PD: tissue and serum OPG; free vs total OPG if assay supports.
- Receptor-axis nodes: p100→p52 (noncanonical NF-κB) or caspase-8/apoptosis markers depending on mapped axis.
- Barrier: FITC-dextran permeability, tight junction proteins (ZO-1, occludin, claudins) by IF/western.
- Microbiome: shotgun metagenomics + targeted metabolomics (SCFAs, bile acids). Pre-specify taxa/function modules (e.g., butyrate pathway genes) as readouts rather than exploratory-only.
4.4 Causality tests
- Sufficiency: administer recombinant OPG locally to negate therapeutic benefit; predict reappearance of receptor-axis node activation and barrier leak.
- Necessity: if OPG neutralization rescues barrier despite persistent upstream cytokines, confirms midstream effector role.
4.5 Safety/translational
- Biodistribution of NP and payloads (fluorescent/radiolabel), liver enzymes, systemic cytokines.
- Off-target oligo profiling (targeted RNA-seq for innate immune activation signatures).
- Binder immunogenicity screens (anti-drug antibodies in longer studies if needed).

Step 5 — Decision gates and deliverables
- If Go/no-go #1 fails: de-scope UBASH3A targeting; proceed with mesalazine NP + OPG module only (if #2 supports OPG causality).
- If Go/no-go #2 fails: de-scope OPG; focus on UBASH3A + mesalazine NP and test alternative secretome mediators identified in Step 1.
- If Go/no-go #3A fails: halt complex co-delivery; revert to optimizing colon-restricted mesalazine exposure using simpler formulations.
- Only if #1–#3 succeed: pursue full mechanism-based combination and microbiome causality claims.","1) Mechanistic specificity and falsifiability (addresses overreach): The revised proposal hard-codes a causal ladder with bidirectional perturbation of UBASH3A (CRISPRi/CRISPRa or isoform-ASO) and pre-specified proximal signaling nodes (LCK/ZAP70/IKK, NF-κB nuclear translocation) that must shift in opposite directions alongside quantitative OPG secretion changes. This directly resolves the reviewer concern that UBASH3A directionality in relevant mucosal subsets was assumed rather than proven.

2) OPG is moved from correlation to receptor-resolved causality: Instead of asserting broad RANKL/TRAIL involvement, we first map receptor/ligand expression in UC mucosa and then select the dominant axis by predefined criteria. Necessity/sufficiency is tested via recombinant OPG phenocopy and OPG neutralization rescue, coupled to downstream node readouts (noncanonical NF-κB or caspase-8/apoptosis) and barrier assays (TEER, dextran flux). This ensures OPG-dependent signaling changes are distinguishable from global cytokine suppression, satisfying the directive to prove OPG’s causal role.

3) Engineering risk is reduced via modular de-risking and explicit PK/PD metrics: The delivery system is not attempted as a five-component “all-in-one” from the start. We first validate a colon-restricted, ROS-cleavable mesalazine nanoprodrug with quantified size/PDI, dissolution sequence, ROS-triggered release kinetics, and in vivo colon vs plasma exposure targets. Only then do we add one biologic payload at a time with required mucosal uptake and (for RNA) endosomal escape evidence and tissue-selective knockdown thresholds. This staged escalation explicitly reduces failure modes (payload incompatibility, proteolysis, poor penetration, endosomal trapping).

4) Clinical stratification is tightened to protect association claims: Responder/refractory definitions include dose, duration, adherence verification, extent, and medication washouts/covariates. Preregistered statistical models link UBASH3A isoforms/eQTL-proxy expression (where available) to cytokines and OPG and then to microbiome modules, controlling confounders (antibiotics, biologics, extent). This directly addresses reviewer concerns that the mesalazine-responsiveness stratification was underspecified.

5) Alignment with literature assets (concept chain preserved): Asset 1 supports OPG as an IBD-relevant biomarker tied to immune responses and microbiota interactions, justifying OPG as a measurable secreted effector in UC mucosa and serum and motivating the microbiome endpoints. Asset 2 supports UBASH3A as a UC-linked immune regulatory locus (via PSC–UC genetic correlation and UBASH3A expression/splicing impact), motivating UBASH3A isoform/expression measurement and perturbation in mucosal immune subsets. Mesalazine remains the clinically anchored backbone, improved by colon-restricted, inflammation-synchronized release to address limitations of conventional formulations.","This is an unusually rigorous and well-specified proposal that directly addresses common reviewer objections in complex mechanistic-therapeutic studies. Engineering resolution is very strong: the delivery platform is de-risked through modular escalation, quantitative material specifications, and explicit biodistribution and endosomal escape metrics. Logical consistency is also high, with a clearly articulated causal ladder and predefined falsification points; however, the overall mechanism remains extremely intricate, spanning immune signaling, epithelial biology, and microbiome dynamics, which introduces residual risk of partial but non-integrative findings (e.g., UBASH3A→OPG effects that do not propagate cleanly to microbiome shifts). Evidence grounding is solid and largely disciplined, though the microbiome causality arm still depends on multi-step inference that may be underpowered even with gnotobiotic models. Rationale quality is high, as the proposal does not merely apply existing tools but restructures them into a decision-gated framework that tackles a real translational bottleneck (mesalazine refractoriness) with mechanistic specificity. Minor deductions reflect complexity-related execution risk rather than conceptual weakness."
"Diploid human excitatory neurons require intact purine metabolism to preserve *repolarization reserve* during sustained high-frequency firing, and this requirement can be functionally decomposed into (i) an acute ATP-dependent arm that maintains Na+/K+-ATPase-driven K+ clearance and membrane polarization on the timescale of seconds, and (ii) a slower GTP-dependent arm that sustains surface density and availability of delayed-rectifier K+ channels (KV2/KV7) via vesicular trafficking and membrane recycling on the timescale of hours to days. Loss of specific purine metabolism nodes selectively collapses repolarization reserve before global excitability or viability fail, producing frequency-dependent spike broadening, afterhyperpolarization loss, and depolarization block. We further hypothesize that this collapse can be quantitatively encoded as a stable, extracellular surface barcode by coupling membrane depolarization to *chemically validated, extracellular proximity labeling chemistry* whose kinetics integrate spike frequency while remaining insensitive to subthreshold depolarization. By explicitly calibrating barcode accumulation against patch-clamp-derived repolarization metrics and correcting for expression and surface-area confounds via ratiometric normalization, this ‘Voltage-to-Genotype’ system overcomes prior feasibility concerns and enables pooled CRISPRi screening of purine metabolism genes in diploid human neurons with electrophysiological specificity.","### Step 0: Reporter architecture selection and molecular de-risking (pre-screen gate)
0.1 **Labeling chemistry choice (proven extracellular system):** Use an engineered extracellular APEX2 peroxidase variant (APEX2-e) with demonstrated activity in oxidizing membrane-impermeant biotin-phenol analogs under controlled H2O2 pulses. APEX2 is selected over ligases due to millisecond-scale catalytic turnover and extensive prior kinetic characterization.
0.2 **Voltage coupling strategy (non-mechanical, rate-based):** Rather than relying on large conformational gating, fuse APEX2-e to the extracellular N-terminus of a fast, validated voltage sensor (e.g., ASAP-family VSD) via a *short, flexible linker* that preserves voltage-dependent membrane proximity. Depolarization increases residence time of the enzyme within ~10–20 nm of a fixed acceptor scaffold, increasing effective labeling rate without requiring steric on/off gating. This rate-integration model directly addresses reviewer concerns about mechanical feasibility.
0.3 **Acceptor scaffold:** Express a constitutive, inert single-pass transmembrane protein bearing (i) an extracellular tyrosine-rich acceptor peptide for phenoxyl radical capture and (ii) a spectrally distinct fluorophore (e.g., mTagBFP2) for abundance normalization.

### Step 1: Mandatory feasibility and calibration package (clonal reporter line)
1.1 **Clonal line generation:** Generate NGN2-inducible diploid human iPSC-derived neurons stably expressing (i) VSD–APEX2-e fusion and (ii) dual-color acceptor scaffold. Validate surface localization, voltage sensitivity, and absence of baseline excitability perturbation.
1.2 **Stimulation dependence:** Apply field stimulation at 0, 5, 10, 20, and 40 Hz during brief (1–3 min) exposure to membrane-impermeant biotin-phenol + low H2O2. Quantify covalent biotin accumulation by flow cytometry. Demonstrate monotonic frequency dependence.
1.3 **Specificity controls:** (i) Abolish labeling with TTX; (ii) show minimal labeling under sustained subthreshold depolarization (high-K+ ACSF without spikes); (iii) confirm no labeling in absence of H2O2.
1.4 **Ratiometric correction:** Normalize biotin signal to constitutive acceptor fluorophore and cell capacitance proxy (forward scatter). Define gating that regresses out reporter abundance and surface area, yielding a normalized ‘repolarization barcode index’.

### Step 2: Benchmarking against electrophysiological ground truth
2.1 **Patch-clamp correlation:** In the same clonal line, perform whole-cell recordings under identical stimulation paradigms. Quantify spike half-width, afterhyperpolarization amplitude, firing failure frequency, and depolarization block threshold.
2.2 **Pharmacologic calibration:** Apply acute perturbations with known mechanisms: low-dose ouabain (ATPase stress), 4-AP and KV7 blockers (repolarization machinery), oligomycin/rotenone (energetic stress). Correlate barcode index with repolarization metrics, not baseline firing rate.
2.3 **Decision criteria:** Establish that barcode index tracks repolarization reserve (e.g., spike broadening and failure) independently of spike initiation probability.

### Step 3: Pooled CRISPRi screening implementation
3.1 **Perturbation choice:** Use CRISPRi (dCas9-KRAB) to ensure uniform, rapid knockdown in post-mitotic neurons and avoid heterogeneous KO kinetics.
3.2 **Library design:** Focused purine metabolism library (de novo, salvage, IMPDH/GTP branch, mitochondrial one-carbon–purine coupling) plus controls (Na+/K+-ATPase subunits, Kv trafficking genes, non-targeting guides).
3.3 **Screen execution:** After knockdown stabilization, apply standardized high-frequency pacing and labeling. Dissociate neurons under TTX + cold conditions to prevent artifactual activity. FACS-sort top/bottom 15% by normalized barcode index.
3.4 **Analysis:** Guide enrichment analysis (MAGeCK), pathway stratification, and comparison with control gene behavior.

### Step 4: Mechanistic discrimination (ATP vs GTP arms)
4.1 **Temporal separation:** Acute (minutes–hours) metabolic inhibition versus chronic (days) knockdown to distinguish ATPase failure from trafficking defects.
4.2 **Biochemical assays:** LC–MS quantification of adenylate and guanylate pools; Na+/K+-ATPase activity assays; extracellular K+ accumulation during pacing.
4.3 **Trafficking assays:** Surface/total KV2.1 and KV7.2 quantification, Rab/Arf pathway readouts, and rescue with ATP precursors versus guanosine/IMPDH bypass.

### Step 5: Translational and robustness extensions
5.1 **Metabolic rescue:** Test nucleoside supplementation and transporter modulation.
5.2 **Reproducibility:** Replicate key findings across independent neuronal differentiations and stimulation geometries.","This revision directly addresses reviewer concerns by replacing speculative mechanical gating with a *rate-based proximity labeling model* grounded in well-characterized extracellular APEX2 chemistry, whose kinetics are sufficient to integrate thousands of action potentials over minutes without requiring per-spike toggling. Expression, surface-area, and health confounds are explicitly corrected through dual-color ratiometric normalization and FSC-based gating. A mandatory calibration phase benchmarks barcode accumulation against gold-standard patch-clamp repolarization metrics and pharmacologic perturbations, ensuring construct validity before pooled screening. The use of CRISPRi de-risks neuronal genetics, while cold/TTX dissociation preserves barcode integrity. Finally, explicit temporal and biochemical criteria disentangle ATPase-driven K+ clearance from GTP-dependent Kv trafficking, aligning the screening readout with a mechanistically precise definition of repolarization reserve rather than generic excitability or metabolic failure.","This is an unusually well-structured attempt to make pooled electrophysiology-adjacent screening feasible in human neurons, and the staged gating (feasibility → calibration → screen) is methodologically disciplined. The central risk remains construct validity of the voltage-coupled APEX2 rate model: it is not yet demonstrated that physiological voltage excursions can produce a sufficiently large and specific modulation of extracellular APEX2 labeling rate to separate 5–40 Hz firing over minutes while remaining insensitive to subthreshold depolarization. The proposed coupling mechanism (“residence time within 10–20 nm”) is plausible but under-specified physically: APEX2 labeling depends strongly on local substrate availability, radical lifetime/diffusion, and microdomain geometry; small VSD motions may be dwarfed by membrane crowding, glycocalyx effects, and acceptor density heterogeneity. In addition, H2O2 pulses and peroxidase activity can induce oxidative membrane/protein changes that themselves alter excitability and channel trafficking, confounding the intended repolarization-reserve readout; the plan includes controls but not explicit quantitative thresholds for acceptable perturbation. Finally, the biological decomposition into ATP (seconds) vs GTP (hours–days) arms is compelling but may not be cleanly separable: purine node perturbations can co-vary ATP/GTP pools, redox state, and phosphoinositide-dependent Kv7 regulation, producing mixed phenotypes that complicate mechanistic attribution unless additional orthogonal readouts (direct Kv current density, membrane PIP2 status, etc.) are incorporated."
"A geometry-calibrated, zona-tethered Activin cue can be engineered to *avoid* embryo-wide, TE-skewing Activin exposure while selectively reinforcing cynomolgus epiblast (EPI) competence by shaping (i) the spatial exposure gradient across the perivitelline space and (ii) the temporal SMAD2/3 pulse features during/after compaction. Specifically, we hypothesize that a bivalent ActivinA–Fc presented from a zona-adsorbed nanocoating at a controlled surface density (σ; molecules/µm²) and governed by an orthogonal, highly specific release mechanism (photocleavable or engineered protease–substrate) will produce a *short, moderate-amplitude* SMAD2/3 activation in outer cells (closest to the zona) but a *delayed, lower-amplitude, longer-residence* activation in inner cells after compaction due to: (1) compaction-driven changes in paracellular permeability and perivitelline transport that reduce direct ligand access to basolateral receptor pools on outer cells while permitting inward equilibration of a low free-ligand fraction; and (2) increased local rebinding near cell membranes when ligand is supplied from a surface reservoir (tethered/near-tether), which biases signaling toward sustained, membrane-proximal receptor engagement and reduced endocytic downregulation compared to a soluble bolus. This regime stabilizes NANOG/SOX2/OCT4 in inner cells (EPI reinforcement) without imposing sustained global Activin that has been associated with EPI suppression and TE promotion in early embryos. The key mechanistic claim is therefore not ‘inner cells see more ligand’, but that properly tuned zona presentation yields a prespecified *exposure inequality* and *pulse-shape inequality* (outer vs inner) that maps to distinct SMAD2/3 transcriptional programs. We will quantitatively measure and tune the ActivinA–Fc concentration field C(r,t) from zona → perivitelline space → embryo surface during compaction, and then test—via single-embryo correlation and mediation analysis—that ligand surface density and release kinetics determine SMAD2/3 pulse features which in turn mediate EPI allocation and ESC derivation efficiency.","Step 0 — Pre-registration, gating criteria, and quantitative targets
0.1 Pre-register primary endpoints: (i) EPI cell number per blastocyst (NANOG+/SOX2+), (ii) ESC derivation efficiency per plated blastocyst. Secondary: EPI:TE ratio, hypoblast fraction, developmental timing, hatching rate.
0.2 Define quantitative ‘exposure inequality’ metrics and target windows before optimization:
  - E_exposure = AUC_inner / AUC_outer for free ligand concentration at the embryo surface over a prespecified window (e.g., compaction onset to early blastocyst). Target: avoid outer-dominant sustained exposure (E_exposure not <<1 over long windows); tune to a regime that minimizes sustained outer exposure while allowing measurable inner exposure (e.g., E_exposure ~0.5–1.2 depending on empirical tuning).
  - P_pulse = (Amplitude_inner, Duration_inner, Time-to-peak_inner) relative to outer. Target: inner cells show longer effective duration with lower peak than outer (inner ‘sustained-low’ vs outer ‘transient-moderate’).
0.3 Establish go/no-go gating criteria for any release strategy: (i) ≥90% cleavage-stage progression vs untreated, (ii) no significant change in compaction timing, (iii) zona integrity (thickness/elasticity proxy) within ±10% by imaging-based metrics, (iv) hatching rate not reduced by >20% relative to controls.

Step 1 — Reagent engineering with explicit biophysical characterization
1.1 ActivinA–Fc design and quality control
  - Construct: mature Activin A fused to human IgG1 Fc with mutations that reduce FcγR/C1q binding (e.g., LALA-PG or equivalent) to minimize noncanonical Fc interactions while retaining dimerization/avidity.
  - Purity and oligomeric state: SEC-MALS to confirm dimeric species and exclude aggregates; endotoxin <0.1 EU/mL.
  - Potency: SMAD2/3 reporter assay to obtain EC50/EC90; compare to wild-type Activin A.

1.2 Receptor affinity/occupancy disentanglement (mandatory)
  - Measure binding kinetics by SPR or BLI using ectodomains of ActRIIA, ActRIIB, and ALK4 (and ALK7 if relevant): obtain kon, koff, KD for Activin A vs ActivinA–Fc.
  - Quantify whether Fc fusion changes receptor preference or residence time; explicitly incorporate these constants into the transport-signaling model (Step 2).
  - Control ligands: soluble Activin A; soluble ActivinA–Fc; inert Fc.

1.3 Zona-adsorbing nanocoating architecture (explicit parameters)
  - Base polymer: PEGylated poly(L-lysine) (PLL-g-PEG) or equivalent cationic PEG brush; tune charge density to adsorb to zona without impairing cleavage.
  - Functional groups: (i) high-affinity Fc capture (Protein A/G fragment or anti-Fc nanobody) at controlled grafting ratio; (ii) optional fluorescent tracer for coating quantification.
  - Parameter sweep: polymer MW (e.g., PLL 15–30 kDa), PEG chain length (2–5 kDa), grafting density (low/med/high) to tune ligand loading and release.
  - Quantify coating thickness/uniformity by confocal z-stacks with fluorescent polymer; report mean ± SD thickness and coefficient of variation per embryo.

Step 2 — Embryo-geometry–aware transport-and-retention framework (mandatory)
2.1 Build a minimal, geometry-aware reaction–diffusion model
  - Domains: zona surface reservoir (tethered ligand density σ), perivitelline space (diffusion coefficient D_pvs), embryo surface binding (effective kon_surf, koff_surf to receptors/ECM), and optional paracellular permeability change at compaction (P_compaction(t)).
  - Outputs: predicted C_outer(t) and C_inner(t) (free ligand at outer embryo surface and in internal intercellular spaces/ICM-proximal region), and receptor occupancy O(t) using measured binding constants.
  - Fit parameters to data from 2.3–2.5 (below): D_pvs, effective release rate k_rel, and adsorption retention k_ret.

2.2 Calibrated fluorescent ActivinA–Fc for quantitative imaging
  - Label ActivinA–Fc with a site-specific fluorophore (degree of labeling 0.5–1.5) and verify unchanged EC50 (≤2-fold shift) and unchanged receptor binding kinetics (SPR/BLI check on a subset).
  - Establish fluorescence-to-molecule calibration using fluorescent standards and imaging-matched conditions; express σ (molecules/µm²) and C (nM) with confidence intervals.

2.3 Spatiotemporal concentration profiling (mandatory)
  - Perform time-lapse confocal or light-sheet imaging from 8-cell through early blastocyst for embryos with zona-tethered fluorescent ActivinA–Fc.
  - Quantify: (i) zona surface fluorescence (σ proxy), (ii) perivitelline free fraction (C_pvs(t)), (iii) embryo surface proximal concentration at outer cells (C_outer(t)) and, after compaction, inner regions (C_inner(t)) using 3D segmentation.

2.4 FRAP/retention analysis on zona reservoir (mandatory)
  - FRAP on the zona-associated ligand to estimate lateral mobility and effective exchange with the perivitelline pool; extract effective diffusion/immobilization parameters.
  - Measure washout kinetics (media exchange) to estimate k_ret and the free fraction available to diffuse inward.

2.5 Compaction-linked permeability inference
  - Co-load inert fluorescent dextrans (e.g., 3 kDa and 10 kDa) to infer size-dependent transport changes at compaction; relate to P_compaction(t) and use as a covariate in modeling.

2.6 Tune to a prespecified exposure inequality (mandatory)
  - Using the fitted model, choose 2–3 operating points (σ_low, σ_mid, σ_high) and 1–2 release schedules predicted to meet the target E_exposure and P_pulse windows.
  - Lock these parameters before fate/ESC derivation experiments (to prevent post hoc tuning).

Step 3 — Replace broad proteases with orthogonal cleavage (mandatory)
3.1 Primary release mechanism: photocleavable linker (preferred for specificity)
  - Introduce a photocleavable moiety (e.g., o-nitrobenzyl-based) between Fc-capture module and ligand (or between polymer and Fc-capture) to enable timed partial release.
  - Calibrate light dose in embryo-compatible ranges (wavelength/intensity/time) using a mock fluorophore payload; establish a ‘partial release’ target (e.g., 10–30% release at compaction; remaining retained to maintain low-level reservoir).

3.2 Alternative release mechanism: engineered protease–substrate pair
  - Use an orthogonal protease (e.g., TEV protease or engineered split-protease system) with a unique cleavage site absent from embryo/zona proteins.
  - Validate specificity on a panel: zona proteins (ZP1-4 where feasible), albumin, embryo-culture supplements; confirm no cleavage by SDS-PAGE/LC-MS.
  - Establish kinetic constants for cleavage on the coating (kcat/KM apparent) under culture conditions; tune enzyme dose to reach the same partial release targets as 3.1.

3.3 Off-target and embryo safety panel (mandatory gating)
  - Zona integrity: measure thickness and birefringence/structural proxies pre/post exposure.
  - Hatching mechanics: assisted hatching requirement, spontaneous hatching rate.
  - Developmental timing: cleavage-to-compaction, compaction-to-blastocyst; discard conditions failing gating criteria (Step 0.3).

Step 4 — Experimental groups (updated to include quantitative tuning)
4.1 Randomize 8-cell cynomolgus embryos into:
  A) No Activin.
  B) Soluble Activin A (bolus; matched AUC to tethered conditions by measured C(t)).
  C) Soluble ActivinA–Fc (potency/stability control).
  D1–D3) Zona-tethered ActivinA–Fc at σ_low/σ_mid/σ_high (no release).
  E1–E3) Zona-tethered ActivinA–Fc at σ_low/σ_mid/σ_high + partial orthogonal release at compaction (photo or engineered protease), using prespecified release fraction.
  F) Zona-tethered inert Fc (nanocoating control).
  G) Zona removed prior to coating (tests necessity of zona reservoir; apply equivalent soluble AUC).
  H) Monovalent tethered Activin (e.g., site-specific monomeric format or alternative non-Fc tether) at matched σ to test avidity/rebinding contribution.
  I) SB431542 arm (subset of key groups) to confirm SMAD2/3 dependence.

Step 5 — Signaling dynamics matched to kinetic claims (quantitative readouts)
5.1 pSMAD2/3 pulse feature extraction
  - Immunostain at prespecified timepoints (pre-compaction, compaction, early blastocyst) plus an additional dense time-series in a subset to reconstruct pulse dynamics.
  - Quantify per-embryo pSMAD2/3 amplitude and nuclear occupancy time in outer vs inner cells (3D segmentation), yielding P_pulse metrics.

5.2 Receptor occupancy/proximity readouts aligned to model
  - Use proximity ligation assay (ActRII–ALK4 and receptor–ligand where possible) specifically as a *relative occupancy/clustering* metric, interpreted alongside SPR/BLI constants and modeled occupancy O(t).
  - Add an orthogonal readout: surface biotinylation/internalization assay in a reporter cell system exposed to (i) soluble Activin, (ii) surface-tethered ActivinA–Fc at matched effective concentration, to test whether tethering biases trafficking/endocytosis (mechanistic bridge to embryo).

Step 6 — Fate outcomes and ESC derivation
6.1 Lineage allocation
  - Multiplex immunostaining with cell counting: EPI (NANOG, SOX2, OCT4), hypoblast (SOX17, GATA6), TE (GATA3, CDX2).
  - Report absolute counts and ratios; include total cell number and blastocyst quality metrics.

6.2 Transcriptomic validation
  - scRNA-seq (or low-input multiome) on selected operating points meeting exposure inequality targets; score SMAD2/3 target modules, pluripotency networks, TE differentiation modules.

6.3 ESC derivation
  - Standardized cynomolgus ESC derivation protocol across groups; endpoints: outgrowth rate, derivation efficiency, karyotype stability, pluripotency markers, tri-lineage differentiation competence.

Step 7 — Causal linkage: prespecified mediation analysis (mandatory)
7.1 Single-embryo linkage dataset
  - For each embryo: σ (zona ligand density), modeled C_outer(t)/C_inner(t) or empirical proxies, pSMAD2/3 pulse features (outer/inner), and fate metrics (EPI count; EPI:TE).

7.2 Mediation model
  - Test the path: (σ and release parameters) → (pSMAD2/3 pulse features) → (EPI allocation) → (ESC derivation), using mixed-effects mediation with donor/batch as random effects.
  - Distinguish potency/stability effects: include SPR/BLI-derived affinity parameters and soluble dose-matched AUC controls; explicitly test whether outcomes are explained by exposure/pulse shaping rather than increased overall AUC.

Step 8 — Statistics and sample planning
8.1 Mixed-effects models with donor/collection batch random intercepts; adjust for multiple comparisons.
8.2 Power planning based on pilot variance of EPI cell counts and derivation rates; implement sequential design: transport/safety validation → limited fate study at prespecified operating points → scale only if mediation supports mechanism.","1) Addresses the central geometry critique with measurable, tunable targets: The proposal now treats zona tethering as an experimentally quantifiable boundary condition rather than assuming inner-cell selectivity. By directly measuring C(r,t) with calibrated fluorescent ActivinA–Fc, fitting a minimal reaction–diffusion model, and tuning to a prespecified exposure inequality metric (E_exposure) and pulse-shape metric (P_pulse), we ensure that spatial logic is validated before scaling to fate/ESC endpoints.

2) Risk-managed, embryo-compatible release: Broad proteases are replaced with an orthogonal release system (photocleavable linker preferred; engineered protease–substrate as backup) with explicit partial-release targets and an off-target panel (zona integrity, hatching, developmental timing) as gating criteria. This directly mitigates uncontrolled zona/embryo-adjacent proteolysis and batch variability.

3) Quantitative linkage from ligand density/release to signaling to fate: The refined plan links controllable parameters (σ, k_rel) to predicted/observed concentration fields and receptor occupancy, then to pSMAD2/3 pulse features, and finally to EPI allocation/ESC derivation via a prespecified mediation analysis. This matches the reviewer request to connect ‘kinetics shaping’ to measurable kinetic parameters, rather than relying on qualitative PLA/proteomics claims.

4) Disentangles kinetic rebinding from altered potency/format artifacts: By adding SPR/BLI kinetic measurements for ActRII/ALK4 ectodomains and using Fc-silenced variants plus AUC-matched soluble controls, we can attribute effects to exposure/pulse shaping (rebinding/residence and spatial restriction) rather than simply increased stability or altered receptor affinity caused by Fc fusion.

5) Grounded in empirical precedent while adapting to primate constraints: The approach leverages established findings that Activin A can reshape early lineage allocation (Asset 1) and that primate ESC/chimera biology is sensitive to pluripotency state and survival constraints (Asset 2), but updates the intervention to a primate-embryo-appropriate, non-microfluidic surface engineering workflow with explicit quantitative validation steps prior to high-cost primate embryo scaling.","This is a quantitatively structured and unusually well-instrumented embryo-surface engineering proposal, with strong alignment between controllable inputs (σ, k_rel, k_ret), measurable intermediate states (C(r,t), FRAP/washout, dextran permeability, pSMAD2/3 pulse features), and terminal outcomes (EPI counts, ESC derivation), plus a prespecified mediation framework. The main score deductions are for (i) residual biological plausibility gaps in the core mechanistic claim that zona-tethering can reliably invert/reshape inner-vs-outer SMAD2/3 pulse features during compaction—because basolateral receptor accessibility, ligand routing to ICM, and compaction-dependent permeability are not only time-varying but embryo-to-embryo heterogeneous and may dominate any engineered boundary condition; (ii) measurement limitations: calibrated fluorescence in the perivitelline/inner regions risks confounding by scattering, fluorophore quenching, ligand sticking to non-target matrices, and the inability to uniquely infer “free” vs “bound/near-membrane” ligand from intensity alone, which could weaken the claimed mapping from C(r,t) to receptor occupancy O(t); (iii) the Fc fusion format, even Fc-silenced, can still change avidity-driven receptor clustering and apparent potency in ways that are difficult to separate from “rebinding near a surface reservoir,” and the proposed embryo readouts (PLA, fixed pSMAD2/3) are only partially sufficient to disambiguate these effects in situ; and (iv) operational risk: photocleavage and/or exogenous protease exposure in primate embryos, even with gating, introduces additional perturbations (light dose, ROS, protease diffusion/adsorption) that may confound lineage allocation independently of Activin signaling, and the plan does not yet specify strong counterfactual controls that match these perturbations (e.g., light-only with identical coating but noncleavable linker, protease-only with non-substrate coating) as primary comparators in the causal chain."
"A glycoform-controlled Candida rugosa esterase (CreE) engineered with a quantitatively specified anisotropic electrostatic “docking field” (two spatially separated surface charge clusters creating a defined dipole/quadrupole moment, rather than a single diffuse patch) will preferentially adopt a narrow orientation distribution when immobilized on charge-tuned, water-stable UiO-66 derivatives whose zeta potential and surface charge density are pre-registered at the assay pH and ionic strength. This electrostatic co-design will (i) increase the fraction of enzyme molecules presenting an unobstructed active-site entrance toward the pore void/solution interface, raising the active-site accessibility factor (f_access) and thus apparent kcat, and (ii) modulate local substrate partitioning (Kpart) for ionizable hydroxypropylcarbamate analogs inside UiO-66 defect/pore microenvironments, which can reduce apparent KM only in regimes where transport is not rate-limiting. Mechanistically, the engineered docking field overcomes heterogeneous MOF binding sites by introducing a higher-order electrostatic constraint (dipole/quadrupole matching) that is less degenerate than net-charge matching alone; glycan heterogeneity is controlled or explicitly modeled to prevent shielding of the designed field; and pore-transport/partition measurements are coupled to diffusion–reaction modeling so that any KM shift is causally attributed to intrinsic binding/catalysis vs. MOF partitioning and diffusional effectiveness. The result will be a charge-matched enzyme–MOF system with higher retention, higher functional orientation fraction, and improved thermal/solvent operational stability for hydroxypropylcarbamate hydrolysis relative to (a) wild-type enzyme, (b) charge-mismatched MOFs, and (c) covalent/random immobilization controls.","Step 0 — Pre-registration of quantitative design targets and acceptance thresholds (addresses electrostatics ambiguity)
0.1 Define fixed assay conditions for all “charge-matching” claims: pH 7.50 (50 mM HEPES) and pH 6.50 (50 mM MES) as two operating points; ionic strength series 25, 100, 200 mM (NaCl). All zeta potential and binding/kinetic comparisons are reported at these conditions.
0.2 MOF electrostatic acceptance thresholds (must be met before enzyme immobilization studies proceed):
  • Charge-matched MOF: |ζ| ≥ 20 mV at 25 mM ionic strength and |ζ| ≥ 10 mV at 100 mM, with sign consistent with the intended docking field (positive MOF for negative cluster docking or vice versa).
  • Charge-mismatched MOF: ζ sign opposite to “matched” at the same condition, with |ζ| ≥ 10 mV at 25 mM.
  • Surface charge density estimate: convert ζ to σ using Gouy–Chapman (reported with assumptions, Debye length), target σ ≥ 0.005–0.02 C/m² at 25 mM as a practical window for multivalent electrostatic adsorption without irreversible denaturation.
0.3 Enzyme docking-field acceptance thresholds (computed on glycoform-resolved structures at assay pH):
  • Two-cluster design: Cluster A and Cluster B separated by 25–40 Å (Cα–Cα centroid distance) on the same face, each contributing net charge magnitude |Q_A| and |Q_B| of 4–8 (via Asp/Glu or Lys/Arg), yielding total engineered ΔQnet of 0 to ±4 (to avoid global overcharging/aggregation).
  • Multipole constraint: engineered dipole moment increase Δ|μ| ≥ 150 Debye relative to the baseline protein model at pH 7.5, and/or quadrupole tensor change (reported) that differentiates the designed face from the opposite face.
  • Stability: predicted ΔΔGfold (Rosetta/FoldX consensus) per variant ≤ +2.0 kcal/mol; no new exposed hydrophobic patches (SAP score threshold) in the docking face.

Step 1 — Enzyme selection, glycosylation control, and baseline kinetic/biophysical mapping (addresses isoforms/glycans)
1.1 Choose a single Candida rugosa esterase/lipase isoform with the best structural support (PDB if available; otherwise AlphaFold2 with pLDDT and PAEs reported). Select an isoform with a known secretion signal if secreted expression is used.
1.2 Glycoform strategy (two-pronged to de-risk):
  A) Recombinant expression in Komagataella phaffii (Pichia) using a glycoengineered strain (e.g., humanized/limited high-mannose) to minimize heterogeneity; include endoglycosidase-compatible glycans.
  B) Parallel “deglyco” construct set: mutate NXS/T motifs that are solvent-exposed and proximal (<15 Å) to the intended docking face (N→Q preferred) while preserving motifs near folding nuclei; additionally evaluate enzymatic deglycosylation (Endo H/PNGase F where compatible).
Decision gate: proceed with the glycoform (A or B) that yields ≤2 dominant glycoforms by intact mass (LC–MS) and shows ≤15% activity loss relative to WT under aqueous baseline.
1.3 Verify glycosylation state: intact-protein MS for glycoform distribution; site mapping by glycopeptide MS/MS. Quantify “glycan shielding index” for docking face: solvent-accessible surface area contribution from glycans on the docking hemisphere; target ≤20% masking of the designed clusters.
1.4 Baseline kinetics for free enzyme (WT and glyco-controlled baseline): hydroxypropylcarbamate panel with defined ionization states (at least one cationic, neutral, anionic analog if chemically feasible; otherwise adjust pH to vary substrate charge). Measure kcat, KM at pH 6.5 and 7.5 across 25–200 mM ionic strength; confirm no confounding aggregation by SEC-MALS/DLS during assays.

Step 2 — Quantitative electrostatic co-design (replaces speculative helix-lock with defensible geometric constraint)
2.1 Identify docking face away from catalytic triad and lid/active-site entrance: compute electrostatic potential maps (APBS) on glycoform-resolved structures at assay pH/ionic strengths; define active-site vector and “exclusion zone” (no mutations within 12 Å of catalytic residues and within 10 Å of lid hinge residues).
2.2 Design two separated charge clusters (A and B) to enforce a unique docking pose:
  • Cluster A: 4–6 substitutions within an 8–12 Å radius to create a localized high-density charge.
  • Cluster B: 4–6 substitutions placed 25–40 Å from cluster A on the same face.
  • Maintain near-neutral global ΔQnet (0 to ±4) to reduce nonspecific sticking and salt-sensitive aggregation.
  • Avoid creating protease sites or new N-glycosylation motifs; maintain disulfide patterns.
2.3 In silico screening pipeline:
  • Fold stability: Rosetta ddG + FoldX consensus; reject variants exceeding ΔΔGfold cutoff.
  • Aggregation risk: SAP/AGGRESCAN3D; reject if predicted aggregation propensity increases beyond pre-set threshold.
  • Electrostatic metrics: compute Δ|μ| and docking-face potential anisotropy (difference in mean surface potential between docking hemisphere and opposite hemisphere); accept variants meeting thresholds in Step 0.3.
  • Glycan shielding modeled explicitly: run APBS with and without glycans to ensure docking-face anisotropy is preserved; reject designs where glycan inclusion reduces anisotropy by >30%.
2.4 Construct a focused experimental library: instead of broad randomization, implement 2–3 “backbone” variants (best-scoring charge-field geometries) and a perimeter tuning set (site-saturation at 6–10 perimeter residues) to adjust cluster pKa and minimize local unfolding.
2.5 Expression, purification, and biophysical QC:
  • SEC-MALS for monodispersity (target <10% high-MW species).
  • DLS under immobilization buffers (target Rh stable; no salt-triggered aggregation up to 200 mM NaCl).
  • DSF/DSC to measure Tm and compare to WT; accept only variants with ΔTm ≥ −2 °C.

Step 3 — MOF synthesis with explicit surface-chemistry and defect controls (addresses UiO-66 charge ambiguity)
3.1 Synthesize UiO-66 derivatives with controlled functionalization:
  • UiO-66-X where X = NH2, SO3H, and mixed-linker UiO-66-(NH2/SO3H) at defined feed ratios (e.g., 0/100, 25/75, 50/50, 75/25, 100/0).
  • Include defect modulation via modulator concentration (e.g., acetic acid) to tune mesoporosity/defect density; pre-register acceptable ranges.
3.2 Characterize MOFs before enzyme contact:
  • PXRD (phase purity), BET surface area, pore size distribution.
  • Quantify functional group content: digestion + 1H NMR of linkers (NH2/SO3H ratio), FTIR for group presence.
  • Zeta potential measured in the exact buffers/ionic strengths in Step 0.1; only MOFs meeting thresholds are used for “matched/mismatched” claims.
  • Quantify external vs internal surface accessibility: dye uptake assays and/or N2 sorption hysteresis; record particle size (SEM/TEM).

Step 4 — Immobilization modality comparison with decision criteria and denaturation controls
4.1 Two immobilization routes run in parallel initially:
  A) Post-synthetic adsorption (PSA): incubate MOF with enzyme under controlled ionic strength (25, 100, 200 mM) to explicitly test multivalent electrostatic binding; include competitive salt elution to assess reversibility.
  B) Biomimetic encapsulation (BME): in situ growth in the presence of enzyme using mild conditions; include protective osmolytes (e.g., 5–10% glycerol/trehalose) and maintain pH 6.5–7.5; minimize exposure time to precursors.
4.2 Decision gate for choosing PSA vs BME for scale-out:
  • Functional retained activity per mg enzyme (≥60% of free enzyme initial rate under non-transport-limited conditions).
  • Leaching under shear/solvent (≤5% protein released over 24 h in assay buffer; ≤10% over 24 h in 20% v/v co-solvent).
  • Structural integrity: no major secondary-structure loss by CD/FTIR (relative metric) and no major activity loss after one regeneration cycle.
If BME fails due to denaturation (activity <30% or strong structural loss), focus shifts to PSA and defect-tuned MOFs to increase retention.
4.3 Quantify loading and location:
  • Total loading by BCA/Bradford with appropriate controls and by TGA (where feasible).
  • External vs internal fraction: protease shaving (external-accessible enzyme removed) combined with activity/protein quantification; and confocal mapping with labeled enzyme. Report “f_internal” explicitly.

Step 5 — Orthogonal orientation readouts and correlation with activity (addresses reviewer requirement)
5.1 Site-specific labeling strategy:
  • Introduce a single solvent-exposed cysteine at a position with known geometry relative to the active-site entrance (outside the docking clusters). Maintain a cysteine-free background if required.
5.2 Orientation measurement (orthogonal to FRET):
  • Spin labeling + DEER/EPR: attach MTSL (or equivalent) to the engineered cysteine; incorporate a second paramagnetic reference either by (i) a second label on MOF surface (post-synthetic introduction of nitroxide-bearing linker on external surface) or (ii) a metal ion tag localized to MOF nodes if chemically justified. Measure distance distributions to infer orientation heterogeneity.
  • In parallel, run protease-accessibility mapping of an engineered short peptide tag placed near the active-site entrance: higher cleavage implies “active-site outward” exposure. Use this as an independent proxy.
5.3 Correlate orientation with catalysis across variants:
  • For each (enzyme variant × MOF charge state × ionic strength), compute an “orientation order parameter” from DEER distance distribution width (narrower = more oriented) and from protease accessibility. Regress these against activity and apparent kinetic parameters to demonstrate causality (orientation → f_access → kcatapp).

Step 6 — Substrate partitioning/transport measurements and diffusion–reaction modeling (addresses KM attribution)
6.1 Measure substrate uptake/partition into MOFs:
  • Adsorption isotherms of hydroxypropylcarbamate substrates on each MOF at assay pH/ionic strength; quantify Kpart (MOF/solution). Where possible use in situ UV/vis, HPLC depletion, or ATR-FTIR.
  • Measure effective diffusivity (Deff): FRAP within particles (if fluorescent analog available) or pulsed-field gradient NMR for suitable probes; alternatively infer Deff from time-resolved uptake kinetics.
6.2 Integrate into a pore-transport kinetic model:
  • Use Thiele modulus/effectiveness factor η based on particle size, Deff, intrinsic kcat/KM, and enzyme distribution (f_internal). Pre-register a “transport-limited regime” criterion (e.g., η < 0.7 indicates significant diffusion limitation).
  • Predict when an apparent KM decrease is expected from partitioning alone (KM,app ≈ KM / Kpart under rapid equilibrium partitioning) versus when diffusion limitation will mask intrinsic changes.
6.3 Product inhibition/viscosity controls:
  • Measure product binding/inhibition constants (Ki) in free solution.
  • Measure microviscosity proxy inside MOF using fluorescent molecular rotors (if feasible) or infer from Deff.

Step 7 — Catalytic performance and stability testing with mechanistic perturbations
7.1 Kinetics:
  • Determine kcat, KM, and kcat/KM for free and immobilized enzyme under conditions explicitly classified as transport-limited vs non-limited using the model in Step 6.
  • Report intrinsic parameters corrected for η where applicable.
7.2 Electrostatic mechanism perturbations:
  • Salt series (25–200 mM) and pH series (6.5/7.5) applied to binding strength (ITC/MST or adsorption isotherms) and to orientation order parameter (DEER/protease tag). A true electrostatic docking-field mechanism predicts: binding/orientation strongly salt-dependent; intrinsic kcat (corrected) weakly salt-dependent.
7.3 Operational stability:
  • Thermal half-life at relevant temperatures; solvent tolerance (10–40% v/v acetonitrile or DMSO); reusability cycles with defined acceptance (e.g., ≥70% activity retained after 10 cycles).
  • Structural dynamics: limited proteolysis and/or HDX-MS focused on lid/loop regions to test whether immobilization reduces local exchange/proteolysis in a way that correlates with stability (not assumed).

Step 8 — Benchmarking and falsification controls
8.1 Benchmarks (must all be run under identical electrostatic/transport-characterized conditions):
  • WT enzyme on each MOF (NH2, SO3H, mixed-linker series).
  • Designed enzyme on neutral/low-|ζ| UiO-66 (or silica) matched for surface area.
  • Covalent immobilization control (e.g., mild EDC/NHS on a carboxylated support) to decouple “retention” from “oriented docking.”
8.2 Falsification tests:
  • If orientation order parameter does not improve vs WT yet activity increases, attribute gains to partitioning/transport or microenvironment; this is tested via Kpart/Deff and η-corrected kinetics.
  • If Kpart increases but KM,app does not decrease in non-transport-limited regime, reject the substrate-preconcentration explanation and focus on f_access/kcat changes.","Electrostatics and surface chemistry risk is mitigated by (i) pre-registering zeta potential targets measured in the exact assay buffers/ionic strengths, avoiding unsupported claims about UiO-66-NH2 charge state; and (ii) using mixed-linker and defect-modulated UiO-66 to empirically reach a defined ζ window while preserving crystallinity/porosity (PXRD/BET). The orientation premise is strengthened by replacing the speculative helix “lock” with a higher-order electrostatic geometry (two separated clusters with a defined dipole/quadrupole signature) that reduces degeneracy of binding poses on heterogeneous surfaces. Glycosylation—an outsized confound for Candida rugosa enzymes—is handled explicitly via controlled expression/deglyco designs, glycopeptide MS verification, and glycan-inclusive APBS modeling so engineered anisotropy is not nullified by glycan shielding. Transport and partitioning confounds are de-risked by directly measuring substrate uptake (Kpart) and diffusion proxies (Deff), quantifying internal vs external enzyme fractions, and applying an effectiveness-factor model to separate intrinsic catalytic changes from pore-transport artifacts; this directly addresses the reviewer’s concern that apparent KM shifts may be partition-driven. Finally, mechanistic causality is supported by orthogonal orientation readouts (DEER/EPR plus protease accessibility) and explicit correlation analyses across variants, rather than relying on FRET inference alone. Together, these upgrades preserve the original concept chain (rational protein design → electrostatic co-design with MOFs → oriented immobilization → higher apparent efficiency and stability) while making every key claim quantitatively testable with acceptance thresholds and falsification criteria.","The proposal is unusually well-scaffolded with pre-registered quantitative gates, explicit falsification criteria, and a credible plan to separate orientation effects (f_access-driven kcat,app changes) from microenvironment/transport artifacts (Kpart, Deff, η). Engineering strength is high due to the integrated computational–experimental pipeline (glycoform-resolved electrostatics, ddG/aggregation filters, mixed-linker UiO-66 tuning, orthogonal orientation assays). However, several mechanistic and feasibility gaps remain: (i) converting ζ to surface charge density via Gouy–Chapman on porous, heterogeneous MOF particles is an approximate, model-dependent inference and may not correlate with the local fields experienced by enzymes at defect sites; (ii) the premise that dipole/quadrupole matching reduces pose degeneracy on heterogeneous adsorption landscapes is plausible but not rigorously demonstrated—surface patchiness, defect chemistry, and specific coordination/H-bonding may dominate over far-field multipoles at nanometer separations; (iii) DEER implementation risk is nontrivial (spin-label mobility, label distribution on MOF, paramagnetic relaxation from Zr nodes/adsorbed ions, and ensemble averaging) and may yield distance distributions that are difficult to map uniquely to orientation; (iv) Candida rugosa esterases/lipases can exhibit lid-mediated interfacial activation and strong glycosylation- and isoform-dependent behavior, so mutations remote from the active site may still allosterically affect lid dynamics, complicating attribution of kcat changes purely to accessibility/orientation; (v) the hypothesis that Kpart-driven substrate preconcentration will selectively decrease apparent KM only outside transport-limited regimes is correct in principle, but the plan should more explicitly address coupled effects of local pH/ionic strength shifts inside charged pores that can change both substrate ionization and catalytic residue pKa, masquerading as KM/kcat changes. Overall, the logic chain is coherent and testable, but some key physical linkages (ζ/σ → local field; multipole design → unique pose on real MOF surfaces; DEER observables → orientation fraction) need tighter validation steps."
"A TALEN-installed, orthogonal RMCE landing-pad platform placed into a *validated, cardiomyocyte-stable* genomic locus will enable scarless, single-copy, isogenic swapping of multi-module “signaling cassette exchange” programs (secreted paracrine ligands + ECM-tethered morphogen mimetics + drug-inducible receptors). The refined platform will outperform transient delivery and random integration *because it constrains three dominant sources of interpretability failure in engineered heart tissue (EHT) cue-optimization*: (i) locus-dependent silencing/variegation during prolonged cardiomyocyte maturation is minimized by empirically down-selecting a safe-harbor with stable expression across differentiation and EHT conditioning; (ii) intended cue dosage and ratios are enforced by pre-calibrating each polycistronic cassette using absolute extracellular protein quantification (matrix vs supernatant) while monitoring secretory burden/UPR and growth disadvantage, preventing “expression burden artifacts” from masquerading as regenerative biology; and (iii) spatially restricted cue presentation is made mechanistically testable by explicitly designing for—and measuring—hydrogel binding kinetics, effective diffusion, and protease-mediated release to achieve specified extracellular length scales. In an arrayed one-cassette-per-EHT primary screen (with pooled barcoded formats restricted to physically compartmentalized secondary studies), the system will identify causally optimal combinatorial signaling programs that enhance cardiomyocyte maturation, electromechanical coupling, stress resilience, and pro-regenerative behavior under injury-mimetic conditions, with benchmark comparisons normalized to *matched extracellular ligand exposure* rather than transcript abundance.","Step 0 (Design principles and success criteria)
0.1 Define target cue exposure specifications per factor (updated iteratively from pilot data): (a) target steady-state extracellular concentration range in EHT supernatant (e.g., 0.1–50 ng/mL depending on ligand potency), (b) matrix-bound fraction target (e.g., >50% retained for ECM-tethered variants), and (c) spatial length-scale target (effective gradient/decay length on the order of the EHT microdomain size, e.g., ~50–300 µm rather than millimeters).
0.2 Define platform pass/fail thresholds before screening biology: (i) single-copy landing pad confirmed by ddPCR; (ii) <10% variance in reporter output across clones within a locus after maturation conditioning; (iii) RMCE fidelity: ≥95% correctly exchanged alleles by targeted long-read/amplicon sequencing; (iv) UPR/ER-stress activation not exceeding a preset ceiling (e.g., <2-fold induction of HSPA5/BiP, DDIT3/CHOP, XBP1s) compared to landing-pad-only controls.

Step 1 (Mandatory module): Locus down-selection and validation for cardiomyocyte-stable expression
1.1 Candidate loci: install *identical reporter landing pads* into at least two loci (mandatory: AAVS1 and CCR5) and include a third “cardiomyocyte-stability candidate” locus if feasible (e.g., CLYBL, CLYBL-like safe harbor, or another locus with reported stable expression in differentiated lineages). Rationale: reviewers require empirical demonstration that the chosen locus resists silencing/variegation during cardiac differentiation and prolonged EHT maturation.
1.2 TALEN-mediated landing pad insertion architecture (common across loci):
- Heterospecific recombinase sites arranged for directional exchange (e.g., FRT-wt and FRT3 in direct orientation) flanking the exchange cassette.
- A promoter-trap selection scheme with *both positive and negative selection* to suppress background: the landing pad contains a split selectable marker configuration such that correct RMCE reconstitutes positive selection while excising (or inactivating) a negative marker.
- Chromatin insulation elements flanking the cassette (e.g., cHS4 cores) and/or UCOE to reduce position-effect variegation.
- A constitutive, differentiation-stable reporter (e.g., fluorescent protein + secreted reporter such as Gaussia luciferase) placed within the exchangeable region so the *same reporter payload* can be evaluated across loci after RMCE.
1.3 Validation timeline and conditions:
- Measure reporter expression at: (i) pluripotent stage, (ii) cardiac progenitors, (iii) day ~20–30 cardiomyocytes, (iv) after prolonged EHT maturation with electrical pacing/mechanical load (e.g., additional 2–4 weeks), and (v) after injury-mimetic stress.
- Quantify: mean expression, cell-to-cell distribution (flow cytometry to detect variegation), and silencing trajectories over time.
- Select the locus with highest stability (minimal drift), lowest variegation, and no measurable penalty on differentiation efficiency/contractility.
1.4 Genomic QC: junction PCR + long-read sequencing across insert boundaries; ddPCR for copy number; karyotyping; off-target assessment focusing on predicted TALEN sites.

Step 2: RMCE system engineering with fidelity safeguards
2.1 RMCE strategy with safeguards against partial/aberrant events:
- Use an orthogonal recombinase strategy if needed (e.g., dual-site architecture requiring two independent recombination events, or sequential recombination) to reduce partial swaps.
- Donor design includes: (i) recombinase sites matching landing pad, (ii) “exchange-only” geometry discouraging concatemerization, (iii) loss-of-negative-selection marker upon correct exchange.
2.2 Delivery format: recombinase delivered as mRNA or protein/RNP-like format to minimize genomic stress and persistent recombinase activity.
2.3 Verification thresholds per clone before phenotyping:
- Targeted amplicon sequencing (or long-read) spanning both recombination junctions.
- ddPCR confirming single-copy donor integration and absence of backbone.
- Exclude clones with mixed alleles, partial recombination, or backbone retention.

Step 3: Signaling cassette exchange library design with pre-calibration (mandatory cassette QC)
3.1 Modular cassette architecture:
- Multi-cistronic program organized as: secretion/ECM-tethered ligand module(s) + inducible receptor/gate module(s) + barcode.
- Use 2A peptides (P2A/T2A) but treat stoichiometry as *empirical*: maintain standardized gene order across variants to reduce order effects, and include optional internal promoters if 2A ratios prove unstable for certain ligand combinations.
- Incorporate microRNA target sites to suppress expression in non-cardiomyocyte contaminants (e.g., miR-142 for hematopoietic-like contaminants) while confirming no suppression in cardiomyocytes.
3.2 Absolute extracellular output calibration (mandatory):
- For each cassette (prior to EHT screening), quantify secreted ligand concentration in conditioned media and matrix-associated fraction in hydrogel using ELISA or targeted quantitative proteomics.
- For ECM-tethered ligands: separately measure (i) supernatant concentration, (ii) matrix-extracted concentration, and compute retention ratio.
- Normalize/adjust designs by swapping signal peptides, adding/removing secretion enhancers, or tuning translation (e.g., altered 2A arrangement or promoter strength) until extracellular exposure targets are met.
3.3 Secretory burden and fitness controls (mandatory):
- Measure ER stress/UPR markers (HSPA5/BiP, DDIT3/CHOP, ATF4, XBP1 splicing) and general proteostasis stress.
- Track proliferation/survival and competitive fitness in mixed culture against a reference line to detect growth disadvantages that could confound screens.
- Exclude or redesign cassettes that exceed stress thresholds or impose severe fitness costs.

Step 4 (Mandatory module): Quantitative cue-presentation model + measurement plan for spatial restriction
4.1 Define a tractable reaction–diffusion–binding model in hydrogel:
- Parameters to estimate per ligand variant: effective diffusion coefficient (Deff), on/off rates for ECM binding (kon/koff), and protease-mediated release rate (krel) under baseline and injury-mimetic conditions.
- Model outputs: predicted spatial decay length (λ) and time-to-steady-state for cue gradients within EHT geometry.
4.2 Empirical measurement of diffusion/binding:
- Create fluorescent analogs or tagged versions of ligands (or surrogate proteins with identical tethering domains).
- Measure Deff and recovery behavior by FRAP within the specific EHT hydrogel formulation.
- Measure binding kinetics by incubating hydrogels with known ligand concentrations and quantifying adsorption/desorption over time.
4.3 Protease-mediated release controls (mandatory):
- Include tether variants with protease-cleavable linkers vs non-cleavable controls.
- Test release under defined protease exposure and under injury-mimetic EHT conditions (where protease activity may rise).
- Use protease inhibitors as mechanistic controls to separate “binding/gradient” effects from “released soluble factor” effects.

Step 5 (Mandatory): Screen design that preserves causality
5.1 Primary discovery screen (arrayed):
- One cassette variant per EHT (one-cassette-per-tissue), with multiple independent clones per cassette if feasible to detect clone-to-clone variance.
- Standardize EHT composition (cardiomyocytes ± defined supportive stromal/endothelial fraction), hydrogel formulation, pacing regimen, and mechanical loading.
5.2 Secondary validation (optional pooled barcodes with compartmentalization):
- Only after hits are identified, use pooled barcoded formats in physically compartmentalized systems that block paracrine mixing (e.g., separate microtissues in microwells, droplet/encapsulation, or microfluidic chambers with isolated flow paths).
- Include sentinel controls to quantify cross-talk (e.g., “reporter-only” tissues adjacent vs isolated).

Step 6: Injury-mimetic evaluation and mechanistic readouts
6.1 Injury-mimetic conditions in EHT:
- Hypoxia/reoxygenation, oxidative stress, and inflammatory cytokine challenge designed to emulate post-MI stressors.
6.2 Maturation and function readouts:
- Force generation (twitch force), conduction velocity/arrhythmia propensity (optical mapping), calcium handling kinetics, sarcomere structure (super-resolution/EM), metabolic maturation (Seahorse; FAO markers).
6.3 Mechanism-resolved signaling:
- Phospho-proteomics and targeted pathway assays (ERK/AKT/STAT, Hippo-YAP, WNT/β-catenin, TGFβ/SMAD).
- Causality controls: pathway inhibitors/antagonists applied while maintaining matched extracellular ligand exposure.
6.4 Regeneration-relevant phenotypes:
- Survival/apoptosis assays; proliferation competency markers with explicit binucleation discrimination; paracrine impact on endothelial network formation in co-culture metrics.

Step 7 (Mandatory): Benchmarking normalized to extracellular exposure (not transcripts)
7.1 Comparators:
- Transient delivery (mRNA/protein) and lentiviral random integration.
7.2 Normalization approach:
- For each comparator, titrate dosing/viral MOI until *measured extracellular ligand exposure* (ELISA/proteomics in supernatant and matrix) matches the RMCE cassette’s exposure profile (including retention ratio for tethered ligands).
- Only then compare functional outcomes and variance across replicates to quantify reproducibility gains and true biological superiority of controlled spatiotemporal presentation.

Step 8: Data integration and decision logic
8.1 Use a multi-objective scoring function combining: (i) maturation/function metrics, (ii) stress resilience, (iii) minimal UPR burden, and (iv) model-predicted/observed spatial restriction parameters.
8.2 Promote candidates that show consistent benefit across clones and batches, and whose mechanism is supported by pathway perturbation and exposure-matched benchmarking.","1) Addressing locus risk (reviewer point i): The proposal now includes a mandatory locus down-selection module where identical reporter payloads are installed into at least AAVS1 and CCR5 (and optionally a third locus) and tracked across cardiomyocyte differentiation and prolonged EHT maturation. This directly tests silencing/variegation and avoids assuming “cardiac-permissive” behavior.

2) Addressing polycistronic unpredictability and secretion burden (reviewer point ii): Multi-cistronic designs are treated as empirically calibratable rather than inherently stoichiometric. Each cassette is pre-qualified using absolute extracellular protein quantification (matrix and supernatant) and screened for ER stress/UPR and fitness penalties. This prevents distorted ratios, secretory saturation, and stress artifacts from confounding mechanistic interpretation.

3) Making ECM-tethering mechanistically testable (reviewer point iii): A quantitative reaction–diffusion–binding framework is coupled to direct measurements (FRAP-based Deff, binding kinetics, and protease-mediated release controls). Spatial restriction is therefore an engineered, measurable parameter (length scale, retention fraction), not an assertion.

4) Preserving causality in screening (reviewer point iv): The primary screen is explicitly arrayed (one cassette per EHT) to eliminate paracrine mixing across variants. Pooled barcoded formats are restricted to secondary validation with physical compartmentalization and sentinel cross-talk controls.

5) Ensuring RMCE fidelity (reviewer point v): The RMCE architecture includes positive/negative selection logic plus sequencing-based verification thresholds and copy-number/backbone exclusion criteria, with optional orthogonal recombinase safeguards to reduce partial recombination and concatemer artifacts.

6) Benchmarking on extracellular exposure (reviewer point vi): Comparisons to transient delivery and lentiviral expression are normalized to matched extracellular ligand exposure (including matrix retention ratios), not transcript levels, aligning the benchmark with the true bioactive variable in paracrine/ECM-tethered systems.

Overall, the refined plan converts the platform’s key claims—stable locus expression, controlled multi-factor dosage, and spatially restricted cue presentation—into measurable engineering specifications with explicit QC gates, thereby increasing confidence that identified “hit” cassettes reflect causal regenerative mechanisms in EHT rather than expression burden, diffusion artifacts, or screening confounds.","Methodologically, the platform is unusually well-resolved: it anticipates major failure modes in EHT cue optimization (silencing/variegation, secretion burden artifacts, spatial mis-specification, and paracrine cross-talk) and converts them into measurable acceptance criteria. The main score deductions are (i) feasibility/throughput risk: the combined requirements (multi-locus TALEN engineering, clone-level QC with long-read sequencing, per-cassette extracellular proteomics/ELISA, FRAP/binding kinetics per variant, and multi-parametric EHT phenotyping) are resource-intensive and may bottleneck library size and statistical power; (ii) some critical design degrees of freedom remain under-specified (which promoters/insulators are truly differentiation-stable in this context; whether UCOE/cHS4 materially helps at the chosen loci; how many cassette variants are realistically calibratable under the stated constraints); (iii) the mechanistic link between “specified extracellular length scales” and downstream cardiomyocyte phenotypes is plausible but not yet formalized into a falsifiable mediation plan (e.g., demonstrating that changing λ/retention at fixed total exposure changes outcomes, rather than simply changing effective dose); and (iv) TALEN is acceptable but not clearly justified over contemporary alternatives (e.g., Cas9-based targeted integration) given off-target profiling burden and engineering iteration speed—this is not fatal, but it weakens the rationale for the specific nuclease choice."
"Embedding a thermophile-inspired, sequence-programmable N-cap module that simultaneously (i) nucleates correct N-terminal helix geometry and (ii) pre-organizes a cross-interface salt-bridge network will increase binder thermostability and preserve high-affinity protein–protein interaction under heat stress. Mechanistically, the adapted N-cap will strengthen the hydrophobic effect by increasing early hydrophobic core sequestration (reducing solvent-exposed nonpolar area during folding) while the engineered interfacial salt bridges reduce the entropic cost of complex formation and add temperature-resilient electrostatic anchoring; together these effects shift the folding/binding free-energy landscape toward a single dominant, heat-stable bound state.","Step 1: Specific system setup or data preparation.
1.1 Select a repeat-protein binder scaffold with an N-cap dependency (AlphaRep-like HEAT-repeat architecture) and a medically relevant target protein (e.g., a cytokine receptor ectodomain or viral RBD) where binding can be quantified by SPR/BLI.
1.2 Assemble a comparative sequence set of thermophilic vs mesophilic HEAT-repeat N-caps (from archaeal/bacterial thermophiles) and build an N-cap structural prior: helix-capping residue preferences, hydrophobic cluster positions, and charge-pair geometries observed at high temperature.
1.3 Define a baseline binder (parent) with known affinity and determine its thermal unfolding and binding retention profile (DSF/DSC + SPR after heat challenge).

Step 2: Detailed implementation of the adapted methodology.
2.1 Methodological Adaptation (core innovation): Replace the conventional “static N-cap” design with a Dual-Constraint N-cap Engineering (DuCE) pipeline that co-optimizes (A) folding nucleation via hydrophobic micro-core at the N-terminus and (B) complex stabilization via a designed salt-bridge lattice spanning the binder–target interface.
2.2 DuCE-A (hydrophobic nucleation design):
- Introduce a short N-terminal extension (6–14 aa) relative to the repeat consensus to create a compact N-cap hydrophobic cluster (Leu/Ile/Val/Phe positions) that packs against the first repeat helix; explicitly penalize solvent-exposed nonpolar area in the unfolded ensemble using an MD-derived SASA term.
- Engineer canonical helix-capping motifs (e.g., Asn/Asp/Ser/Thr at i or i+1 positions) to lock helix start geometry and reduce fraying, improving folding cooperativity at elevated temperature.
2.3 DuCE-B (cross-interface salt-bridge network):
- Map interfacial hot spots on the parent complex (computational alanine scanning + experimental deep mutational scan on interface residues) and identify geometries compatible with stable salt bridges at high ionic strength.
- Install paired charge networks (e.g., Arg/Lys on binder aligned to Asp/Glu on target-contacting surface) designed as 2–3 interconnected bridges rather than single pairs, to reduce sensitivity to side-chain rotamer fluctuations at high temperature.
- Add an “electrostatic register” constraint tying salt-bridge formation to the N-cap-induced helix orientation (coupling folding to binding so misfolded states cannot bind strongly).
2.4 Library construction and selection:
- Build a focused library varying: (i) N-cap length/sequence (hydrophobic cluster + capping residues), (ii) first-repeat hydrophobic packing residues, (iii) 6–10 interface positions forming the salt-bridge lattice.
- Perform phage display (or yeast surface display) selection with alternating rounds at 25°C and 60–75°C, including a heat-challenge step (e.g., 10–20 min at 70°C) prior to binding to enrich variants that retain functional binding after thermal stress.
2.5 Iterative refinement:
- Sequence-enrich hits, fit a statistical epistasis model to identify synergistic N-cap/interface combinations, and re-design a second-generation mini-library enforcing beneficial pairings (especially N-cap residues coupled to salt-bridge registers).

Step 3: Rigorous validation and analytical framework.
3.1 Biophysical stability:
- Measure melting temperature (DSF and DSC), aggregation onset (DLS), and refolding yield after heat cycling.
- Quantify hydrophobic effect contributions via temperature-dependent stability (ΔCp estimation from DSC fits) and compare to parent.
3.2 Binding performance under physiologic and stress conditions:
- Determine KD, kon, koff by SPR/BLI at multiple temperatures (25°C, 37°C, 55–70°C where feasible), and after heat pre-treatment.
- Test salt sensitivity (0.15–1.0 M NaCl) to verify that multi-bridge networks retain binding better than single salt-bridge designs.
3.3 Structural/mechanistic confirmation:
- Solve structures of best variant alone and in complex (X-ray or cryo-EM for larger targets); validate N-cap packing and the designed salt-bridge lattice.
- Run MD at elevated temperature (e.g., 350–370 K) to confirm reduced N-terminal fraying, maintained hydrophobic packing, and persistent salt-bridge occupancy.
3.4 Functional biomedical relevance:
- If target is therapeutic: assess serum stability, protease resistance, and cell-based functional inhibition/activation assays (depending on target biology) at 37°C, plus performance after accelerated thermal stress (e.g., 45°C for 1–7 days).
- Benchmark against a conventional AlphaRep binder lacking the DuCE N-cap/salt-bridge coupling to quantify comparative advantage.","1. Theoretical/Empirical Basis: Hydrophobic interactions and the hydrophobic effect are established primary drivers of folding and stability; thermophilic proteins frequently exhibit enhanced hydrophobic packing and enriched electrostatic interactions (including salt bridges) that stabilize structure and oligomeric states at high temperature. Repeat-protein binders with engineered caps (e.g., AlphaRep-like scaffolds) demonstrate that cap regions can strongly influence folding, solubility, and very high melting temperatures.
2. Transfer Logic (How the adaptation fits the domain): The DuCE adaptation directly addresses a biomedical need: binders that retain activity during manufacturing/storage (cold chain limitations) and under febrile/inflammatory microenvironments. By coupling N-cap folding nucleation to interfacial salt-bridge registration, the approach targets the primary failure mode for many engineered binders—loss of correct fold or interface geometry under heat stress—rather than merely selecting for affinity at room temperature.
3. Comparative Advantage: Compared with standard interface-only affinity maturation, DuCE adds a mechanistic stability handle (N-cap hydrophobic nucleation) and a temperature-resilient binding handle (salt-bridge lattice) while enforcing their coupling, reducing the likelihood of selecting high-affinity but marginally folded variants. Compared with generic “add salt bridges” strategies, the multi-bridge lattice plus N-cap register reduces rotamer/entropy fragility and increases retention of protein–protein interaction after thermal challenge, enabling higher functional stability without sacrificing affinity.","This is a technically sophisticated and well-articulated proposal that demonstrates strong command of protein biophysics, repeat-protein engineering, and thermophilic adaptation principles. The DuCE framework is a genuine methodological innovation rather than a cosmetic modification, and the execution plan is unusually detailed for a design-focused proposal. The main deductions arise from two areas: (i) partial overextension of mechanistic claims—particularly the assertion that multi-bridge salt lattices reliably reduce entropic cost of binding at high temperature without sufficiently addressing electrostatic desolvation penalties and ionic screening effects at elevated salt and temperature; and (ii) feasibility risk in coupling N-cap folding registers to interfacial electrostatics across diverse targets, which may limit generalizability beyond a narrow geometry class. While these are not fatal flaws, they warrant more explicit risk mitigation and boundary conditions. Overall, the proposal is well above the field standard in rigor, but slightly overconfident in the universality of the coupling mechanism."
"A redox-active Fe/Cu bimetallic MOF interfaced with an immobilized pH-modulating enzyme layer will generate *spatiotemporally resolved* interfacial ΔpH microdomains (target: 0.3–1.0 pH units within the first 5–50 µm from the surface, persisting over the adsorption timescale) that (i) measurably increase *surface charge heterogeneity* (operationally: broadened distribution of local zeta/adhesion forces and spatially varying TC speciation), and (ii) convert TC uptake under reduced agitation from being primarily external-film/bead-diffusion limited to being *intrinsically controlled by electrostatically gated binding* at MOF sites. Mechanistically, enzyme-driven proton production/consumption locally shifts both (a) TC speciation/charge (TC has multiple pKa values; small pH shifts can change the fraction of cationic/zwitterionic/anionic species) and (b) MOF node protonation and mixed-valence surface states (Fe3+/Fe2+, Cu2+/Cu+), thereby modulating the density and spatial distribution of positively charged adsorption domains that favor TC association. This microdomain-driven, nonuniform binding-energy landscape is predicted to yield a *falsifiable emergence* of Freundlich-like behavior (or Sips with n≠1) only when ΔpH heterogeneity is present; if ΔpH is buffer-clamped or enzyme is inactive (while polymer/protein remain), heterogeneity metrics will collapse and the isotherm will revert toward a more homogeneous-site model (Langmuir/dual-site with reduced dispersion). Crucially, we will not infer heterogeneity from Freundlich fits; instead, we will independently quantify interfacial ΔpH and charge heterogeneity and then test whether these measurements predict the extracted adsorption energetics and intrinsic rate constants after explicitly accounting for transport (effective diffusivity, Biot/Damköhler analysis).","Step 0 — Pre-registration, acceptance criteria, and experimental design lock
0.1 Pre-register (internal protocol + OSF-style timestamp) the kinetic/isotherm model comparison plan: candidate isotherms (Langmuir, Freundlich, Sips, Temkin, dual-site Langmuir), candidate kinetic models (i) lumped pseudo-second-order (screening only), (ii) coupled diffusion–adsorption in spherical beads with external film + intrabead diffusion + reversible adsorption; model selection by AICc/BIC, residual autocorrelation/structure, and parameter identifiability (profile likelihood).
0.2 Define acceptance thresholds for stability and biomedical plausibility: (a) MOF crystallinity retained: PXRD peak positions preserved and relative peak intensities ≥80% of fresh; (b) porosity retained: BET surface area ≥70% of fresh after exposure; (c) metal leaching under working conditions: Fe and Cu each <100 µg/L (water-treatment benchmark) and <10 µg/L for any biomedical-mimicking buffer claim; (d) enzyme leaching <5% of loaded protein over one adsorption cycle (BCA/ELISA).
0.3 Define transport regime targets: prepare two bead sizes (R = 0.5 mm and 1.5 mm) to intentionally vary intrabead diffusion; if “intrinsic acceleration” is real, extracted intrinsic rate constants (k_ads or k_on) should be bead-size invariant while apparent uptake curves change predictably with R.

Step 1 — Material architecture and chemical parameters (eliminate confounds)
1.1 MOF selection and synthesis (aqueous-tolerant bimetallic):
• Choose an Fe/Cu carboxylate MOF family with documented water tolerance (screen two candidates): (A) Fe-based MIL-88B/MIL-101 derivative partially substituted with Cu; (B) a Cu-based HKUST-1 analog is generally water-labile, so it will be included only as a negative-stability comparator, not the primary platform.
• Synthesize bimetallic MOF with controlled Fe:Cu ratios (100:0, 75:25, 50:50, 25:75, 0:100) via solvothermal/green synthesis; confirm metal incorporation by ICP-OES and XPS; quantify mixed-valence fraction by Mössbauer (Fe2+/Fe3+) and XANES/ESR (Cu+/Cu2+) where feasible.
• Particle size control: target MOF crystallites 200–500 nm (DLS/SEM) to minimize intraparticle diffusion limitations and to keep the “binding site” scale separated from bead-scale diffusion.

1.2 Enzyme system specification (two directional ΔpH generators + matched controls):
• Urease (alkalinizing): urea → NH3/NH4+ + HCO3−, expected to locally increase pH.
• Glucose oxidase (acidifying): glucose → gluconic acid + H2O2; co-immobilize catalase (to decompose H2O2) to prevent oxidative MOF/enzyme damage and isolate pH effect.
• Enzyme stabilization: mild PEGylation (2–5 kDa) or trehalose-assisted immobilization; define loading (e.g., 0, 0.1, 0.5, 1.0 mg enzyme per g composite) measured by mass balance.

1.3 Polymer interphase engineered to minimize partitioning artifacts:
• Use a thin, low-binding, ion-permeable hydrogel “skin” (5–30 µm) around MOF microdomains rather than thick bulk coatings that add adsorption sites.
• Two polymer chemistries in parallel: (A) zwitterionic hydrogel (e.g., sulfobetaine methacrylate network) to minimize nonspecific TC partitioning; (B) chitosan/PEG as a deliberately charged comparator.
• Quantify polymer-only TC uptake and partition coefficient (K_polymer/water) in the full pH/ionic strength range used.

1.4 Bead fabrication with defined length scales and porosity:
• Produce millimeter-scale beads (diameter 1–3 mm) with controlled macroporosity using sacrificial porogens (e.g., gelatin microspheres) targeting interconnected pores 50–150 µm (narrower than the original 100–300 µm to reduce uncontrolled convection while still enabling probe diffusion).
• Embed MOF uniformly (e.g., 5–20 wt%) and restrict enzyme to the near-surface interphase (via interfacial photopolymerization or layer-by-layer assembly) to localize ΔpH where boundary-layer interactions occur.

Step 2 — Quantitative transport framework (mandatory directive #1)
2.1 Measure external-film mass transfer and boundary-layer sensitivity:
• Use agitation series (0, 50, 150, 300 rpm) plus a rotating disk or stirred cell equivalent with defined hydrodynamics for at least one geometry to estimate k_f (film mass transfer coefficient).
• Track TC concentration over time by HPLC-UV (and confirm by LC-MS for select samples).

2.2 Measure effective diffusivity of TC in beads (De,bead) independent of binding:
• FRAP on fluorescent TC analog or a validated fluorescent tracer with similar MW/charge (or directly label TC if feasible). Report De,bead as a function of pH and ionic strength.
• Complement FRAP with uptake of a nonbinding analog in the same bead matrix to cross-check De,bead.

2.3 Separate intraparticle diffusion vs intrinsic adsorption:
• Estimate intraparticle diffusivity in MOF pores (De,MOF) using uptake into MOF powder dispersed at high agitation and small particle size; alternatively infer with a pore-diffusion model constrained by BET pore size distribution.

2.4 Coupled diffusion–adsorption kinetic modeling:
• Fit uptake curves with a spherical bead model including: external film resistance (k_f), intrabead diffusion (De,bead), and reversible adsorption at distributed sites (intrinsic k_on/k_off or k_ads with isotherm-consistent boundary condition). Extract intrinsic kinetic parameters and compute Damköhler numbers:
  – Da_film = (k_ads * a_s * R) / k_f (conceptual; final form per model)
  – Da_diff = (k_ads * a_s * R^2) / De,bead
• Criterion for “intrinsic acceleration”: enzyme-active composites show increased intrinsic k_ads (or k_on) with minimal change in De,bead and with reduced sensitivity of extracted k_ads to agitation (rpm).

Step 3 — Decisive controls to isolate ΔpH heterogeneity (mandatory directive #2)
3.1 Polymer-only beads (no MOF) ± enzyme: quantify TC uptake and kinetics to bound polymer partitioning.
3.2 MOF beads with identical polymer/protein but enzyme-inactive:
• Heat-inactivated enzyme and/or specific inhibitors (urease inhibitor: acetohydroxamic acid; GOx inhibition via substrate omission). Keep protein mass and polymer chemistry constant.
3.3 Buffer-clamped experiments:
• Run adsorption in high-capacity buffers (e.g., 50–100 mM phosphate for pH 7–8; or appropriate Good’s buffers) to suppress local ΔpH while keeping enzyme present and active (verify activity by product assay). If ΔpH drives the effect, heterogeneity metrics and intrinsic k_ads should collapse toward controls under buffer clamp.
3.4 Ionic strength controls:
• Match ionic strength across conditions by adding inert electrolyte (e.g., NaCl) to decouple pH-gradient effects from ionic strength/zeta shifts caused by substrates/products.

Step 4 — Direct quantification of spatial ΔpH and charge heterogeneity (mandatory directive #3)
4.1 Spatial ΔpH mapping near the interface:
• Use confocal imaging of ratiometric pH-sensitive fluorophores embedded in the hydrogel skin and in the adjacent solution layer; calibrate in situ for ionic strength.
• Extract ΔpH profiles vs distance (0–200 µm) and time; report peak ΔpH, decay length (λ), and lifetime.

4.2 Local surface charge/interaction mapping:
• Create flat “MOF–hydrogel films” on planar substrates (spin-coated or cast) to enable AFM-based chemical force microscopy / Kelvin probe force microscopy (KPFM) in liquid-compatible mode where applicable, or AFM adhesion mapping with charged tips to infer heterogeneity.
• For bead/packed-bed scale: measure streaming potential/zeta of packed beads under flow, and assess distribution shifts via microelectrophoresis on released microfragments.

4.3 Spatially resolved TC speciation/accumulation:
• Use fluorescent reporter strategies: (i) fluorescent TC analog to map accumulation; (ii) if feasible, Raman/TERS mapping on planar films to detect TC association patterns; relate to ΔpH microdomains.

4.4 Link heterogeneity to energetics:
• Construct empirical site-energy distribution proxies by combining (a) spatial charge maps, (b) isotherm model parameters (Freundlich 1/n, Sips heterogeneity exponent), and (c) calorimetry (optional ITC/microcalorimetry on powders) to verify that enzyme-active conditions broaden the binding energy distribution rather than merely increasing capacity.

Step 5 — Adsorption experiments and falsifiable isotherm emergence (mandatory directive #5)
5.1 Equilibrium isotherms across conditions:
• TC range: 0.05–200 mg/L; temperatures: 20, 30, 40 °C; pH: 6.0–8.5; ionic strength: 1–50 mM.
• Compare enzyme-active vs enzyme-inactive vs buffer-clamped vs polymer-only vs monometallic MOFs.

5.2 Model selection and reporting:
• Fit Langmuir, Freundlich, Sips, Temkin, dual-site Langmuir; compare AICc/BIC; report residual plots and parameter confidence intervals.
• Falsifiable criterion: Freundlich/Sips heterogeneity exponent must correlate with independently measured heterogeneity metrics (ΔpH amplitude/λ, charge-map variance) and must disappear under buffer clamp/enzyme-inactive conditions.

Step 6 — Redox–electrostatic coupling: define and test quantitatively
6.1 Timescale alignment:
• Measure enzyme reaction rates in-bead (product formation) and determine whether ΔpH establishment time (t_pH) is faster than or comparable to adsorption half-time (t50). If t_pH >> t50, the proposed mechanism is not plausible.

6.2 Oxidation-state tracking during adsorption:
• In situ or time-resolved ex situ XPS on quenched samples; Mössbauer (Fe) and ESR/XANES (Cu) on selected timepoints.
• Quantitatively test whether oxidation-state shifts correlate with zeta/charge changes and intrinsic k_ads beyond what pH alone predicts (include pH-matched non-enzymatic controls).

Step 7 — Stability, leaching, and biomedical constraints (mandatory directive #4)
7.1 Aqueous stability under all adsorption conditions:
• After exposure (each buffer/substrate/product condition): PXRD, BET, FTIR, and linker integrity by digestion + NMR (or LC-MS of linker) where feasible.
7.2 Metal leaching:
• ICP-MS for Fe/Cu in supernatants over time; include EDTA-challenge to assess loosely bound metals.
7.3 Cytocompatibility and inflammatory profiling (only after stability acceptance is met):
• Caco-2 and HepG2 viability (MTT/Resazurin), barrier integrity (TEER for Caco-2 monolayers), and inflammatory cytokines (IL-6, TNF-α) in macrophage-like cells; test leachates separately from particles.
7.4 Biomedical-mimicking matrices:
• If pursued, use simulated intestinal fluid or plasma-mimicking buffers only with leaching below predefined thresholds; otherwise restrict claims to environmental water treatment.

Step 8 — Regeneration and reversibility
8.1 Regeneration via mild pH/ionic strength swing without denaturing the enzyme (plus a parallel heat-inactivated condition).
8.2 Multi-cycle performance (≥5 cycles): track capacity, intrinsic k_ads, ΔpH profile persistence, and leaching.

Deliverables and decision gates
• Gate 1: Demonstrate stable MOF + low leaching under working conditions.
• Gate 2: Demonstrate measurable, spatially resolved ΔpH microdomains and increased charge heterogeneity only when enzyme active and not buffer-clamped.
• Gate 3: Demonstrate intrinsic kinetic acceleration (k_ads increase) that is bead-size invariant and persists after transport correction (Da analysis).
• Gate 4: Demonstrate that the selected isotherm form (Freundlich/Sips) is predicted by heterogeneity metrics and is falsified by controls.","1) Mechanistic feasibility (ΔpH → heterogeneity → intrinsic kinetics): Enzyme-generated proton fluxes are strong enough to create interfacial pH gradients when enzymes are immobilized near a diffusion boundary. By engineering a thin hydrogel skin (5–30 µm) with enzyme localized at/near the MOF interface, the proposal makes ΔpH formation measurable at the same length scale where electrostatic gating and TC speciation changes occur, rather than averaging pH over the full bead. Independent readouts (confocal ΔpH profiles, AFM/streaming-potential heterogeneity metrics, and spatial TC accumulation maps) prevent circular inference from isotherm fitting.

2) Transport skepticism directly addressed: The proposal explicitly quantifies external-film resistance and intrabead diffusion (FRAP-derived De,bead) and fits adsorption with a coupled diffusion–adsorption model. Damköhler numbers across agitation and bead sizes provide a decisive test: if agitation effects vanish only because transport improves, intrinsic k_ads will not change; if electrostatic gating accelerates binding, intrinsic k_ads will increase while De,bead and k_f remain essentially unchanged. This directly resolves the reviewer concern that “reduced agitation” confounds mechanism.

3) Controls eliminate polymer and ionic-strength artifacts: Polymer-only beads quantify partitioning; enzyme-inactive/protein-matched controls isolate enzyme catalysis vs mere protein presence; buffer-clamped experiments suppress ΔpH while maintaining enzyme/protein, providing a stringent causal test; ionic-strength matched controls decouple pH effects from salt/substrate/product-driven zeta changes.

4) Redox–electrostatic coupling is made testable: Instead of asserting coupling, the plan measures whether oxidation-state distributions shift on the adsorption timescale and whether those shifts explain surface charge changes beyond pH-matched controls. If redox shifts are absent or too slow, the mechanism can be revised to a purely protonation/speciation-driven gating without undermining the transport-corrected heterogeneity claim.

5) MOF stability and biomedical credibility are constrained by predefined thresholds: Systematic PXRD/BET/FTIR/linker integrity checks and ICP-MS leaching across *all* adsorption conditions prevent over-claiming. Biomedical assays are gated on stability/leaching pass criteria, directly addressing reviewer concern about Fe/Cu leachates and cytocompatibility.

6) Alignment with prior empirical anchors (agitation–electrostatics–isotherms): Prior MOF adsorption studies show agitation time and electrostatic interactions strongly shape apparent kinetics, and many MOF–biopolymer composites fit Langmuir/pseudo-second-order behavior. This proposal’s novelty is the explicit engineering and *measurement* of dynamic electrostatic heterogeneity and the extraction of intrinsic rate constants under a transport framework, making Freundlich/Sips emergence a falsifiable consequence rather than a preferred fit.","Strengths: The proposal is unusually rigorous for adsorption studies: preregistration, decisive buffer-clamp/enzyme-inactive controls, explicit hydrodynamics/transport decomposition (k_f, D_e, Damköhler/Biot framing), and independent heterogeneity measurements rather than post hoc Freundlich inference. The concept chain is integrated with clear falsifiable gates.

Key deductions are primarily feasibility/attribution risks rather than vagueness. (i) ΔpH microdomain magnitude and persistence are plausible but not yet quantitatively justified from enzyme flux vs buffering capacity vs diffusion (reaction–diffusion calculation absent). Without an a priori feasibility estimate, there is a risk the targeted 0.3–1.0 pH shift at 5–50 µm will collapse in realistic ionic strength/buffered conditions. (ii) Charge heterogeneity readouts are ambitious: liquid-phase KPFM is generally nontrivial and often not interpretable as surface potential in electrolytes; AFM adhesion mapping can conflate topography/viscoelasticity and specific interactions. Streaming potential gives an averaged zeta, not a heterogeneity distribution; the proposal needs a clearer quantitative mapping from each instrument to a heterogeneity metric with error bounds. (iii) The redox–electrostatic coupling claim is testable as written, but causality may remain underdetermined because pH and redox can be tightly coupled at Fe/Cu nodes; the current plan may only establish correlation unless an orthogonal redox perturbation (at fixed pH) is introduced. (iv) The adsorption-kinetic model complexity (film + intrabead diffusion + reversible adsorption + distributed sites) can face identifiability issues even with AICc/BIC; FRAP-derived D_e under nonbinding conditions may not transfer to binding conditions (crowding/partitioning), risking parameter tradeoffs that mimic “intrinsic k_ads” changes.

Overall, this is high-quality engineering and logic, but the most important potential weakness is whether the central physical driver (measurable interfacial ΔpH heterogeneity under realistic conditions) is quantitatively established and whether the heterogeneity metrics are instrumentally well-posed in electrolyte solutions."
"Plant-specialized cytochrome P450 performance in microbial hosts is constrained not primarily by active-site chemistry but by structural instability and inefficient conformational coupling between terminal helices, membrane topology, and cytochrome P450 reductase (CPR) docking. We hypothesize that rationally designed and evolved N-cap and C-cap alpha-helical motifs, installed at precisely defined terminal helical elements of plant CYPs, can function as modular allosteric ‘folding clamps’ that (i) stabilize the A-helix proximal to the N-terminal signal-anchor or soluble truncation boundary, and (ii) stabilize the C-terminal loop/β-turn adjacent to the heme-binding loop and L-helix. By enforcing favorable helix-capping propensities and amphiphilic periodicity at these locations, the caps bias the conformational ensemble toward states that preserve correct ER insertion (in yeast), improve soluble holoenzyme folding (in E. coli truncations), and enhance productive CPR docking on the proximal face. This structural stabilization increases the fraction of correctly folded, heme-loaded CYP that is productively coupled to NAD(P)H flux, thereby raising effective catalytic turnover and phenolics-to-flavonoids conversion without altering intrinsic active-site chemistry. Directed evolution constrained to cap modules and a minimal, electrostatically justified CPR-interface residue set will selectively amplify variants with improved folding–coupling synergy rather than uncoupled expression gains, overcoming a central translational bottleneck in microbial flavonoid biosynthesis.","Step 1: Structural definition of cap targets and topology constraints.
1.1 Target enzyme: select a well-characterized flavonoid hydroxylase (e.g., CYP75B1/F3'H or CYP93B) with low activity in yeast and E. coli. Generate AlphaFold2 and AlphaFold-Multimer models of CYP–CPR complexes, cross-referenced to solved plant CYP structures (e.g., CYP97A3, CYP76AH1) to map conserved topology.
1.2 N-cap site: engineer immediately downstream of the N-terminal signal-anchor/A-helix junction. In yeast, retain residues 1–25 (signal-anchor, type II ER orientation) and place cap at residues ~26–40 stabilizing the A-helix entrance. In E. coli, use a soluble ΔTM truncation (Δ1–25) and place the N-cap at the new N-terminus to nucleate A-helix formation and prevent aggregation.
1.3 C-cap site: engineer residues ~480–500 (numbering CYP-dependent), flanking the C-terminal end of the L-helix and adjacent to the conserved heme-binding loop (FGxGPR/CxG). Caps are designed to stabilize helix termination without perturbing the axial cysteine loop or heme ligation.

Step 2: Rational cap module design.
2.1 Use position-specific helix-capping propensities (N1–N6, C1–C6) to design 8 N-cap and 8 C-cap modules (6–12 aa each) with controlled polarity and hydrophobic periodicity. N-caps enriched in Asn/Gln/Ser/Thr at N1–N3 for hydrogen bonding; C-caps enriched in Gly/Asn/His to satisfy backbone unsatisfied H-bonds while avoiding steric clash with the heme loop.
2.2 Exclude charged residues predicted (by AF2-Multimer electrostatics) to interfere with CPR docking or ER membrane proximity.

Step 3: Minimal CPR-interface micro-library.
3.1 Based on docking models and literature hotspots, diversify only 5–6 proximal-face residues (e.g., basic residues on the B′–C loop and proximal K-helix surface known to contact CPR FMN domain). Each position limited to 2–3 amino acids (charge-conserving substitutions).
3.2 Resulting library size: 8 (N-cap) × 8 (C-cap) × ~64 interface variants ≈ 4,096 variants, fully coverable.

Step 4: Library construction and coverage.
4.1 Assemble factorial libraries by Golden Gate cloning with unique 12-bp DNA barcodes.
4.2 Transformation targets: ≥1 × 10^6 yeast transformants or ≥5 × 10^5 E. coli transformants to ensure >100× coverage.
4.3 Deep sequencing pre- and post-selection to quantify variant frequencies; use negative binomial models to call enriched hits.

Step 5: High-throughput folding/function proxy (host-appropriate).
5.1 Primary screen: activity-linked flavonoid biosensor (e.g., FdeR- or UGT-coupled transcriptional sensor) responding to hydroxylated flavonoid product, ensuring signal only arises from catalytically competent CYP.
5.2 Secondary folding calibration: subset validation by CO-difference spectroscopy (450 nm peak), heme staining, and targeted proteomics to correlate biosensor output with holoenzyme abundance.
5.3 Optional coupling reporter: split-CPR/P450 complementation assay where productive docking reconstitutes a fluorescent or luminescent signal, calibrated against NADPH consumption and LC-MS product formation.

Step 6: Decision tree and iteration.
6.1 Normalize product formation to CYP abundance to separate expression effects from coupling efficiency.
6.2 Quantify coupling efficiency (product/NADPH) and ROS/peroxide shunt markers.
6.3 Only after convergence on high-expression/high-coupling cap variants introduce limited second-shell active-site diversity to modulate regioselectivity.

Step 7: Validation and generalization.
7.1 Biophysical assays: DSF, protease sensitivity, membrane fractionation, SPR/BLI for CPR binding kinetics.
7.2 Transfer best-performing cap modules into 2–3 additional flavonoid/phenolics CYPs to test portability across the family.","This proposal directly addresses reviewer concerns by anchoring cap engineering to explicitly defined CYP structural elements (A-helix junction and C-terminal L-helix/heme-loop boundary) while respecting host-dependent topology constraints (ER signal-anchor in yeast; soluble truncation in E. coli). The folding/function proxy is not an abstract reporter but an activity-linked flavonoid biosensor calibrated against CO-difference spectroscopy and LC-MS, ensuring selection for catalytically competent holoenzyme rather than mere expression. Library size is explicitly bounded (~4,000 variants) with justified restriction of CPR-interface residues based on electrostatic docking models and known proximal-face hotspots, making full coverage statistically achievable. The decision tree—normalizing product to CYP abundance and explicitly measuring coupling efficiency—cleanly separates gains from folding versus electron-transfer coupling before any active-site diversification. Mechanistically, the approach is grounded in established helix-capping propensity rules and prior consensus-based stabilization of repeat proteins, now transferred to CYP terminal helices that gate membrane anchoring, reductase docking, and active-site access. By constraining evolution to this mechanistically privileged space, the strategy increases the fraction of functional variants, reduces epistatic noise, and offers a generalizable solution to a long-standing bottleneck in microbial deployment of plant P450s.","The proposal is unusually well-scoped and mechanically motivated: it targets a known bottleneck (plant CYP folding/coupling in microbes) with a constrained, factorial design that is realistically screenable. Engineering resolution is high (clear library size, assembly, coverage, selection, and validation flow) and the decision tree to separate abundance from coupling is a strong element. Key score deductions: (i) the structural premise relies heavily on AF2/AF-multimer docking for CPR-interface residue selection and electrostatics filtering; without complementary experimental restraints (crosslinking/HDX-MS, mutational scanning priors, or known CPR–CYP co-structures in the same subfamily), the risk of mis-specified interface targets remains non-trivial. (ii) The mechanistic claim that terminal helix caps will allosterically bias CPR docking and ER insertion is plausible but not yet causally connected to measurable intermediate states; the plan would benefit from explicit tests that distinguish improved heme loading vs improved electron-transfer coupling vs improved membrane topology. (iii) The biosensor strategy, while appropriate, can still be confounded by host metabolism, transport, and competing UGT/sink pathways; selection might enrich variants that alter flux or toxicity responses rather than CYP folding/coupling unless stringent controls and orthogonal product quantification are built into the primary screen."
"Temperature-sensitive (ts) phenotypes of Drosophila Enhancer of zeste [E(z)] arise from failure of one of two mechanistically distinguishable modules under restrictive temperature: (A) destabilization of PRC2-core assembly and/or catalytic competence (E(z)–Su(z)12–Esc/EED interfaces that support H3K27 methyltransferase activity), or (B) destabilization of chromatin-recruitment coupling (interfaces that connect PRC2 occupancy at Polycomb response elements (PREs) to PRC1-associated factors including Polyhomeotic and Zeste). The prior observation that Zeste chromatin binding persists while other Polycomb proteins dissociate at non-permissive temperatures is most parsimoniously explained by a PRC2-centered defect that secondarily disrupts PRC1/Polyhomeotic occupancy rather than a direct E(z)–Zeste binding loss. Therefore, the proposal will first map and experimentally validate the temperature-liable E(z) interaction surface(s) using orthogonal physical and functional evidence, explicitly testing PRC2-core partners (Su(z)12, Esc/EED) as competing hypotheses. Only after identifying a causal interface will we perform phylogenetically informed, structure- and energetics-guided micro-engineering (ancestral/ortholog residue reversion plus minimal patch substitutions) designed to increase interface ΔG stability (negative ΔΔG) without altering expression kinetics or catalytic mechanism. We hypothesize that restricting edits to evolutionarily constrained contact patches (rather than domain swaps) will decouple thermal sensitivity from repression by restoring PRC2 occupancy and H3K27me3 deposition at PRE-controlled loci at restrictive temperature while preserving normal developmental timing and transcriptional programs at permissive temperature.","Step 0: System definition, alleles, and target loci panel (pre-registered).
0.1 Select a well-characterized ts E(z) allele (or recreate the causative amino-acid substitution(s) by CRISPR if necessary) in an otherwise isogenic D. melanogaster background; generate matched controls: WT E(z), catalytic-dead E(z) (SET-domain point mutant) and PRC2-core disruption control (known Su(z)12/Esc-binding mutant if available).
0.2 Predefine a panel of 8–12 canonical PRE-regulated targets spanning strong/weak Polycomb domains (e.g., BX-C/Hox PRE-associated loci, and additional validated PRE targets), plus 3–4 non-PRE negative-control loci. Pre-register primary endpoints: (i) PRC2 occupancy at PREs, (ii) H3K27me3 levels, (iii) target gene expression, (iv) developmental phenotype rescue.

Step 1: Mechanistic mapping of the ts failure—distinguish PRC2-core assembly/catalysis vs recruitment-coupling.
1.1 Time-resolved temperature-shift design: rear staged larvae at permissive temperature, then shift to restrictive temperature and sample at 0, 1, 4, 12, and 24 hours post-shift to separate immediate biochemical failure from downstream transcriptional feedback.
1.2 Quantify PRC2-core integrity and partner dependence under temperature shift.
- Co-immunoprecipitation (co-IP) of endogenous-tagged E(z) (3xFLAG or GFP knock-in) followed by targeted Westerns and quantitative mass spectrometry (TMT or DIA) for Su(z)12, Esc/EED, Nurf55, Caf1, and PRC1-associated components (Pc, Psc/Su(z)2, Polyhomeotic).
- Execute co-IP with truncation constructs in S2 cells (parallel system) to map interaction regions: N-terminus, SANT domains, CXC region, SET domain. Use temperature incubations (permissive vs restrictive) prior to lysis to capture temperature-dependent complex stability.
1.3 Crosslinking mass spectrometry (XL-MS) to localize contact patches.
- Apply lysine-reactive crosslinker DSSO (MS-cleavable; ~10.1 Å spacer) on native nuclear extracts at both temperatures.
- Enrich E(z)-containing complexes via affinity pull-down, run LC–MS/MS, and identify differential crosslinks (present at permissive, lost at restrictive) to pinpoint interfaces that specifically fail in ts conditions.
- Prioritize crosslinks connecting E(z) to Su(z)12/Esc (core) versus links to PRC1-associated proteins.
1.4 Targeted alanine scanning / contact-patch mutagenesis to validate causality.
- From XL-MS and co-IP truncation data, define 2–3 candidate E(z) contact patches (8–20 residues each) and perform focused alanine scanning (or charge reversal) in S2 cells to test which patch recapitulates temperature-dependent loss of PRC2 assembly or chromatin association.
- Readouts: (i) partner pull-down efficiency (quantified), (ii) in vitro methyltransferase activity on recombinant nucleosomes (H3K27me1/2/3 by Western or MS), (iii) thermal shift/denaturation proxy for complex stability (nanoDSF on purified minimal complexes if feasible).
Decision gate #1 (go/no-go): Proceed to evolutionary engineering only if at least one E(z) patch shows temperature-dependent reduction in (a) PRC2-core association and/or (b) catalytic activity and this correlates with in vivo occupancy/mark loss (Step 2). If not, pivot to testing ts effects on E(z) global stability/abundance as primary mechanism.

Step 2: Replace “live-imaging-compatible ChIP-seq” with a concrete temperature-shift chromatin profiling pipeline.
2.1 CUT&Tag (primary) and CUT&RUN (orthogonal) profiling with time resolution.
- Perform CUT&Tag for: E(z) (tag antibody), Su(z)12, and H3K27me3 at defined timepoints post temperature shift.
- Use pA–Tn5 tethered transposase for CUT&Tag; include E. coli DNA spike-in or exogenous chromatin (e.g., D. virilis) for normalization across temperatures.
- Libraries: 2 biological replicates per condition; depth sufficient for confident PRE peak quantification.
2.2 Transcript output: targeted RT–qPCR panel + RNA-seq (subset).
- Quantify expression changes of predefined PRE targets by RT–qPCR across timepoints; perform RNA-seq at 0, 4, 24 h for global off-target assessment and to ensure rescue is not achieved via compensatory pathways.
2.3 Polytene chromosome immunostaining as spatial validation (secondary).
- Immunostain polytene chromosomes for Pc/Polyhomeotic/Zeste and E(z)/Su(z)12 at permissive vs restrictive temperature; use this as a localization sanity check rather than primary mechanism proof.

Step 3: Quantitative controls for protein abundance and intrinsic stability (distinguish interface stabilization from expression effects).
3.1 Thermal proteome profiling (TPP) / cellular thermal shift assay (CETSA) in larvae or S2 cells.
- Measure temperature-dependent solubility/aggregation of E(z) (WT vs ts) and key partners; identify whether ts primarily shifts the melting/aggregation profile of E(z) globally or selectively affects complexed fraction.
3.2 Cycloheximide chase and proteasome dependence.
- Perform cycloheximide chase at permissive and restrictive temperatures to estimate E(z) half-life; include MG132 (where feasible in cell culture) to test proteasome-mediated degradation.
3.3 Quantify nuclear localization.
- Endogenous tag imaging (fixed tissue) or biochemical fractionation (cytosol/nucleus/chromatin) to ensure engineered variants do not rescue by altering localization rather than interface energetics.

Step 4: Phylogenetically informed, energetics-guided micro-engineering (minimal edits; no broad domain swaps).
4.1 Phylogenetic dataset and ancestral reconstruction constrained to validated interface.
- Build maximum-likelihood phylogenies for E(z) across ~15–20 Drosophila species; incorporate Asset 1 insights on rate heterogeneity to annotate conserved vs accelerated branches.
- Perform ancestral sequence reconstruction (ASR) specifically for residues within the validated contact patch(es) and immediate structural neighborhood (±10 residues).
4.2 Pre-registered engineering decision rule linking phylogeny to predicted ΔΔG.
- Candidate substitutions must satisfy: (i) present in ≥1 extant ortholog and/or inferred with high posterior probability in ASR at key nodes, (ii) not predicted to disrupt catalytic motifs (if SET/CXC vicinity), (iii) predicted to stabilize the experimentally validated interface with ΔΔG ≤ −0.5 kcal/mol (Rosetta interface ΔΔG or FoldX) and/or increase predicted local secondary structure propensity without increasing disorder.
- Prioritize 6–10 single mutants and 3–4 combinatorial “patch” mutants (2–4 substitutions) rather than saturation mutagenesis initially.
4.3 Computational benchmarking tied to experimental constraints.
- Do not rely solely on AlphaFold for complex inference; instead, model only the local interface using: (i) known PRC2 structural templates (where available) plus (ii) XL-MS distance restraints to filter/score models. Use AF2-multimer only as a hypothesis generator, not as decisive evidence.

Step 5: In vivo genome editing and functional validation.
5.1 CRISPR precise editing.
- Introduce prioritized substitutions into the endogenous E(z) locus in the ts background (or into WT with ts mutation present), preserving regulatory regions to avoid expression artifacts. Validate by sequencing and confirm protein levels by quantitative Western.
5.2 Functional endpoints (must demonstrate true decoupling of thermal sensitivity from repression).
- Primary: restoration of E(z)/Su(z)12 occupancy (CUT&Tag), restoration of H3K27me3 at PREs (CUT&Tag), and repression of PRE targets (RT–qPCR/RNA-seq) at restrictive temperature.
- Secondary: developmental rescue metrics (viability to adult, homeotic transformation scoring, fertility) under restrictive temperature. Include permissive-temperature phenotyping to exclude neomorphic effects.
5.3 Mechanistic confirmation.
- Repeat co-IP and (if feasible) XL-MS on the best-rescued engineered variant to verify that the same interface that failed in ts is physically stabilized.
Decision gate #2 (scale-up): Only if ≥1 engineered variant rescues occupancy + H3K27me3 + expression with minimal permissive-temperature perturbation will we expand to limited site-saturation mutagenesis within the validated patch to map the stability–function landscape.

Risk mitigation and alternatives.
- If ts phenotype is driven by global E(z) instability (TPP/CETSA indicates broad destabilization), pivot to engineering based on overall fold stabilization (surface charge optimization, helix-capping) but still constrained by phylogenetic plausibility and preserving catalytic activity.
- If recruitment failure is primarily PRE/PRC1-coupling rather than PRC2-core, extend mapping to PRC1-mediated chromatin retention factors and test whether restoring H3K27me3 alone suffices for Pc/Polyhomeotic re-binding under heat stress.","1) Mechanistic plausibility is explicitly tested rather than assumed. The plan incorporates competing hypotheses flagged by reviewers: PRC2-core failure (E(z)–Su(z)12–Esc/EED) versus indirect PRC1/Zeste/Polyhomeotic effects. Co-IP with truncations, XL-MS, and focused alanine scanning provide orthogonal evidence to localize the causal temperature-liable interface before any evolutionary engineering.

2) Structural claims are benchmarked with experimental constraints. Instead of overreliance on AlphaFold for multi-protein/disordered assemblies, the proposal uses XL-MS distance restraints and interaction-loss signatures across temperatures to validate/triangulate contact patches. Computational ΔΔG is used as a decision tool only after interface mapping, and only within local patches.

3) Chromatin profiling is defined and standard. Time-resolved CUT&Tag/CUT&RUN replaces the ambiguous “live-imaging-compatible ChIP-seq,” with spike-in normalization, explicit targets (E(z), Su(z)12, H3K27me3), and prespecified sampling intervals post temperature shift. This directly measures occupancy and catalytic output.

4) Engineering minimizes pleiotropy by avoiding domain swaps and controlling expression. Endogenous-locus CRISPR edits preserve regulatory context, while TPP/CETSA, cycloheximide chase, and fractionation control for protein abundance/localization artifacts. This directly addresses the concern that “rescue” could reflect altered expression kinetics rather than interface stabilization.

5) Functional rescue is quantified at molecular and organismal levels. Rescue criteria include restoration of H3K27me3, PRC2 occupancy, PRE target repression, and developmental phenotypes. This ensures the engineered variants truly decouple temperature sensitivity from repression function rather than shifting the repression mechanism.

6) The evolutionary component is tightly constrained and testable. Using Asset 1’s rate heterogeneity logic, ASR is applied only to validated interfaces, and candidate substitutions are selected by a preregistered rule linking phylogenetic plausibility to predicted stabilizing ΔΔG. A small prioritized mutant set is tested before any saturation mutagenesis, reducing technical overreach while preserving the proposal’s conceptual innovation.","This is a technically ambitious and unusually rigorous proposal with clear strengths in experimental resolution and logical structure. The central hypothesis is well-posed and explicitly contrasts competing mechanisms (PRC2-core instability versus recruitment-coupling failure), which are then cleanly operationalized through orthogonal assays. The use of time-resolved temperature shifts, XL-MS with decision gating, and minimal phylogenetically informed interface engineering demonstrates strong engineering sophistication. Minor deductions arise from feasibility risk rather than conceptual weakness: XL-MS on endogenous PRC2 from larvae at multiple temperatures is technically challenging and may yield sparse crosslinks, and the proposal somewhat underestimates the difficulty of cleanly separating PRC2-core destabilization from chromatin-context–dependent recruitment effects in vivo. Evidence grounding is strong and remains focused on Polycomb biology without drifting into irrelevant domains. The rationale is creative, particularly in using evolutionary constraint to minimize pleiotropy, though the novelty is incremental rather than transformative within the Polycomb field."
"We hypothesize that an SH3-domain designer binding module can be converted into an ultra-stable, genetically encoded ELISA reagent by (i) preserving the native SH3 beta-barrel fold, while (ii) selectively constraining only the ligand-binding RT and/or n-Src loops using a cyclotide-inspired cystine-knot “exoloop” graft plus backbone cyclization. Mechanistically, the construct is designed so that the SH3 core secondary-structure framework (beta-strands and hydrophobic core) remains unchanged, while the engineered proline-rich–binding loops are rigidified by (a) a defined N–C backbone cyclization junction placed in a solvent-exposed terminal extension (not within the SH3 beta-barrel) and (b) two to three engineered disulfide bonds arranged in a cyclotide-like topology that mechanically limits loop conformational entropy without distorting the binding geometry. This architecture is expected to reduce the conformational ensemble of the binding loops (lower loop RMSD and reduced entropic penalty upon binding), increasing apparent affinity and, more importantly for diagnostics, increasing functional stability under heat/proteases/pH extremes. Maltose-binding protein (MBP) is used as an expression and immobilization handle (amylose affinity and orientation), while oxidative folding and cyclization are achieved via a specified periplasmic/in-vitro redox route that directly addresses disulfide and cyclization feasibility. Performance claims versus antibodies will be tested only under format-matched ELISA conditions (same antigen, valency, matrices), isolating the contributions of cyclization, disulfide constraint, and MBP immobilization with predefined go/no-go criteria.","Step 0 — Select target/assay context and define format-matched ELISA benchmark
0.1 Target: choose a clinically relevant proline-rich epitope presented as (a) a synthetic peptide with a terminal biotin and (b) the same sequence embedded in a carrier protein (e.g., BSA fusion) to mimic epitope context; define intended ELISA role (capture reagent on plate; detection via anti-tag HRP) and keep this role identical for antibodies and engineered binders.
0.2 Benchmark antibodies: select one monoclonal antibody that recognizes the same peptide/protein context (or generate a peptide-directed monoclonal if available) and run it in the same capture format (matched coating density and detection chemistry).
0.3 Matrices: predefine test diluents: PBS-T + 1% BSA; 10% human serum; 10% human plasma; and a “dirty matrix” (e.g., 1 mg/mL cell lysate protein) to quantify non-specific binding.

Step 1 — Replace “embed SH3 into cyclotide” with a precedented, fold-preserving architecture
1.1 Base scaffold: select a well-characterized SH3 domain with solved structure and known tolerance to loop engineering (e.g., Abl-SH3 or Src-SH3 family), and a proline-rich ligand-binding mode (PxxP).
1.2 Architecture: engineer an SH3 core flanked by short N- and C-terminal solvent-exposed tails (5–12 aa each) that serve exclusively as the N–C ligation/cyclization junction (“terminal loop”), leaving the SH3 beta-barrel sequence intact.
1.3 Cyclotide-inspired constraint: introduce a compact cystine-knot-like “exoloop” module appended to (or replacing a short segment within) the RT loop and/or n-Src loop, designed as a disulfide-rich mini-domain that is topologically connected to the SH3 loop region via two peptide linkers. The cysteine positions are chosen so disulfides bridge within the exoloop and between exoloop and loop-adjacent positions, constraining loop motion while avoiding strand-disrupting cysteine insertions in the SH3 beta-strands.
1.4 Disulfide plan: design 2–3 disulfides total:
  - DS1/DS2 form a cyclotide-like knot inside the exoloop (cysteine spacing consistent with known cyclotide motifs).
  - Optional DS3 is a “staple” between two positions flanking the RT loop (or RT-to-n-Src) to reduce loop flexibility; staple sites are selected based on Cβ–Cβ distance targets (4.5–6.5 Å for disulfide feasibility) in the SH3 structure.

Step 2 — Define explicit cyclization chemistry and oxidative folding route (risk-mitigated)
2.1 Primary cyclization strategy (genetic): intein-mediated expressed protein ligation (EPL) for backbone cyclization.
  - Construct: MBP–TEVsite–SH3(terminal-tail)–Intein–Chitin-binding domain (CBD), with an engineered N-terminal cysteine revealed after TEV cleavage (or a self-cleaving intein design that generates a C-terminal thioester).
  - Reaction: generate C-terminal thioester on SH3, then intramolecular ligation with N-terminal cysteine to yield N–C backbone-cyclized SH3-tail ring.
2.2 Secondary cyclization fallback (enzymatic): sortase A (LPXTG/oligoglycine) ligation between C-terminus and N-terminus on purified protein if EPL yields are low.
2.3 Oxidative folding route:
  - Expression: periplasmic expression of the SH3/exoloop construct (pelB leader) to promote disulfide formation; MBP can be periplasmic as a fusion or used as a cytosolic solubility tag followed by in vitro refolding.
  - In vitro refolding (if needed): denature/reduce (6 M guanidine-HCl + 5–10 mM DTT), then refold in redox buffer (e.g., 0.1 M Tris pH 8.0, 0.5 M arginine, 1–3 mM reduced glutathione (GSH), 0.1–0.3 mM oxidized glutathione (GSSG), 1–5 mM EDTA) at 4–16°C; optimize GSH:GSSG ratio and protein concentration to minimize aggregation.
2.4 Disulfide mapping: confirm connectivity by LC–MS/MS after protease digestion under non-reducing conditions (and compare to reduced control), plus intact mass shifts after alkylation.

Step 3 — Computational structural validation before wet-lab library builds
3.1 Model building: generate structural models of (i) native SH3, (ii) SH3 with engineered RT/n-Src loop sequences, (iii) SH3 with exoloop cystine-knot and optional staple disulfide, and (iv) cyclized vs linear termini.
3.2 Rosetta design/relax: constrain SH3 beta-strands and hydrophobic core; allow loop/exoloop and terminal-tail regions to move; score disulfide geometry and minimize strain.
3.3 MD simulations (explicit solvent): 100–300 ns for each design to quantify:
  - SH3 core stability (beta-barrel RMSD; preservation of key strand H-bonds)
  - Loop RMSF/RMSD (RT and n-Src) and predicted reduction in conformational heterogeneity
  - Binding-competent geometry relative to known SH3–PxxP peptide binding pose (dock peptide and monitor interface stability)
3.4 Computational go/no-go thresholds:
  - Core RMSD < 2.0 Å over final 50 ns window
  - No persistent exposure of hydrophobic core residues (aggregation proxy)
  - Disulfide strain within acceptable χ angles; no repeated disulfide rupture events in MD

Step 4 — Build-test sequence with explicit controls to isolate each contribution
4.1 Constructs (minimum panel):
  A. Linear SH3 binder (engineered loops; no extra cysteines; no cyclization)
  B. Cyclized-only SH3 (EPL/sortase cyclization; no added disulfides)
  C. Disulfide-stapled SH3 (engineered disulfide(s) constraining loops; linear backbone)
  D. Cyclized + cyclotide-inspired exoloop (full design)
  E. Cyclotide/exoloop module alone (no SH3) as negative control for binding and for non-specific adsorption
  F. MBP-fusions vs cleaved forms (for A–D) to test MBP effects on folding and on ELISA immobilization
4.2 Folding/assembly assays (must-pass before ELISA):
  - SEC-MALS to confirm monomeric state and rule out aggregation/oligomers
  - CD spectroscopy for beta-rich fold signature; thermal melts (Tm)
  - Limited proteolysis (trypsin/chymotrypsin) followed by MS to compare protease resistance and infer compactness
  - Optional: 1D/2D NMR (HSQC) on non-MBP cleaved versions for fold dispersion (prioritize top candidates)

Step 5 — Directed evolution and affinity maturation in a fold-safe way
5.1 Library design: restrict diversification to SH3 binding loops (RT and n-Src) and immediately adjacent solvent-exposed residues; do not mutate beta-strand core positions or cysteines forming the knot/staple.
5.2 Display: phage display or yeast surface display of the non-MBP form to select binders against immobilized target peptide and target-in-carrier protein; include negative selections against carrier and against unrelated proline-rich peptides.
5.3 Selection stringency: progress from low-stringency binding to off-rate selection; include harsh-condition selection rounds (e.g., brief 55–65°C exposure or protease pulse) to enrich stability.

Step 6 — Quantitative binding kinetics and stability profiling
6.1 Kinetics: SPR or BLI using identical antigen presentation across variants; report kon/koff/KD; include competition with soluble PxxP peptide to confirm binding mode.
6.2 Stability panels (predefined):
  - Temperature: 25°C, 37°C, 60°C (1 h), 80°C (10 min)
  - pH: 2.0, 4.0, 7.4, 10.0 (30–60 min, then neutralize)
  - Proteases: trypsin and proteinase K at defined units/mg for 30 min
Acceptance thresholds: retain ≥70% binding signal vs untreated control after each challenge for the lead construct; linear SH3 expected to fail at least one panel.

Step 7 — ELISA integration with immobilization risk controls
7.1 Oriented immobilization tests:
  - Amylose-coated plates with MBP-fusions (measure coating efficiency and leaching)
  - Parallel immobilization via anti-MBP antibody capture (orthogonal orientation method)
  - Parallel immobilization via direct adsorption of cleaved cyclized binder (no MBP) to assess MBP necessity
7.2 Maltose competition/leaching: evaluate signal with and without maltose (0–50 mM) in wash buffers to quantify MBP–amylose dependence and decide whether anti-MBP capture is the more robust orientation method under harsh conditions.
7.3 Non-specific binding: run no-antigen wells, irrelevant peptide wells, and high-matrix wells; quantify background and set acceptance criterion (e.g., signal-to-background ≥10 in PBS and ≥5 in 10% serum).

Step 8 — Format-matched benchmarking versus antibodies
8.1 Same assay role: engineered binder and monoclonal antibody both used as capture reagents; detection via a common detection system (e.g., anti-tag HRP for binder; anti-IgG HRP for antibody) with matched incubation/wash conditions.
8.2 Valency/avidity control: compare monovalent formats (engineered binder monomer; antibody Fab if available) and bivalent formats (full IgG; engineered binder dimerized via a defined linker) to avoid conflating avidity with intrinsic affinity.
8.3 Readouts: LoD, EC50, dynamic range, intra-/inter-assay CV, and post-stress signal retention across the harsh-condition panel in PBS and in serum/plasma.

Step 9 — Go/no-go decision points (risk mitigation)
9.1 Go/no-go #1 (post-expression/purification): if SEC-MALS shows >20% aggregates or misfolding (CD inconsistent), pivot to disulfide-stapled-only SH3 or cyclized-only SH3 without knot.
9.2 Go/no-go #2 (post-disulfide mapping): if incorrect/heterogeneous disulfides dominate, reduce cystine-knot complexity (2 disulfides only) or switch to periplasmic-only expression with DsbC co-expression.
9.3 Go/no-go #3 (ELISA immobilization): if amylose/MBP is unstable under harsh wash conditions, adopt anti-MBP capture or biotinylate a defined tag (AviTag) for streptavidin plates while keeping MBP only as expression aid.","Structural feasibility (addresses “nontrivial embedding”): The revised architecture explicitly preserves the SH3 beta-barrel and relocates backbone cyclization to terminal solvent-exposed tails, avoiding disruption of SH3 secondary structure. Cyclotide-like stabilization is implemented as an exoloop cystine-knot/staple system that constrains only targeted binding loops (RT/n-Src) rather than forcing the entire SH3 domain into a cyclotide fold. This is supported by a required computational validation stage (Rosetta + MD) with quantitative thresholds (core RMSD, loop RMSF, disulfide strain) before committing to library construction.

Expression and chemistry feasibility (addresses disulfides/cyclization in E. coli): The plan specifies an experimentally precedented cyclization route (intein-mediated EPL) with a defined fallback (sortase ligation). Oxidative folding is treated as a first-class risk with two routes: periplasmic expression (oxidizing environment) and in vitro refolding with explicit redox-buffer compositions, followed by disulfide connectivity mapping by LC–MS/MS.

Mechanistic rigor and contribution isolation: The build-test panel (linear SH3, cyclized-only, disulfide-stapled-only, full cyclotide-inspired, cyclotide-only, ±MBP) isolates which constraint(s) improve stability/affinity. Folding and monodispersity are verified by SEC-MALS, CD, limited proteolysis, and disulfide mapping, preventing false-positive ELISA improvements driven by aggregation or misfolding.

ELISA benchmarking validity (addresses format equivalence and immobilization artifacts): The ELISA is redesigned to be format-matched (same capture role, antigen presentation, and matrix panels). Immobilization risks specific to MBP/amylose (maltose competition, leaching, nonspecific adsorption) are explicitly tested with orthogonal capture methods (anti-MBP capture and/or AviTag–streptavidin). Harsh-condition panels and acceptance thresholds are predefined, ensuring that claims of superiority are tied to controlled stress tests rather than uncontrolled assay variability.

Alignment with concept chain: The proposal remains centered on protein engineering of SH3 designer binding modules (Asset 1), MBP as an expression/assay handle (Asset 1), and cyclotide/topological stabilization principles (Asset 2), but implements them in a structurally defensible, experimentally staged manner with explicit go/no-go criteria.","The proposal is unusually strong in execution detail and risk controls (EPL with fallback sortase, periplasmic vs in-vitro redox folding, disulfide connectivity mapping, SEC-MALS/CD/proteolysis gates, and format-matched ELISA benchmarking with matrix panels). The mechanistic argument—entropy reduction in binding loops without perturbing the SH3 beta-barrel—is plausible and appropriately coupled to computational pre-screening and experimental controls that isolate cyclization vs disulfides vs MBP immobilization. Score deductions are primarily due to remaining high-risk structural assumptions not yet anchored to specific prior art: (i) grafting a cystine-knot-like mini-domain into/onto SH3 RT/n-Src loops may introduce local strain or alter the conserved SH3 peptide-binding geometry despite core preservation; (ii) 2–3 disulfides in a small looped context can yield heterogeneous isomers and kinetic traps even with DsbC/refolding, and MD “no rupture events” is not a reliable predictor of oxidative folding correctness; (iii) the plan lacks explicit quantitative design constraints for linker lengths/geometry between SH3 loop and exoloop (a major determinant of whether the constraint is stabilizing vs distorting); and (iv) the comparison to antibodies, while format-matched, still risks confounding by surface density/orientation differences between amylose/anti-MBP/adsorption modes unless surface coverage is quantified and normalized across capture reagents."
"Surgical-stress–like ROS elevations in the Drosophila lymph gland suppress prohemocyte maintenance by chemically oxidizing extracellular Wingless (Wg) at a small, quantifiable set of redox-labile residues that are functionally required for Wg retention/presentation (HSPG binding) and productive receptor engagement (DFz2-CRD binding). This oxidation collapses short-range Wg availability, reduces canonical Wg output in the medullary zone/PSC niche, and biases hematopoiesis toward an emergency differentiation program (lamellocyte skew; altered crystal cell outputs) analogous to stress hematopoiesis. 

Mechanistic rationale for the refined approach: reviewers’ central concern is false attribution of oxidation to the capture method and poor interpretability due to low-stoichiometry/labile oxidative PTMs on a lipidated/glycosylated Wnt. We therefore (i) decouple ‘PTM discovery’ from any peroxide-requiring proximity labeling by adding H2O2-free, in vivo, cell-impermeant oxidative-PTM trapping and rapid acid/anaerobic processing; (ii) require stringent pre-registered criteria to call a PTM ‘stress-induced’ (dose-response with stress, blockade by ROS quenchers, and persistence without enzymatic labeling); (iii) quantify PTM occupancy (not just identification) with isotope-coded standards so ROS→PTM→binding→signaling is quantitatively identifiable; and (iv) normalize each wg recoding allele for secretion/processing (extracellular abundance, lipidation/processing state, ER retention/Porcupine dependence, tissue distribution) prior to interpreting hematopoietic rescue, preventing biogenesis artifacts from masquerading as oxidation-resistance. Finally, we formally rank oxidative lesions across ligand vs HSPG scaffold vs receptor by combining targeted PTM-PRM on Wg/Dally/Dlp/DFz2 with reciprocal genetic ‘protection’ (oxidation-resistant recoding where structurally permissible) and epistasis tests that map which protected node restores Wg binding/signaling under stress.","Step 0 — Pre-registration, stress calibration, and primary readouts (interpretability scaffolding)
0.1 Pre-register ‘stress-induced PTM’ criteria: A candidate oxidation site must (A) increase with stress intensity (injury±hypoxia/reoxygenation) across ≥3 doses; (B) be reduced by at least two mechanistically distinct ROS suppressors (e.g., NAC feeding + genetic catalase/SOD overexpression) without globally blocking immune differentiation; and (C) be detectable with the H2O2-free capture pipeline (Step 2B/2C) even when APEX/HRP labeling is omitted.
0.2 Define a surgical-stress ROS paradigm in larvae: sterile injury (standardized puncture site/needle gauge) combined with controlled transient hypoxia (e.g., 5% O2, defined duration) followed by reoxygenation. Acquire time-resolved lymph-gland ROS curves (0–180 min) using (i) chemical dyes (e.g., DHE for superoxide, H2DCFDA for general ROS, used only for kinetics) and (ii) genetically encoded sensors expressed broadly (e.g., roGFP2-Orp1 for H2O2; Grx1-roGFP2 for glutathione redox), with imaging parameters fixed (laser power, exposure) and ratiometric quantification.
0.3 Establish baseline hematopoietic metrics (same staging and gland segment): prohemocytes (dome+; medullary-zone fraction), PSC integrity (Antp+ cell number/volume), differentiation outputs (lamellocytes: msn/Atilla; crystal cells: PPO1/lozenge), and gland disruption indices.
0.4 Establish Wg pathway outputs: Armadillo stabilization (nuclear Arm), TCF/LEF reporter activity (standard Wg reporter), and extracellular Wg retention measured under non-permeabilizing immunostaining.

Step 1 — Orthogonal oxidative-PTM capture and artifact-control package (mandatory Directive #1)
1.1 H2O2-free extracellular sulfenic-acid trapping (primary orthogonal capture): Immediately after stress, incubate dissected lymph glands briefly (minutes) in ice-cold, oxygen-restricted buffer containing a cell-impermeant sulfenic acid trap (e.g., a membrane-impermeant dimedone-derivative with biotin handle). Rationale: captures transient Cys-SOH formed in vivo without adding peroxide; cell-impermeant design biases labeling to extracellular/luminally exposed proteins. 
1.2 Rapid acid quench + anaerobic processing (artifact suppression): Within seconds of collection, quench glands in cold acidified buffer (e.g., 0.1–0.5% formic acid compatible with downstream cleanup) to stop redox cycling; perform homogenization and immunoprecipitation in degassed buffers under inert gas (N2/Ar), include metal chelators (EDTA/DTPA) to limit Fenton chemistry, and include methionine oxidation suppressors during processing where compatible. 
1.3 Differential alkylation to preserve native thiol states: Immediately after acid quench neutralization, alkylate free thiols (e.g., iodoacetamide) under low oxygen; optionally apply a two-step alkylation workflow to distinguish reduced vs reversibly oxidized cysteines if needed.
1.4 Controlled ‘labeling artifact’ arm for APEX/HRP (secondary triangulation, not primary discovery): If extracellular APEX/HRP proximity labeling is used, run matched controls: (i) no-enzyme controls, (ii) no-biotin-phenol controls, (iii) stress vs no-stress with identical minimal H2O2 pulse, (iv) catalase present during pulse, and (v) pulse before stress (to gauge labeling-induced oxidation). Enzymatic labeling is used mainly to enrich the Wg microenvironment proteome, not to define oxidation chemistry.

Step 2 — Quantitative PTM mapping on Wg, scaffold, and receptor (Directives #3 and #4)
2.1 Endogenous tagging and enrichment: Use an endogenously tagged wg allele (small epitope tag validated for function) to immuno-enrich Wg from pooled lymph glands. In parallel, enrich Dally/Dlp and DFz2 (tagged or high-affinity antibodies) from the same biological conditions. 
2.2 Target PTM classes and detection modes:
- Methionine oxidation: quantify MetO occupancy with isotope-coded peptide standards (synthetic light/heavy pairs for each candidate peptide in reduced vs MetO forms) and PRM.
- Cysteine oxidation: quantify sulfenylated/overoxidized sites via the H2O2-free trapping (Step 1.1) plus PRM for modified peptides; include negative controls for probe specificity.
- Carbonylation (optional): detect via derivatization-based enrichment only if initial discovery indicates robust carbonylation.
2.3 PTM stoichiometry and dose-response: For each candidate site on Wg/Dally/Dlp/DFz2, compute occupancy (modified/(modified+unmodified)) across stress doses and timepoints. Define a priori a ‘functional-threshold’ analysis: identify sites whose occupancy crosses a threshold concurrent with measurable Wg binding loss (Step 3). 
2.4 Distinguishing ligand vs scaffold vs receptor as dominant lesion: Rank nodes using a composite score per protein: (i) PTM occupancy change with stress, (ii) sensitivity to ROS quenchers, (iii) temporal precedence relative to signaling loss, and (iv) correlation with binding deficits.

Step 3 — Binding and presentation consequences with quantitative linkage to PTM occupancy
3.1 DFz2-CRD capture assay (quantitative receptor binding): Produce recombinant DFz2-CRD (quality-controlled for disulfide integrity) immobilized on beads. Incubate with lymph gland–conditioned media collected post-stress (standardized gland number/time). Quantify captured Wg by immunoblot and, where possible, targeted MS (PRM) normalized to input Wg abundance.
3.2 HSPG-binding assay: In parallel, capture Wg on heparin/HSPG-mimetic matrices. Include competition with soluble heparin to validate specificity. 
3.3 Normalization to extracellular Wg abundance: For each sample, measure extracellular Wg abundance directly (non-permeabilizing staining quantified per gland volume; plus biochemical measurement of secreted Wg in conditioned media). Binding readouts are reported as ‘binding per extracellular Wg’ to separate biogenesis effects from binding chemistry.
3.4 Stoichiometry→binding model: Fit mixed-effects models linking site-specific occupancy (Step 2) to DFz2/HSPG binding loss (Step 3.1–3.2) to identify which PTMs explain the majority of functional variance.

Step 4 — CRISPR recoding with secretion/processing QC (Mandatory Directive #2)
4.1 Allelic series design: Generate endogenous wg edits for only high-confidence stress-induced sites (per Step 0.1–2.3). Prioritize Met→Leu (oxidation-resistant) for MetO sites; for cysteines, restrict to surface-exposed, non-disulfide cysteines based on Wnt/Wg structural homology and disulfide mapping, avoiding cysteines predicted essential for folding. Include oxidation-mimetic controls only when chemically defensible.
4.2 Biogenesis and secretion QC for every allele (pass/fail gate before hematopoiesis interpretation):
- ER retention/UPR: assess ER stress markers and Wg co-localization with ER markers in producing cells.
- Porcupine dependence and lipidation/processing state: test sensitivity to Porcupine inhibition/knockdown; assess Wg electrophoretic mobility and/or lipidation proxy assays as feasible; confirm that edited alleles still require normal Wg processing pathways.
- Extracellular abundance and distribution: quantify extracellular Wg levels (non-permeabilizing staining) and spatial distribution in lymph gland; compare to wild-type and a known Wg secretion-impaired control.
Only alleles meeting secretion/processing criteria proceed to Step 5 phenotyping.

Step 5 — Reciprocal protection/recoding of scaffold and receptor (Mandatory Directive #3)
5.1 Targeted PTM-PRM on Dally/Dlp and DFz2: Use the same stress series to quantify oxidation occupancy on Dally/Dlp/DFz2 extracellular peptides (Step 2). 
5.2 Genetic ‘protection’ tests:
- Scaffold: use alleles or engineered variants that increase effective HSPG presentation (e.g., increased sulfation capacity or stabilized Dally/Dlp expression) to test rescue of Wg retention/signaling under stress.
- Receptor: if DFz2 extracellular cysteines show stress-sensitive oxidation and are not disulfide-essential, generate conservative oxidation-resistant edits (minimal cysteine edits; prioritize Met edits on receptor first if present). Validate receptor surface expression and signaling competence under baseline conditions.
5.3 Formal ranking experiment: Under identical stress conditions, compare rescue efficacy across (i) oxidation-resistant wg, (ii) scaffold-protection, (iii) receptor-protection, and (iv) combinations. The dominant oxidative lesion is the node whose protection restores Wg binding/signaling and prohemocyte maintenance with the largest effect size at matched ROS levels.

Step 6 — Hematopoietic outcomes and immune-context validation (Assets 1–3 alignment)
6.1 Under surgical-stress ROS, quantify whether protected-node genotypes maintain prohemocytes (dome+), preserve PSC integrity (Antp+), and prevent stress-biased emergency differentiation (lamellocytes), while not abolishing appropriate immune responsiveness.
6.2 Immune challenge interaction: Perform wasp parasitization ± surgical-stress pretreatment. Test whether stress normally alters lineage choice (e.g., lamellocyte bias and/or altered Serrate/Notch-linked crystal cell outputs), and whether oxidation-resistant Wg (or scaffold/receptor protection) specifically uncouples ‘stress compounding’ from pathogen-driven differentiation.
6.3 Benchmark controls: Compare to global antioxidants and generic ROS inducers. Requirement: node-specific protection should preserve hematopoietic homeostasis without broadly suppressing immune competence, distinguishing targeted mechanism from systemic ROS dampening.

Step 7 — Minimal quantitative mechanism model (identifiable, not qualitative)
7.1 Build a hierarchical model: ROS dose/time → site-specific PTM occupancy (Wg/scaffold/receptor) → DFz2/HSPG binding capacity (normalized) → Wg transcriptional output → cell-fate metrics. 
7.2 Identifiability ensured by: (i) measured PTM stoichiometries with isotope-coded standards, (ii) independent binding assays, (iii) allele series that selectively modulates PTM susceptibility without changing baseline processing, and (iv) reciprocal protection at multiple nodes.","Addresses (i) H2O2/APEX confounding: Oxidation mapping is anchored in H2O2-free, cell-impermeant sulfenic-acid trapping plus rapid acid quench/anaerobic workflows; APEX/HRP is demoted to secondary enrichment with stringent matched controls. A PTM is only called ‘stress-induced’ if it increases with stress, is blocked by ROS quenchers, and persists without enzymatic labeling.

Addresses (ii) low-stoichiometry/labile PTMs on Wg: The plan explicitly includes (a) pooling strategy (many glands per condition), (b) rapid quench + oxygen-exclusion to minimize artifactual oxidation, (c) immediate thiol blocking, and (d) targeted PRM quantification using isotope-coded standards for both modified and unmodified peptides to measure occupancy (not presence/absence). This makes small, labile PTM signals interpretable and comparable across conditions.

Addresses (iii) ligand vs scaffold vs receptor ambiguity: Wg, Dally/Dlp, and DFz2 are all subjected to the same quantitative PTM-PRM pipeline and then to reciprocal genetic ‘protection/recoding’ tests. Dominance is inferred by effect size on binding (DFz2-CRD and heparin capture normalized to extracellular Wg) and signaling/fate outcomes at matched ROS, providing a formal ranking rather than assumption.

Addresses (iv) recoding may disrupt Wg biogenesis: Every wg allele passes a predefined secretion/processing QC gate (ER retention/UPR, Porcupine dependence, extracellular abundance/distribution). Hematopoietic rescue is interpreted only if baseline processing and extracellular levels are comparable, ensuring that observed protection reflects oxidation-resistance rather than altered folding/trafficking.

Overall feasibility: The proposal leverages strong prior biological grounding (Wg maintains prohemocytes/PSC; ROS triggers immune activation) while upgrading the redox-MS core with orthogonal, minimally perturbative capture and quantitative stoichiometry standards. This converts a high-risk qualitative redox claim into a controlled, multi-node, quantitatively testable mechanism that remains tightly aligned with the original ROS→Wg availability→hematopoietic fate chain.","The proposal is unusually strong in engineering execution: it pre-registers PTM-calling criteria, separates discovery from peroxide-based proximity labeling, and emphasizes occupancy (with isotope-coded standards) rather than binary PTM detection—appropriate for low-stoichiometry/labile oxidative PTMs on lipidated/glycosylated Wg. The ligand–scaffold–receptor disambiguation via parallel PTM-PRM and reciprocal “protection” genetics is logically well-structured and directly addresses prior reviewer concerns.

Key weaknesses that still limit interpretability and feasibility: (i) the cell-impermeant sulfenic-acid trapping step is performed post-dissection; extracellular redox states can change rapidly upon tissue removal even with cold/low-O2 handling, so the claim that it “captures Cys-SOH formed in vivo” remains partially exposed to ex vivo artifacts unless in situ perfusion/fixation-like trapping or ultra-rapid in vivo quench is demonstrated; (ii) Wg is notoriously low-abundance in the lymph gland niche, and endogenous tagging/enrichment from pooled glands may still be underpowered for site-resolved occupancy across multiple proteins (Wg, Dally/Dlp, DFz2) and multiple dose/timepoints—this risks incomplete coverage and selection bias toward the easiest peptides rather than the most mechanistically relevant residues; (iii) the DFz2-CRD capture assay using conditioned media may not reflect the physiological, membrane-proximal, HSPG-facilitated presentation geometry of Wg in the niche; changes in apparent binding could conflate ligand aggregation/solubility shifts or lipoprotein association changes under stress rather than true interface oxidation; and (iv) oxidation-resistant recoding is constrained by Wnt cysteine/disulfide architecture and glycan/lipid contexts, so the editable residue set may be too small to decisively test the central claim unless the proposal pre-specifies contingency paths if “high-confidence” sites are non-editable or yield no baseline-functional alleles."
"Psoriatic arthritis (PsA) risk emerges when joint-draining antigen-presenting cells (APCs) enter a genetically enabled “dsRNA–MDA5 filament persistence → MAVS–TBK1/IKKε–IRF3 + NF-κB coincidence” state that selectively amplifies IL12B transcriptional responsiveness and IL-12/23 secretion beyond what is achieved by generic inflammatory priming. Mechanistically: (1) IFIH1 risk alleles bias MDA5 toward longer-lived, higher-occupancy filaments on endogenous dsRNA species generated during metabolic/mitochondrial stress, thereby increasing MAVS signal integration (signal duration and burst frequency) rather than only peak amplitude. (2) IL12B risk haplotypes increase promoter/enhancer gain for convergent IRF3/IRF7 and RelA inputs (coincident logic), converting prolonged MAVS signaling into disproportionately high IL-12p40/IL-23 output that drives arthritogenic Th1/Th17 polarization. (3) CDKAL1 risk alleles provide the enabling biochemical context by perturbing ms2i6A tRNA modification and translational fidelity, increasing mitochondrial stress and the specific accumulation of RNase III–sensitive dsRNA (mitochondrial transcripts and/or structured nuclear dsRNA), which increases MDA5-engaging ligand availability. The refined approach overcomes reviewer-identified identifiability limitations by embedding causal-disambiguation directly into the pooled screen: (i) pathway-separation perturbations (genetic and chemical) that ‘cut’ alternative PRR routes (RIG-I/TLR3/STING) and downstream nodes (MAVS/TBK1/IRF3), (ii) quantitative imaging/throughput constraints established by pilot performance metrics, (iii) multi-background tagging or validated fixed-cell proxies for MDA5 filaments to avoid a single tagged-line bottleneck, (iv) perturbation-linked dsRNA identity assays beyond J2 staining, and (v) a pre-specified adjudication framework that requires concordance across endogenous chromatin perturbation, allele-specific reporter logic, and chromatin/TF occupancy changes before nominating causal variants/elements.","Step 0: Pre-registered causal graph, decision rules, and go/no-go metrics (before large-scale screening)
0.1 Causal graph and competing models
- Primary model: CDKAL1 → mitochondrial/translation stress → increased endogenous dsRNA species → MDA5 filament persistence (IFIH1-dependent) → MAVS→TBK1/IKKε→IRF3 + NF-κB coincidence → increased IL12B transcription → increased IL-12p40/IL-23 → Th1/Th17 skew.
- Alternative models to explicitly discriminate: (A) RIG-I/DDX58-driven RNA sensing; (B) TLR3 endosomal dsRNA sensing; (C) cGAS–STING-driven type I IFN priming; (D) cell-state shift toward inflammatory DC programs independent of dsRNA; (E) generic IFN-stimulated gene (ISG) induction as the driver of IL12B.
0.2 Predefined go/no-go quantitative performance metrics
- Optical pooled imaging representation: ≥ 300 analyzable cells per guide per condition (after QC) and ≥ 200 guides per run with coefficient of variation (CV) of guide counts ≤ 0.35 across replicates.
- Temporal sampling for filament kinetics: live imaging at 1 frame / 20–30 s for ≥ 20 min per field; minimum 8 fields per well-equivalent; target ≥ 1.5×10^6 total frames per experiment batch.
- Filament quantification error bounds: on held-out manually annotated frames, filament detection F1-score ≥ 0.85; filament length estimation mean absolute percent error (MAPE) ≤ 15%; persistence-time estimation bias ≤ 10% on synthetic ground-truth simulations.
- Barcode-to-phenotype linkage: optical barcode calling accuracy ≥ 95% at per-cell assignment; collision/doublet rate ≤ 5% (validated using mixed barcoded control lines).
- Screen-level mechanistic identifiability criterion (must pass in pilot): MDA5/MAVS pathway-cut controls (see Step 2) must reduce IL12B readouts by ≥ 60% under dsRNA-stress module while leaving TNF/IL-1β-driven NF-κB reporter response reduced by ≤ 20% (demonstrates specific dependence on dsRNA→MAVS axis).

Step 1: Build PsA-vs-PsC causal variant maps and construct mechanistic perturbation libraries
1.1 Genetic mapping with explicit PsA vs PsC decomposition
- Perform PsA vs PsC case–case meta-analysis with strict phenotype definitions; additionally run PsA vs controls and PsC vs controls to decompose shared vs differential effects.
- Impute high-resolution HLA (class I/II) to control for MHC-driven heterogeneity (motivated by known PsV/PsA differences in HLA architecture).
- Fine-map IFIH1, IL12B, CDKAL1 to 95% credible sets (Bayesian fine-mapping); prioritize variants with (i) differential PsA vs PsC effects, and/or (ii) overlap with APC chromatin (ATAC/CUT&Tag reference maps) but do not require eQTL colocalization.

1.2 Two-tier pooled perturbation architecture (to reduce batch/efficiency confounds)
Tier A: Uniform-efficiency CRISPRi/a tiling (core screen)
- Use a single lentiviral delivery mode per batch to avoid mixed-delivery efficiency confounds: dCas9-KRAB (CRISPRi) and/or dCas9-VPR (CRISPRa) expressed from stable integration in donor-derived cells (see Step 3) with gRNAs delivered by lentivirus at MOI 0.1–0.2.
- Dense guide tiling: 1 guide per ~50–80 bp across candidate regulatory intervals (IL12B locus and CDKAL1 regulatory landscape), plus flanking negative-control regions matched for GC content and chromatin state.
- Include guide sets targeting known IL12B regulators as internal controls (e.g., RELA, IRF3 binding regions) but use minimal essential controls to preserve library complexity.

Tier B: Variant recreation (secondary pooled validation, not co-mingled with Tier A)
- Perform prime editing or base editing in separate, smaller pools after Tier A hit nomination to avoid mixed perturbation efficiency in the discovery screen.
- For IFIH1 coding candidates: generate allelic series (risk/protective) in iPSC-derived APCs and in primary-cell surrogates where feasible; for IL12B noncoding SNPs: edit top candidate regulatory nucleotides within nominated elements.

1.3 Reporter system: landing-pad MPRA as grammar probe, explicitly not the sole causal arbiter
- Integrate a single-copy landing pad into iPSC lines (see Step 3) using a recombinase-based system; insert minimal IL12B promoter with synthesized enhancer fragments (200–800 bp) in both allelic versions with unique barcodes.
- Use the reporter strictly to test intrinsic enhancer logic (IRF/NF-κB coincidence, saturability), while endogenous CRISPRi/a tiling remains the primary evidence for chromatin-context causality.

Step 2: Embed pathway-separation controls and causal discriminators directly into pooled screening
2.1 Parallel pathway-separation perturbations (genetic + chemical) for PRR disambiguation
- Add a dedicated “pathway-cut module” sublibrary (10–20% of total guides) targeting:
  * MDA5 axis: IFIH1, MAVS.
  * Downstream: TBK1, IKBKE (IKKε), IRF3.
  * Alternative PRRs: DDX58 (RIG-I), TLR3, TMEM173 (STING).
  * Optional: cGAS (MB21D1) to isolate DNA-sensing contributions.
- In parallel (plate-level), apply matched inhibitors with defined windows (pre-registered dosing range from pilot):
  * TBK1/IKKε inhibitor (e.g., MRT67307-class) during dsRNA modules.
  * Endosomal TLR3 blockade (e.g., chloroquine-class endosomal acidification perturbation) as a coarse control.
  * STING inhibitor (H-151-class) where needed.
- Causality criterion: IL12B/secretome hits from IL12B/CDKAL1/IFIH1 loci must (i) be abolished by MAVS or TBK1/IKKε or IRF3 perturbation, and (ii) not be equivalently abolished by DDX58/TLR3/TMEM173 perturbations, establishing specificity for MDA5–MAVS signaling.

2.2 Stimulus matrix designed for pathway separation (not “stimulation-gated colocalization”)
- Baseline synovial-like inflammatory conditioning: TNF + IL-1β.
- Metabolic/mitochondrial stress module: hypoxia mimic + lipid overload (parameterized in pilot to achieve viability ≥ 80%).
- dsRNA axis module:
  * Endogenous dsRNA amplification: ADAR1 inhibition/knockdown (genetic) as a controlled dsRNA-unmasking condition.
  * Positive control: poly(I:C) transfection at low dose as calibration, not as gating logic.
- IFN-β priming module (low-dose, time-bounded) to test whether effects are merely ISG priming versus MDA5-specific kinetics.

2.3 Orthogonal mechanistic readouts (each with explicit linkage and QC)
Readout A: MDA5 filament state
- Live-cell: endogenously tag IFIH1 with HaloTag or equivalent in multiple genetic backgrounds (Step 3) and quantify nucleation rate, length distribution, and persistence time.
- Scale proxy (fixed-cell): develop antibody-based filament detection (anti-MDA5 + dsRNA marker) with high-content imaging; validate against live metrics in the same background (correlation requirement r ≥ 0.7 for persistence proxy vs live persistence rank across perturbations).
- Barcode linkage: optical pooled screening with in situ sequencing; only accept cells passing morphology QC and barcode confidence threshold.

Readout B: IL12B regulatory output
- Endogenous: targeted single-molecule RNA FISH (IL12B transcripts) in pooled format with per-cell guide barcode calling; additionally quantify a small panel of ISGs to detect generic IFN priming.
- Reporter: landing-pad enhancer-barcode expression in iPSC-derived APCs to assess enhancer grammar (coincidence vs additive logic) across stimulus modules.

Readout C: Secretome and functional cytokine output
- Supernatant profiling: DNA-barcoded antibody arrays (IL-12p40, IL-23, IFN-inducible chemokines) with condition indexing; validate top hits by ELISA/Luminex.
- Functional co-culture: edited APCs + autologous naive CD4 T cells to quantify Th1/Th17 polarization.

Readout D (mandatory): dsRNA source identity assay linked to perturbations
- Implement an orthogonal dsRNA identity assay beyond J2 staining:
  * RNase III–sensitivity quantification: split lysates ± RNase III treatment followed by dsRNA-enriched capture and targeted quantification.
  * Strand-specific RNA-seq on dsRNA-enriched fractions (or duplex-capture) in a targeted validation set of top CDKAL1 and IFIH1 perturbations; quantify mitochondrial vs nuclear dsRNA contribution and specific transcripts enriched.
- Causality criterion: CDKAL1 risk edits/perturbations must increase RNase III–sensitive dsRNA signal and shift dsRNA composition in a reproducible direction, and this increase must be necessary for downstream IL12B/secretome phenotypes (lost upon MAVS/TBK1/IRF3 cuts).

Step 3: Avoid single tagged-line bottleneck; define donor/background strategy
3.1 Multi-background tagging strategy
- Engineer IFIH1 tagging in at least 3 genetic backgrounds:
  * Two independent iPSC lines (distinct donors; ideally one carrying higher polygenic risk and one lower) differentiated into macrophage/DC-like APCs.
  * One primary-cell-compatible background via transient labeling proxy or fixed-cell validated filament assay.
- Rationale: ensures filament phenotypes generalize across genetic backgrounds and avoids a single tagged donor line as the sole mechanistic readout source.

3.2 Primary APC averaging without decoupling from tagging
- Use primary moDCs/macrophages from multiple donors for Tier A CRISPRi/a tiling readouts B/C/D (IL12B, secretome, dsRNA identity), while filament readout A is collected both in iPSC-derived tagged APCs and via the fixed-cell proxy in primary cells.
- Decision rule: a causal IFIH1/ CDKAL1 mechanism requires concordance between (i) filament metrics in tagged iPSC-APCs, and (ii) fixed-cell filament proxy trends in primary APCs under the same perturbation/stimulus modules.

Step 4: Formal adjudication framework for endogenous tiling vs reporter (and chromatin evidence)
4.1 Predefined evidence tiers for naming a causal element/variant
- Tier 1 (required): Endogenous CRISPRi/a tiling identifies an element whose perturbation shifts IL12B transcription (RNA FISH) and IL-12p40/IL-23 secretion in the same direction, with replication across ≥ 2 donors or backgrounds.
- Tier 2 (required for variant-level claim): Allele recreation (prime/base edit) within the nominated element recapitulates directionality and effect size (within 30% of tiling-predicted effect) on IL12B transcription and/or secretome.
- Tier 3 (required to resolve reporter/endogenous disagreements): Chromatin/TF occupancy evidence:
  * CUT&RUN (or CUT&Tag) for IRF3, RelA, and H3K27ac at the endogenous locus must change concordantly with the perturbation/edit.
  * If reporter shows effect but endogenous does not: interpret as “grammar without chromatin access,” requiring ATAC/H3K27ac evidence of closed chromatin in the tested APC state.
  * If endogenous shows effect but reporter does not: interpret as “chromatin-dependent enhancer–promoter communication,” requiring evidence of stimulus-dependent accessibility/looping (targeted 3C/ddPCR) or cofactor-dependent binding.
- Go/no-go for causal nomination: do not name a causal element unless Tier 1 + (Tier 2 or Tier 3) is satisfied.

Step 5: Mechanistic validation with explicit causal cuts
5.1 IFIH1 biochemical linkage
- Purify MDA5 risk/protective variants; measure ATPase activity, dsRNA affinity, and filament kinetics in vitro; quantitatively relate kinetic parameters to cellular persistence metrics.
- Causality criterion: variant differences in filament persistence must be consistent in vitro and in cells, and the downstream IL12B phenotype must be MAVS/TBK1/IRF3-dependent.

5.2 CDKAL1 stress-to-dsRNA path
- Measure ms2i6A tRNA modification, translational misincorporation reporters, mitochondrial stress (mtROS, membrane potential), and dsRNA identity assay outputs.
- Causality criterion: blocking mitochondrial stress (pharmacologic rescue) must reduce dsRNA identity signal and reduce MDA5 filament persistence and IL12B output without broadly suppressing TNF/IL-1β NF-κB responses.

5.3 Disease relevance
- APC–T cell co-culture readouts: Th1/Th17 differentiation markers and pathogenic cytokines; optionally benchmark against synovial fluid T cell responses when available.

Step 6: Translation with mechanistically anchored risk score
- Build an “arthritogenic cytokine propensity score” using only validated causal variants/elements meeting the adjudication criteria; test incremental predictive value for PsA development over HLA-C*06:02 and clinical severity, leveraging longitudinal psoriasis cohorts.","1) Imaging scale and barcode linkage are de-risked by explicit, pilot-verified throughput/error specifications and a fallback fixed-cell filament proxy. The proposal now includes pre-registered minimum cells/guide, temporal sampling, and quantitative error bounds for filament detection and barcode calling under primary-cell morphology, directly addressing identifiability and representation concerns.

2) The single tagged-donor bottleneck is removed by mandating ≥ 2–3 tagged genetic backgrounds (iPSC-derived APCs) plus a validated antibody-based fixed-cell filament assay deployable in primary APCs. This preserves generalizability while enabling high-throughput filament phenotyping.

3) Mixed-delivery confounds are mitigated by separating discovery (uniform lentiviral CRISPRi/a tiling) from variant recreation (prime/base editing) into distinct experimental tiers, avoiding uneven efficiencies within the same pooled context and simplifying batch structure.

4) The CDKAL1→dsRNA→MDA5 chain is made falsifiable by adding (i) pathway-cut perturbations/inhibitors (MAVS, TBK1/IKKε, IRF3 vs DDX58/TLR3/STING) embedded in the pooled screen and (ii) a perturbation-linked dsRNA identity assay (RNase III–sensitivity and strand-specific dsRNA-enriched sequencing) to verify dsRNA source/composition beyond J2 staining. These additions explicitly rule out alternative PRR routes and generic IFN priming explanations.

5) Endogenous-tiling vs reporter disagreements are handled by a formal adjudication framework requiring concordance across CRISPRi/a effects, allele recreation, and chromatin/TF occupancy (CUT&RUN/CUT&Tag, H3K27ac, and targeted 3C). This prevents over-interpreting reporter-only signals and clarifies when chromatin-context dependence is the correct interpretation.

6) The refined design remains aligned with the original concept chain (IFIH1 filament biophysics + IL12B promoter/enhancer logic + CDKAL1-enabled stress/dsRNA burden) but now includes explicit causal discriminators and quantitative go/no-go criteria required for a mechanistically identifiable genotype-to-function mapping in PsA-relevant APC states.","The proposal is methodologically ambitious and unusually well-instrumented for identifiability: it anticipates alternative PRR routes, hard-codes causal cuts, and defines quantitative go/no-go metrics for pooled optical imaging and phenotype linkage. The central mechanism (CDKAL1-enabled stress increasing endogenous dsRNA → IFIH1/MDA5 filament persistence → MAVS/TBK1/IKKε coincidence logic → IL12B hyper-responsiveness) is internally coherent and testable with the planned orthogonal readouts (filaments, IL12B smFISH, secretome, dsRNA identity). However, several key biological and engineering risks remain under-specified: (i) the exact APC state most relevant to PsA synovium/enthesis (and whether iPSC-derived APCs and moDCs adequately approximate it) is not justified with a concrete benchmarking plan (e.g., mapping to synovial APC programs); (ii) IL12B attribution to the proposed IRF3+NF-κB coincidence logic is plausible but not sufficiently distinguished from IRF7/type I IFN feed-forward or broader chromatin remodeling programs—your ISG panel helps, but the decision boundaries for “generic IFN priming” vs “MDA5 kinetics” are not mathematically explicit; (iii) CDKAL1→ms2i6A→translation fidelity→mitochondrial dsRNA accumulation is an interesting but multi-hop chain with many confounders (integrated stress response, OXPHOS remodeling, apoptosis-related RNA release) and needs sharper causal rescue/epistasis design and clearer definitions of the dsRNA species expected; (iv) feasibility is still tight for live-filament imaging at pooled scale in primary-like morphologies—fallback fixed-cell proxies are good, but the biological validity of filament proxy in inflammatory APCs is not yet demonstrated beyond correlation targets. Overall, the design is strong and addresses prior identifiability criticisms, but biological model validity and some causal separations (IRF3 vs IRF7; MDA5 kinetics vs IFN feed-forward) need stricter operationalization."
"We hypothesize that a *structure-guided, affinity-coupled dual-stabilization architecture*—comprising (i) a calcium-rigidified, engineered class III chitinase functioning as a **specific lipase-binding interlayer** and MOF nucleation scaffold, and (ii) confinement of the resulting chitinase–lipase complex within a protein-compatible Co–Cys BioMOF—will yield quantitatively superior encapsulation efficiency, thermal robustness, and recyclability compared to single-enzyme or non-affinity co-encapsulation systems. Mechanistically, Ca2+ binding at pre-validated surface loops of the chitinase increases local backbone rigidity (ΔTm-driven stabilization without fold disruption), while engineered lipase-affinity patches enforce spatial colocalization, preventing nonspecific crowding. Subsequent MOF growth occurs preferentially around the chitinase scaffold via defined His/Cys coordination sites, generating a hierarchical composite in which lipase stability arises from *both* reduced conformational entropy (via chitinase binding) and controlled mesoporous confinement (via BioMOF), rather than from altered crystallization kinetics or passive co-entrapment.","Step 1: Structure-guided chitinase engineering.
- Template selection: Use a resolved class III chitinase structure with high homology to PSC (e.g., PDB ID: 1KFW or closest plant class III chitinase fold).
- Ca2+-binding design: Identify two solvent-exposed, non-catalytic loops (≥8 Å from active site, low sequence conservation) and introduce *minimal* Ca2+-binding motifs (DXH or EHX, not DXDXD) based on EF-hand–inspired geometries to reduce electrostatic destabilization. Computational screening will target Ca2+ KD in the 50–200 µM range.
- Affinity interface: Introduce a shallow hydrophobic/aromatic patch (e.g., W/F/Y-enriched, ~300–500 Å²) complementary to CALB surface regions distal to the active site (guided by docking), yielding micromolar chitinase–CALB affinity.
- MOF nucleation sites: Add 2–3 spatially clustered His/Cys residues on the *opposite face* of the lipase-binding interface to spatially decouple lipase binding from Co–Cys coordination.
- Validation criteria: SEC-MALS (monodispersity), CD spectra overlap ≥90% with WT, Ca2+-dependent ΔTm ≥ +5 °C by DSC, no >10% loss of intrinsic chitinase activity.

Step 2: Protein compatibility and Co–Cys BioMOF growth optimization.
- Establish protein-safe MOF conditions: pH 7.0–7.5, ≤25 °C, Co2+ ≤1 mM, cystine:Co ratio optimized to minimize free thiols; include ROS scavenger (e.g., 1 mM methionine) during growth.
- Compatibility assays prior to encapsulation: CALB activity after exposure to Co2+/Cys without MOF; thiol oxidation state via Ellman’s assay; cobalt leaching baseline via ICP-MS.

Step 3: Hierarchical encapsulation workflows and mechanistic control matrix.
- Primary system: Pre-form chitinase–Ca2+–CALB complex (verified by MST or ITC), initiate in-situ Co–Cys BioMOF growth.
- Controls (mandatory): (a) CALB@MOF ± Ca2+; (b) CALB + WT chitinase@MOF ± Ca2+; (c) CALB + engineered chitinase lacking His/Cys nucleation sites@MOF; (d) post-synthetic CALB loading into preformed MOF; (e) engineered chitinase–CALB without MOF.

Step 4: Localization, accessibility, and stabilization metrics.
- Co-localization: Dual fluorescent labeling + confocal microscopy; FRET efficiency as proximity readout.
- Pore accessibility: Protease protection assays; nitrogen sorption with size-exclusion probes.
- Functional kinetics: Determine Km and kcat for esterification to confirm active-site accessibility versus diffusion limitation.
- Stability metrics: T50 and half-life at 60 °C; activity retention after 10, 15, and 20 cycles.

Step 5: Quantitative go/no-go criteria (pre-registered).
- Encapsulation yield ≥85%; activity recovery ≥75%.
- ΔT50 (composite vs free CALB) ≥ +15 °C.
- ≥80% activity retained after 10 cycles and ≥65% after 20 cycles.
- Cobalt leaching ≤5% over full recycling study.","This refined workflow directly addresses reviewer concerns by converting a conceptual synergy into a falsifiable, structure-driven engineering strategy. Unlike arbitrary DXDXD insertions, Ca2+-binding motifs are placed using fold-aware constraints and validated biophysically, minimizing destabilization risk. The engineered chitinase is no longer a passive co-encapsulant but a defined affinity interlayer enforcing lipase colocalization, enabling true mechanistic synergy. Comprehensive control matrices disentangle Ca2+ effects, chitinase effects, MOF confinement, and encapsulation mode. Explicit protein-compatible Co–Cys conditions and metal/thiol monitoring mitigate cobalt-related risks. Finally, pre-registered quantitative performance thresholds transform the proposal into a deliverable engineering program grounded in precedents from BioMOF encapsulation (Asset 2), nanostructured lipase immobilization (Asset 1), and Ca2+-mediated chitinase stabilization (Asset 3), while advancing them through a rigorously testable hierarchical design.","This is a technically sophisticated and unusually well-specified proposal that demonstrates strong command of protein engineering, enzyme immobilization, and BioMOF chemistry. Engineering resolution is high due to explicit structural constraints (distance from active sites, KD targets, residue counts, DSC thresholds) and a comprehensive control matrix that genuinely enables mechanistic dissection. Logical consistency is strong: the dual-stabilization claim is coherently argued via reduced conformational entropy (affinity interlayer) plus mesoporous confinement, and the decoupling of lipase binding from MOF nucleation is a particularly sound design choice. Minor deductions arise from residual risk stacking: Ca2+ rigidification, affinity engineering, and Co–Cys coordination are each stabilizing in isolation but could introduce unforeseen cooperative destabilization or kinetic bottlenecks, which are acknowledged but not fully stress-tested in silico or via contingency pathways. Evidence grounding is solid and stays within the bioengineering/biomaterials domain, though reliance on 'Asset' precedents without explicit quantitative benchmarking data slightly weakens the empirical anchoring. The rationale is creative and clearly addresses a real bottleneck (non-specific co-encapsulation and crowding), but could be further elevated by explicitly articulating why class III chitinase is superior to other potential protein scaffolds beyond availability and Ca2+ responsiveness."
"De novo DNA synthesis can be used to build a plasmid-free, genome-integrated “metabolite-to-mammalian-signaling” genetic circuit in Clostridium acetobutylicum that (a) *senses* fermentation-state–linked butyryl-CoA flux using promoter-driven gRNA expression from multiple endogenous flux-responsive promoters (without targeting core metabolic genes), (b) *integrates/amplifies* these promoter activities via dCas12a CRISPRi acting only on an orthogonal synthetic promoter/reporter layer, and (c) *actuates* production of a chemically specified, enzyme-accessible HCAR2 (GPR109A) agonist from the clostridial product stream (butyrate/butyryl-CoA-derived butyrate) followed by purification/fractionation that enables causal attribution in hematopoietic precursor assays. Mechanistically, this refined architecture resolves the feasibility-collapse points identified by reviewers: (1) it separates sensing from perturbation by restricting CRISPRi targets to synthetic DNA elements (never to native flux genes), making promoter activity the true readout; (2) it replaces an unspecified ‘butyrate derivative’ with a short list of concrete HCAR2 agonist chemotypes and explicit enzymatic steps that are first validated in vitro; (3) it specifies a benchmarkable clostridial surface-anchoring/display strategy with quantitative localization and turnover assays, but only after soluble/secreted production is demonstrated; and (4) it implements an LC-MS–guided SPE/HPLC fractionation plus spike-in/rescue framework (with synthetic standards) so changes in hematopoietic precursor DNA synthesis dynamics (EdU incorporation; cAMP/PKA→Rb/E2F checkpoint control) can be assigned to the engineered ligand rather than to confounding fermentation acids/solvents.

Target mammalian mechanism: an HCAR2-selective agonist fraction increases receptor engagement and Gi/o signaling, lowering cAMP and altering PKA activity; this shifts phosphorylation state of Rb and E2F target transcription to modulate G1/S entry in hematopoietic precursor cells. Specificity is established by (i) receptor blockade/KO surrogate lines and (ii) chemical attribution (LC-MS peak identity + spike-in matching + activity tracking), while minimizing HDAC-driven chromatin-wide confounding by selecting an agonist chemotype with demonstrably low in vitro HDAC inhibition relative to butyrate at receptor-active concentrations.","Step 1 — Specify mammalian assay system and receptor-specific readouts (no live microbe exposure)
1.1 Cell sources and gating: isolate primary human CD34+ hematopoietic precursor cells (cord blood or mobilized peripheral blood) and gate CD34+CD38− (primitive) vs CD34+CD38+ (committed) fractions; include a standardized cytokine background (SCF/TPO/FLT3L) to maintain viability while permitting measurable cell-cycle entry.
1.2 DNA synthesis/cell-cycle endpoints: EdU pulse (30–60 min) with flow cytometry for EdU+DAPI (G0/G1/S/G2/M); phospho-Rb (Ser807/811) by flow or immunoblot; E2F target transcripts (MCM2, CCNE1, PCNA) by RT-qPCR; viability/apoptosis (Annexin V/PI).
1.3 Receptor signaling endpoints: cAMP (HTRF/ELISA) at early time points (5–60 min), PKA substrate phosphorylation (phospho-PKA substrates Western), and optional CREB phosphorylation as a downstream reporter.
1.4 Specificity controls: niacin (nicotinic acid) as a canonical HCAR2 agonist positive control; butyrate and isobutyrate/propionate as SCFA controls; pertussis toxin (Gi/o inhibition) and a pharmacologic HCAR2 antagonist where available; plus an engineered surrogate cell line (e.g., HEK293/CHO expressing human HCAR2) for a clean receptor pharmacology readout (cAMP inhibition), enabling decoupling from hematopoietic context.

Step 2 — Redefine the ‘flux sensor’ as promoter-driven gRNA expression and keep CRISPRi strictly orthogonal
2.1 Identify endogenous promoters that report butyrate/butyryl-CoA–linked state (readout only): select 3–5 native C. acetobutylicum promoters with published fermentation-state responsiveness (acidogenesis→solventogenesis transition) and/or butyrate pathway coupling, such as promoters upstream of: ptb-buk (phosphotransbutyrylase/butyrate kinase; acidogenic butyrate formation), ctfAB (CoA-transferase; solventogenic reassimilation), adc (acetoacetate decarboxylase; solventogenesis marker), thlA (thiolase; acyl-CoA entry), and/or the sol operon region (strain-dependent organization). Final promoter set will be chosen by RNA-seq or RT-qPCR screening across time-course fermentation to quantify dynamic range and monotonicity versus intracellular butyryl-CoA/butyrate.
2.2 gRNA-as-readout design: place a distinct Cas12a gRNA under each chosen endogenous promoter (P1→gRNA1, P2→gRNA2, …). These promoters are the sensors; their transcriptional activity encodes the fermentation/flux state.
2.3 dCas12a as integrator/amplifier without metabolic perturbation: express dCas12a constitutively from a moderate-strength clostridial promoter (chosen to avoid growth penalty), but restrict all CRISPRi targets to a synthetic ‘computation layer’ that does not touch native genes.
2.4 Computation layer architecture (explicit): implement a set of orthogonal synthetic promoters controlling (i) a reporter (e.g., anaerobe-tolerant fluorescent protein or luciferase) and (ii) the actuator gene(s). gRNAs target only these synthetic promoters to compute an output that is a defined function of the promoter activities (e.g., a weighted NOR/NOT configuration). Example: gRNA1 and gRNA2 repress a synthetic repressor gene, creating an AND-like dependence of actuator expression on two promoter states; gRNA3 directly represses actuator promoter to enforce solventogenic gating. This produces a monotonic ‘flux-score’ output without ever repressing flux genes.
2.5 Calibration: across anaerobic batch culture time points, quantify (a) sensor promoter activities via gRNA transcript counts (RT-qPCR) and/or a parallel promoter-reporter cassette, (b) computation-layer output (reporter), and (c) metabolite state (intracellular acyl-CoAs including butyryl-CoA by LC-MS; extracellular butyrate by HPLC). Fit a regression/ODE model to map promoter vector → flux-score → ligand titer.
2.6 Genome integration: integrate sensor, dCas12a, and computation/actuator modules into validated neutral loci using established clostridial genome engineering (e.g., allele-coupled exchange/CRISPR-based integration). Use multi-locus insertion to reduce recombination and distribute expression burden; insulate with strong terminators.

Step 3 — Make actuator chemistry explicit: nominate concrete HCAR2 agonist chemotypes and enzyme routes; validate in vitro first
3.1 Chemotype shortlist (2–3) with enzyme-accessible steps from butyrate/butyryl-CoA-derived streams:
A) Tributyrin (glycerol tri-butyrate; a butyrate pro-ligand): 
- Rationale: enzymatically accessible (acyltransferases), hydrophobic/partitionable for purification, generates high local butyrate equivalents upon lipase cleavage; to address the reviewer concern about ‘decoupling from HDAC,’ tributyrin itself has reduced free-butyrate activity until hydrolyzed, enabling controlled delivery and fractionation; receptor activity is mediated after hydrolysis to butyrate (HCAR2 agonist). This is included as a pragmatic actuator with clear biosynthesis.
- Enzymatic steps: butyrate → butyryl-CoA (butyrate—CoA ligase/short-chain acyl-CoA synthetase; ATP→AMP+PPi; Mg2+). Then sequential acylation of glycerol: glycerol-3-phosphate acyltransferase (GPAT) + lysophosphatidic acid acyltransferase (LPAAT)-like activity or a wax ester synthase/acyl-CoA:diacylglycerol acyltransferase (WS/DGAT) to yield di- and tri-butyrin; requires glycerol (or glycerol-3-P) and butyryl-CoA.
- Cofactors: ATP, CoA, Mg2+; no redox cofactors.

B) 3-Hydroxybutyrate (β-hydroxybutyrate; BHB; a hydroxycarboxylic acid receptor ligand class):
- Rationale: hydroxycarboxylic acids engage this receptor family; BHB is an HCAR ligand class and is chemically distinct from butyrate, offering a plausible route to alter HDAC/off-target profile and receptor bias. It is enzymatically accessible in anaerobes via acetoacetate reduction.
- Enzymatic steps: acetoacetate → D-3-hydroxybutyrate via 3-hydroxybutyrate dehydrogenase (BDH; NADH-dependent). Upstream acetoacetate availability can be linked to solventogenic state (acetoacetate is a key node in ABE metabolism).
- Cofactors: NADH/NAD+.

C) Nicotinate-related agonist (niacin-like) is *not* biosynthesizable from butyrate in a short route; therefore it is used only as a pharmacology control, not as an actuator target.

3.2 Pre-validation requirement (before any surface display): perform cell-free enzyme reconstitution for each candidate route.
- Provide butyrate + CoA + ATP + glycerol (for tributyrin route) with purified enzymes; confirm formation of mono/di/tri-butyrin by LC-MS (and GC-MS if needed).
- Provide acetoacetate + NADH + BDH for BHB route; confirm D-BHB by enzymatic assay and LC-MS.
- For each product, test in a clean HCAR2-expressing reporter line for cAMP suppression; simultaneously run in vitro HDAC inhibition assays to quantify HDAC IC50/EC50-like behavior versus receptor-active concentrations.
- Decision gate: advance only products/fractions that show receptor-mediated signaling with minimal global histone hyperacetylation in hematopoietic precursors at efficacious doses.

Step 4 — Implement production in C. acetobutylicum with staged complexity (secreted/soluble first, surface display second)
4.1 Stage 1 (soluble/secreted production):
- Tributyrin route: express butyrate—CoA ligase + acyltransferase(s) in cytosol; rely on product partitioning into an organic phase (overlay) or capture by SPE. This avoids immediate dependence on surface anchoring.
- BHB route: express BDH and tune NADH availability (use fermentation phase timing rather than forcing redox rewiring).
4.2 Stage 2 (surface display only after Stage 1 success):
- Anchoring strategy: implement a proven clostridial cell-wall anchoring approach using either (i) sortase-dependent LPXTG-like anchoring if supported in the chosen strain background, or (ii) S-layer protein (SLP) fusion display (common in Gram-positive display systems) with an empirically tested SLP/anchor domain from C. acetobutylicum or a closely related clostridium. Construct N- vs C-terminal fusions and include flexible linkers to preserve enzyme folding.
- Protease mitigation: add protease-resistant linkers; test expression in both acidogenic and solventogenic conditions; include a protease-deficient background if available or add protease inhibitor during assay sampling (for activity measurement only).
4.3 Quantitative surface localization benchmarking:
- Surface biotinylation + streptavidin blot to quantify displayed fraction.
- Immunofluorescence microscopy/flow (anaerobe-compatible handling) using epitope tags.
- Protease shaving assay: extracellular protease digestion followed by Western to confirm surface exposure.
4.4 Quantitative catalytic turnover at the surface:
- Provide exogenous substrate (butyrate + glycerol + cofactors where relevant) and measure product formation rate (nmol/min/OD) by LC-MS.
- Compare to cytosolic expression and to cell-free enzyme controls.

Step 5 — Conditioned-media handling with rigorous fractionation and causal attribution (mandatory)
5.1 Standardized supernatant generation: collect culture supernatant at defined ‘flux-score’ states (from computation-layer reporter), immediately quench (cool, acidify as appropriate to stabilize), sterile-filter (0.22 µm), and document pH/osmolality.
5.2 SPE/HPLC fractionation workflow:
- Use SPE (C18 for hydrophobic products like tributyrin; mixed-mode/anion exchange for acids like BHB/butyrate depending on chemistry). Elute in graded solvents.
- Run analytical HPLC; collect fractions; quantify candidate ligands by LC-MS using calibration curves.
- Pool fractions guided by LC-MS peaks corresponding to the target product; remove solvents and reconstitute in mammalian-compatible vehicle.
5.3 Spike-in/rescue causality framework:
- Obtain synthetic standards (tributyrin; D-BHB; butyrate) and spike them into “blank” matrix fractions from wild-type C. acetobutylicum processed identically.
- Demonstrate that: (i) pooled engineered fractions reproduce the hematopoietic phenotype; (ii) depletion/removal of the LC-MS-identified peak abolishes activity; (iii) spike-in of the authentic standard into depleted fractions rescues activity at dose-matched levels; and (iv) HCAR2 blockade/pertussis toxin abrogates signaling.
5.4 Confounder control panel:
- Measure and normalize key fermentation byproducts (acetate, butyrate, lactate, ethanol, butanol, acetone) by HPLC/GC.
- Conduct dose-matched controls: adjust pH, osmolality, and solvent content across conditions.
- Include a “reconstituted cocktail” control of measured acids/solvents without the target ligand to show insufficiency.

Step 6 — Circuit-to-phenotype modeling and perturbation tests
6.1 Model linking: promoter vector (gRNA levels) → computation-layer output → ligand titer (LC-MS) → receptor signaling (cAMP) → cell-cycle endpoints (EdU, phospho-Rb, E2F targets).
6.2 Identifiability perturbations:
- Sensor-only: mutate individual promoters driving gRNAs (or swap promoter strengths) to shift flux-score mapping without touching metabolism.
- Computation-only: change gRNA target sites in synthetic promoter layer to alter weights.
- Actuator-only: knock down/replace enzyme variants to change production without changing sensing.
6.3 Success benchmarks:
- Demonstrate that altering computation weights shifts ligand titer at fixed fermentation conditions.
- Demonstrate that hematopoietic effects track purified ligand concentration and are blocked by HCAR2/Gi/o interference.

Step 7 — Safety/translation checks (cell-free only)
7.1 Confirm sterility/endospore absence: culture-based sterility, endospore germination challenge, and qPCR for clostridial DNA; include ultrafiltration if needed.
7.2 Endotoxin is not the primary concern for Gram-positive, but test for inflammatory confounders: cytokine induction panel in PBMCs or THP-1 (IL-6, TNFα) using processed fractions.
7.3 Document batch reproducibility: flux-score vs LC-MS titer correlation across ≥3 independent fermentations.","1) Sensor architecture is now mechanistically well-posed and non-perturbative: the ‘readout’ is promoter-driven gRNA transcription from endogenous flux-responsive promoters (measured directly), while dCas12a only integrates these signals by repressing orthogonal synthetic DNA targets. Because no native metabolic genes are targeted, the sensing layer does not rewire the flux it measures, addressing the reviewer’s core objection.

2) Actuator chemistry is converted from speculative to testable with explicit routes and gating: rather than an undefined ‘HCAR2-biased butyrate derivative,’ the plan advances concrete, enzyme-accessible chemotypes with defined cofactors and analytical verification. Tributyrin provides a high-feasibility, acyltransferase-driven route from butyryl-CoA/butyrate streams with strong fractionation leverage (hydrophobic SPE/HPLC behavior) and a clear spike-in standard. 3-hydroxybutyrate provides a distinct hydroxycarboxylic acid ligand class accessible via a single NADH-dependent reduction step from acetoacetate, aligning with solventogenic metabolism. Critically, both are first validated in vitro (enzyme reconstitution + LC-MS + receptor signaling) before committing to clostridial surface display.

3) Surface display is de-risked and benchmarked quantitatively: the plan does not assume successful surface catalysis a priori. It stages development (soluble production → optional surface display) and specifies measurable criteria for surface localization (biotinylation, protease shaving, microscopy/flow) and catalytic turnover (nmol/min/OD via LC-MS), explicitly addressing uncertainty in clostridial anchoring efficiency under solventogenic stress.

4) Confounding from conditioned media is handled by a causality-grade chemical attribution strategy: the mandatory SPE/HPLC fractionation, LC-MS-guided pooling, and spike-in/rescue with authentic synthetic standards provides direct evidence that the engineered molecule (not generic acids/solvents/redox metabolites) drives hematopoietic DNA synthesis modulation. Receptor blockade (HCAR2 antagonist, pertussis toxin) becomes a secondary mechanistic confirmation rather than the sole attribution method.

5) Alignment with the original concept chain is preserved but made experimentally executable: the system remains ‘metabolite-to-mammalian-signaling’ in an anaerobe (C. acetobutylicum), leverages de novo DNA synthesis for genome-integrated circuits, and reads out hematopoietic precursor DNA synthesis dynamics through a defined receptor→cAMP/PKA→Rb/E2F axis—now supported by explicit genetic architecture, explicit chemotypes/enzymes/cofactors, and a rigorous purification/attribution workflow that meets reviewer requirements.","The redesign substantially improves executability versus a direct CRISPRi-on-metabolism approach: restricting CRISPRi targets to synthetic promoters is a credible solution to “sensor perturbs flux.” The staged actuator plan (cell-free enzyme validation → clostridial production → optional surface display) and the mandatory LC-MS/SPE/HPLC fractionation plus spike-in/rescue are strong methodological choices that directly address conditioned-media confounding. However, two core scientific vulnerabilities remain. (i) Receptor/ligand specificity is not fully resolved at the chemistry level: tributyrin is not an HCAR2 agonist per se but a butyrate pro-ligand; once hydrolyzed it regenerates butyrate, reintroducing the HDAC/confounding axis the proposal aims to minimize, and makes “HCAR2-selective” attribution difficult unless hydrolysis kinetics and free-butyrate exposure are quantitatively controlled in the mammalian assay. Similarly, β-hydroxybutyrate’s potency and selectivity at human HCAR2 are typically modest and context-dependent, so the likelihood of obtaining strong, clean Gi/o-cAMP phenotypes in primary CD34+ subsets at physiologically compatible doses is uncertain without prior potency benchmarks (EC50, Emax) in matched assay conditions. (ii) The sensing layer assumes promoter activity is a reliable proxy for butyryl-CoA flux; yet the proposed promoters (ptb-buk, ctfAB, adc/sol) primarily report global regulatory state transitions (acidogenesis/solventogenesis) and stress responses, which may correlate with butyryl-CoA only indirectly. Without an explicit identifiability plan showing monotonic, strain- and condition-robust mapping from promoter vector to measured intracellular butyryl-CoA (not just extracellular acids), the “flux-score” risks being a phase classifier rather than a quantitative flux sensor. Additional feasibility risks include: genome-scale burden/instability of multi-locus inserts in clostridia under solvent stress; limited availability/validation of truly orthogonal repressible promoters in strict anaerobes; and potential loss of gRNA dynamic range due to RNA processing/stability differences across fermentation phases."
"A de novo 4-helix-bundle hemoprotein can be converted into a selective, low-leak ion transporter by engineering a heme-coupled, protonatable “histidine zipper” that drives a reversible one-helical-turn register shift (“piston-like” sliding) of a transmembrane helix, producing an alternating-access cycle between two dehydrated vestibules without ever forming a continuous, water-filled pore. The refined mechanism explicitly addresses the key physical gaps by (i) quantitatively constraining the electrostatic coupling: heme ligation/redox changes (including propionate charge states) will be designed to shift the pKa of one to two buried histidines in the zipper by ~0.8–1.5 units, thereby changing the free-energy difference ΔG(O−I) by ~1–3 kcal/mol across physiologic pH/redox windows; (ii) preventing kinetic freezing: the zipper is redesigned as a ‘frustrated, partially hydrated ion-pair ladder’ in which only 1–2 salt bridges are buried/locked at any time and at least one site is ‘wettable’ by a single-file microhydration pocket, lowering the activation barrier ΔG‡ for registry exchange into a transporter-like regime (~12–16 kcal/mol, target turnover ~1–50 s−1 depending on driving force); (iii) enabling ion entry/exit in a dehydrated environment through a minimal, state-dependent “access hydration” feature at each vestibule—a short-lived, vestibule-local water admission gate (2–5 waters) controlled by a polar clamp residue pair that opens only in the outward-facing or inward-facing state and is sterically incapable of creating a continuous polar track; and (iv) ensuring residue-level structural coherence: the ion-coordination atoms are placed on the sliding helix and a partner helix such that a one-turn register shift relocates the coordinating geometry from an outer vestibule to an inner vestibule while a hydrophobic occlusion layer remains intact and intermediate morphs are explicitly filtered to eliminate any continuous hydrogen-bond chain or pore-radius expansion. The net result is a de novo transporter whose selectivity comes from transient, preorganized coordination in a low-dielectric cavity, whose low leak comes from enforced discontinuity of hydration, and whose switching is deterministically controlled by heme coordination chemistry rather than bulk hydration gating.","Step 0 — Define quantitative design targets (pre-registered success criteria)
0.1 Transport objective: prioritize K+ uniport for first-pass demonstration (simpler coordination chemistry than Cl−); Cl− or H+/Cl− coupling becomes second-phase after validating access-hydration and anti-trap behavior.
0.2 Quantitative success metrics (hard gates):
- Leak floor: planar bilayer shows no stable open-channel state; conductance events must be rare/bursty with mean open probability <10−4 at ±100 mV.
- Proteoliposome flux: ≥10× on/off ratio between ‘switch ON’ vs ‘switch OFF’ conditions (defined below), and ≥20× over empty liposomes.
- Selectivity: PK/PNa ≥20 (bi-ionic reversal potential), and inhibition/shift consistent with vestibule motif mutations.
- Turnover target: 1–50 ions·s−1·protein−1 inferred from calibrated flux + protein copy number; reject variants that are ‘too stable’ with <0.1 s−1 under maximal driving force.
- Energetic targets: ΔG(O−I) within ±1 kcal/mol under ON condition; ΔG(O−I) ≥ +2 kcal/mol or ≤ −2 kcal/mol under OFF condition; ΔG‡(O↔I) between 12–16 kcal/mol (room temperature) to avoid locking or channel-like rapid exchange.

Step 1 — Architectural blueprint with residue-level mapping (explicit register-shift relocation)
1.1 Scaffold: antiparallel 4-helix transmembrane bundle (TM1–TM4), each 22–26 residues membrane-spanning, with short extramembranous loops.
1.2 Sliding helix: TM2 contains a 11–12 residue sliding segment designed to shift by ~3–4 residues (≈ one helical turn). The register shift is defined between Registry-O and Registry-I.
1.3 Occlusion layer: a 6–8 Å thick hydrophobic gasket midway through the membrane formed by conserved Leu/Ile/Val/Phe across TM1/TM3/TM4, positioned so that in both O and I states the minimum polar-path distance across the membrane exceeds 15 Å and pore radius stays <1.0 Å at the gasket.
1.4 Two vestibules:
- Outer vestibule: formed by TM1/TM2/TM3 near extracellular leaflet.
- Inner vestibule: formed by TM2/TM3/TM4 near cytosolic leaflet.
1.5 K+ coordination motif (moves with register):
- Primary ligands on TM2 (sliding helix): two backbone carbonyls presented by a glycine-allowed local geometry (e.g., “Ala-Gly-x-x-Gly” spacing) plus one side-chain oxygen (Thr/Ser) positioned to complete an ~6–8 ligand partial cage.
- Partner ligand on TM3: a conserved Thr/Ser carbonyl + side-chain oxygen that remains fixed.
Design mapping rule: in Registry-O, the TM2 carbonyl triad aligns with TM3 partner to form the outer-site cage; after one-turn register shift (Registry-I), the same TM2 carbonyl triad aligns with a second fixed partner oxygen on TM4 to form the inner-site cage. Thus, the ‘moving half’ of the cage is on TM2; the ‘fixed half’ switches partners (TM3 vs TM4) depending on register.
1.6 Hard constraint: ensure no intermediate creates a continuous polar chain. The coordinating atoms are local to the vestibule and separated from the opposite vestibule by the hydrophobic gasket.

Step 2 — Heme module and quantitatively constrained electrostatic coupling (constant-pH + QM/MM-informed)
2.1 Heme placement: b-type heme embedded between TM3 and TM4, orthogonal to the transport pathway, with edge-to-zipper distance 7–9 Å (not 6–10 Å generic; target is 7.5–8.5 Å to increase coupling while avoiding direct pore wetting).
2.2 Axial ligation design:
- Strong ligand: His on TM3 (fixed).
- Conditional ligand: His or Met on a short helical turn at the cytosolic end of TM4 whose geometry is only compatible in Registry-I (steric/rotamer allowance); in Registry-O it is misaligned by >1.5 Å and/or clashes.
2.3 Propionate handling: explicitly include heme propionates in electrostatics model; design local H-bond network to set propionate protonation preference (e.g., one propionate H-bonded to a buried Asn/Ser pair, the other solvent-exposed), and evaluate both protonation microstates in calculations.
2.4 Coupling calculation workflow (must precede wet-lab library):
- Build O and I state structural models with explicit heme and propionate microstates.
- Run constant-pH MD (membrane environment) to compute pKa of designated zipper histidines (target: ΔpKa 0.8–1.5 upon heme ligation change and/or Fe(III)/Fe(II) redox shift).
- Use QM/MM (heme + axial ligands in QM region) to parameterize redox/ligation-dependent electrostatic potential; feed into Poisson–Boltzmann/GB or explicit-solvent constant-pH as needed.
- Output: predicted registry populations p(O), p(I) vs pH (6.0–8.0) and redox/ligation state; require p(O)/p(I) to invert by ≥5-fold between ON and OFF conditions.
2.5 ON/OFF definitions (for experimental gating):
- ON: heme present + designed redox state (e.g., reduced Fe(II) if it weakens conditional ligand binding, or oxidized Fe(III) if it strengthens—chosen based on computed ΔpKa sign) + pH that protonates the key His.
- OFF: heme absent, or axial-competition knocked out (conditional ligand Ala), or pH shifted by ≥1 unit in direction that deprotonates the actuator His.

Step 3 — Zipper actuator redesigned to avoid kinetic freezing (engineered microhydration + limited rewiring)
3.1 Zipper composition: 3 His on TM2 (sliding helix) paired to 3 carboxylates on TM1/TM3, but with only two pairs deeply buried; the third is positioned near a vestibule-local microhydration pocket.
3.2 “Frustrated ladder” rule: in each registry, only 2 of 3 His–Glu/Asp pairs can be simultaneously optimal; the third is strained/solvent-accessible, creating a designed driving force for switching without requiring full dehydration/rehydration of all pairs.
3.3 Microhydration pocket: introduce a single polar ‘water seat’ (e.g., Asn/Gln + backbone carbonyl orientation) adjacent to the strained pair, allowing 1–3 waters transiently; this reduces ΔG‡ for salt-bridge exchange while remaining topologically isolated from both vestibules (no continuous water wire).
3.4 Kinetic benchmarks (simulation gating): compute ΔG‡ along a registry-shift coordinate (umbrella sampling/metadynamics in membrane) and reject designs with ΔG‡ >18 kcal/mol (locked) or <10 kcal/mol (risk of channel-like behavior/intermediate leakage).

Step 4 — Explicit state-dependent access hydration at each vestibule (ion exchange without trapping)
4.1 Vestibule hydration gate design: each vestibule has a “polar clamp” (e.g., Ser/Thr + Gln/Asn) that can admit a small water cluster only when that vestibule is exposed (O exposes outer clamp; I exposes inner clamp). In the occluded state, clamp residues pack against hydrophobics and eliminate the local water pocket.
4.2 Ion exchange simulations: for K+ (and later Cl−), perform explicit-solvent MD with adaptive sampling to demonstrate:
- K+ can enter the exposed vestibule with partial hydration (2–5 waters), bind to the preorganized cage, then be released when the opposite vestibule becomes exposed.
- Residence time in the bound state is finite (e.g., <10 ms equivalent by kinetics modeling), avoiding permanent trapping.
4.3 Anti-water-wire constraint: throughout trajectories, enforce/verify that the hydrophobic gasket remains dry (no continuous hydrogen-bonded chain connecting leaflets). Quantify with water occupancy maps and “continuous H-bond path” analysis.

Step 5 — Intermediate-state negative design (morph filters across O→I transition)
5.1 Generate an explicit morph ensemble (20–50 interpolated backbones) between O and I using constrained interpolation + short MD relaxations.
5.2 For each intermediate, apply reject filters:
- Pore radius profile: must not exceed 1.2 Å across the gasket region.
- Polar-track analysis: no continuous chain of heteroatoms with H-bond distance connectivity spanning membrane.
- Water occupancy: no persistent (>5% frames) continuous water column.
5.3 Sequence-level negative design: penalize any arrangement that creates aligned Ser/Thr/Asn/Gln/His across the gasket in any intermediate.

Step 6 — Computational sequence optimization (two-state + coupling term with explicit energies)
6.1 Two-state design objective function includes:
- ΔGfold for O and I in membrane.
- ΔΔGheme-binding (geometry constraints; axial ligation energies).
- Electrostatic coupling term derived from computed pKa shifts (maps protonation state ↔ registry stabilization).
- Hydration penalty term (continuous pore/water-wire penalties across morph ensemble).
- Oligomerization negative design (surface hydrophobics/helix-helix interface specificity).
6.2 Output a small panel (8–20) of top designs + focused libraries (≤200 variants) at:
- 1–2 key His (pKa tuner positions), 1–2 carboxylates, conditional axial ligand position, and 2 vestibule clamp positions.

Step 7 — Experimental screening redesigned to penalize leak and require heme-dependent switching signatures
7.1 Expression and assembly QC (gate before function): quantify expression, membrane localization, oligomeric state; verify heme occupancy (UV–Vis) and ligation (EPR/RR/MCD).
7.2 Primary functional screens (orthogonal, leak-penalizing):
- Membrane potential dye assay in proteoliposomes or cells (e.g., DiSC3(5) or equivalent): counterselect variants that collapse ΔΨ in absence of driving force (nonspecific leak).
- Permeability counterassay: encapsulated fluorophore leakage (calcein/ANTS-DPXS) to reject membrane disruptors.
- Ion-specific flux assay: K+-sensitive dye/electrode with calibrated protein copy number to estimate turnover.
Acceptance gate: must show low baseline leak in OFF condition and increased flux in ON condition.
7.3 Switch validation (must precede deep mechanistic work):
- Redox titration (mediators) or ligand condition changes to shift heme state while monitoring flux; require ≥5× change in activity consistent with computed p(O)/p(I) inversion.
- DEER on labels flanking TM2 sliding segment under ON vs OFF conditions; require distance shift matching predicted register change.
7.4 Secondary mechanistic verification:
- Registry locks: disulfide pairs designed to trap O or I; locked constructs must abolish flux while preserving heme binding.
- Accessibility mapping: state-dependent labeling or quenching of vestibule-exposed reporters (outer vs inner) to confirm alternating access.
- Planar bilayer electrophysiology: confirm transporter-like kinetics (no steady conductance), quantify event statistics.

Step 8 — Causality tests mapped to reviewer concerns
8.1 Electrostatic coupling causality:
- Conditional axial ligand knockout (Ala) should reduce ΔpKa and eliminate switching (DEER distances no longer shift with redox/pH).
- Propionate network perturbations (neutralizing H-bond partners) should change redox/pH dependence as predicted by calculations.
8.2 Kinetic barrier causality:
- Remove microhydration pocket (Asn→Leu) should raise ΔG‡ (lower turnover) and bias toward locked registry.
- Increase wetting locally (Leu→Asn near the ‘water seat’) should speed switching but must not increase leak; reject if polar-track filter fails.
8.3 Ion exchange causality:
- Vestibule clamp mutations predicted to reduce access hydration should decrease flux and increase ion trapping signatures (long residence time; reduced turnover) without increasing leak.

Step 9 — Benchmarking and decision points
9.1 Benchmarks: (i) scaffold without heme; (ii) heme present but zipper neutralized; (iii) zipper present but vestibule motif scrambled; (iv) ‘hydration-gated’ control design with added polar track (expected to leak).
9.2 Go/no-go: only advance designs that (a) meet leak counterselection thresholds, (b) show heme-dependent DEER switching, and (c) pass intermediate morph negative-design metrics computationally and experimentally (no channel-like conductance).

Phase-2 extension (after K+ success): adapt vestibule chemistry for Cl− by replacing coordination with backbone amide donors + strategically placed cationic residue that is state-exposed but does not line up across the gasket; repeat access-hydration validation to avoid anion trapping.","This revised plan directly closes the reviewers’ physical and energetic gaps with quantitative constraints and explicit risk controls. (i) Electrostatic coupling is no longer asserted qualitatively: constant-pH MD plus QM/MM-informed heme electrostatics (including propionate microstates) will be used to predict ΔpKa (target 0.8–1.5) and convert it to testable ΔG(O−I) shifts and registry populations versus pH/redox/ligation; these predictions are then experimentally read out via redox titration coupled to DEER and flux. (ii) Kinetic freezing risk is mitigated by redesigning the zipper as a partially frustrated ladder with a dedicated microhydration pocket so registry exchange does not require concerted rewiring of a fully dehydrated salt-bridge network; activation barriers are explicitly targeted (12–16 kcal/mol) and computed via enhanced sampling, with rejection criteria for overly high or low ΔG‡. (iii) Ion exchange chemistry is made explicit by engineering a minimal, state-dependent access-hydration gate at each vestibule (2–5 waters, vestibule-local) and validating by simulation that ions can enter, bind, and exit without long-lived trapping while maintaining a dry hydrophobic gasket to prevent leak. (iv) The structural mapping of ‘site relocation’ is specified at residue-logic level: the moving coordinating elements are placed on the sliding helix and are designed to align with different fixed partners (TM3 vs TM4) depending on register; intermediate morph ensembles are explicitly filtered to ensure no continuous polar track or pore expansion at any point along O→I. (v) The selection/screening pipeline is de-risked by replacing growth rescue as the primary gate with orthogonal assays that penalize nonspecific permeability (dye leakage, ΔΨ collapse) and by requiring heme-dependent switching signatures (DEER + redox/pH modulation) before advancing variants. These changes preserve the original concept chain—heme coordination → electrostatic/pKa tuning → zipper rewiring → register shift → alternating access—while providing the quantitative landscape targets, kinetic safeguards, and vestibule-local hydration mechanism necessary for realistic transport turnover with low baseline leak.","This is unusually high-resolution for a de novo transporter proposal: it pre-registers quantitative success criteria (leak, selectivity, turnover, ΔG/ΔG‡ targets), proposes a coherent alternating-access mechanism that explicitly avoids a continuous aqueous pore, and maps computation to falsifiable experimental readouts (redox/pH titration ↔ DEER ↔ flux) with appropriate leak counterselection. Score deductions stem from several remaining physical/implementation gaps. (i) The core actuation claim—heme ligation/redox/propionate microstates producing a reliable 0.8–1.5 pKa-unit shift for *buried* histidines in a low-dielectric membrane bundle—may be over-optimistic and highly parameterization-sensitive; constant-pH MD in membranes is not yet uniformly predictive at that resolution without extensive benchmarking, and the plan does not specify calibration against reference systems or uncertainty propagation into ΔG(O−I). (ii) The kinetic target band (ΔG‡ 12–16 kcal/mol; 1–50 s−1) is reasonable, but the proposed “microhydration pocket” is also a principal leak risk; the proposal relies on morph filtering and water-occupancy metrics, yet does not specify stringent *experimental* assays to detect rare water-wire events under voltage and long timescales beyond planar bilayer statistics, nor does it define how to distinguish true transporter bursts from brief subconductance pore flickers. (iii) The coordinating-site design (carbonyl-based K+ cage that ‘relocates’ with one-turn sliding) is conceptually plausible but under-specified in terms of geometry control and competing ion/water stabilization: carbonyl cages in a dehydrated cavity can bind too tightly (trap) or too weakly (no flux), and the plan lacks an explicit thermodynamic target for K+ binding affinity (e.g., ΔGbind window) and how it is tuned independently of ΔG(O−I) and ΔG‡. (iv) The heme module introduces additional failure modes—misligation, redox instability in membranes, and unintended electron-transfer side reactions—without a clear strategy for controlling redox potential and avoiding redox-mediated membrane damage during assays. Overall, the mechanism is logically integrated and methodologically ambitious, but the feasibility hinges on quantitative electrostatics/pKa predictions and on controlling microhydration-mediated kinetics without inadvertent leak, both of which require stronger benchmarking and tighter experimental discriminators."
"We hypothesize that a kinetically gated, gradient-solvent diffusion synthesis of nanoscale ADN:β-CD-K metal-organic frameworks will generate hierarchical host–guest architectures in which β-cyclodextrin inclusion cavities and K+-mediated coordination nodes cooperatively regulate adenosine release at the molecular level. Specifically, by adapting the classical solvent diffusion method to impose a controlled solvent polarity and ionic-strength gradient, we will bias β-CD conformational locking and ADN hydrogen-bonding orientation, producing NMOFs with anisotropic pore chemistry that enables pH- and enzyme-responsive drug delivery superior to conventional isotropic β-CD-MOFs.","Step 1: System setup and materials preparation.
Synthesize β-cyclodextrin–potassium precursor complexes and pre-form ADN–β-CD inclusion assemblies in defined solvent systems (water/ethanol/DMSO). Establish diffusion cells that impose spatial gradients in solvent polarity and K+ concentration to drive non-equilibrium MOF nucleation at the nanoscale.

Step 2: Methodological adaptation – gradient-controlled solvent diffusion.
Implement a modified solvent diffusion protocol in which the anti-solvent is introduced through a semi-permeable membrane, generating a time-resolved solvent and ionic gradient. This adaptation selectively slows coordination kinetics at the β-CD hydroxyl rims while preserving fast ADN inclusion, yielding partially amorphous/crystalline hybrid NMOFs. Particle size, coordination density, and β-CD cavity orientation are tuned by diffusion rate constants rather than bulk composition.

Step 3: Mechanistic validation and analytical framework.
(a) Structural confirmation: Use FT-IR analysis to resolve shifts in O–H, C–O–C, and N–H vibrational bands indicative of ADN inclusion and K+-β-CD coordination; corroborate with PXRD and solid-state NMR.
(b) Drug delivery function: Quantify ADN loading efficiency, release kinetics under physiological vs. acidic pH, and enzymatic degradation (α-amylase).
(c) Biological validation: Assess cellular uptake and cytotoxicity in cancer (MDA-MB-231) versus normal epithelial cells, linking release profiles to endocytic uptake mechanisms.
(d) Structure–function correlation: Map solvent-gradient parameters to FT-IR signatures and drug release behavior to establish mechanistic causality.","1. Theoretical/Empirical Basis: Prior studies demonstrate that β-CD forms stable inclusion complexes with nucleosides and that K+-linked cyclodextrin MOFs exhibit tunable porosity. Solvent diffusion is known to control nucleation kinetics; introducing gradients is a rational extension grounded in coordination chemistry and supramolecular assembly theory.
2. Transfer Logic (How the adaptation fits the domain): The adapted solvent diffusion method directly addresses a biomedical constraint—precise control of drug release kinetics—by engineering structure at the host–guest and coordination levels rather than relying on post-synthetic modification, ensuring biocompatibility and scalability.
3. Comparative Advantage: Unlike conventional β-CD-MOFs synthesized under equilibrium conditions, the proposed gradient-driven NMOFs encode kinetic information into their structure, yielding superior control over ADN encapsulation, stimuli-responsive release, and reduced burst release, thereby enhancing therapeutic index in drug delivery applications.","This is a technically sophisticated and largely well-reasoned proposal that demonstrates strong command of supramolecular chemistry, MOF synthesis, and drug delivery design. The engineering plan is concrete, with clear steps and realistic analytical techniques. The central logical leap—that solvent polarity and ionic-strength gradients can bias β-CD conformational locking and thereby produce anisotropic, functionally superior NMOFs—is plausible but not fully mechanistically nailed down at the molecular level. In particular, the proposal relies heavily on FT-IR correlations and diffusion kinetics without specifying how gradient-induced asymmetry will be spatially preserved in nanoscale particles rather than averaged out during growth. Biological validation is appropriate but somewhat generic relative to the sophistication of the materials hypothesis. Minor score deductions reflect these mechanistic ambiguities rather than feasibility concerns."
"We hypothesize that **operationally defined limited pepsin proteolysis**—implemented as a tunable “proteolysis window” (pH, temperature, enzyme:substrate ratio, and time) and **verified by direct cleavage-site mapping**—will preferentially reduce **telopeptide-derived heterogeneity** in collagen preparations while preserving the **triple-helical Gly–X–Y core**, thereby producing pepsin-soluble collagen (PSC) with (i) **narrower molecular weight/polydispersity profiles**, and (ii) **more cooperative helix–coil unfolding** (sharper DSC/CD transitions) relative to acid-solubilized collagen (ASC) and conventional PSC.

Mechanistic rationale: Collagen telopeptides are structurally flexible, variably crosslinked, and enriched in species- and tissue-dependent post-translational modifications, making them major contributors to extraction-to-extraction heterogeneity and broadened thermal transitions. Under mildly acidic conditions where the triple helix remains kinetically protected, pepsin-accessible cleavage is expected to occur predominantly in **non-helical, solvent-exposed regions** (operational target: N/C telopeptides), decreasing heterogeneous intermolecular associations/aggregation and yielding a more uniform population of triple helices. Importantly, the proposal does **not** assume enzyme “site-specificity”; instead, it defines success as meeting **pre-registered acceptance criteria**: (a) measurable enrichment of telopeptide-derived peptides in the pepsin-released fraction and depletion in the retained collagen fraction, and (b) no detectable cleavage within predefined helical-core marker peptides by LC–MS mapping. If these criteria are met, improvements in homogeneity and thermal cooperativity can be causally attributed to limited proteolysis rather than to hydroxyproline content differences, batch variation, or helix damage.","Step 1 — Source selection, batch structure, and parallel extraction arms (ASC vs PSC vs limited-proteolysis PSC).
1.1. Source: collagen-rich marine by-products from a single species and tissue type per experimental block (e.g., tropical fish skin) to minimize compositional confounding; ≥3 biological batches (different lots/days) to model batch effects.
1.2. Parallel arms:
  A) ASC: standard acid extraction (acetic acid; temperature controlled at 4–10 °C).
  B) Conventional PSC: literature-like pepsin extraction condition (benchmark).
  C) Limited-proteolysis PSC (LP-PSC): a designed “proteolysis window” screen varying:
     • pH: 1.5, 2.0, 2.5, 3.0 (acidic range relevant to pepsin activity and helix stability)
     • Temperature: 4 °C vs 10 °C (to reduce helix destabilization)
     • Pepsin:collagen (w/w): 0.1%, 0.5%, 1.0%
     • Time: 0.5 h, 2 h, 6 h
  Design: fractional factorial or response-surface design (pre-registered) to identify conditions meeting acceptance criteria (Step 2).
1.3. Concentration normalization: hydroxyproline assay for collagen mass normalization across arms (used for dosing and CD/DSC loading), while explicitly treating hydroxyproline as a covariate (not as a mechanistic proxy).

Step 2 — Direct verification module for “limited proteolysis” (mandatory causality anchor).
2.1. SDS-PAGE acceptance check (rapid screen): reducing SDS-PAGE of extracted collagen fractions to confirm preservation of α1/α2 chain pattern consistent with type I collagen and absence of extensive low-MW smearing indicative of over-digestion.
2.2. LC–MS peptide mapping to localize cleavage (primary verification):
  • Sample sets: (i) soluble released peptide fraction after pepsin step, (ii) purified collagen fraction post-salt precipitation/dialysis.
  • Workflow: enzymatic digestion for mapping (e.g., trypsin) followed by LC–MS/MS; search against species-appropriate collagen I sequences (or de novo-assisted mapping if incomplete annotation).
  • Operational definitions:
     – “Telopeptide peptides”: peptides mapping to annotated/known N- and C-terminal non-helical regions and adjacent crosslink-prone segments.
     – “Helical-core marker peptides”: a pre-specified panel of peptides mapping to central Gly–X–Y repeat regions distant from termini.
  • Acceptance criteria (pre-registered):
     (a) ≥X% (e.g., ≥30–50% threshold to be finalized after pilot) reduction of telopeptide peptide spectral counts/intensity in the retained collagen fraction vs ASC/conventional PSC, AND
     (b) no statistically significant increase (vs ASC) in cleavage signatures within helical-core marker peptides (e.g., no new semi-tryptic/non-tryptic termini within core markers above defined false-discovery thresholds).
  • Optional orthogonal confirmation (if available): telopeptide-specific immunoassay/ELISA for N- and C-telopeptides or targeted MRM for selected telopeptide peptides.
2.3. Decision gate: only conditions that pass acceptance criteria proceed to full structural/biophysical characterization; failing conditions are classified as “over-digested” or “under-processed” and used to validate dose–response relationships.

Step 3 — Time-course sampling strategy replacing “in situ CD” (turbidity-controlled CD/DSC pipeline).
3.1. Time-course collection: for each LP-PSC condition, collect aliquots at defined times (e.g., 0, 0.5, 2, 6 h).
3.2. Clarification SOP prior to CD/FTIR:
  • Centrifugation: e.g., 10,000–20,000 g, 10–20 min, 4 °C.
  • Filtration: 0.22–0.45 µm low-protein-binding filter (material specified in protocol).
  • Turbidity/absorbance thresholds: measure UV–Vis absorbance; proceed to CD only if A320 (or equivalent scattering proxy) is below a pre-set threshold; otherwise repeat clarification or dilute to threshold.
  • Fixed CD parameters: constant pathlength (e.g., 0.1–1 mm depending on concentration), constant ionic strength/pH buffer for measurement (post-clarification buffer exchange if needed), and matched baselines.
3.3. CD readouts (secondary structural readout):
  • Far-UV CD scan to confirm triple helix signature (e.g., positive band near ~220 nm).
  • Temperature-ramp CD (post-clarification) to estimate unfolding profile and cooperativity (e.g., normalized ellipticity vs temperature; fit to sigmoidal/van’t Hoff-type models), explicitly correcting for baseline drift using buffer-only and heat-treated denatured controls.

Step 4 — Thermal stability and structural integrity (DSC primary; CD secondary; optional FTIR).
4.1. DSC (primary Tm/Td):
  • Standardized collagen concentration (hydroxyproline-normalized), buffer conditions matched across samples.
  • Outputs: Tm/Td, transition enthalpy (ΔH), and transition width (cooperativity proxy).
4.2. FTIR (optional orthogonal): amide I/III and triple-helix-associated band ratios to confirm preservation of secondary structure across ASC vs PSC vs LP-PSC.

Step 5 — SEC/GPC specification and aggregation controls (explicit native vs denatured objective).
5.1. Define objective and matched method:
  • Primary objective: quantify **molecular weight distribution/polydispersity** relevant to solution-processability and scaffold fabrication.
  • Two complementary SEC modes:
     A) Denaturing SEC (robust chain distribution): separates α-chains and higher aggregates under denaturing conditions to avoid column interaction artifacts.
     B) “Native-like” SEC (conditional): attempts to preserve higher-order assemblies/triple helices; treated as exploratory and only interpreted if aggregation/interaction controls pass.
5.2. Denaturing SEC (recommended as primary PDI metric):
  • Mobile phase: e.g., 4–6 M guanidine-HCl or urea-based system with defined ionic strength; temperature controlled.
  • Column: SEC media compatible with denaturants (explicit column chemistry/pore range selected for 100–1000 kDa regime; finalize based on instrument availability).
  • Calibration: protein standards and/or collagen standards; report apparent MW and PDI.
5.3. Native-like SEC (exploratory, with stringent controls):
  • Column: inert/hydrophilic SEC column designed to reduce protein adsorption.
  • Mobile phase: mild acid/salt composition (defined pH and ionic strength) plus additive strategy if needed to minimize non-specific interactions.
  • Temperature: maintained below denaturation threshold.
  • Aggregation checks: inline MALS (if available) or fraction collection followed by DLS to quantify hydrodynamic size; define exclusion criteria if large aggregates dominate.
5.4. Injection controls: standardized injection concentration range to avoid concentration-dependent aggregation; replicate injections to quantify run-to-run variability.

Step 6 — Pre-registered statistical modeling to separate cleavage effects from composition/batch effects.
6.1. Model structure: mixed-effects models with batch as random effect; fixed effects include (i) cleavage extent metrics (telopeptide removal index from LC–MS), (ii) hydroxyproline content, (iii) extraction arm/condition, and (iv) interaction terms where justified.
6.2. Primary endpoints:
  • DSC: Tm/Td and transition width (cooperativity).
  • SEC: PDI (primary from denaturing SEC; secondary from native-like SEC if valid).
6.3. Mediation/causality logic (within observational constraints): test whether cleavage extent mediates the relationship between extraction condition and (Tm width, PDI), while controlling for hydroxyproline and batch.

Step 7 — Deliverable decision criteria.
7.1. LP-PSC is deemed superior to ASC/conventional PSC only if:
  • Cleavage acceptance criteria are met (Step 2), AND
  • DSC shows significantly sharper transition (reduced width) and/or increased Tm (species-dependent) without loss of ΔH consistent with helix preservation, AND
  • SEC shows reduced PDI relative to ASC and conventional PSC.
7.2. If DSC indicates reduced stability or LC–MS indicates core cleavage, conditions are classified as helix-damaging and excluded from “optimized LP-PSC.”","1) Mechanistic and empirical grounding: Prior marine collagen studies consistently show that PSC often exhibits higher yield and altered composition relative to ASC, and that thermal stability correlates with imino acids/hydroxyproline and structural integrity. However, reviewer concerns about over-attributing effects to “site-specific” cleavage are addressed by reframing the mechanism around an **operationally testable limited-proteolysis window** and by making **LC–MS mapping + SDS-PAGE** a mandatory decision gate.

2) Addressing pepsin broad specificity: The proposal explicitly anticipates context-dependent susceptibility (pH/temperature/helix stability) and therefore uses a designed parameter screen plus **acceptance criteria** (telopeptide depletion with no helical-core cleavage signal) rather than assuming specificity. This makes the key claim falsifiable and prevents inferential leaps.

3) CD practicality in complex matrices: The “in situ” claim is replaced with a **time-resolved, clarified-aliquot workflow** with explicit centrifugation/filtration and turbidity thresholds, fixed pathlength, and baseline/scattering controls—aligning CD readouts with optical constraints of crude extraction liquors.

4) SEC/GPC realism and interpretability: Because collagen–column interactions and aggregation can invalidate ‘native’ SEC, the plan specifies a **primary denaturing SEC mode** for reliable PDI/chain distribution and an explicitly labeled **exploratory native-like SEC** only if aggregation/interaction controls (MALS/DLS, temperature control, injection limits) pass. This directly addresses reviewer concerns about nontrivial “helix-preserving” SEC.

5) Orthogonal structure–function validation: DSC is designated as the **primary thermal stability metric**, CD as secondary for helix signature/cooperativity, and optional FTIR as an orthogonal confirmation. This triangulation reduces reliance on any single method.

6) Separation of confounds (hydroxyproline, crosslink remnants, batch/species variation): Hydroxyproline is used for concentration normalization but is also modeled as a covariate; batch is treated as a random effect; and cleavage extent is explicitly quantified and incorporated into pre-registered models. This design enables distinguishing whether thermal/cooperativity changes track with **telopeptide removal** versus compositional or damage-related artifacts.

Collectively, these revisions convert the central premise into a rigorous, falsifiable workflow where improved homogeneity and thermal behavior can be causally linked to verified limited proteolysis rather than assumed enzymatic selectivity or uncontrolled measurement artifacts.","Methodologically, the proposal is strong: it converts a historically hand-wavy PSC/ASC comparison into a falsifiable limited-proteolysis optimization with explicit decision gates (SDS-PAGE + LC–MS mapping) and appropriate orthogonal biophysics (DSC primary, CD secondary). The factorial/response-surface framing is appropriate for pepsin’s broad specificity. However, several elements remain under-specified in ways that can materially affect interpretability and feasibility: (i) the LC–MS acceptance criteria rely on spectral counts/intensity shifts that may be dominated by digestion/mapping biases, sequence incompleteness in marine collagen, and PTM/crosslink-derived search failures; without a quantitative, peptide-level normalization strategy and explicit control for pepsin carryover/autoproteolysis, the “telopeptide removal index” risks being noisy or systematically biased. (ii) The claim that reduced PDI and sharper DSC transitions will be attributable to telopeptide depletion is plausible, but alternative mechanisms (selective loss of damaged/oxidized molecules, removal of non-collagenous proteins/proteoglycans, changes in ionic environment after processing, differential aggregation state) are not fully ruled out with dedicated controls. (iii) The SEC plan is directionally correct (denaturing primary), but still lacks concrete column/pore-range selection criteria, recovery/adsorption controls, and a defined PDI calculation approach for collagen (which often violates assumptions behind simple polymer PDI metrics). (iv) Statistical mediation language is ambitious given small batch counts (≥3 lots) and high-dimensional condition screens; power and multiplicity control are not addressed, risking overinterpretation of condition effects. Overall, the logic chain is coherent and the engineering is above-standard, but quantitation/controls around LC–MS mapping and the analysis plan need tightening to secure causal attribution."
"Cholestasis-associated bile acid accumulation primes cholangiocytes and liver-resident macrophages for exaggerated TWEAK/FN14-dependent chemokine output, but leukocyte recruitment is ultimately controlled by the *bioavailable* (free) fraction and spatial gradient structure of a small set of receptor-convergent chemoattractants (CCR1/CCR5, CCR2, CXCR2 axes) concentrated in the periportal/bile-duct niche. We hypothesize that (i) TWEAK/FN14 signaling contributes a quantifiable, mechanistically attributable portion of the periportal chemoattractant drive; and (ii) within that program, CCL3 (MIP-1α) is a *sufficient* recruitment determinant only in disease states where CCR1/CCR5 signaling is not fully compensated by CCR2/CXCR2 ligands. Therefore, a protease-activatable, ECM-tethered chemokine sink is expected to be effective only if it (a) achieves a threshold fractional depletion of *free* CCL3 (not total CCL3) in periportal interstitial fluid and (b) is activated by a cholestasis-enriched cleavage event that is ≥10–20× more probable in cholestatic periportal ECM than in nonhepatic inflammatory milieus. Mechanistically, the refined approach overcomes redundancy and off-target activation risk by (1) establishing a receptor-axis attribution/epistasis map (CCR1/CCR5 vs CCR2 vs CXCR2) to define whether CCL3 depletion can meaningfully reduce infiltrates beyond compensation, (2) using in situ degradomics to identify a cholestasis-enriched cleavage sequence rather than assuming canonical MMP/ADAM motifs, and (3) enforcing periportal confinement via quantitatively modeled matrix-binding pharmacokinetics (local molarity and residence time matched to CCL3 production/clearance), so that even if systemic proteases exist, activation and effective binding are spatially constrained to the bile-duct injury niche.","PHASE 0 (Hard go/no-go de-risking before full 6P4-Sink build)

0.1 Define whether TWEAK/FN14 materially contributes to the cholestatic chemokine program (BDL and DDC; receptor-axis attribution).
- Models: (i) BDL (acute, strong periportal inflammation), (ii) DDC diet (ductular reaction, chronic injury) with matched timepoints capturing early recruitment and later fibrosis (e.g., BDL day 3/7/14; DDC week 1/3/6).
- FN14 perturbation: (a) anti-FN14 blocking antibody dosing to cover the recruitment window (pharmacokinetics verified by serum trough levels), and/or (b) Fn14-/- (or conditional Fn14 deletion in cholangiocytes and myeloid lineages if available).
- Readouts:
  (1) Unbiased chemokine profiling in liver tissue homogenate + liver interstitial fluid (microdialysis) + plasma using multiplex Luminex/Olink plus targeted LC–MS/MS quantification for key ligands: CCL3, CCL4, CCL5 (CCR1/CCR5); CCL2/7 (CCR2); CXCL1/2 (CXCR2).
  (2) Single-cell RNA-seq (or targeted scRNA panel) + spatial transcriptomics (periportal vs parenchymal segmentation) to identify the dominant ligand-producing compartments and whether they are FN14-dependent.
  (3) Receptor-pathway attribution: flow cytometry of infiltrates for CCR1/CCR5/CCR2/CXCR2 expression, and ligand–receptor inference integrating scRNA + spatial data.
- Go/no-go gate A (FN14 dependence): proceed only if FN14 perturbation reduces (i) periportal chemokine output and (ii) infiltrate burden by a pre-specified margin in at least one model (e.g., ≥25–30% reduction in Ly6C+ monocytes and/or neutrophils at peak recruitment), establishing that the upstream node is relevant and that downstream chemokines are meaningfully engaged.

0.2 Test *chemokine sufficiency* of CCL3 depletion versus compensation by CCR2/CXCR2 ligands (epistasis/neutralization framework).
- Experimental design (BDL and DDC; powered for infiltrate endpoints):
  Arms include: (i) isotype control, (ii) anti-CCL3 neutralization (or Ccl3-/- if feasible), (iii) anti-CCL2 or CCR2 inhibitor, (iv) anti-CXCL1/2 or CXCR2 inhibitor, (v) combined anti-CCL3 + CCR2 block, (vi) combined anti-CCL3 + CXCR2 block.
- Endpoints:
  (1) Infiltrate quantification: flow cytometry (Ly6C+ monocytes, neutrophils, macrophage subsets), immunohistology with spatial mapping (periportal density gradients).
  (2) Chemotaxis functional endpoint: ex vivo transwell migration of primary monocytes/neutrophils toward liver interstitial fluid (from each arm) with and without CCR1/CCR5 antagonists to isolate CCR1/CCR5-dependent chemotaxis.
  (3) Bioavailable ligand measurement: quantify *free* CCL3 (and free CCL2/CXCL1) in interstitial fluid by equilibrium binding/competition assay (e.g., capture of free ligand with excess immobilized receptor ectodomain or high-affinity antibody under conditions that do not dissociate complexes), and total ligand by denaturing ELISA.
- Quantitative sufficiency threshold (Go/no-go gate B): define and validate the required fractional reduction of *free* CCL3 to produce a measurable drop in infiltrates. Proceed only if:
  (i) CCL3 depletion alone yields ≥20% reduction in periportal infiltrate burden OR
  (ii) CCL3 depletion shows clear epistasis indicating it is a necessary component (e.g., adding CCL3 depletion to CCR2/CXCR2 blockade provides a statistically significant additional reduction), and
  (iii) a dose–response relationship ties infiltrate reduction to a target free-CCL3 depletion threshold (e.g., ≥60–80% decrease in free CCL3 in interstitial fluid at peak recruitment).
- Decision output: if redundancy makes CCL3 insufficient, pivot while preserving the platform concept by retargeting the binding core to a CCR1/CCR5 ligand set (e.g., dual CCL3/CCL5) or to the empirically dominant axis (CCR2 or CXCR2), but only after completing Phase 0 mapping.

0.3 Identify a cholestasis-enriched cleavage event with ≥10–20× activation ratio (degradomics-driven, periportal ECM-resolved).
- Sample acquisition: periportal/bile-duct region microdissection (laser capture microdissection) from BDL and DDC livers, plus controls: healthy liver, and nonhepatic inflamed tissues where systemic off-target activation is plausible (e.g., inflamed colon in DSS colitis, inflamed lung in LPS/bleomycin model, inflamed skin wound).
- N-terminomics/degradomics pipeline:
  (1) Enrich and map neo-N-termini using TMT-based N-terminomics (e.g., TAILS or HUNTER approach) on ECM-enriched fractions.
  (2) Infer dominant cleavage motifs and candidate protease classes; cross-validate with activity-based probes (MMP/ADAM/cathepsin serine protease panels) and inhibitor sensitivity in ex vivo tissue slices.
  (3) Select 2–3 candidate cleavage sequences that are (a) enriched in cholestatic periportal ECM and (b) low in nonhepatic inflamed tissues.
- Go/no-go gate C (specificity): choose a single lead cleavage sequence only if ex vivo cleavage kinetics (kcat/Km proxy using FRET-quenched peptide substrates) show ≥10–20× higher cleavage rate in cholestatic periportal ECM/tissue slices than in each off-target inflamed tissue, and if cleavage is suppressible by a defined inhibitor profile consistent with the inferred protease class.

PHASE 1 (Minimal viable sink prototypes and quantitative localization—before full protein optimization)

1.1 Build “proto-sinks” to validate activation + confinement without committing to full directed evolution.
- Construct architecture (recombinant protein):
  (A) Chemokine-binding: start with wild-type 6P4 (or best-available baseline) fused to an Fc-silent scaffold (e.g., IgG4-Fc with effector silencing) to extend half-life locally while minimizing FcγR activation.
  (B) Protease gate: N-terminal autoinhibitory mask (15–30 aa) positioned to sterically occlude the predicted binding interface; connect via the *degradomics-derived* lead cleavage sequence (from Phase 0.3). Include a non-cleavable scrambled-site control.
  (C) Matrix tether: incorporate a defined ECM-binding module with tunable affinity (e.g., collagen-binding domain with KD in the low nM–µM range). Produce 2–3 tether variants spanning affinities to empirically tune retention vs penetration.

1.2 Quantitative pharmacokinetic/pharmacodynamic (PK/PD) localization model for periportal interstitial molarity.
- Define required local sink concentration from measured endogenous CCL3 kinetics:
  Inputs measured in Phase 0: interstitial fluid CCL3 concentration range (peak and baseline), production/clearance estimates (time-course microdialysis), and diffusion constraints in periportal ECM.
- Model objective: achieve free-CCL3 depletion threshold (from Go/no-go gate B) with a safety margin while limiting systemic exposure.
- Experimental validation:
  (i) Inject fluorescently labeled proto-sink (cleavable vs non-cleavable) via a delivery route selected for periportal exposure (see 1.3) and quantify liver retention, periportal enrichment, and plasma leakage (whole-organ IVIS + quantitative fluorescence in homogenates + confocal on tissue sections).
  (ii) Determine effective residence time (t1/2 in liver ECM) and penetration depth from portal tracts into parenchyma.
- Go/no-go gate D (localization): proceed only if periportal retention yields interstitial concentrations predicted to exceed the required sink molarity for ≥24–72 h (aligned to recruitment kinetics), while systemic levels remain below a pre-set fraction (e.g., <10% of liver interstitial concentration).

1.3 Replace vague delivery with an explicit, tested localization strategy.
- Primary strategy (matrix-first, not cell-entry-first): local ECM-depot delivery tuned by matrix-binding rather than bile-duct cell targeting.
  Option A: peribiliary/periportal injectable shear-thinning hydrogel depot (hyaluronan-based or peptide hydrogel) loaded with proto-sink; release controlled by mesh size and sink tether affinity.
  Option B: intravenous dosing relying on strong ECM affinity plus size-exclusion to bias retention in injured periportal matrix; only acceptable if gate D localization criteria are met.
- Rationale: GalNAc-hepatocyte targeting is explicitly avoided because the therapeutic compartment is periportal ECM; the program requires extracellular localization, not hepatocyte internalization.

PHASE 2 (Full 6P4-Sink engineering—only if Phase 0–1 gates pass)

2.1 Directed evolution to achieve the binding potency implied by the required free-CCL3 depletion.
- Library design: focused saturation mutagenesis on solvent-exposed loops predicted (AlphaFold2 + interface prediction) to contact CCL3; maintain scaffold stability (thermal shift assays; expression yield threshold).
- Display/selection:
  (i) Yeast surface display with decreasing CCL3 concentrations to drive KD into the low nM range, with kinetic selection for slow koff (to sustain sequestration under flow).
  (ii) Counter-selection against CCL4/CCL5 to control off-target CCR1/CCR5 ligand depletion *unless* Phase 0 indicates multi-ligand capture is required to overcome redundancy; in that case, deliberately evolve a defined multi-specific profile aligned to the sufficiency map.
- Functional potency metric (not just KD): ability to reduce CCR1/CCR5 reporter activation in a cell-based assay using cholestatic interstitial fluid as input.

2.2 Protease-gate integration and specificity validation.
- Insert the single degradomics-derived cleavage sequence into the mask linker; include a secondary “AND-gate” variant if needed (two-step unmasking requiring two independent cleavage events) if off-target activation remains a concern.
- Validate activation:
  (i) Ex vivo cleavage in cholestatic periportal tissue slices vs off-target inflamed tissues (quantitative mass spec of cleavage products + FRET reporter readout).
  (ii) In vivo activation imaging using a quenched fluorescent reporter built into the mask region; quantify activation spatially (periportal vs systemic organs).
- Go/no-go gate E (in vivo specificity): require ≥10× higher activation signal (normalized to dose) in cholestatic liver vs each off-target inflamed tissue tested.

2.3 ECM anchoring optimization.
- Tune matrix-binding affinity to maximize periportal retention without preventing penetration into the relevant ECM microdomain.
- Empirical mapping: intravital microscopy (where feasible) or high-resolution ex vivo imaging to quantify distribution relative to FN14+ cells and CCL3-producing compartments identified in Phase 0.

PHASE 3 (Mechanism, efficacy, and safety benchmarking with redundancy-aware comparators)

3.1 Mechanism-of-action confirmation: gradient collapse and free-ligand depletion.
- Microphysiological system: human bile-acid–stressed cholangiocyte + macrophage co-culture with controlled TWEAK stimulation; integrate microfluidic gradient chamber.
- Readouts:
  (i) Quantify free vs total CCL3 in the microenvironment.
  (ii) Live leukocyte chemotaxis assays with CCR1/CCR5 blockade to confirm that observed migration changes map to the intended axis.
  (iii) Verify that upstream cytokine production is not broadly suppressed (profile TNF, IL-1β, IL-6), consistent with a sink mechanism rather than global immunosuppression.

3.2 In vivo efficacy in BDL and DDC aligned to the sufficiency map.
- Primary endpoints: periportal infiltrate burden (flow + spatial histology), liver injury (ALT/AST, bilirubin, bile acids), and fibrosis progression (Sirius Red, hydroxyproline, α-SMA) across the recruitment-to-fibrosis timeline.
- Comparator arms:
  (i) systemic anti-TWEAK or anti-FN14,
  (ii) non-cleavable masked sink control,
  (iii) if Phase 0 reveals redundancy, include an axis-appropriate comparator (CCR2 or CXCR2 inhibition) to contextualize effect size and interpret compensation.

3.3 Safety and regeneration preservation.
- Regeneration/wound healing: hepatocyte proliferation (Ki67), ductular reaction (KRT19/SOX9), and bile-duct repair indices.
- Immune competence: ex vivo LPS challenge of splenocytes/whole blood to ensure no systemic immunoparesis.
- Off-target activation surveillance: quantify activated sink signal and free-chemokine perturbation in off-target organs, especially in parallel nonhepatic inflammation models used in Phase 0.3.

PIVOT RULES (pre-specified)
- If Go/no-go B fails (CCL3 not sufficient): retarget binding to empirically dominant ligand(s) or build a multi-ligand sink matched to the receptor-axis sufficiency map while keeping the same protease-gate + ECM-tether architecture.
- If Go/no-go C/E fails (activation not cholestasis-enriched): implement an AND-gate (dual cleavage) or abandon protease gating in favor of purely matrix-restricted depot dosing with non-activatable but tightly localized sink, only if systemic leakage remains below threshold in Gate D.
- If Gate D fails (cannot reach/maintain local molarity): prioritize hydrogel depot + higher-affinity ECM tether and/or increased dosing frequency; if still insufficient, terminate rather than proceed to expensive directed evolution.","This revision converts the proposal’s key assumptions into measurable constraints with pre-specified stopping rules. (1) Chemokine sufficiency is no longer presumed: FN14 perturbation plus unbiased chemokine profiling, receptor-axis attribution (CCR1/CCR5/CCR2/CXCR2), and neutralization/KO epistasis in *both* BDL and DDC establish whether CCL3 depletion can reduce recruitment beyond compensation and quantifies the required fractional reduction in *free* CCL3. This directly addresses redundancy concerns and prevents overinvestment if the biology does not support a single-ligand sink. (2) Protease-gating specificity is de-risked by degradomics (N-terminomics) on periportal ECM to identify cholestasis-enriched cleavage events rather than relying on generic MMP/ADAM/cathepsin motifs; the ≥10–20× activation ratio requirement against nonhepatic inflamed tissues operationalizes the reviewer’s specificity standard. (3) Delivery/localization is grounded in a matrix-binding PK/PD model and experimentally measured periportal retention/penetration, replacing vague ‘bile-duct targeted LNPs’ with a compartment-appropriate strategy (ECM depot and tunable ECM affinity) and explicitly defining required local molarity and residence time relative to endogenous CCL3 kinetics. Only after these gates are satisfied does the plan proceed to full directed evolution and in vivo efficacy, ensuring that engineering effort is aligned to validated biological sufficiency and activation specificity.","This is a strong, de-risked engineering/biology co-design with explicit go/no-go gates that directly address redundancy, spatial biology, and off-target activation—common failure modes for chemokine-targeting biologics. The main deductions are: (1) the central measurand “free CCL3” in liver interstitial fluid is technically under-specified and potentially confounded (rapid rebinding, glycosaminoglycan/ECM sequestration, heteromerization with other chemokines, and sampling artifacts from microdialysis recovery), risking ambiguous PK/PD linkage; (2) the ≥10–20× cleavage-enrichment requirement is appropriate but may be difficult to realize across heterogeneous cholestatic lesions and across multiple nonhepatic inflammatory controls—there is a real risk the identified motif reports tissue accessibility/ECM remodeling rather than disease-specific protease biology; (3) the plan assumes CCR1/CCR5 axis convergence onto a small ligand set, but does not fully address additional attractant systems prominent in cholestasis (e.g., CX3CL1/CX3CR1, S1P, complement fragments, LTB4) that could dominate recruitment even when CCR1/CCR5/CCR2/CXCR2 are mapped, potentially causing false-negative interpretation of sink efficacy; (4) proto-sink architecture choices (Fc-silent, tether affinities, masking length) are plausible but lack quantitative starting specifications (target KD range, on/off rates under flow, target ECM KD range tied to diffusion/penetration constraints, acceptable liver:plasma exposure ratio by dose), which makes the engineering path less tightly constrained than the biological gating suggests."
"Engineering a Diels–Alderase for acrylate dienophiles with high enantioselectivity will be enabled by a binding-coupled, genetically encoded intramolecular active-site “staple” that quantitatively narrows the enzyme’s conformational ensemble into a single, chiral near-attack-conformation (NAC) cage. To directly address turnover coupling, we will implement and compare two explicitly defined operational modes:

(Mode 1: Reversible, steady-state gated stapling) A reversible covalent tether (dynamic staple) that forms predominantly in the acrylate-bound closed state and dissociates on the catalytic timescale after product release. This ensures that the enzyme cycles through open (substrate entry/product exit) → closed+stapled (NAC enrichment/TS stabilization) → open (release/reset), preserving true binding-gated operation under steady-state.

(Mode 2: Substrate-triggered maturation/locking) An effectively irreversible crosslink (e.g., IEDDA or thioether) that converts an initially dynamic scaffold into a permanently “matured” chiral pocket after a priming exposure to acrylate. Here the central claim is reframed as substrate-triggered conformational maturation that yields a stable high-ee catalytic state. This mode is tested explicitly by comparing pre-stapled vs post-stapled kinetics/ee and by determining whether ee correlates with crosslink fraction and not merely with generic rigidification.

Mechanistically, in both modes acrylate engagement must (i) template short-range reactive proximity between two engineered anchor residues flanking the dienophile pocket, (ii) lock the relative orientation of mobile pocket elements (loop/helix gate) that otherwise permit multiple acrylate poses, and (iii) enforce a single facial presentation of the acrylate π-system to the incoming diene. The key advancement over conventional directed evolution is not simply increased rigidity; it is conditional, geometry-validated conformational narrowing that selectively stabilizes one diastereomeric transition-state (TS) geometry. We will a priori nominate anchor pairs using pre-registered structural metrics (distance/approach vector distributions, effective molarity proxies, and computed NAC frequency) and validate that the engineered electrostatic asymmetry (field programming) measurably differentiates competing TS geometries via QM/MM or EVB-level modeling across an acrylate panel. Finally, we will explicitly benchmark whether the solution-state stapled NAC restriction reproduces selectivity gains typically associated with lattice-imposed restriction (trans-crystallization/solid-state constraints), without adopting solid-phase catalysis as the primary method.","Step 0 — Define reaction system, readouts, and a priori decision criteria
0.1 Model reaction: cyclopentadiene (or 1,3-cyclohexadiene as a slower comparator) + an acrylate panel designed to separate electronic vs steric contributions to enantiodifferentiation. Panel (minimum): methyl acrylate, tert-butyl acrylate, benzyl acrylate; α-methyl acrylate; β-methyl acrylate; and at least 4 para-substituted aryl acrylates spanning Hammett σp (e.g., p-OMe, p-Me, H, p-F, p-CF3) where solubility allows.
0.2 Primary performance metrics (pre-registered):
- Enantioselectivity: ee and E-value (or enantiomeric ratio er converted to E when appropriate).
- Catalysis: kcat, KM, kcat/KM under steady-state; single-turnover rate where feasible.
- Stapling behavior: crosslink fraction fXL (LC–MS intact mass) as a function of time and substrate presence.
- Conformational narrowing: Δσdistance from DEER/smFRET (distance distribution width) and HDX protection factor changes.
0.3 Go/no-go criteria for “binding-gated” success:
- Gating specificity: fXL(bound) / fXL(apo) ≥ 10 within 30 min at screening conditions (or, for reversible staples, Kd,app difference: KXL(bound) / KXL(apo) ≥ 10).
- Functional coupling: variants must show a positive monotonic relationship between ee and fXL (time-resolved or condition-resolved) with R ≥ 0.7 across at least 5 timepoints/conditions.
- Not generic rigidification: a constitutively stapled control (anchors forced close) must not fully recapitulate the ee gain unless it also reproduces the same NAC/pose constraints computationally and experimentally.

Step 1 — Scaffold selection and ensemble generation with quantitative geometric constraints
1.1 Select a Diels–Alderase scaffold (natural or designed) with detectable baseline turnover on a benchmark acrylate (≥0.01–0.1 min−1 apparent turnover in crude lysate is acceptable for screening). If no known scaffold meets this, start from a published de novo DA enzyme family and validate activity on the benchmark pair.
1.2 Build multi-state conformational ensembles:
- Apo ensemble: AF2 + molecular dynamics (MD) (e.g., 3–5 replicas, 200–500 ns each) to quantify baseline gate motion.
- Bound ensemble: restrained docking or metadynamics to near-attack conformations (NACs) for each acrylate class; generate ≥200 bound poses per substrate.
1.3 Pre-register geometric anchor constraints for staple placement (screened in silico before wet-lab):
- Apo/open state distance between reactive atoms: d_open ≥ 10–14 Å (to suppress off-state stapling).
- Bound/closed productive NAC state distance: d_closed in the chemistry-specific reactive window (see Step 2): typically 3.0–6.5 Å depending on linkage.
- Approach vector constraint: reactive atoms must achieve an attack angle window consistent with the staple chemistry (e.g., for thiol–Michael/thiol–disulfide exchange type reactions, enforce near-collinearity constraints; for boronate ester formation, enforce B–O coordination geometry).
- Specificity of closure: in the bound ensemble, ≥70% of productive NAC poses place anchors in the reactive window, while ≤10% of nonproductive/off-pathway poses do.
1.4 Compute NAC frequency and pose entropy metrics (pre-registered):
- NAC definition: distance between diene termini and acrylate C=C within 3.2–3.8 Å, and reactive alignment angle within ±20° of the preferred approach for endo pathway.
- Calculate P(NAC) for each substrate and each designed variant; target ≥5× increase in P(NAC) vs unstapled parent as nomination threshold.

Step 2 — Staple chemistry: explicitly reversible vs irreversible strategies aligned to turnover
2.1 Reversible (steady-state gated) staple options (primary path; choose one based on compatibility with scaffold and expression):
Option R1 — Reversible disulfide exchange “dynamic staple” in a shielded pocket:
- Engineer two cysteines at anchors positioned such that disulfide formation is feasible only in the closed, substrate-bound state (d_closed ~ 4.0–6.5 Å S–S with correct dihedral feasibility; d_open ≥ 12 Å).
- Run catalysis under a defined redox buffer that permits exchange (e.g., GSH/GSSG or low mM β-mercaptoethanol tuned to allow disulfide reshuffling). Decision criterion: the disulfide must re-equilibrate on a timescale comparable to or faster than catalytic turnover (t1/2,XL ≤ 1–5× tcat).
Option R2 — Reversible boronate ester tether via genetically encoded p-boronophenylalanine (pBpa analogs) + cis-diol UAA partner:
- Install a boronic-acid-bearing UAA at anchor-1 and a cis-diol-bearing UAA at anchor-2; boronate ester formation is reversible and sensitive to microenvironment/pH. Target bound-state effective molarity high enough for >50% tethering in the closed state, but minimal in apo.
- Decision criterion: demonstrate pH-dependent and competitive-diol “destapling” without global denaturation.
2.2 Irreversible (maturation/locking) staple options (secondary path; explicitly treated as priming-to-mature catalyst):
Option I1 — Fast intramolecular IEDDA (tetrazine–strained alkene) UAA pair:
- Select anchors where d_closed supports rapid intramolecular reaction (effective molarity proxy from MD; require that the reactive atoms reside within 3.0–5.0 Å for ≥50% of productive NAC frames).
- Operational plan: produce enzyme in unstapled form, prime with acrylate to induce closure and drive stapling, then remove excess substrate and characterize the “matured” catalyst.
Option I2 — Proximity-enabled thioether formation (electrophilic UAA + Cys):
- Use an electrophilic UAA (anchor-1) with tuned reactivity to minimize off-state reaction; require d_open ≥ 14 Å and solvent shielding in closed state.
- Same priming/maturation evaluation as I1.
2.3 Explicit turnover-coupling tests for each chemistry (pre-registered):
- For reversible staples: measure fXL at steady state during catalysis; require cyclical behavior (fXL changes with substrate presence and relaxes after substrate removal).
- For irreversible staples: quantify catalytic parameters before priming, during priming, and after complete stapling; treat post-stapled enzyme as the functional state and directly compare to constitutively stapled geometrically forced controls.

Step 3 — Anchor nomination and library architecture with quantitative filters
3.1 Use HotSpot Wizard 3.0-style hotspot selection on the chosen scaffold, but add staple-specific geometric scoring:
- Filter mutations by ΔΔG (FoldX/Rosetta): include only anchors and nearby substitutions with predicted ΔΔG ≤ +1.5 kcal/mol unless compensated by stabilizing mutations.
- Anchor pair score = w1·P(d_closed in window) − w2·P(d_open in window) + w3·P(NAC) − w4·P(off-pathway closure).
3.2 Focused library modules (built sequentially to preserve interpretability):
Module A (anchor geometry): 2 anchor positions ± 1 adjacent position each to tune closure; include linker-length variants if using UAA pairs.
Module B (electrostatic field): 3–6 positions chosen by computed electrostatic potential differences between competing TS geometries (see Step 4).
Module C (approach corridor): 3–6 positions shaping endo/exo and Re/Si access; conservative hydrophobic/steric substitutions.
3.3 Screening triage: first screen for gating specificity (fXL(bound)/fXL(apo)), then for conversion, then for ee, maintaining a requirement that ee improvement tracks gating.

Step 4 — Explicit TS/electrostatics modeling to justify enantiodifferentiation mechanism
4.1 Construct diastereomeric TS models for the DA reaction in the enzyme active site (endo pathways at minimum; exo as control) for representative acrylates (at least one small alkyl acrylate and one aryl acrylate).
4.2 Compute enantiodifferentiation predictions:
- Use QM/MM (DFT region including diene+dieneophile and key polar residues) or EVB-calibrated barriers.
- Output metrics (pre-registered): ΔΔG‡(Re vs Si) and its sensitivity to staple state (stapled vs unstapled conformations), plus electrostatic potential at key atoms (carbonyl O, alkene carbons) and dispersion/shape complementarity descriptors.
- Nomination criterion: designs advanced to wet-lab must show predicted ΔΔG‡ ≥ 1.0 kcal/mol favoring the target enantiomer in stapled state and ≤0.3 kcal/mol in unstapled state (i.e., selectivity emerges from the stapled conformer).
4.3 Electrostatic “triad” becomes a computationally specified motif:
- Identify one H-bond donor/oxyanion-hole contributor with stable geometry only in the closed+stapled state (occupancy ≥70% in MD), plus one cationic or dipolar residue positioned to bias one TS face; quantify via electric-field projection along the forming bond axis (field-on-bond analysis).

Step 5 — Experiments that directly distinguish conformational narrowing from generic rigidification
5.1 Time-resolved coupling of ee to stapling extent:
- For each top candidate, run reactions while sampling at multiple times; measure fXL (LC–MS) and ee (chiral LC/GC) at each timepoint. Requirement: ee increases with fXL in the same sample series.
5.2 Single-turnover vs steady-state:
- Compare ee and rate under single-turnover (enzyme excess) vs steady-state. If stapling merely “matures” the enzyme, the major ee change should appear after priming rather than differing between regimes; if truly reversible gated, ee should track substrate presence and steady-state cycling.
5.3 Reversible destapling control (mandatory):
- For disulfide-based reversible staple: shift redox to favor reduction after establishing activity; verify loss of fXL and concomitant reversion of ee toward the unstapled baseline without major loss of folded structure.
- For boronate ester: add competitive diol or shift pH to disrupt tether; again require correlated ee change.
5.4 Constitutively stapled/rigidified controls:
- Engineer a forced-close variant (e.g., short peptide insertion or disulfide in a location that closes regardless of substrate) matched for overall rigidity; if it increases stability but not ee (or lacks NAC enrichment), this supports narrowing/pose control as the driver.

Step 6 — Benchmarking against trans-crystallization / solid-state constraint surrogate
6.1 Implement a “lattice-like constraint” surrogate without adopting full trans-crystallization as the main method:
- Immobilize enzyme variants on a support (e.g., mild covalent immobilization or high-affinity binding tag capture) to restrict large-scale motion; or perform microcrystalline enzyme assays if feasible.
6.2 Compare ee and P(NAC)-linked metrics across: (i) free solution unstapled, (ii) free solution stapled, (iii) immobilized/constraint surrogate unstapled, (iv) immobilized/constraint surrogate stapled.
- Success criterion: solution stapling reproduces (or exceeds) any ee gain seen in the constraint surrogate, supporting the claim that stapling mimics beneficial conformational restriction otherwise achieved in crystalline/solid-state settings.

Step 7 — Kinetic decomposition across substrate panel and process-relevant robustness
7.1 Measure kcat, KM, kcat/KM and enantioselective rate ratios across the acrylate panel for:
- Unstapled control (nonreactive anchors), reversible stapled design, irreversible matured design (post-priming), and constitutive rigidification control.
7.2 Inhibition/product binding:
- Determine Ki for product and substrate inhibition; test whether stapling reduces off-pathway binding by reducing pose multiplicity (correlate Ki changes with HDX/DEER narrowing).
7.3 Non-conventional media tolerance:
- Test low % organic cosolvents/biphasic conditions; document whether stapling improves operational stability without sacrificing ee (separating stability benefit from selectivity mechanism).

Step 8 — Decision gates and iteration
8.1 If reversible staples fail to cycle (no destapling, or t1/2 too slow), formally downselect to maturation/locking hypothesis and optimize priming protocol + post-stapled activity.
8.2 If stapling occurs without substrate (fXL(apo) high), redesign anchors to increase d_open and solvent exposure in apo state, and/or decrease intrinsic reactivity.
8.3 If ee improves without correlation to fXL, prioritize electrostatic/shape redesign guided by QM/MM ΔΔG‡ and NAC metrics; do not claim gating mechanism without meeting correlation criteria.","1) Turnover-aligned stapling chemistry (addresses reviewer points i–ii): The plan explicitly separates reversible staples (designed to form and break on catalytic timescales, enabling true binding-gated steady-state cycling) from irreversible staples (explicitly reframed as substrate-triggered maturation/locking). For each, we pre-register the kinetic expectations and the corresponding experimental tests (in-catalysis fXL tracking, priming experiments, and destapling). This prevents ambiguity about whether stapling is a one-time event or a catalytic-cycle-coupled switch.

2) Quantitative anchor placement criteria (addresses point iii): Anchor nomination is constrained by explicit apo vs bound distance distributions, approach vector constraints, and off-pathway closure rejection. We define target Å windows for d_open and d_closed and require that productive NAC poses—but not nonproductive ones—bring anchors into the reactive geometry. These quantitative constraints are enforced before library construction and are later validated by DEER/smFRET/HDX-MS.

3) Direct causal tests for conformational narrowing vs rigidification (addresses point iii & mandatory item 3): The design includes time-resolved ee vs fXL coupling in the same samples, single-turnover vs steady-state comparisons to distinguish priming/maturation from cycling gating, and a mandatory reversible destapling control that should revert ee if narrowing is the driver. Constitutive rigidification controls further separate “stability/rigidity” effects from “pose entropy suppression/NAC enrichment” effects.

4) Explicit TS/electrostatics modeling (addresses point iv & mandatory item 4): The electrostatic-field concept is upgraded into an explicit computational work package: QM/MM or EVB calculations on diastereomeric TS geometries in stapled vs unstapled conformations, with pre-registered advancement thresholds (predicted ΔΔG‡ enantiodifferentiation and field-on-bond/occupancy metrics). This directly tests whether electrostatic asymmetry contributes meaningfully for acrylate DA versus purely steric/dispersion effects, and it guides which residues belong in the “field” module.

5) Trans-crystallization link integrated empirically (addresses mandatory item 5): Rather than rhetorically rejecting trans-crystallization, we benchmark against a solid-state/constraint surrogate (immobilization or microcrystalline assay) to test the central mechanistic claim: that selectivity gains come from conformational restriction/NAC enrichment. Demonstrating that solution stapling reproduces lattice-like selectivity gains strengthens the proposal’s evidentiary chain while keeping the primary method solution-based.

6) Practicality and risk control: The proposal is structured with decision gates (reversible vs maturation mode downselection; off-target stapling redesign; ee–fXL causality requirement) to reduce the probability of spending effort on non-informative variants. The use of HotSpot Wizard-style hotspotting with ΔΔG filters and focused libraries keeps experimental scope tractable while maintaining mechanistic interpretability. The approach remains aligned with established biocatalysis principles for substrate specificity and stereocontrol (Assets 1–2) while explicitly addressing operational robustness and non-conventional media considerations (Asset 3).","The proposal is unusually well-specified in its mechanistic claims and in the falsifiable coupling tests (ee vs fXL correlation, destapling reversibility, constitutive rigidification controls). The strongest element is the operational separation of reversible gating vs irreversible maturation and the insistence on time-resolved, within-sample causality—this directly addresses the common failure mode where crosslinking merely stabilizes an inactive/altered conformer. However, feasibility risk remains high in two places: (i) achieving truly catalytic-timescale reversible covalent chemistry in a buried protein pocket under turnover conditions (disulfide exchange kinetics/redox control and boronate ester kinetics/pH sensitivity may not match DA turnover), and (ii) assuming that conformational narrowing alone can deliver large ΔΔG‡ enantiodifferentiation for acrylate DA without a more concrete, scaffold-validated catalytic motif for rate acceleration (baseline activity requirement is modest but still a major gating uncertainty). The ‘trans-crystallization’ linkage is handled indirectly; immobilization/microcrystal assays are a reasonable surrogate but do not fully ground claims about lattice-imposed NAC selection unless you demonstrate an actual crystalline enzyme state with measured ee shifts or at least show that the surrogate produces the same conformational signatures as stapling (e.g., identical DEER/HDX patterns). Computationally, QM/MM/EVB is appropriate, but the plan does not specify calibration/validation against experimental barriers or against known DAases, leaving risk that predicted ΔΔG‡ thresholds are not reliable enough to triage libraries."
"In mitochondrial-disorder hPSCs, an altered αKG-dependent dioxygenase environment during hepatic specification (low effective nuclear αKG, elevated succinate/2-HG competition, and ROS-linked depletion of labile Fe2+) slows the *kinetic turnover* of H3K27me3 at hepatic lineage enhancers/promoters, particularly at the HNF1A regulatory landscape, thereby sustaining PRC2/Polycomb repression long enough to miss the developmental “opening” window in which FOXA2/HNF4A pioneer activity normally stabilizes a hepatoblast-to-hepatocyte trajectory. This yields low-fidelity hepatocyte programs with impaired nitrogen/aromatic amino-acid handling and metabolite buffering, which can secondarily exacerbate neuronal oxidative stress and metabolic instability.

To overcome the reviewers’ feasibility concerns, we replace the abstract succinate/αKG + redox logic gate with a build-testable, quantitatively benchmarked, dual-control system that converts mitochondrial/metabolic state into a *closed-loop, stage-restricted JMJD3 catalytic permission signal* using only validated molecular parts:

(1) A validated NADH/NAD+ proxy biosensor (nuclear-targeted SoNar) provides a quantitative readout of “ETC-reduced” vs “ETC-permissive” states that correlates with mitochondrial dysfunction and differentiation-stage metabolic transitions. SoNar’s ratiometric signal is used to drive an external, calibrated actuator (optogenetic or chemical inducer) rather than relying on an unvalidated metabolite-binding NLS switch.

(2) A validated redox-responsive nuclear export control (Keap1–Nrf2 ETGE/DLG degron logic or an H2O2-responsive OxyR-based switch) is used only as a *safety interlock* (blocks activation under high nuclear oxidative stress), explicitly acknowledging that nuclear redox may not be monotonic with mitochondrial ROS and therefore is not used as the primary quantitative gate.

(3) Locus selectivity is not asserted via promiscuous IDRs; instead, catalytic JMJD3 is recruited by a minimal, defined-affinity interaction module to endogenous hepatic TF/cofactor hubs (e.g., MED1- or BRD4-associated enhancer assemblies) using short, characterized binding motifs and direct measurements of nuclear partitioning and JMJD3 occupancy at HNF1A.

Mechanistically, this refined system addresses the key limitation: the mitochondrial disorder creates a transient but decisive mismatch between (i) required JMJD3 demethylation kinetics and (ii) differentiation timing. By enforcing *only-in-window* JMJD3 activity with quantitatively bounded leakiness and direct occupancy verification, we test (a) necessity of αKG/Fe2+-limited JMJD3 kinetics for HNF1A unlocking and (b) sufficiency of temporally localized JMJD3 activity to restore the HNF1A regulon even when metabolic defects persist.","Step 0 — Define quantitative success criteria (go/no-go) upfront
0.1 Gate leakiness: in “non-permissive” conditions (mitochondrial-disorder baseline; early DE stage), <5% of cells show reporter-positive JMJD3 activation; protease/actuator off-state cleavage <2% over 24 h.
0.2 Epigenome safety: global H3K27me3 signal change (genome-wide CUT&Tag spike-in normalized) must be ≤10% relative to matched controls; locus-focused effect required: ≥30% reduction at pre-specified hepatic loci (HNF1A, HNF4A targets, PROX1 enhancers) during the permission window.
0.3 Lineage fidelity: off-lineage transcriptional programs (neuronal/mesodermal/intestinal) must remain ≤5% of total UMIs in scRNA-seq at hepatoblast stage; hepatocyte marker module score must increase ≥1 SD over baseline mitochondrial-disorder differentiation.
0.4 Recruitment specificity: JMJD3 occupancy enrichment at HNF1A regulatory elements ≥3-fold over genomic background and ≥2-fold over non-hepatic super-enhancers (CUT&Tag/CUT&RUN for JMJD3).

Step 1 — Establish causality of the metabolic→JMJD3→Polycomb→HNF1A chain (epistasis-grade)
1.1 Cell panels and differentiation: mitochondrial-disorder iPSCs spanning nuclear-encoded ETC (Complex I/IV) and mtDNA variants; isogenic corrected controls where feasible; healthy donors. Use identical passage windows and synchronized hepatic differentiation (DE → hepatic specification → hepatoblast → HLC). Sample every 24 h days 0–10, with denser sampling (every 12 h) during hepatic specification (e.g., days 3–6 depending on protocol).

1.2 Quantify the putative dioxygenase constraint with direct nuclear relevance:
  - Targeted metabolomics (LC–MS): αKG, succinate, fumarate, 2-HG in whole-cell and nuclear-enriched fractions (validate fraction purity by Lamin A/C enrichment).
  - Labile Fe2+: nuclear and cytosolic labile Fe2+ using FerroOrange (plus orthogonal ICP-MS for total iron if needed).
  - Redox: nuclear H2O2 with nuclear HyPer7; mitochondrial superoxide with MitoSOX; NADH/NAD+ proxy with SoNar targeted to nucleus and cytosol.
  - Bioenergetics: Seahorse OCR/ECAR; lactate release.

1.3 Measure endogenous JMJD3 behavior directly (not only histone marks):
  - JMJD3 occupancy: CUT&Tag/CUT&RUN for JMJD3 at timepoints spanning the permission window; focus on HNF1A enhancers/promoter and hepatic super-enhancers.
  - JMJD3 abundance/turnover: quantitative Western + targeted proteomics; optional FRAP if fluorescently tagged endogenous JMJD3 via knock-in.
  - Demethylase functional readout: H3K27me3 and H3K27ac CUT&Tag with spike-in normalization; ATAC-seq for accessibility.

1.4 Decisive epistasis experiments (necessity and sufficiency):
  A) Necessity of JMJD3 for αKG/Fe2+-mediated rescue
   - Acute metabolic restoration during hepatic specification:
     * αKG restoration: cell-permeable dimethyl-αKG titration (e.g., 0.1–2 mM; determine non-toxic range).
     * Fe2+ restoration: low-dose ferrous ammonium citrate or holotransferrin supplementation with iron chelation controls.
     * ROS buffering: mitoTEMPO or NAC as supportive, not primary, perturbation.
   - In parallel: JMJD3 CRISPRi knockdown (inducible dCas9-KRAB) or JMJD3 KO (if viable) introduced into corrected controls and/or disease lines.
   - Readout criterion: αKG/Fe2+ interventions reduce H3K27me3 at HNF1A and activate HNF1A mRNA/protein only when JMJD3 is present; under JMJD3 knockdown/KO, metabolic restoration fails to clear H3K27me3 and fails to induce HNF1A (formal epistasis).

  B) Sufficiency of JMJD3 activation despite persistent metabolic defects
   - Maintain mitochondrial dysfunction (e.g., low-dose rotenone/antimycin or hypoxia within viability bounds) while enforcing localized JMJD3 activation (Step 2 actuator). If HNF1A unlocking and downstream hepatocyte programs recover, this supports JMJD3 sufficiency for the chromatin barrier even when metabolism remains impaired.

1.5 Rule out alternative explanations quantitatively (parallel tracks)
  - PRC2 activity: EZH2 occupancy (CUT&Tag) and H3K27me3 writer activity markers; test EZH2 inhibition (tazemetostat) as a comparator and epistasis partner.
  - HDAC state: H3K27ac dynamics and HDAC inhibitor comparator (e.g., low-dose TSA) with careful lineage-fidelity monitoring.
  - Pioneer factor access: FOXA2/HNF4A occupancy (CUT&Tag), and ATAC footprinting at HNF1A enhancers.

Step 2 — Build-testable control system replacing the abstract metabolite/redox gate
2.1 Core actuation strategy: externalized, biosensor-informed “metabolic permission” controller
  - Use nuclear-targeted SoNar (validated ratiometric NADH/NAD+ proxy) to *measure* permissive vs non-permissive metabolic states. Because direct intracellular succinate/αKG ratio sensing is not robustly established, SoNar serves as a quantitative proxy for ETC redox imbalance that tracks mitochondrial pathology and differentiation-stage metabolic remodeling.
  - Controller implementation:
    Option A (preferred for quantitative benchmarking): optogenetic split protease reconstitution (blue-light inducible split TEV or split Tobacco Etch Virus protease variants where available). Light dose sets activation amplitude; enables precise response-time and leak measurement.
    Option B (chemical): split protease dimerization using a clinically used heterodimerizer (FKBP–FRB with rapalog) for on-demand activation.
  - Closed-loop concept in practice: during differentiation, SoNar ratio is monitored; activation is applied only when SoNar indicates “permissive” range (threshold set empirically from Step 1 controls). This satisfies the directive: an experimentally demonstrated biosensor coupled to an optogenetic/chemical inducer.

2.2 Quantitative specs to benchmark (per reviewer directive)
  - SoNar dynamic range target: ≥1.5–2.5-fold ratiometric change between permissive vs non-permissive states (to be empirically calibrated per line); response time <2 min for sensor readout; photobleaching-corrected stability over differentiation imaging.
  - Actuator response time: protease reconstitution to cleavage reporter half-time <10–20 min; reversibility (optogenetic) within 30–60 min after light-off.
  - Off-state leak: <2% cleavage/24 h in darkness/no drug.

2.3 MS-J3Switch v2 architecture (buildable parts)
  - Autoinhibited JMJD3 catalytic module: JMJD3 catalytic domain fused to a TEV-cleavable inhibitory linker that sterically blocks the active site (validated via catalytic-dead and cleavage-null controls).
  - Protease cleavage unlock: TEV cleavage releases the inhibitory segment to permit catalysis.
  - Stage restriction: hepatic specification promoter/enhancer (e.g., HHEX or FOXA2 enhancer-driven, validated by reporter kinetics) + degron-based shutdown (dTAG system) to terminate activity after specification.

2.4 Recruitment/selectivity module without promiscuous IDRs
  - Replace multivalent IDRs with minimal, measurable-affinity docking:
    * Use a short, characterized cofactor-binding motif to enrich at hepatic enhancer assemblies (e.g., BRD4-binding peptide or MED1 interaction motif if available) OR a direct TF interaction peptide validated by co-IP (FOXA2 or HNF4A cofactor interface).
    * Include an IDR-free baseline design and a “minimal low-complexity” design (short, defined length) as a controlled comparison, not the default.
  - Measure binding affinity in vitro (MST or SPR) for the motif–target interaction; target Kd in low µM to high nM range to favor enrichment without irreversible sequestration.

2.5 Genomic integration
  - Single-copy safe-harbor integration (AAVS1 or CLYBL) for: (i) MS-J3Switch v2, (ii) cleavage reporter, (iii) SoNar sensor, with matched expression across genotypes.

Step 3 — Demonstrate selectivity, occupancy, and functional rescue (with quantitative thresholds)
3.1 Gate validation
  - Live-cell cleavage reporter (fluorescent TEV substrate) to quantify activation kinetics, leakiness, and cell-to-cell variability.
  - Correlate activation with SoNar ratio in single cells; define permissive threshold based on control differentiation trajectories.

3.2 Direct demonstration of locus engagement
  - CUT&Tag/CUT&RUN for JMJD3 (endogenous and/or tagged MS-J3Switch) during activation vs non-activation.
  - Quantify occupancy at HNF1A regulatory elements and hepatic enhancers; compare to off-target loci and to IDR-free vs IDR-containing variants.
  - Imaging: co-localization/partitioning assays with FOXA2/HNF4A and enhancer markers (MED1/BRD4) using confocal + quantitative co-localization metrics; additionally check partitioning into nucleoli/speckles (fibrillarin/SC35 markers) to rule out promiscuous nuclear body localization.

3.3 Chromatin and transcriptome outcomes
  - CUT&Tag time course: H3K27me3 and H3K27ac with spike-in normalization; acceptance: global change ≤10% with on-target hepatic loci reduction ≥30%.
  - ATAC-seq: accessibility gain at HNF1A enhancers/promoter and hepatic super-enhancers.
  - RNA-seq time series + scRNA-seq at hepatic specification and hepatoblast stages; quantify trajectory correction and HNF1A regulon restoration (SCENIC/CellOracle).

3.4 Functional hepatocyte competence linked to systemic neuro-metabolite buffering
  - Core hepatic functions: albumin secretion, urea cycle flux/ammonia clearance (challenge assay), bile acid transport, glycogen storage.
  - Metabolic stress tests: fatty acid oxidation challenge with OCR/ROS monitoring; CYP inducibility (CYP3A4/2C9).
  - Neuro-metabolite handling outputs: ammonia, lactate, aromatic amino acids, cytokine panels in conditioned media.

3.5 Liver–brain relevance assays (ties to neurological phenotype logic)
  - Conditioned media and/or transwell co-culture with iPSC-derived NPCs/neurons (leveraging established PSC neurological modeling): assess neuronal oxidative stress (HyPer7/ROS), neurite outgrowth, synaptic markers under metabolic stress. Test whether hepatocyte rescue reduces neuronal stress signatures.

Step 4 — Controls and benchmarking (expanded per reviewer)
4.1 Mechanistic controls
  - Catalytic-dead JMJD3 (active-site mutant) with intact cleavage/recruitment.
  - Cleavage-null inhibitory cage (TEV site mutated) to quantify leak.
  - Always-on JMJD3 catalytic domain (no cage) to quantify global H3K27me3 erosion risk.
  - Recruitment-null minimal module.
  - JMJD3 knockdown/KO epistasis across metabolic rescue.

4.2 Comparators
  - Global JMJD3c transient overexpression (Asset 3 comparator) versus MS-J3Switch v2.
  - EZH2 inhibition benchmark (extent of H3K27me3 loss vs lineage fidelity).

4.3 Safety
  - Karyotype, pluripotency marker re-emergence, stress-response transcriptomic signatures, proliferation/apoptosis profiling; long-term stability after dTAG shutdown.

Deliverables
  - A quantitative “permission map” linking SoNar state and external actuation dose to: (i) cleavage %, (ii) JMJD3 occupancy at HNF1A, (iii) H3K27me3 kinetics, (iv) hepatocyte function, with defined go/no-go boundaries for leak and global epigenome disruption.","Addresses critique (1): We remove the unvalidated succinate/αKG NLS sensor. Instead, we use a validated, ratiometric NADH/NAD+ proxy biosensor (SoNar) to *measure* metabolic state and couple it to a calibrated, externally controllable protease actuator (optogenetic or chemical). This is build-testable immediately, with explicit dynamic-range, response-time, and leak targets and a direct cleavage reporter.

Addresses critique (2): Nuclear redox is not assumed to monotonically reflect mitochondrial ROS. Redox sensing is demoted to a safety interlock (blocks activation under high nuclear oxidative stress) rather than a primary quantitative gate, reducing confounding by compartment buffering and differentiation-stage redox shifts.

Addresses critique (3): Locus selectivity is no longer predicated on broadly phase-separating IDRs. We adopt minimal, affinity-characterized docking motifs and explicitly compare IDR-free versus minimal-IDR variants, while directly measuring nuclear partitioning and JMJD3 occupancy (CUT&Tag/CUT&RUN for JMJD3) at HNF1A and control loci. We set quantitative acceptance criteria for global H3K27me3 change to prevent genome-wide erosion.

Addresses critique (4): Step 1 is upgraded from correlational to epistasis-grade causality: αKG/Fe2+ restoration is tested for rescue *only when JMJD3 is present* (JMJD3 CRISPRi/KO), and enforced JMJD3 activation is tested for rescue *despite persistent metabolic defects* (sufficiency). Parallel measurements of PRC2 (EZH2 occupancy), HDAC state, and pioneer factor binding explicitly evaluate alternative mechanisms.

Addresses critique (5): We add genome-wide and locus-specific engagement assays beyond histone marks: JMJD3 CUT&Tag/CUT&RUN, quantitative cleavage/leak reporters, and pre-registered go/no-go thresholds for global H3K27me3 change, off-lineage transcriptional burden, and activation leakiness.

Grounding in assets: Asset 3 supports that JMJD3 catalytic activity can unlock hepatic programs including HNF1A; our approach constrains this activity temporally and spatially to avoid global demethylation. Assets 1–2 motivate the PSC-based modeling framework and the broader mitochondrial/neurological disease linkage, while our added liver–brain co-culture tests provide a mechanistic bridge from hepatic rescue to neuronal stress phenotypes relevant in mitochondrial disorders.","The engineering plan is unusually concrete (quantified leak targets, spike-in normalized CUT&Tag thresholds, cleavage reporter kinetics, safe-harbor integration, and explicit control constructs) and directly addresses prior feasibility critiques. However, several high-risk assumptions remain insufficiently deconvolved: (i) SoNar (NADH/NAD+) is an indirect proxy for the relevant nuclear αKG/succinate/2-HG/Fe2+ dioxygenase constraints; closed-loop actuation based on SoNar may misclassify the true JMJD3-permissive window across genotypes and stages, undermining the central ‘permission’ concept. (ii) The proposed locus-selective recruitment via short MED1/BRD4-associated motifs is under-specified and plausibly non-selective at the genome scale (MED1/BRD4 hubs are widespread); without a pre-registered panel of off-target loci and quantitative occupancy selectivity metrics beyond “2-fold over non-hepatic super-enhancers,” the risk of broad chromatin perturbation remains. (iii) The autoinhibitory ‘cage’ for the JMJD3 catalytic domain is described at a schematic level; steric blocking that is tight enough to meet <2%/24h leak yet fully reversible with fast TEV kinetics is non-trivial and will require extensive protein engineering that is not fully scoped. (iv) The mechanistic claim that slowed H3K27me3 turnover at HNF1A causes a missed pioneer-factor stabilization window is plausible but not uniquely supported; alternative drivers (PRC2 recruitment dynamics, chromatin remodelers, DNA methylation, or impaired FOXA2/HNF4A expression/activation) could generate the same phenotype, and the current ‘rule-out’ set does not yet include the strongest competing causal nodes (e.g., DNMT/TET balance, SWI/SNF/BAF occupancy, enhancer RNA output). Overall, the proposal is strong and testable, but its core control variable (SoNar-defined permissivity) and its specificity mechanism (BRD4/MED1 docking) remain the primary logical and technical liabilities."
"A dual-orthogonal, embryo-tunable human pluripotent stem cell (hPSC) engineering strategy will increase target-organ human contribution while preventing ectopic human expansion in neonatal interspecies chimeras generated by blastocyst complementation by (i) implementing an *orthogonal small-molecule-inducible metabolic–epigenetic compatibility governor* that buffers peri-implantation hypoxia/2-OG-dioxygenase stress (including DMOG-like background PHD inhibition) without using DMOG as the control input, and (ii) deploying a *hardened, multi-layer containment architecture* combining a constitutive failsafe suicide switch plus a small set of empirically validated, cross-species-conserved lineage-restricted thymidine kinase (TK) ablation elements with quantified leakiness and developmental timing.

Mechanistic rationale addressing prior fragilities:
1) **Input orthogonality and clampability**: Rather than sensing DMOG (which is intrinsically confounded by oxygen, αKG/succinate ratio, Fe2+/ascorbate, and embryo microenvironment), the governor is actuated by a ligand–receptor pair that is orthogonal to mammalian metabolism (e.g., rapalog-induced dimerization or trimethoprim-stabilized DD). DMOG is treated only as a *background perturbation* that the circuit buffers. This decouples the *control input* from embryo variable physiology and makes a bounded “compatibility state” achievable with a defined transfer function.
2) **Biologically implementable circuit dynamics**: The governor is engineered as a *two-loop controller* (fast induction + delayed negative feedback) with explicitly parameterized response time, amplitude, and noise, such that protective modules turn on within the embryo peri-implantation window while preventing sustained HIF-like maladaptive transcriptional states.
3) **Containment robustness**: Instead of complex multi-input CRISPR logic with high in vivo leakage risk, containment is simplified to (a) an always-available orthogonal failsafe suicide switch for catastrophic shutdown, and (b) a minimal number of lineage promoter/enhancer modules chosen for cross-species conservation and empirically characterized ROC/leak curves in pig embryos/ex vivo gastrulation models. Prohibited lineages are targeted at the earliest transcriptionally detectable stage *before colonization becomes effectively irreversible*, and early migratory escape is addressed by adding an early-window “germline/ectoderm sentinel” ablation layer.
4) **In vivo pharmacology and escape management**: Ganciclovir (GCV) timing, dosing, placental transfer, and on/off kinetics are explicitly mapped with PK sampling and linked to reporter-based real-time TK expression readouts; cassette silencing/escape is monitored by longitudinal ddPCR for integrity, single-cell reporter quantification, and enrichment checks for resistant clones.

Collectively, these modifications preserve the original concept chain—metabolic/epigenetic buffering to improve peri-implantation fitness plus post hoc ablation to prevent ectopic contribution—while removing the DMOG-sensor confound, quantifying circuit dynamics, hardening containment logic, and concretizing fetal drug exposure and escape surveillance.","Step 0 — Model choice, ethical boundary conditions, and baseline chimera performance mapping
0.1 Choose a stringent blastocyst complementation niche with established developmental constraint and measurable organ function endpoints:
  - Primary: porcine PDX1-/- (pancreas) or SALL1-/- (kidney).
  - Define prohibited tissues a priori: CNS (forebrain/midbrain/hindbrain), germline (gonadal ridge, PGC markers), and any ectopic epithelial/mesenchymal expansions.
0.2 Establish baseline with non-engineered primed hPSCs vs “chimera-competent” benchmark (e.g., naïve-like hPSC state if permitted) to quantify:
  - Early retention/apoptosis (24–120 h post-injection), spatial localization, and proliferation.
  - Mid-gestation tissue distribution (ddPCR human DNA; immunostaining; pilot scRNA-seq) to determine the earliest timepoint where prohibited lineages become transcriptionally detectable.

Step 1 — Build orthogonal compatibility governor (DMOG = disturbance, not input)
1.1 Genomic architecture (two safe-harbor sites; single copy; insulated):
  - Site A (e.g., AAVS1): Orthogonal actuator + governor program.
  - Site B (e.g., CLYBL): Containment modules + reporters.
  - Use strong insulators (e.g., cHS4 or equivalent) flanking each cassette; verify single-copy insertion by long-read sequencing spanning junctions.

1.2 Actuation modality (choose one and lock it early; both are orthogonal):
  Option 1: **Rapalog-inducible dimerization** (FRB/FKBP) controlling a synthetic transcription factor (synTF).
    - Architecture: synTF = DNA-binding domain (e.g., dCas9 to fixed gRNAs or a synthetic zinc-finger array) split into two halves fused to FRB and FKBP; rapalog drives assembly.
    - Advantage: rapid ON kinetics (minutes), tunable by ligand concentration, reversible.
  Option 2: **Trimethoprim (TMP)-stabilized degron (DHFR-DD)** controlling synTF abundance.
    - Architecture: synTF fused to DHFR-DD; TMP stabilizes; withdrawal yields rapid degradation.
    - Advantage: direct abundance control; simple dose-response.

1.3 Governor program (explicitly bounded “compatibility state”):
  - Outputs are modular and limited to a small, testable set with direct mechanistic ties to peri-implantation attrition:
    (i) Redox/anoikis protection: e.g., controlled expression of catalase/SOD2 or NRF2-axis activator (bounded).
    (ii) Mitochondrial support/anaplerosis: controlled expression of a mild anaplerotic enhancer (e.g., pyruvate carboxylase upshift) avoiding broad metabolic rewiring.
    (iii) Epigenetic flux buffering: increase availability of αKG equivalents via mild transporter/enzymatic tuning (bounded), with explicit monitoring of αKG/succinate ratio.
  - Add a *HIF-output limiter* without attempting to “sense DMOG”: implement repression of a small panel of maladaptive glycolytic/HIF targets (pre-identified in baseline embryos) via synTF-driven CRISPRi.

1.4 Dynamics shaping (quantitative, parameterized):
  - Implement a **two-loop controller**:
    Fast loop: ligand → synTF ON (tON target: 15–60 min in vitro; 1–2 h in embryo culture).
    Slow loop: synTF induces delayed negative feedback (e.g., inducible expression of a repressor or an shRNA targeting synTF mRNA) with delay τ set by using an intron-containing transcript and a weak promoter.
  - Design targets (to be achieved and verified):
    - Peak-to-baseline fold-change of key outputs: 2–5× (avoid supra-physiologic expression).
    - Pulse width: 6–18 h after a single ligand exposure; reversible to baseline within 24–36 h after withdrawal.
    - Cell-to-cell variability: CV < 0.35 for synTF reporter at peak (measured by flow cytometry).

Step 2 — Quantify transfer function, noise, and predictive minimal model (in vitro then ex vivo embryo)
2.1 In vitro disturbance-testing panel (DMOG as stressor; also hypoxia and succinate):
  - Conditions: normoxia vs 1–5% O2; ± DMOG (dose range chosen to mimic embryo-exposure stress), ± succinate elevation, low nutrient, dissociation/shear stress.
  - Readouts (time-resolved, single-cell where possible):
    - Metabolomics: αKG, succinate, 2-HG; compute αKG/succinate ratio.
    - Dioxygenase-linked epigenetics: global and locus-specific histone marks (e.g., H3K27me3/H3K4me3 panels) + DNA methylation proxies.
    - HIF program: targeted transcript panel and reporter.
    - Survival: caspase activation, anoikis assays, mitochondrial membrane potential.

2.2 System identification (explicit modeling requirement):
  - Fit a minimal ODE or state-space model linking ligand input → synTF abundance/activity → output modules → survival proxy under disturbances.
  - Extract: EC50 for ligand, Hill coefficient, t1/2 ON/OFF, hysteresis, and noise propagation (report as transfer curves and distributions).
  - Use the model to choose an embryo-compatible ligand dosing schedule that achieves a bounded protective pulse without sustained reprogramming.

2.3 Ex vivo embryo culture validation (predictive control):
  - Inject engineered hPSCs into host blastocysts; apply ligand pulse schedule predicted from 2.2 (not DMOG).
  - Add DMOG only as a controlled disturbance arm to show buffering.
  - Validate that measured embryo-level outputs match model predictions within pre-specified tolerance (e.g., ±20% on synTF reporter AUC; ±25% on apoptosis reduction).

Step 3 — Hardened containment: dual-layer safety + simplified lineage restriction with empirical ROC curves
3.1 Layer 1 (constitutive failsafe; orthogonal drug):
  - Introduce an independent suicide switch activated by a second drug distinct from GCV (e.g., inducible caspase-9 with AP1903/rimiducid), driven by a constitutive promoter active in all hPSC derivatives.
  - Purpose: absolute shutdown if unexpected widespread human contribution occurs.

3.2 Layer 2 (GCV/TK-based lineage containment; simplified and empirically validated):
  - Replace complex multi-input CRISPR logic with **a small panel of promoters/enhancers** selected for:
    (i) cross-species conservation of regulatory logic,
    (ii) early activation in prohibited lineages,
    (iii) low/quantifiable leak in target organ progenitors.
  - Proposed minimal set (to be empirically down-selected):
    - Prohibited ectoderm/CNS sentinel: early neural markers (e.g., SOX1/PAX6 enhancer elements validated in pig embryo context).
    - Prohibited germline sentinel: PGC-associated regulatory elements (e.g., PRDM14/DPPA3-associated enhancer logic—final choice contingent on pig embryo expression conservation).
    - Optional mesendoderm off-target sentinel if baseline shows diversion.
  - Each sentinel drives TK plus a bright reporter (e.g., nuclear fluorescent protein) via 2A, enabling direct leak quantification.

3.3 ROC/leak characterization before in vivo use:
  - In vitro differentiation series into target organ progenitors vs prohibited lineages; compute:
    - Sensitivity: fraction of prohibited-lineage cells that activate sentinel.
    - Specificity: fraction of on-target progenitors that remain sentinel-negative.
    - Determine thresholding strategy (e.g., minimal promoter variants, enhancer truncations) to achieve pre-specified operating point (e.g., >95% sensitivity at <1% leak into on-target progenitors).

3.4 Developmental timing map (detectability vs irreversibility):
  - Using baseline chimera and ex vivo embryo data, map:
    - t_detect: first time prohibited lineage transcripts/reporters become reliably detectable in human donor cells.
    - t_commit: earliest time when prohibited colonization becomes spatially established (migration/settlement markers).
  - Select GCV window(s) such that t_treat ≤ t_commit and after initial niche occupancy for on-target lineage.

Step 4 — In vivo blastocyst complementation with defined ligand and GCV regimens
4.1 Embryo procedure:
  - Inject equal numbers of engineered vs control hPSCs into niche-deficient blastocysts.
  - Apply orthogonal ligand pulse (rapalog or TMP) during pre-transfer embryo culture to induce compatibility governor; washout prior to transfer.
  - Include DMOG-disturbance arm (optional) to demonstrate buffering rather than control.

4.2 GCV pharmacokinetic (PK) and delivery plan (explicit):
  - Route comparison pilot: maternal systemic (IV/SC) vs direct fetal/neonatal (if ethically/technically allowed).
  - Quantify placental transfer and fetal exposure:
    - Serial sampling: maternal plasma, amniotic fluid (where feasible), fetal plasma/tissue at defined timepoints.
    - LC–MS/MS quantification of GCV.
  - Define dosing by target fetal exposure above TK EC50 window while below toxicity thresholds (guided by sentinel reporter dynamics and fetal safety endpoints).
  - Use **pulsed dosing** aligned to t_detect–t_commit map to reduce selection pressure for silencing.

4.3 Anti-escape/silencing monitoring:
  - Link TK to reporter (2A) for direct expression tracking.
  - Longitudinal ddPCR:
    - Cassette copy number/integrity in recovered tissues.
    - Quantify enrichment of cassette-negative human cells post-GCV (escape signal).
  - scRNA-seq in selected timepoints to detect transcriptional silencing signatures and lineage escape.

Step 5 — Endpoints, controls, and decision gates
5.1 Efficacy endpoints:
  - Early embryo: retention, apoptosis, localization, donor cell cycling fraction.
  - Mid-gestation/neonatal: organ-specific human contribution (ddPCR; species-resolved scRNA-seq; IHC).
  - Function: target-organ assays (e.g., glucose responsiveness for pancreatic tissue; kidney filtration markers), attributing function to human cells where possible.

5.2 Safety endpoints:
  - Whole-body mapping of human cells with emphasis on CNS and gonads.
  - Teratoma/lesion surveillance.
  - Confirm that sentinel TK+GCV reduces prohibited lineage frequency without depleting on-target progenitors.
  - Failsafe validation: ability to ablate all human cells via iCasp9 if triggered.

5.3 Controls:
  - No ligand/no GCV; ligand only; GCV only; ligand+GCV.
  - Governor dead mutants (no dimerization / destabilized synTF); output-module-only without feedback.
  - TK sentinel inactive mutant; iCasp9 inactive mutant.
  - Host-only and sham injection.

5.4 Statistical plan:
  - Power calculations for early retention and neonatal organ chimerism fraction.
  - Mixed-effects models (litter/surrogate as random effects).
  - Pre-registered exclusion criteria; blinded quantification of tissue sections and scRNA-seq label assignment.

Decision gates (go/no-go):
  - Gate A: Governor transfer function meets targets (tON, pulse width, CV, bounded output) and improves survival under disturbance in vitro.
  - Gate B: Ex vivo embryo culture shows improved retention with no increase in prohibited lineage markers.
  - Gate C: Sentinel ROC curves meet >95% sensitivity/<1% leak operating point.
  - Gate D: PK demonstrates controllable fetal GCV exposure and tolerability; escape monitoring indicates <5% cassette-loss enrichment post-treatment in pilot.","1) Addressing the DMOG-sensor confound (reviewer point i): The revised governor does not attempt DMOG specificity. Instead, it uses a truly orthogonal inducer (rapalog or TMP) with well-defined pharmacology and receptor specificity in mammalian systems. DMOG is repositioned strictly as a disturbance to be buffered, aligning the design with the reality that DMOG broadly inhibits 2-OG dioxygenases and is heavily confounded by embryo microenvironment variables.

2) Implementable kinetics and low-noise operation (reviewer point ii): The governor is now explicitly parameterized as a two-loop controller with measurable ON/OFF half-times, pulse width, and cell-to-cell variability targets. The plan includes system identification (transfer function extraction) and a minimal predictive model validated first in vitro and then in ex vivo embryo culture. This directly de-risks claims of amplitude clamping by converting them into quantified, testable design specifications.

3) Containment logic de-risking (reviewer point iii & v): The containment strategy is simplified away from fragile multiplex CRISPR logic toward (a) a constitutive orthogonal failsafe (e.g., iCasp9) and (b) a small set of empirically validated lineage sentinels whose leakiness is quantified via ROC curves in both target and prohibited differentiation contexts. The proposal explicitly maps when prohibited lineages become detectable versus when colonization becomes hard to reverse, and schedules GCV pulses accordingly to address early migratory escape.

4) Concrete GCV pharmacology and fetal safety (reviewer point iv): The revised plan includes a PK program (route comparison, LC–MS/MS quantification, placental transfer assessment) and ties dosing schedules to reporter-verified TK activation and developmental timing. Pulsed dosing is chosen to reduce continuous selective pressure that would otherwise favor TK silencing/escape.

5) Escape/silencing surveillance: Reporter-linked TK expression, ddPCR cassette integrity, and scRNA-seq-based detection of silencing states provide multiple orthogonal readouts to detect and quantify escape. The inclusion of a constitutive failsafe provides a backstop even if TK modules partially fail.

6) Alignment to empirical foundations (assets): The buffering objective is grounded in evidence that αKG-dependent dioxygenases link metabolism to chromatin state and differentiation kinetics in primed hPSCs and that succinate/DMOG-like dioxygenase inhibition can derail differentiation/epigenetic homeostasis (Asset 1). The chimera/blastocyst complementation setting and its key bottlenecks (peri-implantation attrition; low contribution) are aligned with the interspecies chimera literature (Assets 2–3). The suicide-gene approach is grounded in validated TK/prodrug ablation in PSC contexts and emphasizes selective ablation design and pharmacologic considerations (Asset 4), now extended with a separate orthogonal failsafe to satisfy reviewer safety expectations.","The proposal is technically ambitious and substantially improves on common fragilities in chimera-control concepts by introducing (i) true input orthogonality and (ii) explicit dynamical specifications plus system identification. However, key scientific risks remain under-specified at the level needed for high confidence: (1) The choice of governor outputs (redox/anoikis protection, anaplerosis, αKG buffering, CRISPRi of HIF targets) is plausible but not yet tied to a minimal, causal set of embryo-validated failure modes with clearly ranked contributions; without a prioritized causal graph, the controller may stabilize survival at the cost of altered lineage bias or increased competitive fitness outside the target niche. (2) The two-loop controller is described conceptually but lacks concrete molecular implementations with expected parameter ranges (e.g., promoter strengths, degron half-lives in hPSC derivatives, feedback gain limits) and does not address developmental-stage–dependent silencing of safe-harbor transgenes in vivo, which can break both governor and containment. (3) Cross-species conservation of proposed sentinel regulatory elements (SOX1/PAX6, PRDM14/DPPA3 logic) is a major unresolved dependency; enhancer logic frequently diverges across species and developmental context, and ROC curves in vitro may not predict in vivo activation timing in pig embryos (risk: late activation after migration/settlement). (4) The GCV/TK containment plan is strengthened by PK mapping, but the feasibility of achieving a fetal exposure window that is simultaneously effective, non-toxic, and temporally precise—especially across variable gestational pharmacokinetics—remains uncertain; selection for TK silencing/escape may still be substantial, and the stated <5% cassette-loss enrichment threshold lacks justification relative to acceptable residual prohibited contribution. (5) The plan includes ddPCR/scRNA-seq monitoring, but it does not specify quantitative acceptance criteria for CNS/germline “zero tolerance” (limits of detection, sampling burden, anatomical coverage) nor how those detection limits translate into decision gates.

Overall, the engineering plan is well-resolved and testable, and the logical move to orthogonal control is strong; the main deductions stem from (a) insufficiently constrained biological target selection for the governor, (b) heavy reliance on cross-species enhancer conservation for containment timing, and (c) incomplete quantitative safety acceptance criteria tied to detection power and embryo pharmacology variability."
"We hypothesize that a **fully closed, DNA-state–dependent genetic deadman containment architecture**—implemented via (i) recombinase-gated restoration of a rigorously defined gametophyte/early-embryo essential gene (E*) and (ii) an orthogonal, plant-validated split-lethal effector—will achieve transgene escape frequencies below 10⁻⁸ per gamete with 95% CI, outperforming promoter-driven DT-A floral ablation by eliminating dependence on tissue-specific transcription and insertion position. Mechanistically, this system converts containment from probabilistic transcriptional control into **obligatory inheritance logic**: reproductive viability is contingent on the co-transmission and correct recombination state of a tightly linked genetic ‘key–lock’ module. Any outcross or segregation event that separates (a) the recombinase key(s), (b) the recombined E* allele, or (c) the split-lethal suppressive context results in deterministic lethality at the male gametophyte, female gametophyte, or zygotic stage. Redundancy is achieved through two independent recombinase/site pairs and dual essentiality gating, closing rare recombination or epigenetic escape routes. Only after containment logic is quantitatively validated with neutral cargos will this architecture be coupled to barcoded, single-copy FOX-style gain-of-function constructs (preferably rice-in-rice) and to **designed metabolic perturbations** to causally interrogate how reproductive metabolic states modulate containment robustness.","### Phase I – Containment Logic Closure and Quantitative Validation (No FOX cargo)

**1. Genetic architecture and linkage design**
1.1 **Landing-pad superlocus (LSL):** Engineer a ~25 kb synthetic locus inserted at a characterized, recombination-cold, transcriptionally stable site (Arabidopsis: UBQ10-adjacent safe harbor; Rice: OsTubulin-adjacent locus). The LSL contains, in cis: (a) E*rec-A module, (b) E*rec-B module (orthogonal redundancy), (c) split-lethal suppressor context, and (d) dual recombinase keys (R1, R2). Physical linkage (<1 cM; target <0.1 cM) minimizes meiotic decoupling.
1.2 **Dual recombinase system:** Use **Cre/lox2272** (R1) and **Bxb1/attP–attB** (R2), selected for high plant penetrance and orthogonality. Each controls a separate essentiality gate. Off-target risk assessed by whole-genome resequencing of recombined lines.

**2. Essential gene (E*) selection and justification**
Select 3 candidates with literature-backed properties; advance the best two after pilot testing:
- **MSH4 (At4g17380 / OsMSH4):** Required for meiotic crossover formation; null mutants show complete male and female sterility, haplosufficient in heterozygotes; expression confined to meiocytes (prophase I). Lethality window: gametophyte formation. 
- **DMC1 (At3g22880 / OsDMC1):** Meiotic recombinase; nulls abort gametogenesis; strong, early meiotic requirement; clean recessive phenotype.
- **GAMETE EXPRESSED 1 (GEX1):** Required for gamete nuclear fusion; null causes early embryo arrest with no vegetative effect; haplosufficient.
For each E*, generate an **E*rec allele** where a synthetic exon containing triple polyA + frameshift is flanked by recombinase sites; only correct recombination restores an intact CDS.

**3. Recombinase expression timing and penetrance**
3.1 **Promoters:**
- R1 (Cre): meiosis-specific promoter (DMC1p or SPO11-1p).
- R2 (Bxb1): late gametophyte promoter (LAT52p for pollen; DD45p for egg cell in separate constructs).
3.2 **Penetrance assays:** Single-pollen and single-ovule genotyping via droplet digital PCR (ddPCR) and amplicon long-read sequencing. Go/no-go: ≥99.999% recombination in both male and female lineages (upper 95% CI failure ≤10⁻⁵).

**4. Split-lethal effector (plant-validated)**
4.1 Replace vague DT-A with **barnase/barstar split logic** adapted for plants:
- Barnase-N and Barnase-C fragments individually inert.
- Functional ribonuclease activity only upon complementation.
4.2 **Truth table logic:**
- In engineered line: recombination restores E* and induces barstar expression that neutralizes any accidental barnase activity.
- In outcross progeny lacking full LSL: barnase fragments complement without barstar → gametophyte or embryo lethality.
4.3 Validate background toxicity (<1% fertility reduction) and complementation kinetics using inducible systems.

**5. Explicit genetic truth table (simplified)**
Genotype components: LSL (E*recA+, E*recB+, R1+, R2+, barstar+), Cargo (neutral), WT (none).
- **Engineered × Engineered:** All progeny viable (E* restored; barnase neutralized).
- **Engineered pollen × WT ovule:** 50% gametes lack R/E* → pollen lethality; expected transgene transmission <10⁻⁸.
- **WT pollen × Engineered ovule:** unrecombined E* in embryo → early embryo arrest.
Rare escape routes (recombination decoupling, partial recombination) modeled with measured recombination rates; redundancy requires simultaneous failure of both gates (<10⁻¹⁰ expected).

**6. Quantitative containment assays**
- Large-scale outcrossing (≥10⁷ progeny equivalents).
- Primary endpoint: zero recovered transgene; report upper CI.
- Pre-registered go/no-go: escape frequency ≤10⁻⁸ with 95% CI.

### Phase II – FOX Cargo Integration (Decoupled)
7. Introduce **neutral barcoded cargos** first to reconfirm containment.
8. Transition to **rice-in-rice FOX fl-cDNA**, single-copy, site-specific insertion; Arabidopsis used only for logic prototyping, not phenotype inference.

### Phase III – Causal Metabolomics
9. Designed perturbations (exogenous hormone application, sugar feeding, redox modulation) during flowering.
10. Test whether perturbations alter recombination efficiency or essential-gene expression, establishing causality rather than correlation.

### Phase IV – Database Integration
11. Extend RiceFOX schema to include containment genotype, recombination metrics, and validated escape probabilities.","This revision directly resolves reviewer-identified risks by (i) **closing segregation logic** through a physically linked superlocus and dual essentiality gates, (ii) providing an explicit genotype truth table with modeled and measured escape frequencies, and (iii) grounding the design in **named, literature-validated essential genes** with well-defined lethality windows and haplosufficiency. Recombinase penetrance is treated as a quantitative variable with pre-registered thresholds and single-gamete assays, not an assumption. The lethal module is replaced by a **plant-proven barnase/barstar split system**, eliminating uncertainty around DT-A behavior. Redundant orthogonal recombinases mitigate single-point-of-failure risk. Decoupling containment validation from FOX biology discovery ensures that gene-function and metabolite analyses are not confounded by unvalidated containment states. Collectively, the design shifts containment from promoter reliability to enforceable inheritance logic, meeting engineering standards for fail-safe biocontainment.","The proposal is unusually strong in engineering specificity and in converting containment from promoter reliability to state-dependent genetic logic with quantitative go/no-go criteria. The phased decoupling (validate containment with neutral cargos before FOX biology) is methodologically sound and reduces confounding. Key deductions: (i) several mechanistic claims are overconfident given plant realities—achieving <0.1 cM functional linkage across a ~25 kb synthetic locus does not guarantee suppression of all decoupling events (gene conversion, local rearrangements, partial excision, ectopic recombinase activity, and rare but nonzero translocation/TE-mediated events), and the model does not yet specify how these will be empirically bounded; (ii) essential-gene choice is plausible but not yet risk-managed—meiotic genes (MSH4/DMC1) can yield complex fertility/aneuploidy phenotypes and may introduce selection for suppressors, while embryo-arrest genes (GEX1) can be leaky or maternal-effect–buffered depending on species and allele design; (iii) recombinase expression still depends on promoters (even if not for the lethal effector), so the system is not fully independent of transcriptional context—silencing, developmental timing drift, and position effects at the “safe harbor” remain credible failure modes; (iv) barnase/barstar split complementation in planta is nontrivial—fragment reconstitution kinetics, diffusion, and stoichiometric barstar protection can produce either background toxicity (fitness cost) or incomplete kill in hemizygous/outcross contexts; (v) the primary endpoint (≤10^-8 per gamete with 95% CI) is statistically ambitious—“≥10^7 progeny equivalents” is insufficient to claim a 10^-8 upper bound without additional structure (e.g., massively parallel gamete assays, enrichment schemes, or hierarchical modeling with validated detection sensitivity). Finally, grounding against the target chain is good overall, but the proposal deemphasizes the DT-A floral ablation element (it is critiqued rather than used) and downplays T-DNA insertion as an explicit method, which slightly weakens alignment to the stated chain even if scientifically justified."
"A LOCKR fold-switching cage–latch architecture can be converted into a quantitatively gated, multi-turnover abzyme for activated ester hydrolysis by (i) designing a near-attack-conformation (NAC)–biased paratope rather than maximal transition-state-analog (TSA) affinity, (ii) enforcing switch-dependent dehydration and electric-field alignment within explicitly defined physical bounds, and (iii) optimizing backbone and sequence across OFF, ON–apo, and ON–substrate states using a multistate, backbone-first design pipeline. Mechanistically, ligand-induced latch docking completes a split catalytic triad (Ser–His–Asp) and simultaneously collapses a hydrophobic microcage that reduces local dielectric constant and aligns helix dipoles to generate an internal electric field of ~5–10 MV/cm along the scissile C=O bond. This field, combined with reduced water competition and precise NAC geometry, lowers ΔG‡ by ~1–2 kcal/mol relative to the OFF state. Critically, product release and turnover are preserved by designing weaker complementarity to the tetrahedral intermediate collapse/product state than to the NAC, thereby decoupling catalytic efficiency from excessively tight TSA binding.","Step 0: Kill-switch de-risking milestone (binding + switching only, no catalysis).
0.1 Engineer a LOCKR variant in which a TSA hapten for p-nitrophenyl acetate (PNPA) hydrolysis binds only in the ON state but with catalytic residues mutated to Ala.
0.2 Verify input-dependent switching and TSA binding via FRET (cage–latch distance), ITC (ΔGbind, ON vs OFF), and HDX-MS. Proceed only if ON/OFF binding ratio ≥50-fold and ΔGswitch ≤ –3 kcal/mol upon key addition.

Step 1: Reaction and kinetic targets.
1.1 Reaction class: activated ester hydrolysis (PNPA → p-nitrophenol + acetate) as a model for prodrug ester cleavage.
1.2 Substrate/TSA/product triad: PNPA (substrate), phosphonate monoester TSA (binds NAC geometry, not full tetrahedral intermediate), p-nitrophenol/acetate (product).
1.3 Quantitative targets: ON-state kcat/KM ≥ 10^3–10^4 M⁻¹ s⁻¹; OFF-state activity ≤1% of ON; product KD ≥10× weaker than substrate KD to ensure turnover.

Step 2: Structural hydration constraints and dehydration design.
2.1 Define ON-state hydration metrics: (i) no continuous solvent channel with probe radius >1.3 Å from bulk to catalytic Ser Oγ; (ii) ≤2 high-occupancy (>0.2) waters within 5 Å of the catalytic center as computed by GIST from 200 ns explicit-solvent MD; (iii) local dielectric constant ≤10 estimated from dipole fluctuation analysis.
2.2 OFF-state requirement: at least one continuous solvent pathway (>1.5 Å radius) to the catalytic center and ≥5 high-occupancy waters within 5 Å.
2.3 Implement an apolar gasket (Leu/Ile/Val/Phe) enclosing the pocket in ON, while allowing transient hydration in OFF via alternative latch register.

Step 3: Multistate backbone-first design protocol.
3.1 Backbone generation: SCUBA-inspired NN/statistical backbone sampling focused on latch helix docking groove and pocket volume, generating ~10^4 candidate backbones compatible with both docked (ON) and undocked (OFF) states.
3.2 Sequence design: Rosetta multistate design with three states (OFF–apo, ON–apo, ON–substrate/NAC). State weights: ON–substrate (0.5), ON–apo (0.3), OFF–apo (0.2). Hard constraints enforce violation of catalytic distances in OFF.
3.3 Acceptance thresholds: ΔGswitch ≤ –3 kcal/mol with key; RMSD between designed and MD-relaxed structures ≤2.0 Å; folding ΔΔG ≤2 kcal/mol in both states.

Step 4: Catalytic geometry and turnover engineering.
4.1 Place Ser nucleophile and oxyanion-hole NH donors on cage helices; His general base on latch helix; Asp positioned to stabilize His only in ON.
4.2 Encode ground-state strain/repulsion (e.g., steric clash with planar ester) and NAC complementarity to avoid over-stabilizing the TSA or product.

Step 5: Electrostatics quantification.
5.1 Introduce a nitrile probe adjacent to the oxyanion hole with known Stark tuning rate (~0.5–1 cm⁻¹ per MV/cm).
5.2 Pre-register target field change: ΔE ≥5 MV/cm between OFF and ON as measured by IR Stark spectroscopy.
5.3 Correlate field strength, hydration metrics, and kcat across a gasket-polarity mutant series to separate electrostatic effects from desolvation.

Step 6: Experimental validation.
6.1 Express and purify top designs; verify folding (CD), oligomeric state (SEC-MALS).
6.2 Measure switching (FRET, HDX-MS), hydration changes (MD-validated), and catalysis (steady-state kinetics).
6.3 Perform alanine scans and gasket mutations to test causal links between geometry, hydration, electric field, and rate.

Step 7: Cellular proof-of-concept.
7.1 Express switch extracellularly or on the cell surface; couple key to disease-relevant ligand.
7.2 Demonstrate input-gated prodrug ester activation in mammalian cells; benchmark against always-on designed enzyme.","This revised pipeline directly addresses reviewer-identified risks. Turnover is protected by NAC-biased rather than maximal TSA complementarity and by explicit product-release affinity targets, mitigating the classic abzyme trapping problem. Water exclusion is no longer assumed but enforced through hard, testable hydration metrics validated by explicit-solvent MD and dielectric analysis, ensuring compatibility with switching energetics. The multistate design protocol is grounded in a concrete SCUBA-inspired backbone generator coupled to Rosetta multistate sequence optimization with defined state weights and acceptance thresholds, reducing overfitting risk. Electrostatic claims are quantified a priori with explicit field targets and a nitrile Stark probe, enabling causal separation of electric-field effects from desolvation. Finally, the early kill-switch milestone (switching + TSA binding without catalysis) de-risks the central coupling logic before introducing chemical complexity. Together, these constraints convert the original concept into a falsifiable, quantitatively benchmarked engineering program that builds directly on established de novo scaffold electrostatics, backbone-first design, and LOCKR fold-switching principles.","This is an unusually rigorous and technically mature proposal that demonstrates deep familiarity with de novo protein design, fold-switching systems, and the historical failure modes of abzymes (notably TSA trapping and lack of turnover). Engineering resolution is extremely high: hydration metrics, dielectric bounds, electric-field targets, and multistate acceptance criteria are all explicitly quantified and experimentally testable. Logical consistency is strong, particularly in the coupling between latch docking, triad completion, dehydration, and field alignment. However, some mechanistic assumptions remain optimistic: (i) achieving a reproducible 5–10 MV/cm internal field change purely via helix dipoles and modest dehydration may be difficult to generalize across designs, and (ii) the proposed ΔG‡ reduction (1–2 kcal/mol) may be near the noise floor given uncertainties in NAC population estimation and MD-derived dielectric calculations. Evidence grounding is solid and stays within bioengineering and protein design, though it relies heavily on computational proxies (GIST, dipole fluctuation ε estimates) whose experimental correspondence is imperfect. The rationale is strong and creative, but still incrementally builds on known LOCKR and electrostatic-enzyme paradigms rather than introducing a fundamentally new catalytic principle."
"A dual-objective, dynamics-guided rational design strategy that explicitly couples (i) active-site access/pose stability and (ii) global fold stability will yield an E. coli-expressible amidase with simultaneously increased thermostability and catalytic efficiency. Mechanistically, we hypothesize that amidase performance at elevated temperature is limited by two linked failure modes: (1) temperature-amplified conformational gating that reduces productive substrate residence near the catalytic machinery, and (2) early unfolding initiated at flexible surface/loop “crack” regions that allosterically destabilize the active-site geometry. Methodological adaptation: modify conventional rational design (static structure/consensus-only) into a 'gating-and-crack co-design' pipeline that (a) uses enhanced-sampling MD to quantify substrate ingress/egress pathways and productive near-attack conformations (NACs) while (b) simultaneously mapping unfolding-initiation hotspots via high-temperature MD and local frustration metrics; mutations are then selected only if they improve both a computed 'productive occupancy index' (active-site dynamics) and a 'stability margin index' (unfolding resistance), followed by targeted in vivo library installation in E. coli using multiplex recombineering (MAGE) to efficiently test combinatorial epistasis.","Step 1: Specific system setup or data preparation.
1.1 Select an amidase scaffold compatible with E. coli cytosolic expression (soluble monomer preferred), obtain or determine structure (cryo-EM/X-ray if needed; otherwise AlphaFold2 model with confidence filtering for core/active-site regions).
1.2 Define a representative substrate panel (one industrially relevant amide + 1–2 analogs) and establish baseline kinetics (kcat, KM, kcat/KM) across temperature (e.g., 25–70°C) plus baseline stability (Tm by DSF/DSC; t1/2 at process-relevant temperature).
1.3 Build a high-throughput expression/purification and assay pipeline in E. coli (96-well soluble expression screen; activity via LC-MS or coupled ammonia detection; include internal standard to correct for expression differences).

Step 2: Detailed implementation of the adapted methodology.
2.1 Active-site gating quantification (adapted rational design element A):
- Perform enhanced-sampling MD on enzyme–substrate systems (RAMD to discover ingress/egress tunnels; ABF or metadynamics along tunnel CVs to estimate free-energy barriers for entry/exit).
- Compute 'productive occupancy index' from trajectories: fraction of time substrate adopts NAC-like geometry and remains within a defined catalytic distance/angle window; include residence time and reorientation rate as sub-metrics.
- Identify residues controlling tunnel bottlenecks and catalytic-loop motions; prioritize positions where small packing/polarity changes are predicted to increase productive residence without steric blockade.
2.2 Thermostability hotspot mapping (adapted rational design element B):
- Run high-temperature MD replicas (e.g., 370–450 K) and local unfolding propensity analysis to identify 'crack regions' (early loss of secondary structure, increased solvent exposure of hydrophobics, rising RMSF).
- Calculate per-residue frustration/packing defects (e.g., Rosetta ΔΔG scan + local frustration metrics) to locate destabilizing interactions.
- Propose stabilizing mutations using a constrained design rule-set: introduce new salt bridges in crack regions, improve hydrophobic core packing, and add prolines only in non-catalytic loops where rigidity is beneficial; explicitly exclude mutations that increase gating free-energy barriers from Step 2.1.
2.3 Co-design selection and combinatorial assembly (key adaptation: co-optimization under explicit coupling constraints):
- Generate a ranked mutation set where each candidate passes two filters: (i) predicted ΔΔGfold < 0 (stabilizing) and (ii) improved productive occupancy index (or reduced exit barrier / increased NAC fraction).
- Construct small, information-dense combinatorial libraries (e.g., 8–20 positions, but only 2–4 amino-acid options each) rather than random error-prone PCR; design combinations to test epistasis between tunnel residues and crack-region stabilizers.
- Implement libraries directly in E. coli using MAGE/recombineering with barcoded alleles to enable genotype tracking and to rapidly iterate between computational predictions and experimental data.
2.4 Two-stage selection/screening that enforces the trade-off:
- Stage 1 (thermostability pressure): heat challenge of crude lysates or whole cells (defined temperature/time) followed by residual activity measurement.
- Stage 2 (catalytic efficiency ranking): for survivors, determine kcat/KM at elevated temperature; prioritize variants that improve kcat/KM without large KM penalties (to avoid “stability-only” winners).

Step 3: Rigorous validation and analytical framework.
3.1 Purify top 10–20 variants; measure full temperature–activity profiles, Tm (DSF/DSC), kinetic parameters (kcat, KM) at multiple temperatures; quantify activation parameters (Eyring analysis) to separate effects on transition-state stabilization vs diffusion/gating.
3.2 Structural validation: solve structures (or high-confidence cryo-EM if feasible) for 2–3 lead variants; verify predicted salt bridges/packing changes and assess tunnel geometry.
3.3 Mechanistic tests of gating hypothesis:
- Use competitive inhibitors or substrate analogs plus stopped-flow/rapid-quench (if available) to estimate on/off rates; corroborate MD-predicted residence time changes.
- Mutational reversion tests: individually revert tunnel vs crack mutations in the best combinatorial variant to quantify their independent and epistatic contributions.
3.4 Generalizability: test leads on the substrate panel and in process-like conditions (e.g., co-solvent, ionic strength) to confirm robustness; compare against baseline amidase and any available thermostable homolog benchmarks.","1. Theoretical/Empirical Basis: Literature supports iterative in silico + experimental cycles to improve thermostability and activity, including MD-based analysis of active-site dynamics and directed evolution for amidase optimization. Enhanced sampling methods (RAMD/ABF) are specifically suited to quantify tunnel/gating behavior, while ΔΔG/consensus-like stabilizing strategies have strong precedent for increasing enzyme Tm.
2. Transfer Logic (How the adaptation fits the domain): E. coli enables rapid, scalable build-test cycles and supports multiplex recombineering (MAGE) to install rationally chosen combinatorial mutations, addressing the key limitation of standard rational design—poor handling of epistasis and dynamics—while avoiding unguided random libraries.
3. Comparative Advantage: Compared to static rational design (which may stabilize but reduce activity) or undirected evolution (which is sample-inefficient), the proposed co-design explicitly enforces a mechanistic coupling constraint: mutations must both suppress unfolding initiation and improve productive substrate occupancy/NAC formation. This directly targets the common stability–activity trade-off and should yield higher probability of variants with concurrent gains in thermostability and catalytic efficiency.","The proposal is technically ambitious and largely actionable, but several key elements are underspecified in ways that affect rigor and feasibility. (i) The central computed objective—“productive occupancy index” (NAC fraction/residence)—is not clearly validated as predictive of kcat/KM for amidases; NAC definitions, reaction coordinates, and how MD observables map to catalytic efficiency (vs binding affinity or diffusion limitation) are not quantitatively justified. (ii) Enhanced-sampling choices (RAMD/ABF/metadynamics) are plausible, yet the plan omits convergence criteria, replicate strategy, force-field/ligand parameterization quality control, and how uncertainty will be propagated into mutation ranking—making the co-optimization filter vulnerable to noise and false positives. (iii) The thermostability arm relies on high-temperature MD and frustration metrics, which can highlight flexible regions but often poorly rank-point mutations without careful calibration; no calibration set (known stabilizing mutants/homolog comparison) is proposed. (iv) MAGE-based multiplex combinatorial installation is a strength, but library size/coverage calculations, recombineering efficiencies, and genotype–phenotype linkage plan (e.g., NGS depth, barcode error models, controlling for expression level) are not detailed enough to ensure epistasis can be cleanly resolved. Overall, the mechanism linking “crack regions” allosterically to active-site geometry is plausible but not demonstrated with a concrete allosteric pathway analysis or experimentally testable structural predictions beyond generic tunnel/loop language."
"Engineering a structurally constrained, protease-resistant, allosterically coupled ω-transaminase from Comamonas testosteroni—using site-directed mutagenesis to install a designed “electrostatic clamp” at its dimer interface—will yield a biocatalyst whose catalytic competence is stabilized against trypsin-rich processing environments and whose flux in multistep biotransformation is increased by enforced productive oligomerization. Mechanism: (i) many fold-type I PLP-dependent transaminases rely on dimerization to correctly assemble the active-site architecture (PLP alignment, gate-loop positioning, and substrate-channel geometry); (ii) exposure to trypsin (e.g., during downstream processing, co-cultures, or protease-containing feedstocks) preferentially cleaves flexible, Lys/Arg-rich surface loops near subunit interfaces, shifting the conformational ensemble toward partially dissociated/loosely associated dimers with reduced kcat/KM; (iii) introducing a rationally designed network of complementary charges and short H-bonding motifs across the dimer interface (electrostatic clamp) increases the lifetime of the catalytically competent dimer while simultaneously removing/reshaping high-risk trypsin cleavage motifs on adjacent flexible loops. This adaptation is structurally novel because it replaces protease-gated activation concepts with an engineered, interface-level allosteric stabilization strategy that couples protein-protein interaction energetics directly to catalytic geometry and proteolytic robustness.","Step 1: System setup and structural risk mapping.
1) Select a well-characterized C. testosteroni ω-transaminase (ω-TA) used for chiral amine synthesis; generate a high-confidence structural model (crystal structure if available; otherwise AlphaFold2 with multimer mode) and identify the obligate dimer interface and adjacent flexible loops.
2) Perform in silico trypsin susceptibility mapping: predict solvent exposure and local disorder, then annotate Lys/Arg-containing motifs likely to be cleaved; experimentally verify baseline cleavage sites by limited proteolysis with trypsin followed by LC–MS/MS peptide mapping.
3) Quantify baseline protein-protein interaction strength (dimerization KD) and conformational stability (DSF/DSC), and establish baseline biotransformation performance in a representative multistep cascade (e.g., ketone → chiral amine via ω-TA with appropriate amine donor; optionally coupled to an upstream alcohol dehydrogenase step to supply the ketone).

Step 2: Methodological adaptation—interface electrostatic clamp + protease-risk reshaping via site-directed mutagenesis.
1) Design an “electrostatic clamp” across the native dimer interface: introduce paired charge networks (e.g., Asp/Glu↔Lys/Arg salt bridges) and short polar triads positioned to (a) increase inter-subunit residence time and (b) bias the interface toward the catalytically competent relative orientation. Candidate positions will be selected by Rosetta interface design with explicit constraints to preserve active-site geometry (PLP-binding residues and gate-loop contacts).
2) Concurrently redesign nearby flexible, trypsin-prone surface segments (not the active site) by conservative substitutions that remove exposed Lys/Arg at verified cleavage hotspots (e.g., Lys→Gln/Asn; Arg→Gln; or local helix-capping substitutions) while maintaining net surface properties needed for solubility. This is coupled to the clamp design to avoid destabilizing the interface.
3) Construct a focused mutant panel (single, combinatorial, and epistatic combinations) via site-directed mutagenesis; express and purify variants. Measure: dimerization KD (SEC-MALS and/or analytical ultracentrifugation), kinetics (kcat, KM for ketone and amine donor), PLP occupancy, and structural integrity (CD, DSF).
4) Test protease robustness explicitly: expose variants to physiologically relevant trypsin concentrations and time courses; quantify residual activity, cleavage patterns (LC–MS/MS), and dimer integrity post-challenge. The expected signature of success is preserved dimerization and unchanged active-site peptides despite extensive trypsin exposure.

Step 3: Rigorous validation in multistep biotransformation and mechanistic analysis.
1) Run the ω-TA within a defined multistep process where protease exposure is a realistic stressor (e.g., whole-cell lysate-based upstream step, protease-containing feedstock, or intentionally added trypsin challenge as a standardized “bioprocess proteolysis” condition). Compare WT vs best clamp variants for space–time yield, TTN, enantioselectivity, and operational half-life.
2) Mechanistic confirmation of allosteric coupling: perform hydrogen–deuterium exchange MS (HDX–MS) or limited proteolysis kinetics in the absence of trypsin to show reduced flexibility at interface-adjacent loops and stabilization of gate-loop conformations; optionally validate interface geometry via cryo-EM (if oligomeric) or X-ray crystallography for top variant.
3) Establish that improvements derive from engineered protein-protein interaction energetics rather than nonspecific stabilization by: (a) reversing key clamp charges (charge-swap controls) to abolish the effect; (b) testing performance across ionic strengths to demonstrate salt-bridge dependence; and (c) correlating dimer KD with catalytic metrics and protease resistance using a quantitative structure–function model.
4) Deliverables: a protease-robust ω-TA variant and a design rule-set linking PPI interface electrostatics → active-site geometry → multistep biotransformation performance under proteolytic stress.","1. Theoretical/Empirical Basis: ω-transaminases are commonly obligate dimers where interface integrity impacts active-site assembly; electrostatic interface engineering is a proven protein design lever for tuning complex stability. Trypsin cleavage is strongly enriched at exposed Lys/Arg in flexible regions, and limited proteolysis coupled to MS is a mature workflow for pinpointing liabilities. 
2. Transfer Logic (How the adaptation fits the domain): The proposal directly links protein-protein interaction engineering (dimer-interface energetics) to enzyme performance as a microbial biocatalyst in biotransformation, addressing a process-relevant failure mode (proteolytic destabilization) without relying on protease-mediated activation schemes. Site-directed mutagenesis is the enabling technique for precise interface and cleavage-site remodeling. 
3. Comparative Advantage: Compared to standard activity-focused mutagenesis or generic thermostabilization, the electrostatic clamp is a mechanistically targeted adaptation that simultaneously (a) enforces the catalytically competent oligomeric state and (b) reduces trypsin vulnerability at structurally critical regions. This yields higher sustained flux and reliability in multistep processes where proteases or proteolytic impurities otherwise erode enzyme lifetime and selectivity.","The proposal is mechanistically coherent and appropriately links dimer-interface energetics to active-site assembly and proteolytic failure modes in fold-type I PLP enzymes. Strengths include: (i) experimentally grounded cleavage-site verification by limited proteolysis + MS; (ii) direct quantification of oligomerization (SEC-MALS/AUC) and catalytic metrics; (iii) credible controls (charge swaps, salt dependence) to attribute effects to electrostatic coupling; and (iv) process-relevant validation in a stressed cascade. Score deductions: (1) The central assumption that trypsin exposure significantly drives partial dimer dissociation (rather than simple loop clipping that inactivates via local unfolding or gate-loop disruption) is plausible but not explicitly deconvolved; as written, causality between proteolysis → dimer weakening → kcat/KM loss needs sharper experimental separation. (2) Electrostatic clamps can be strongly context-dependent and may reduce activity via altered dynamics or product release; the design plan mentions constraints to preserve geometry but does not define quantitative acceptance criteria (e.g., allowable shifts in key interfacial distances, gate-loop RMSF targets) or a down-selection strategy from Rosetta designs to a manageable experimental set. (3) Trypsin is a narrow proxy for “protease-rich processing environments”; if the true target environment contains mixed proteases (subtilisins, metalloproteases), the specificity of the redesign may limit generality. (4) The multistep cascade is described at a high level; flux gains can be dominated by cofactor balance, equilibrium constraints, amine donor inhibition, or upstream enzyme stability—these confounders are acknowledged only implicitly and could weaken attribution to enforced oligomerization."
"We hypothesize that *surface- and pore-mouth–restricted* microbial transglutaminase (mTG)-catalyzed isopeptide ligation can be engineered into a quantitatively tunable “mechanical clutch” between Candida rugosa lipase (CRL) and a water-stable, amine-presenting ZIF-8/calix-modified MOF, such that (i) defined attachment *valency* (2–4 Gln-donor motifs per enzyme) and (ii) defined *spacer compliance/length* (short alkyl vs PEGn amines on the MOF exterior) jointly stabilize productive catalytic microstates while preserving the lid’s interfacial activation dynamics. Mechanistically, we posit that multipoint anchoring on the MOF *external surface and pore entrances only* suppresses global unfolding, desorption, and non-productive reorientation under shear/solvent/temperature, while compliant spacers maintain the conformational entropy needed for lid opening/closing and substrate ingress. This yields a measurable design map linking (A) conjugation stoichiometry (bonds per enzyme), (B) tether compliance (force–extension/rupture distributions), and (C) lid-dynamics readouts (HDX-MS protection patterns) to functional outcomes (kcat, Km, E-value, reuse half-life).","Step 0 — Fix the immobilization geometry (surface/pore-mouth only) and material selection gates.
0.1 Geometry decision: Restrict CRL immobilization to MOF *external surface and pore mouths*; do not claim full pore encapsulation because mTG (~38 kDa) cannot access ZIF-8 micropores. The “nanoreactor” is therefore defined as an external catalytic shell with pore-mouth substrate preconcentration (calix) and surface-confined enzymes.
0.2 MOF size and morphology: Synthesize ZIF-8/calix particles in a size range enabling high external area (e.g., 50–200 nm) and high dispersion; confirm morphology by TEM/SEM and hydrodynamic size (DLS).
0.3 Water/buffer stability pre-screen (no enzyme yet): Incubate MOF in candidate mTG buffers (e.g., Tris or HEPES, low-phosphate, moderate ionic strength) across pH 6.0–8.0; exclude phosphate-rich buffers. Gate with PXRD (crystallinity retention), N2 sorption (surface area/porosity retention), ICP-OES (Zn leaching), and ligand release assays. Lock a single buffer/pH condition that preserves MOF structure and supports mTG activity.

Step 1 — Engineer true multipoint, controlled-valency CRL variants without perturbing lid/active site.
1.1 Tag architecture: Create a small panel of CRL constructs containing 2, 3, or 4 spatially separated Gln-donor motifs (e.g., short Q-rich mTG-recognition peptides) placed on solvent-exposed regions *distal from the lid and active-site vicinity*. Include a single-tag construct as a low-valency comparator.
1.2 Placement rationale: Use structural modeling + MD to (i) identify high-SASA loops opposite the lid face, (ii) avoid known interfacial activation surfaces, and (iii) maximize inter-tag spatial separation (to support multipoint anchoring rather than clustered single-point ligation).
1.3 Expression/quality control: Confirm folding and baseline activity (free enzyme) using standard ester hydrolysis assays; verify that lid dynamics are not grossly altered pre-immobilization via HDX-MS baseline maps (free WT vs engineered).

Step 2 — Build amine-presenting MOF surfaces with explicit spacer compliance as a design variable.
2.1 Surface-functional amines (acceptors): Introduce primary amines on ZIF-8/calix MOF *external surfaces* via (a) post-synthetic modification of surface-accessible linkers or (b) mixed-linker growth incorporating a low fraction of amine-bearing imidazole derivatives, with explicit checks that crystallinity/porosity is preserved.
2.2 Spacer series (compliance/length): Prepare at least three acceptor chemistries on otherwise matched MOFs:
  - Short/rigid: –(CH2)2–NH2
  - Medium: PEG4–NH2
  - Long/compliant: PEG12–NH2
Quantify amine density by colorimetric/fluorometric amine assays and XPS/N content; keep amine densities within a controlled window across variants.
2.3 Critical negative control surfaces:
  - “Amine-minus” MOF (no acceptor amines)
  - “Blocked-amine” MOF (amine-capped with an inert acylation reagent to retain similar surface chemistry but eliminate mTG acceptors)

Step 3 — mTG-mediated ligation constrained to the external surface: quantify geometry and stoichiometry.
3.1 Ligation reaction: Perform immobilization under the pre-selected MOF-stable, mTG-compatible buffer. Maintain conditions that minimize MOF degradation and nonspecific adsorption (ionic strength tuning; optional mild nonionic additives if compatible).
3.2 Control matrix (mandatory attribution controls):
  - CRL(Q-tag+) + amine+ MOF + mTG (test)
  - CRL(Q-tag+) + amine+ MOF – mTG (adsorption control)
  - CRL(Q-tag–/WT) + amine+ MOF + mTG (enzyme control)
  - CRL(Q-tag+) + amine– MOF + mTG (material control)
  - CRL(Q-tag+) + blocked-amine MOF + mTG (acceptor-block control)
3.3 Conjugation stoichiometry and valency readout:
  - SDS-PAGE densitometry of supernatant depletion + wash fractions (immobilization yield)
  - Intact MS (where feasible) and/or peptide mapping to confirm isopeptide formation
  - Quantify average number of covalent attachments per enzyme indirectly by combining (i) remaining free amines on the MOF post-ligation, (ii) enzyme loading, and (iii) MS mapping of modified Gln sites (report as “effective valency”).
3.4 Enzyme leaching assay: Challenge immobilized catalysts under catalytic buffers/solvents and quantify released protein (BCA/fluorescence) vs time; compare covalent vs adsorption controls.

Step 4 — Replace qualitative “elasticity” with measurable mechanical parameters (force spectroscopy) and link to catalysis.
4.1 Single-molecule/single-particle force readouts:
  - Use AFM-based single-molecule force spectroscopy (SMFS) or single-particle pulling (as available) to measure tether rupture forces and force–extension profiles across spacer series and valency variants.
  - Report distributions (median rupture force, contour-length signatures for PEG linkers) as operational compliance metrics.
4.2 Nanoindentation (ensemble mechanical resilience): AFM nanoindentation of MOF particles pre/post functionalization and after buffer exposure to ensure material robustness is not confounded by structural collapse.

Step 5 — Pre-registered causal test of lid preservation: dynamics–function correlation across a 2D design matrix.
5.1 Design matrix: Systematically vary (A) valency (1 vs 2 vs 3–4 Gln motifs) and (B) spacer compliance (short vs PEG4 vs PEG12) to create a matrix of immobilized catalysts with quantified stoichiometry.
5.2 HDX-MS as the causal mechanistic readout:
  - Map deuterium uptake changes in lid-associated peptides and global scaffolding regions for each matrix condition.
  - Define a priori “lid preservation score” (e.g., minimal perturbation in lid peptides relative to free enzyme while showing increased protection in non-lid stabilizing regions).
5.3 Functional assays (matched conditions):
  - Determine kcat, Km, kcat/Km on model ester substrates.
  - Determine enantioselectivity (E value) using kinetic resolution of naproxen methyl ester (benchmark against CRL@ZIF-8 and CRL@Calix-ZIF-8 literature baselines).
  - Reusability: activity retention over ≥6 cycles; report half-life under thermal/alkaline stress.
5.4 Statistical linkage: Correlate (i) lid preservation score and (ii) mechanical compliance metrics with catalytic outputs. The mechanistic claim is considered supported only if increased kcat and/or E track with preserved lid dynamics *within* the covalently immobilized set and diverge from adsorption controls.

Step 6 — Materials stability and realism under *exact* operational conditions.
6.1 Under immobilization conditions (mTG buffer): PXRD, N2 sorption, ICP (Zn leaching), and surface chemistry (XPS/FTIR) pre/post.
6.2 Under catalytic conditions (reaction media, pH, temperature, cosolvents if used): repeat the same gates plus enzyme leaching and activity-normalized turnover numbers. Explicitly report any performance decay attributable to MOF degradation vs enzyme deactivation.

Deliverables (what will be reported):
- A quantitative “valency × compliance” map with conjugation stoichiometry, SMFS metrics, HDX-MS lid signatures, and catalytic/enantioselective performance.
- A validated, geometry-explicit immobilization model: external/pore-mouth tethering only, with experimentally verified absence of reliance on mTG pore penetration.","1) Spatial accessibility resolved by design: The proposal no longer assumes mTG entry into ZIF-8 micropores. Immobilization is explicitly constrained to the MOF external surface and pore-mouth region, consistent with the enzyme size barrier, while still leveraging calix-assisted substrate interactions at the interface (Assets 3–4). This eliminates the internal-encapsulation ambiguity highlighted by reviewers.

2) Chemical realism and stability gates: ZIF-8 aqueous/buffer susceptibility is treated as an experimental gate rather than an assumption. The plan excludes phosphate-heavy conditions and requires PXRD/N2 sorption/ICP confirmation under the exact mTG buffer and catalytic conditions (mandatory directive #4). Calix modification and amine functionalization are accepted only if crystallinity/porosity and Zn retention remain within predefined thresholds.

3) Mechanism operationalized into measurable variables: The “elastic isopeptide bond” concept is converted into two explicit design parameters—(i) attachment valency (2–4 Gln motifs per CRL) and (ii) spacer compliance/length (short vs PEGn amines). Mechanical behavior is quantified by SMFS force–extension/rupture distributions, not inferred qualitatively, enabling a direct structure–mechanics–function relationship (mandatory directive #3).

4) True multipoint anchoring with controlled valency: Reviewer concern about single Q-tag is addressed by engineering 2–4 spatially separated Gln motifs positioned away from lid/active site, with a construct panel that includes 1-tag as a low-valency boundary condition. Conjugation stoichiometry is quantified (intact MS/peptide mapping + densitometry), satisfying the requirement to demonstrate bonds-per-enzyme rather than assuming multipoint attachment (mandatory directive #2).

5) Rigorous causal controls and lid-preservation test: The control set explicitly includes mTG-minus, amine-minus, Q-tag-minus, and blocked-amine MOF conditions to distinguish covalent ligation from adsorption. The mechanistic narrative is pre-registered as a correlation test across the valency × compliance matrix: HDX-MS lid signatures must track with kcat/E improvements to support the claim (mandatory directive #5).

6) Anchored in literature assets: The proposal leverages MOFs as stabilizing enzyme supports and covalent attachment as a stabilization strategy (Assets 1–2), while building directly on empirical CRL@ZIF-8 and CRL@Calix-ZIF-8 performance and the recognized importance of preserving CRL structural dynamics (Assets 3–4). The new contribution is converting “MOF immobilization helps” into a quantitatively tunable, mechanistically testable immobilization microarchitecture.","The proposal is unusually strong in operationalizing a mechanistic hypothesis into measurable axes (valency × spacer compliance) with attribution controls and orthogonal readouts (HDX-MS, SMFS, leaching, kinetics). Engineering resolution is high due to explicit geometry constraints (external/pore-mouth only), material stability gates (PXRD/sorption/ICP), and a rigorous control matrix that can separate covalent ligation from adsorption. Main score deductions arise from (i) a remaining identifiability gap between “engineered valency” (2–4 Q motifs) and “realized covalent multiplicity” per enzyme—your current ‘effective valency’ calculation is indirect and may be confounded by heterogeneous site usage, partial ligation, and mixed populations; (ii) feasibility/throughput risk of SMFS and HDX-MS across a full 2D matrix (especially with nanoparticle-bound enzymes) without a clearly defined fallback quantitative proxy; (iii) potential incompatibilities between ZIF-8 aqueous stability, calix modification, amine functionalization, and mTG activity window—gates are present, but there is no pre-defined decision tree if the locked buffer condition that preserves ZIF-8 undermines mTG kinetics or CRL stability; and (iv) the mechanistic claim that compliant tethers preserve lid dynamics could be confounded by substrate partitioning/preconcentration effects from calix and altered interfacial activation at the particle surface, which are not cleanly separated from “mechanical clutch” effects in the current design."
"A Rosetta-based protein design workflow that is structurally adapted to explicitly model coiled-coil registry shifts and helix-fraying penalties during binding will produce alpha-helical coiled-coil pairs with substantially higher partner specificity (reduced off-target hetero-association) than standard fixed-backbone or static-oligomer Rosetta design. Mechanistically, enforcing an explicit energetic separation between (i) the intended heptad registry and (ii) nearby alternative registries/oligomerization states, while simultaneously penalizing terminal fraying and buried unsatisfied polar groups, increases the free-energy gap (ΔΔGgap) between on-target and off-target bound ensembles; this gap—not just absolute stability—drives orthogonality in crowded cellular environments and improves functional performance for biomedical heterodimerization (e.g., split-protein therapeutics, targeted recruitment modules).","Step 1: Specific system setup or data preparation.
1. Curate a benchmark set of natural and de novo coiled-coils with known oligomeric state and partner specificity (including known promiscuous pairs) and standardize constructs (length, terminal caps) to quantify off-target binding.
2. Define design targets: (a) obligate heterodimers (A/B) and (b) orthogonal sets (A1/B1, A2/B2, …) intended to function as interaction modules in mammalian cells.
3. Build a Rosetta modeling library of alternative bound states for each target: enumerate ±1, ±2 heptad registry shifts, alternative oligomeric states (dimer vs trimer/tetramer where plausible), and homodimeric alternatives (A/A, B/B). Generate ensembles with small backbone flexibility (backrub + helix-parameter sampling) rather than a single rigid backbone.

Step 2: Detailed implementation of the adapted methodology.
4. Methodological Adaptation (multi-state registry/oligomer explicit design): Modify the standard RosettaDesign objective into a competitive multi-state optimization across an ensemble of bound states.
   - Positive state: intended A/B heterodimer at the intended registry.
   - Negative states: (i) registry-shifted A/B, (ii) A/A and B/B homodimers, (iii) alternative oligomers (e.g., trimeric bundle), and (iv) partially frayed terminal states.
   - Optimize a gap-based objective: minimize E(on-target) while maximizing min{E(negative states)} using a weighted “free-energy gap” score ΔΔGgap = E(on-target) − min(E(negative)).
5. Add a helix-fraying and end-capping term to the Rosetta score for coiled-coils: explicitly penalize exposed backbone H-bond donors/acceptors at helix termini in bound and unbound ensembles; implement terminal capping motifs (e.g., Asn/Asp at N-cap; Gly at C-cap when appropriate) as designable but constrained positions.
6. Enforce buried-polar satisfaction constraints at a/d core positions: if polar residues are placed in the hydrophobic core for specificity, require explicit intra-/inter-helical H-bonding geometry or salt-bridge networks; otherwise apply a strong penalty. This reduces “false-specific” designs that become promiscuous by accommodating water or alternative registries.
7. Rational coiled-coil heptad encoding: constrain a/d positions to hydrophobics with periodic exceptions for specificity; tune e/g electrostatics to create complementary charge patterns that are registry-sensitive (i.e., charge pairing only in the correct registry). Use Rosetta constraint files to limit design search to biophysically plausible coiled-coil grammar while still permitting innovation.
8. Design and downselect candidates by: (i) predicted ΔΔGgap across enumerated negative states, (ii) predicted melting temperature proxy (monomer and dimer stability), (iii) predicted assembly state (avoid higher-order collapse), and (iv) sequence complexity filters to reduce aggregation.

Step 3: Rigorous validation and analytical framework.
9. Biophysical validation in vitro: synthesize peptides/proteins; quantify secondary structure (CD spectroscopy), thermal stability (CD melt/DSC), oligomeric state (SEC-MALS/AUC), and binding thermodynamics (ITC) for on-target and key off-target pairs.
10. Specificity matrix: perform a full cross-pairing assay for orthogonal sets using fluorescence anisotropy or FRET-based binding to measure Kd across all combinations; compute an “orthogonality index” = Kd(off-target)/Kd(on-target).
11. Mechanism checks: test registry-shift susceptibility by inserting single-residue indels or using designed ‘registry reporter’ mutations; verify that off-target states predicted by the ensemble are disfavored experimentally.
12. Biomedical demonstration: implement coiled-coil modules as heterodimerization tags to reconstitute a split therapeutic payload (e.g., split cytokine agonist or split transcriptional activator) in mammalian cells; quantify dose–response, off-target activation, and stability in serum.
13. Iteration loop: feed experimental negatives back into the multi-state ensemble (add newly observed off-target modes) and re-run design to further widen ΔΔGgap.","1. Theoretical/Empirical Basis: Coiled-coil specificity is known to be governed by heptad register, electrostatic complementarity (e/g positions), and core packing (a/d). Promiscuity often arises from alternative registries and oligomeric states that are close in energy; therefore, explicitly optimizing the energy gap across these competing states is a principled route to orthogonality. The provided literature assets support the maturation of de novo protein design toward computational frameworks (Rosetta) while retaining rational constraints, and highlight coiled-coils as a tractable motif built from alpha-helices.
2. Transfer Logic (How the adaptation fits the domain): Biomedical coiled-coil modules must work in complex cellular milieus where many off-target interactions exist and concentration varies. Designing for absolute stability alone is insufficient; widening the on-target/off-target free-energy gap is directly aligned with therapeutic safety (reducing unintended pathway activation) and robustness (consistent assembly under variable expression).
3. Comparative Advantage: Standard Rosetta coiled-coil design often assumes a single intended bound geometry; it can inadvertently create sequences compatible with alternative registries or higher-order bundles. The proposed adaptation (multi-state registry/oligomer explicit design + fraying and polar-satisfaction constraints) converts the design problem into a competitive specificity optimization, yielding designs expected to outperform conventional approaches in orthogonality matrices and in-cell functional selectivity, not merely in melting temperature.","The proposal is strong and technically credible: it targets a real failure mode in coiled-coil design (near-degenerate alternative registries/oligomers) and correctly frames orthogonality as an energy-gap/ensemble problem rather than raw stability. The multi-state formulation and inclusion of homodimers/alternative oligomers are well-motivated, and the validation plan (SEC-MALS/AUC, ITC, full cross-pairing matrices, in-cell demonstration) is appropriately stringent. Score deductions mainly arise from missing implementation-level specifics that determine feasibility and interpretability: (i) the ΔΔGgap objective uses raw Rosetta energies without a clear link to binding free energies or concentration-dependent specificity; there is no calibration plan (reweighting, temperature dependence, implicit vs explicit solvation sensitivity) to ensure the ‘gap’ correlates with measured Kd ratios across many pairs. (ii) The negative-state enumeration is under-specified: how states are generated, minimized, and kept comparable (same backbone sampling budget, symmetry handling, chain separation, constraints) is crucial, and registry-shift models can be biased by initial conditions. (iii) The fraying term is conceptually reasonable but not defined operationally (what geometric criterion for exposed backbone H-bonds, whether it double-counts with existing H-bond/solvation terms, and how it is applied in bound vs unbound ensembles). (iv) Alternative oligomer modeling is plausible but risky in Rosetta without explicit strategy for symmetry definitions and ensuring fair competition among different stoichiometries (different interface areas can dominate raw energy). (v) The plan lacks clear success metrics/decision thresholds (e.g., required orthogonality index distributions, acceptable homodimer Kd, performance targets in cells) and statistical power for the benchmark/experimental matrix."
"A modular VEGFR-2-responsive gene-control system can be created by adapting designer protein–protein interaction scaffolds into a split, proximity-activated artificial transcription factor: a VEGFR-2-binding monobody (Fn3) or ankyrin-repeat binder (DARPin-like) will be engineered to recognize specific conformational states of the VEGFR-2 intracellular kinase domain (active vs inactive), and this binding event will drive reconstitution of a split transcriptional activator (e.g., split VP64/p65 or split CRISPRa effector) via inducible intramolecular assembly. Mechanistically, state-selective binding stabilizes a defined geometry and dwell time that exceeds a kinetic threshold for split-effector complementation, converting transient receptor activation into a digital transcriptional output that reports (and can therapeutically counteract) pathological VEGFR-2 signaling.","Step 1: System setup—define target conformations and cellular chassis.
1.1 Select VEGFR-2 intracellular domain constructs representing active-like (phosphomimetic activation loop; kinase-open) and inactive-like (DFG-out/juxtamembrane-inhibited) states; validate conformations using known phospho-epitope readouts and inhibitor trapping (e.g., type I vs type II kinase inhibitors to bias conformations).
1.2 Build mammalian reporter cells (HEK293T and endothelial-like cells such as HUVEC or engineered iPSC-ECs) expressing VEGFR-2 and a minimal promoter driving luciferase or fluorescent reporter under control of the chosen artificial TF platform (Gal4-UAS or dCas9-based CRISPRa with sgRNA to reporter).

Step 2: Methodological adaptation—convert PPI scaffolds into a conformation-gated, split artificial transcription factor.
2.1 Binder discovery with conformation gating: generate two parallel libraries—(i) Fn3 monobody loop libraries and (ii) ankyrin-repeat (DARPin-style) repeat libraries with diversified binding surfaces. Perform negative/positive selection cycles (yeast surface display or phage display): negative selection against inactive VEGFR-2 state and close kinases (VEGFR-1/3, PDGFRβ) followed by positive selection for active-state VEGFR-2. Incorporate off-rate selection to enrich binders with tunable residence time.
2.2 Geometry-constrained split-effector design (key adaptation): fuse top binders to complementary fragments of a split transcriptional activator using rigid/semi-rigid helical linkers of systematically varied length and phase to enforce productive complementation only when the binder is engaged on VEGFR-2. Compare two architectures:
- Architecture A (reconstitution): binder–split-activator fragments that assemble upon receptor engagement.
- Architecture B (autoinhibited clamp): a single-chain construct where an intramolecular ankyrin-repeat “clamp” masks the activation domain; VEGFR-2 binding by a monobody displaces the clamp (competitive allostery) to unmask the activator.
2.3 Signal-to-transcription conversion tuning: implement kinetic thresholding by engineering split interfaces of different affinities (e.g., mutations at split complementation surfaces) so that only sustained VEGFR-2 activation yields transcription. Optionally add a phospho-recognition module (e.g., SH2 domain) in tandem with the binder to require dual engagement (conformation + phosphorylation) for maximal specificity.
2.4 Therapeutic logic extension: retarget the output to express an anti-angiogenic payload (e.g., soluble VEGF trap, sFlt1 fragment, or inducible cytokine antagonist) or a pro-apoptotic program in pathological endothelium, under the VEGFR-2-responsive promoter.

Step 3: Validation and analytical framework.
3.1 Biophysical validation: quantify binder affinities and kinetics (BLI/SPR) against purified VEGFR-2 kinase domain in active/inactive conformations; map epitopes by alanine scanning and HDX-MS or limited proteolysis; assess specificity across kinome panel.
3.2 Cellular mechanism tests: measure transcriptional output vs VEGF dose/time; perturb with kinase inhibitors (type I/II) and phosphatase modulation to decouple phosphorylation from conformation; use live-cell imaging/FRET complementation reporters to correlate receptor engagement with split-effector assembly.
3.3 Functional endothelial assays: in HUVEC/iPSC-ECs, test whether VEGFR-2-responsive payload expression suppresses tube formation, migration, and sprouting in 3D spheroid assays; benchmark against standard anti-VEGFR therapies (e.g., small-molecule VEGFR inhibitors) for efficacy and off-target cytotoxicity.
3.4 In vivo relevance (optional extension): deliver constructs via endothelial-targeted AAV or lipid nanoparticles encoding mRNA; evaluate angiogenesis suppression in Matrigel plug and tumor xenograft models with endothelial-specific expression; profile biodistribution and immunogenicity.","1. Theoretical/Empirical Basis: Monobodies and ankyrin-repeat scaffolds are established, engineerable PPI modules with high stability and intracellular compatibility; domain-shuffled protein-interacting artificial TF components are demonstrated by zinc-finger PPI engineering. VEGFR-2 exhibits conformational switching coupled to activation, providing a mechanistically tractable gating signal.
2. Transfer Logic (How the adaptation fits the domain): The adaptation is the conversion of binder scaffolds into a conformation-gated split transcriptional effector using linker/geometry and split-interface tuning, overcoming a key limitation of receptor reporters/therapeutics—poor specificity for pathological signaling states and inability to digitally encode transient kinase activity into a robust gene program.
3. Comparative Advantage: Compared with conventional inhibition (systemic kinase inhibitors/antibodies), this approach (i) achieves state-selective recognition (active vs inactive), (ii) implements kinetic thresholding to ignore physiological transient VEGFR-2 pulses, and (iii) couples detection to a programmable therapeutic gene response, enabling localized, self-regulated anti-angiogenic intervention with potentially reduced off-target toxicity.","This is a technically ambitious and largely well-reasoned proposal that demonstrates strong command of intracellular PPI engineering and synthetic transcriptional control. The engineering plan is unusually detailed, particularly in binder selection, off-rate tuning, and split-effector geometry, which supports feasibility. Logical consistency is high, but there is a key mechanistic vulnerability: it is not fully established that intracellular VEGFR-2 kinase conformational states are sufficiently long-lived, spatially accessible, or stereochemically distinct in live cells to robustly support state-selective binder engagement at endogenous expression levels. Additionally, the proposal underestimates challenges associated with stoichiometry, receptor copy number, and competition with endogenous adaptors at the VEGFR-2 cytosolic domain, which may significantly degrade signal-to-noise. Evidence grounding is strong but occasionally optimistic in extrapolating in vitro conformation selection to crowded cellular contexts. The rationale is creative and addresses a real bottleneck (digital encoding of kinase signaling), though therapeutic extension is somewhat premature relative to the validation depth required."
"A charge-programmable Fe/ZIF-8@cellulose aerogel, engineered by (i) quantitatively controlled polyelectrolyte grafting to set the pH-dependent interfacial potential and (ii) Fe-site redox/coordination tuning to introduce fluoride-reactive Lewis-acid sites, will enable *binding-mode-selective* capture of (A) tetracycline predominantly via saturable, site-limited interactions (Fe-chelation + H-bonding/π–π at ZIF/cellulose domains) and (B) fluoride via a mechanistic transition from outer-sphere electrostatic accumulation to inner-sphere Fe–F complexation depending on Fe2+/Fe3+ ratio and pH. The key mechanistic advance over isotherm-only inference is that adsorption ‘regime switching’ will be demonstrated by direct signatures of (1) tetracycline functional-group coordination/hydrogen bonding without Fe–F formation, and (2) fluoride inner-sphere Fe–F coordination (EXAFS/XPS) with distinct thermodynamic fingerprints (ITC enthalpy/entropy) and kinetic/transport diagnostics that rule out mass-transfer artifacts. Rather than presuming Langmuir vs Freundlich as proof, the proposal predicts: (i) tetracycline adsorption will exhibit apparent site saturation when Fe-accessible chelation sites are limiting and zeta potential is tuned to minimize nonspecific electrostatic partitioning at the selected operating pH, and (ii) fluoride adsorption will exhibit greater site-energy heterogeneity when polyelectrolyte domains create distributed electrostatic microenvironments and when Fe–F complexation occurs across non-equivalent Fe sites created by Fe2+/Fe3+ tuning—validated by operando spectroscopy and calorimetry alongside rigorous controls and stability/leaching constraints required for biomedical water-treatment applicability.","Step 0 — Quantitative design targets and speciation map (pre-registered before synthesis)
0.1 Define operating windows and explicit targets:
- pH windows: 5.5–8.5 (antibiotic-relevant wastewater) and 6.0–7.5 (defluoridation near neutral; avoids extreme ZIF-8 instability).
- Ionic strength windows: 1–50 mM (NaCl background) with defined competition sets: Cl−/HCO3−/SO42−/PO43− (fluoride) and NOM/proteins (biomedical relevance).
- Zeta potential targets (measured as ζ(pH) curves):
  • “TC-mode”: near-neutral or mildly negative surface at pH 7.0 (ζ = −5 to −15 mV) to reduce purely electrostatic uptake and emphasize saturable Fe-chelation/H-bonding.
  • “F-mode”: net positive or charge-patchy surface at pH 6.5–7.0 (ζ = +10 to +25 mV) to preconcentrate F− near Fe sites.
- Grafting density targets (quantified): 0.1, 0.3, 0.6 mmol ionic groups per g aerogel (three discrete tiers), chosen to span the ζ targets while avoiding pore occlusion.
- Fe2+/Fe3+ ratio targets in Fe/ZIF-8 nodes: 80/20, 50/50, 20/80 (verified by Mössbauer/XPS), selected to test fluoride inner-sphere binding propensity vs stability.
0.2 Compute/compile speciation guidance:
- Tetracycline charge-state distribution vs pH (cationic/zwitterionic/anionic fractions) using literature pKa values; choose two diagnostic pH points (e.g., pH 6.0 and 8.0) where TC functional groups change protonation to stress-test mechanism.
- Fluoride competition/speciation: include bicarbonate/phosphate at realistic levels; explicitly track free F− by ion-selective electrode (ISE) and confirm with ion chromatography (IC) in selected conditions.

Step 1 — Material bioengineering with architectural controls
1.1 Base scaffold and MOF integration:
- Fabricate cellulose aerogels with defined porosity (target: macroporous network for flow; BET/porosimetry for micro/mesopore retention).
- In situ growth or impregnation of ZIF-8 nanocrystals followed by Fe incorporation (Fe-doping) while maintaining crystallinity; characterize via XRD, SEM/TEM, BET.
1.2 Fe-site coordination/redox tuning (mechanism-linked):
- Implement controlled Fe incorporation routes that bias Fe2+ vs Fe3+ (e.g., precursor choice + post-synthetic redox conditioning), then lock-in with mild treatments to prevent drift during adsorption.
- Verify Fe chemical state and coordination environment: Mössbauer (Fe2+/Fe3+ quant), XPS (Fe 2p shifts), and Fe K-edge XAS/EXAFS (first-shell coordination; baseline Fe–N/O distances).
1.3 Polyelectrolyte grafting with quantified density and spatial distribution:
- Graft zwitterionic sulfobetaine-containing copolymers with chitosan backbone (CS–SB) onto cellulose via covalent coupling (e.g., carbodiimide/epoxide strategy, selected for aqueous stability), generating charge-regulating domains.
- Quantify grafting density (elemental analysis/S, N content; polyelectrolyte mass gain; titration of accessible groups).
- Map ζ(pH) and point of zero charge (pHPZC) for each tier; reject formulations failing the ζ targets.
1.4 Transport-preserving architecture checks (prevents false “isotherm switching”):
- Measure permeability/flow-through pressure drop; assess pore accessibility with probe uptake (e.g., neutral dye) and BET changes. Down-select formulations that maintain ≥70% of baseline permeability and avoid severe pore blocking.

Step 2 — Mechanism-discriminating adsorption experiments (not model-fitting-driven)
2.1 Rigorous control matrix (mandatory):
- C1: ZIF-8@cellulose (no Fe, no grafting)
- C2: Fe/ZIF-8@cellulose (Fe, no grafting)
- C3: grafted cellulose aerogel (grafting, no MOF/Fe)
- C4: grafted ZIF-8@cellulose (grafting, no Fe)
- Test articles: grafted Fe/ZIF-8@cellulose at each Fe2+/Fe3+ ratio and grafting density tier.
2.2 Tetracycline binding mechanism verification:
- Operando ATR-FTIR/Raman during TC exposure: track shifts/intensity changes in TC amide/phenolic/enol/ketone bands indicative of chelation and H-bonding; compare with controls to isolate Fe-site contribution.
- XPS (N 1s/O 1s and Fe 2p) pre/post TC to detect coordination-induced shifts.
- ITC (isothermal titration calorimetry): quantify ΔH, ΔS, and stoichiometry (n) for TC binding across pH 6.0 and 8.0; electrostatic-dominated binding should show stronger salt dependence and smaller site-specific stoichiometry signatures than chelation-dominated binding.
- Salt-dependence test: measure TC uptake at 1, 10, 50 mM ionic strength; disproportionately reduced uptake indicates electrostatic partitioning, whereas preserved uptake supports specific coordination/H-bonding.
2.3 Fluoride binding mechanism verification:
- Fe K-edge XAS/EXAFS pre/post F exposure to directly detect Fe–F first-shell contributions (bond distance/coordination number changes) distinguishing inner-sphere complexation from outer-sphere accumulation.
- XPS F 1s and Fe 2p shifts + depth profiling (where appropriate) to confirm chemical association.
- Complementary solid-state NMR where feasible (e.g., 19F MAS NMR) to distinguish bound vs free fluoride environments (presence/shift/broadening relative to aqueous F−).
- ITC for fluoride: distinguish enthalpy-driven inner-sphere complexation vs entropy-driven electrostatic adsorption; repeat under competing anions (HCO3−/SO42−/PO43−) to quantify mechanism robustness.
2.4 Adsorption performance mapping with selectivity metrics:
- Conduct batch isotherms only after mechanism verification, across pre-defined concentration ranges relevant to contamination (TC: low mg/L to tens mg/L; F−: 1–20 mg/L typical plus stress up to higher).
- Fit Langmuir/Freundlich as *descriptors*, but interpret only alongside spectroscopy/ITC and transport modeling.
- Quantify selectivity coefficients in mixtures (TC + F− + competing anions + NOM): report distribution coefficients (Kd) and selectivity ratios (e.g., Kd,TC/Kd,F under TC-mode; Kd,F/Kd,TC under F-mode).

Step 3 — Kinetic/transport modeling to rule out apparent regime changes
3.1 Kinetic model discrimination:
- Collect time-resolved uptake curves under well-mixed and flow-through conditions.
- Fit pseudo-second-order and intraparticle diffusion (Weber–Morris) models; identify rate-limiting steps.
- Vary particle/aerogel thickness and flow rate to test if “isotherm changes” correlate with diffusion limitations (a red flag).
3.2 Pore accessibility and fouling diagnostics:
- Quantify pore blocking by polyelectrolytes and by adsorbates (TC/NOM) via BET change, confocal mapping (if fluorescent TC analog available), and breakthrough curve shape analysis.

Step 4 — Stability, leaching, and biomedical acceptance criteria (operationally defined)
4.1 Chemical/structural stability across pH/ions:
- Monitor ZIF integrity (XRD), surface area, and morphology after exposure at pH 5.5–8.5 with bicarbonate/phosphate.
- Define fail criteria: loss of crystallinity beyond a set threshold; severe surface area collapse; irreversible performance loss.
4.2 Metal leaching control (critical for biomedical framing):
- Quantify Zn and Fe leachates by ICP-MS under all operating conditions and regeneration steps; include time-dependent release.
- Define acceptance thresholds a priori (aligned to intended exposure route; at minimum, demonstrate substantial suppression vs ungrafted controls and provide risk rationale).
4.3 Biomedical relevance endpoints with explicit metrics:
- Endotoxin (LPS) removal: quantify via LAL assay; set a target threshold appropriate for treated water intended for biomedical/lab use (report EU/mL before/after).
- Cytocompatibility: define extract testing conditions and endpoints (e.g., viability assays on a relevant mammalian cell line) using leachate extracts; pass/fail criteria predetermined.
4.4 Regeneration with mild triggers and mechanism retention:
- Regenerate via controlled ionic strength/pH pulses (e.g., moderate salt for electrostatic release; mild pH shift within ZIF stability window).
- After each cycle: re-measure ζ(pH), Fe speciation (quick XPS spot-check), and key binding spectral signatures to prove mechanistic reversibility rather than mere capacity retention.

Step 5 — Integrated demonstration in realistic matrices
- Simulated pharmaceutical wastewater: TC + NOM + mixed anions; quantify removal, selectivity, and breakthrough in a column configuration.
- Defluoridation matrix: F− with bicarbonate/phosphate; quantify free fluoride reduction to guideline-relevant levels.
- Report performance with uncertainty and replicate counts; provide a decision matrix linking formulation parameters (ζ targets, graft density, Fe2+/Fe3+) to mechanism readouts (spectroscopy/ITC) and to application metrics (selectivity, stability, leaching).","Mechanistic grounding beyond isotherm preference: The plan pre-registers quantitative material targets (ζ(pH), graft density, Fe2+/Fe3+) and directly tests predicted binding motifs using operando ATR-FTIR/Raman (TC functional groups), Fe K-edge XAS/EXAFS + XPS/19F NMR (Fe–F inner-sphere evidence), and ITC to separate electrostatic partitioning from specific coordination via thermodynamic signatures and salt-dependence. This directly addresses the reviewer concern that Langmuir/Freundlich fitting alone is non-mechanistic and concentration-range dependent.

Why differential behavior is plausible (and testable) on a heterogeneous composite: The proposal does not assume tetracycline must be Langmuir solely because it is an antibiotic; instead it engineers a ‘TC-mode’ surface state where nonspecific electrostatics are minimized (ζ near neutral/mildly negative at pH 7) so adsorption is dominated by a finite subset of accessible Fe chelation sites and specific interactions with ZIF/cellulose—leading to measurable site saturation (supported by ITC stoichiometry and spectroscopic coordination markers). For fluoride, it explicitly tests the emergence of multiple non-equivalent binding environments created by Fe redox/coordination heterogeneity and charge-patchy polyelectrolyte domains; Freundlich-like descriptors are acceptable only if corroborated by evidence of distributed site energies and/or mixed outer/inner-sphere binding.

Controls and artifact rejection: The four mandatory controls isolate contributions from Fe sites, ZIF-8, grafting, and cellulose, preventing over-attribution to a single factor. Kinetic/transport modeling (pseudo-second-order vs intraparticle diffusion; thickness/flow variation) and permeability/BET constraints address the concern that apparent isotherm switching could be driven by mass transfer or pore blocking from grafted polyelectrolytes.

Stability and biomedical applicability are operationalized: ZIF-8/Fe-ZIF stability risks are managed by restricting pH to 5.5–8.5, explicitly testing bicarbonate/phosphate challenges, and defining structural fail criteria. Biomedical relevance is converted from a concept into acceptance metrics: quantified Zn/Fe leaching (ICP-MS), endotoxin removal (LAL assay with EU/mL targets), and cytocompatibility endpoints using leachate extracts, with regeneration protocols constrained to mild conditions to preserve framework integrity and minimize leachates.

Empirical precedent supports feasibility: Prior MOF-based defluoridation shows strong electrostatic contributions and the possibility of monolayer-like site saturation in well-defined site materials, while Fe/ZIF-8@cellulose systems show high-capacity tetracycline uptake with pseudo-second-order kinetics. This proposal builds on those foundations but adds the missing causal chain—parameterized charge programming + Fe-site tuning → predicted speciation/binding → operando mechanistic verification → transport/stability/leachate validation—required to substantiate selective, regenerable dual-function adsorption under realistic water chemistries.","This is an unusually mechanism-forward adsorption proposal with pre-registered design targets, an appropriate control matrix, and orthogonal readouts (ζ(pH), Mössbauer/XAS/XPS, operando vibrational spectroscopy, ITC) that directly address the common flaw of inferring mechanism from isotherm shape alone. The core logical thread—charge programming to gate electrostatic preconcentration vs suppression, and Fe redox/coordination heterogeneity to enable a fluoride outer→inner-sphere transition while keeping tetracycline dominated by finite chelation sites—is coherent and testable. Key weaknesses that reduce confidence are (i) chemical plausibility/stability of Fe incorporation in ZIF-8 under near-neutral, phosphate/bicarbonate-containing waters (risk of Zn/ligand exchange, Fe (hydr)oxide formation, or site drift), (ii) incomplete specificity on the *exact* Fe binding motif(s) expected for fluoride and tetracycline within a ZIF-8-derived environment (e.g., whether Fe is truly framework-coordinated vs extra-framework), and (iii) potential ambiguity in assigning Langmuir-like saturation to site limitation vs coupled processes (TC aggregation, NOM fouling, microenvironmental pH shifts in polyelectrolyte domains). The biomedical framing is directionally good (leaching/endotoxin/cytocompatibility) but the acceptance thresholds and exposure scenarios remain underspecified; without hard criteria tied to a use case, the “biomedical applicability” claim can become aspirational rather than enforceable."
"Transient, pulse-width–controlled induction of Cdx2 in human pluripotent stem cells (hPSCs), implemented via a programmable CRISPRa “Cdx2-pulse” circuit, will synchronously bias early mesendoderm/IM-like transition and enlarge a CITED1+ nephron progenitor compartment, yielding renal cells with reduced batch heterogeneity and improved predictive power in nephrotoxicity drug screening. Mechanistically, short Cdx2 pulses reshape chromatin accessibility at posterior primitive streak/mesoderm enhancers (e.g., Wnt/FGF-responsive loci) to prime intermediate mesoderm competence while avoiding sustained trophectoderm-like commitment; this increases the probability of entering the SIX2/CITED1 progenitor attractor state and stabilizes downstream renal lineage trajectories under defined morphogen exposure.","Step 1: Specific system setup or data preparation.
1.1 Generate a reporter hPSC line with endogenous CITED1-P2A-mNeonGreen (or CITED1-mScarlet) knock-in and a second reporter (SIX2-P2A-tagBFP) to quantify nephron progenitor states by flow.
1.2 Introduce an inducible CRISPRa module (dCas9-VPR or dCas9-p300core) with multiple gRNAs tiled across the CDX2 promoter/enhancers. Build a microfluidic-compatible induction system (doxycycline or small-molecule–gated) enabling pulse widths from 15 min to 24 h.
1.3 Establish baseline differentiation using a chemically defined renal induction protocol (e.g., Activin A/BMP4/RA followed by GDNF/FGF/Wnt modulation) and quantify day-by-day emergence of CITED1+ and SIX2+ populations.

Step 2: Detailed implementation of the adapted methodology.
2.1 Methodological adaptation: Replace constant morphogen-only differentiation with a closed-loop, pulse-width–modulated Cdx2 induction layered on top of the same morphogen schedule. Use real-time CITED1 reporter readout as feedback to tune Cdx2 pulse width/amplitude (control algorithm: Bayesian optimization or PID-like rule) toward maximizing the area-under-curve of CITED1+ fraction while constraining off-target lineage markers.
2.2 Execute a Cdx2 pulse-scan matrix: vary pulse width (0.5, 1, 2, 4, 8, 16 h) and timing window (day 0–1, 1–2, 2–3) while holding morphogens constant. Include a sustained-Cdx2 condition as a negative control for lineage drift.
2.3 Quantify mechanism: perform time-resolved multi-omics on sorted populations (CITED1+/−; SIX2+/−): (i) scRNA-seq for lineage trajectories and cell-state entropy; (ii) scATAC-seq to measure enhancer priming at IM/nephrogenic loci; (iii) CUT&Tag for CDX2 occupancy and H3K27ac changes at renal competence regions. Test whether transient CDX2 occupancy precedes accessibility gains at IM-associated enhancers and whether sustained CDX2 maintains accessibility at extra-renal programs.
2.4 Differentiate optimized CITED1+ progenitors into proximal tubule, podocyte-precursor, and collecting duct lineages using established cues; compare maturation markers and functional assays (albumin uptake for proximal tubule; nephrin/podocin for podocyte lineage; AQP2/ENaC components for collecting duct).
2.5 Drug screening build: plate standardized renal derivatives (or mini-organoids) into 384-well format; implement multiplex readouts: viability, mitochondrial stress, KIM-1/HAVCR1 induction, γH2AX DNA damage, and transporter function (e.g., OCT2/MATE activity assays). Screen a reference nephrotoxin panel (cisplatin, gentamicin, amphotericin B, tenofovir, ifosfamide metabolites) plus matched non-nephrotoxic controls.

Step 3: Rigorous validation and analytical framework.
3.1 Benchmark heterogeneity and reproducibility: compare coefficient of variation across batches/lines for CITED1+ yield, renal lineage composition, and drug-response EC50/LOEC values between (A) morphogens-only and (B) Cdx2-pulse + morphogens.
3.2 Causality tests: (i) CDX2 loss-of-function (CRISPRi or siRNA) to show necessity of the pulse; (ii) substitute CDX2 activation with a non-posterior TF (control) to test specificity; (iii) block Wnt/FGF signaling during the pulse to test pathway dependency of the priming mechanism.
3.3 Predictive performance: compute sensitivity/specificity for known nephrotoxins, and evaluate assay concordance with clinical/animal data. Use dose-response modeling and hierarchical Bayesian batch correction to quantify improvement attributable to the adaptation.
3.4 Safety/lineage fidelity: assess off-target differentiation (trophectoderm/intestinal markers), karyotype stability, and long-term epigenetic drift across passages.","1. Theoretical/Empirical Basis: hPSC-to-renal differentiation under defined morphogens can yield CITED1+ progenitor populations and renal cell types suitable for drug testing; PSC gene regulatory networks exhibit state transitions that are highly sensitive to timed transcription factor perturbations, and Cdx2 is a known driver of distinct fate attractors whose effects depend on signal context and duration.
2. Transfer Logic (How the adaptation fits the domain): The adaptation imports a control-systems principle (pulse-width modulation with feedback) into developmental bioengineering by converting a static TF perturbation into a precisely timed, quantitatively tunable input that reshapes chromatin and lineage competence. Using CRISPRa avoids permanent genome rewiring and enables reversible, titratable activation compatible with manufacturing and screening workflows.
3. Comparative Advantage: Compared to morphogen-only protocols, the Cdx2-pulse circuit is designed to (i) reduce stochastic entry into competing lineages by synchronizing early competence, (ii) expand and stabilize the CITED1+ progenitor reservoir (higher yield, lower variance), and (iii) improve downstream drug-screen signal-to-noise and cross-batch reproducibility, directly addressing a core limitation of PSC-derived renal models for high-throughput nephrotoxicity screening.","This is a technically ambitious and unusually well-specified proposal that integrates developmental biology, epigenomic mechanism, and control-systems engineering. Engineering resolution is very high: reporter knock-ins, CRISPRa pulse control, multi-omics, and microfluidic-compatible induction are all actionable with current technology, though the closed-loop real-time optimization using reporter feedback is nontrivial and may face latency/noise constraints that are not fully addressed. Logical consistency is strong: the hypothesis that transient Cdx2 pulses can bias posterior mesoderm competence without trophectoderm commitment is mechanistically plausible and supported by chromatin priming logic, but it rests on a narrow temporal window that may vary across hPSC lines more than acknowledged. Evidence grounding is solid and stays within renal developmental and stem cell biology; however, direct prior evidence for Cdx2-mediated IM priming (as opposed to axial/posterior bias) is inferential rather than established. Rationale quality is high, as the proposal directly targets a known bottleneck—batch heterogeneity and poor predictive power in PSC-derived renal drug screens—via a genuinely creative control-theoretic intervention rather than incremental optimization."
"PSC-RANTES produces unusually durable CCR5 down-modulation because it shifts post-endocytic fate at a defined sorting checkpoint: after canonical β-arrestin/AP-2/clathrin internalization, PSC-RANTES–phosphorylated CCR5 preferentially engages an endosome-to-TGN retrieval axis composed of the retromer core (VPS35–VPS26–VPS29) plus a restricted set of SNX adaptors (primary candidates: SNX27; secondary candidates: SNX1/2 with SNX5/6; and WASH/FAM21 as the actin-polymerization effector). This retrieval engagement diverts CCR5 away from Rab4/Rab11-mediated recycling and/or degradative routing, producing TGN sequestration that is functionally equivalent to long-lived desensitization (reduced surface receptor, impaired resensitization).

Mechanistic rationale addressing reviewer gaps: (i) retromer does not typically bind GPCRs directly—cargo selection is frequently mediated by SNX adaptors and sequence motifs (e.g., PDZ-binding for SNX27 cargos) and can be strongly modulated by receptor phosphorylation “barcodes” that control adaptor handoff; thus we pre-specify SNX nodes and explicitly test whether CCR5 uses an SNX27-like PDZ module or an SNX-BAR/WASH-dependent pathway. (ii) TGN sequestration will be distinguished from generic endosomal retention by orthogonal evidence: time-resolved colocalization with TGN markers and retrieval intermediates, functional dependence on VPS35/SNX/WASH, and demonstration of increased endosome→TGN flux (not merely slowed recycling). (iii) The engineered ‘sorting switch’ will be designed to be phosphorylation-gated without constitutive binding by separating (a) a GRK2/3-tuned phospho-acceptor cassette that is only modified under agonist-activated CCR5, from (b) a docking module whose affinity is masked until phosphorylation triggers a local conformational/charge change; additionally, a failsafe inducible-recruitment variant will be included to enforce conditionality if phospho-gating is leaky.

For the CXCR4 arm, we do not assume generic clathrin/AP-2 scarcity. Instead, we test a quantitative ‘shared-node competition’ model at the specific retrieval/sorting layer (retromer/SNX/WASH) and in parallel test alternative cross-desensitization mechanisms (GRK/β-arrestin redistribution, kinase sequestration, endosomal signaling cross-talk). We predict that heterologous CXCR4 desensitization—if present—will scale with measurable occupancy/saturation of shared sorting effectors (β-arrestin-2 and/or retromer/WASH) rather than bulk clathrin/AP-2, and that selective replenishment of the limiting node will rescue CXCR4 responsiveness.","Step 0 — Engineering acceptance gates (prevents misinterpretation of ‘handoff’):
0.1 Construct strategy: endogenous-locus CCR5 and CXCR4 CRISPR knock-in in Jurkat-derived CD4+ T cell–like cells (and HEK293 as imaging-optimized control) using minimal tags: (i) an extracellular 1× HA or ALFA epitope in the N-terminus for pulse-chase surface labeling (inserted after signal peptide to preserve trafficking), (ii) a small intracellular tag for proximity labeling (TurboID-mini or APEX2) fused to the C-terminus via a flexible (GGGGS)2 linker, and (iii) optional HaloTag on a subset of constructs only in HEK293 for single-particle tracking. All edits will be heterozygous first, then homozygous only if acceptance gates pass.
0.2 Acceptance gates for every CCR5 ‘switch’ variant (must pass all before trafficking interpretation):
  - Surface expression: flow cytometry with anti-HA/ALFA at 4°C; acceptance ≥70% of WT median fluorescence (endogenous WT knock-in control).
  - Ligand binding: fluorescent CCL5 and PSC-RANTES binding (or radioligand if available); acceptance: KD within 3× of WT and saturable binding.
  - G-protein coupling: acute Gi signaling (cAMP suppression assay) and Ca2+ flux; acceptance: Emax ≥70% of WT for CCL5 and PSC-RANTES; potency shift ≤5×.
  - β-arrestin recruitment: NanoBiT or BRET (CCR5–SmBiT / β-arrestin2–LgBiT or equivalent); acceptance: PSC-RANTES produces robust recruitment comparable to WT (≥70% AUC), and CCL5 recruitment is not artificially abolished.
  - Basal activity/leakiness: basal internalization and basal β-arrestin signal must be ≤1.5× WT.

Step 1 — Mechanistically discriminative trafficking map with explicit TGN-retrieval nodes:
1.1 Compartment markers (imaging + biochemical fractionation):
  - Internalization: clathrin light chain (CLTA) and AP2M1; early endosome: EEA1/Rab5; recycling: Rab4/Rab11; late endosome/lysosome: Rab7/LAMP1; TGN: TGN46 and Golgin-97; endosome-to-TGN retrieval intermediates: SNX6 (SNX-BAR), SNX27, VPS35, FAM21 (WASH complex).
1.2 Stimulation design: PSC-RANTES vs CCL5 matched by receptor occupancy (dose normalized to equal initial β-arrestin recruitment AUC to separate trafficking effects from different activation magnitudes). Time course: 0, 2, 5, 10, 20, 40, 90, 180 min; washout + recovery: 1, 2, 4, 8, 24 h.
1.3 Quantification: automated segmentation with per-receptor ‘fate fractions’ (surface, EE, recycling endosome, TGN, lysosome). Include a kinetic compartmental model with explicit endosome→TGN flux term (k_ETGN) distinct from recycling (k_ER) and degradation (k_ED). Model selection will compare: (A) increased k_ETGN, (B) decreased k_ER, (C) increased k_internalization only.
1.4 Orthogonal validation that signal is true TGN retrieval (not generic retention):
  - Brefeldin A (Golgi/TGN disruption) and temperature block (20°C) assays to perturb TGN trafficking; predict loss of PSC-RANTES-induced ‘TGN accumulation’ if it is genuine retrieval.
  - Endosome-to-TGN cargo control (e.g., CI-MPR) co-trafficking behavior to benchmark retrieval pathway integrity.

Step 2 — Pre-specified candidate TGN-sorting nodes and epistasis logic (mandatory directive #1):
2.1 Candidate node list (tested in a defined order):
  - Retromer core: VPS35, VPS26A/B, VPS29.
  - SNX adaptors:
    (Primary) SNX27 (PDZ-domain cargo adaptor often linked to recycling and retromer coupling; tested for CCR5 engagement via engineered PDZ-binding options and endogenous association).
    (Secondary) SNX1/2 with SNX5/6 (SNX-BAR tubulation module associated with retromer-mediated retrieval) and the WASH complex (FAM21) as effector.
  - Controls/alternates: GGA adaptors and AP-1 (TGN sorting), to ensure the phenotype is retrieval-specific rather than generic TGN retention.
2.2 Perturbation architecture:
  - Acute depletion: AID2 (auxin-inducible degron) or dTAG on VPS35 and SNX27 (fast, reversible) in HEK293; inducible CRISPRi (dCas9-KRAB) in Jurkat-like cells for longer assays.
  - Epistasis design: For each perturbation, measure (i) CCR5 internalization rate (k_int), (ii) k_ETGN (from model), (iii) TGN colocalization fraction at 40–180 min, (iv) surface recovery half-life post-washout.
  - Decision criteria:
    *If PSC-RANTES phenotype requires VPS35 and SNX6/WASH (but not SNX27):* supports SNX-BAR/WASH tubulation retrieval route.
    *If requires SNX27 and VPS35:* supports SNX27-retromer cargo adaptor mechanism.
    *If independent of retromer/SNX but sensitive to AP-1/GGA:* suggests alternative TGN sorting not retromer retrieval.
2.3 Interaction validation (co-IP + proximity labeling with time-window control):
  - Proximity labeling: CCR5-miniTurboID or CCR5-APEX2 biotinylation in short windows (e.g., 0–5, 5–15, 15–40, 40–90 min) after PSC-RANTES vs CCL5; streptavidin pulldown + targeted PRM mass spectrometry for VPS35, VPS26, SNX27, SNX6, FAM21, AP-1.
  - Co-IP: crosslinker-assisted co-IP (DSP) at matched timepoints to validate direct/complex association.
  - Quantitative readout: enrichment fold-change normalized to receptor abundance and internalization extent.

Step 3 — Engineering the phospho-gated ‘sorting switch’ with explicit chemical/architectural parameters (mandatory directive #3):
3.1 Switch designs (two-tier, with a failsafe):
  - Design A (phospho-exposed PDZ ligand): Insert a short C-terminal helix + PDZ-binding motif (Class I: -[S/T]-X-Φ, e.g., -STVL) preceded by a GRK2/3-favored phosphocluster (6–8 Ser/Thr within ~15 aa, enriched in acidic context to favor GRK2/3). Rationale: phosphorylation can electrostatically unmask the PDZ ligand by disrupting membrane-proximal basic residues and/or intramolecular packing, enabling SNX27 engagement only after activation.
  - Design B (phospho-primed 14-3-3 gate controlling adaptor recruitment): Embed a high-specificity 14-3-3 binding site (mode I RSXpSXP) adjacent to a masked docking peptide for a retromer/SNX-interacting module. Upon phosphorylation, 14-3-3 binding changes local conformation to expose the docking element. This reduces constitutive adaptor binding risk.
  - Failsafe Design C (inducible recruitment): CCR5 fused to FRB and an endosome/TGN adaptor module fused to FKBP; rapalog addition recruits the adaptor only when desired, providing a non-phospho-dependent contingency to prove causality between recruitment and TGN sequestration.
3.2 Library and build constraints:
  - Small, interpretable library: 6–10 barcode variants varying Ser/Thr spacing and local charge; 2 docking motif variants per design; total ≤20 constructs.
  - Expression control: single-copy landing pad in HEK293 for screening; then best 3 moved to CCR5 locus in Jurkat-like cells.
3.3 Mechanistic verification that the switch rewires sorting (not activation):
  - Re-run acceptance gates (Step 0).
  - Demonstrate preserved β-arrestin recruitment kinetics but altered post-endocytic associations (increased SNX/retromer proximity labeling after PSC-RANTES without increased initial internalization).

Step 4 — CXCR4 heterologous desensitization: quantitative capacity/competition and alternative hypotheses (mandatory directive #2):
4.1 Capacity/competition experiments with explicit saturation logic:
  - Dose-response matrix: PSC-RANTES concentration × exposure time to generate graded CCR5 internalization and graded retromer/SNX/WASH occupancy.
  - Measure limiting-node occupancy directly:
    * β-arrestin2 redistribution: live-cell imaging of β-arrestin2-mScarlet knock-in (or Halo) with CCR5; quantify fraction of β-arrestin in endosomal puncta.
    * Retromer/WASH occupancy: VPS35-GFP or FAM21-GFP knock-in in HEK293; quantify puncta intensity and colocalization with CCR5 endosomes.
  - CXCR4 functional assays: CXCL12-induced Ca2+ flux and receptor internalization after PSC-RANTES pretreatment.
  - Rescue-by-titration: re-express candidate limiting factors (β-arrestin2, VPS35, SNX27, FAM21) under doxycycline-tunable promoter across a defined range; criterion for competition model: CXCR4 responsiveness is restored in proportion to the replenished node and correlates with reduced occupancy.
4.2 Alternative hypotheses and discriminating readouts:
  - GRK sequestration: measure GRK2/3 membrane recruitment and availability (BRET-based GRK translocation sensor); test whether GRK overexpression rescues CXCR4.
  - β-arrestin redistribution (without clathrin limitation): compare effect of β-arrestin2 overexpression vs AP-2 overexpression; competition model predicts β-arrestin rescue > AP-2 rescue.
  - Endosomal signaling cross-talk: assay ERK phosphorylation and endosomal G protein signaling reporters; block with MEK inhibitor or endocytosis inhibitors to see if CXCR4 desensitization depends on downstream signaling rather than trafficking capacity.
  - CXCR4-specific ubiquitination program: quantify CXCR4 ubiquitination (IP-western) and test E3 ligase involvement (e.g., AIP4/ITCH literature pathway) to rule in/out independent regulation.

Step 5 — Causality, translational relevance, and success criteria:
5.1 Causality tests:
  - For top ‘TGN-locking’ switch: show prolonged surface down-modulation and impaired resensitization without changes in k_int; then abolish phenotype by acute VPS35/SNX/WASH depletion (epistasis).
  - For ‘fast-recycling’ switch: show accelerated surface recovery and preserved signaling.
5.2 Primary cell validation:
  - Introduce 1–2 best designs into primary CD4+ T cells and macrophages via CRISPR knock-in (RNP + AAV6 donor) with minimal tags.
  - Outcomes: duration of R5-tropic HIV-1 entry inhibition after PSC-RANTES washout; chemotaxis impairment duration (CCR5 ligands); reversibility (recovery of CCR5 surface and signaling).
5.3 Explicit success criteria (go/no-go):
  - Mechanism: PSC-RANTES increases k_ETGN (model) by ≥2× vs CCL5 and this increase is VPS35- and at least one SNX/WASH-dependent.
  - Engineering: at least one switch variant produces a programmable ≥3× change in CCR5 surface recovery half-life (vs WT) while passing acceptance gates.
  - CXCR4: if heterologous desensitization observed, it must (a) correlate with quantified occupancy of a specific limiting node and (b) be rescued by titrated replenishment of that node; otherwise, pivot to the best-supported alternative mechanism from 4.2.

Risk mitigation:
  - Tag/misfolding risk: minimal epitopes; heterozygous validation; immediate elimination if acceptance gates fail.
  - Phospho-conditional leakage: advance only variants with low basal internalization/association; deploy failsafe Design C to prove causality even if phospho-gating is imperfect.
  - Ambiguity of ‘TGN sequestration’: require triple evidence—TGN colocalization, retrieval-intermediate dependence (VPS35/SNX/WASH), and sensitivity to TGN trafficking perturbations.","1) Why the mechanism is now sufficiently specified: The proposal pre-defines the exact retrieval machinery to test (VPS35/VPS26/VPS29; SNX27; SNX1/2–SNX5/6; WASH/FAM21) and lays out an epistasis framework that distinguishes true endosome→TGN retrieval from generic endosomal retention or slowed recycling. Time-window proximity labeling plus targeted MS and crosslinker co-IP provide orthogonal interaction evidence, while acute degrons/CRISPRi provide causal dependence.

2) Why phospho-gated engineering is interpretable and de-risked: Each switch variant is gated by explicit acceptance criteria (surface expression, ligand binding, Gi signaling, β-arrestin recruitment, low basal activity), ensuring that altered trafficking is not conflated with altered receptor activation or folding. The switch architectures include mechanistic safeguards against constitutive binding (phospho-unmasking or 14-3-3 gating) and a reversible inducible-dimerization failsafe that can enforce conditional recruitment to directly test sufficiency.

3) Why the CXCR4 arm is no longer a logical leap: Instead of assuming clathrin/AP-2 limitation, the plan quantitatively tests whether a specific shared node is limiting (β-arrestin2 and/or retromer/SNX/WASH) using occupancy metrics, saturation dose–response designs, and rescue-by-titration. In parallel, it enumerates and experimentally discriminates alternative explanations (GRK sequestration, β-arrestin redistribution, endosomal signaling cross-talk, CXCR4 ubiquitination control), preventing post hoc interpretation.

4) Practical feasibility: All methods are standard in modern receptor trafficking studies (CRISPR knock-in tagging, automated imaging with compartment markers, AID/dTAG depletion, TurboID/APEX2 proximity labeling, kinetic modeling). The design reduces scope risk by (i) screening constructs in a controlled landing-pad system, (ii) limiting library size, and (iii) defining explicit go/no-go criteria that prevent resource-intensive primary cell work until mechanism and engineering performance are demonstrated.","The work is unusually well-specified for GPCR trafficking and earns high marks for pre-defined nodes, orthogonal assays, and go/no-go gates. Primary weaknesses are: (i) the central mechanistic leap—PSC-RANTES encoding a phosphorylation barcode that biases CCR5 into endosome→TGN retrieval—is plausible but still under-justified at the sequence/structural level (i.e., what CCR5 C-tail motifs or known SNX27-PDZ compatibility exist, and which GRKs are expected to write the barcode in the relevant T-cell context). (ii) The engineered switch designs risk conflating engineered adaptor engagement with non-physiologic trafficking (particularly SNX27, which often supports recycling rather than TGN retrieval in many contexts), so interpretation will hinge on demonstrating genuine retrieval intermediates and directionality beyond colocalization. (iii) The CXCR4 arm is improved by the shared-node saturation framework, but it remains biologically uncertain whether retromer/WASH capacity is limiting at physiologic expression levels in Jurkat-like cells; without careful stoichiometric calibration and expression control, rescue-by-overexpression can create artifacts that mimic ‘competition’."
"Lineage-accelerated nonsynonymous substitutions in E(z) re-tune PRC2 catalytic output (H3K27me3 product profile and residence time) by altering an allosteric coupling pathway between the SET catalytic core and partner-binding regions, which in turn changes the threshold for PRC1 (Psc-containing) recruitment at PREs organized by Zeste/Ph, ultimately shifting homeotic gene repression stability. Methodological adaptation: we will engineer a DNA-barcoded, nucleosome-tethered “PRC recruitment rheostat” (a modular PRE mimic) that converts PRC2 catalysis into a quantitative, multiplex readout of PRC1 capture in vivo—overcoming the limitation that native chromatin context confounds causal attribution of E(z) amino-acid substitutions to PRC1 recruitment and homeotic silencing.","Step 1: Build a multiplexed PRE–nucleosome recruitment rheostat panel.
- Design a library of synthetic PRE cassettes containing: (i) Zeste motifs, (ii) Pho/Pho-like motifs (as the PcG DNA-anchoring control), and (iii) tunable spacing/valency to emulate PRE architecture; each cassette is paired with a unique 18–20 bp DNA barcode.
- Embed each cassette upstream of a minimal promoter driving a short-lived reporter (e.g., destabilized GFP) plus MS2 stem loops for nascent transcription imaging.
- Genomically integrate the cassette library as a single-copy landing-pad array at a neutral locus in Drosophila (or Drosophila-derived cell lines), ensuring identical chromosomal position effects across variants.

Step 2: Methodological adaptation—nucleosome-tethered PRC “capture” with catalytic-state sensing.
- Adapt split-enzyme proximity labeling into a chromatin-state–dependent capture system: fuse TurboID-half A to Psc (PRC1) and TurboID-half B to a chromatin reader that binds H3K27me3 (engineered CBX/HP1-like chromodomain with calibrated affinity). Reconstitution occurs only when PRC1 is within nanometers of H3K27me3-marked nucleosomes at the rheostat cassette.
- Engineer an E(z) variant panel derived from evolutionary rate hotspots (dN/dS-informed) but implemented as domain-swapped micro-alleles (short motif replacements rather than full-length allele swaps) to isolate mechanistic coupling: (i) ancestral-motif, (ii) derived-motif, (iii) catalytic-dead control, (iv) allosteric-pathway disruption mutants predicted from coevolutionary coupling analysis of PRC2 subunits.
- Readout: biotinylation is captured by streptavidin pulldown followed by barcode sequencing (BioID-Barcode-seq). This yields a quantitative “PRC1 capture index” per PRE cassette per E(z) variant.
- In parallel, quantify catalytic output by CUT&Tag at the barcoded array using spike-in normalization for H3K27me1/2/3, enabling product-profile shifts to be linked to PRC1 capture.
- Introduce controlled nuclear pH perturbations only as a stress test (not as the primary method): use genetically encoded pH clamps (v-ATPase modulators) to probe whether E(z) substitutions buffer PRC recruitment under physiological challenge.

Step 3: Rigorous validation, mechanism tests, and homeotic gene linkage.
- Mechanistic causality: (i) correlate PRC1 capture index with H3K27me3/2 ratios across PRE architectures; (ii) fit a kinetic threshold model where PRC1 capture depends on local H3K27me3 density and predicted E(z) residence time.
- Validate physical interfaces without imaging polytenes: perform crosslinking mass spectrometry (XL-MS) on PRC2 purified from each E(z) background to detect allosteric/interaction rearrangements; compare to functional PRC1 capture shifts.
- Functional consequence: using the same E(z) variants, measure derepression sensitivity of endogenous homeotic genes (Ubx, Abd-B) by precision nuclear run-on sequencing (PRO-seq) and H3K27me3 CUT&Tag at their PREs; test whether variants that lower PRC1 capture at rheostats also destabilize homeotic silencing.
- Controls: Pho/Phol depletion to confirm dependency on canonical PRE anchoring; Zeste motif ablation in rheostats to isolate Zeste-mediated organization; Psc catalytic/interaction mutants to confirm capture specificity.
- Statistical framework: hierarchical Bayesian model to partition variance attributable to (a) PRE architecture, (b) E(z) motif state, (c) interaction term (epistasis), with multiple-testing control over barcodes.","1. Theoretical/Empirical Basis: PcG repression is mediated by PRC2-catalyzed H3K27 methylation and PRC1 (including Psc) recruitment; Drosophila studies show PcG proteins remain chromatin-associated while specific DNA-binding components (e.g., Pho/Phol) are critical for robust homeotic repression, and evolutionary analyses indicate accelerated nonsynonymous substitution in E(z) with signatures of positive selection. These support a model where E(z) substitutions can alter catalytic output and thereby PRC1 recruitment thresholds.
2. Transfer Logic (How the adaptation fits the domain): The proposal bioengineers an epigenetic “sensor-actuator” assay that converts chromatin enzymology into a multiplexable quantitative readout, enabling mechanistic dissection of adaptive amino-acid changes in an epigenetic regulator—directly relevant to biomedical epigenetics where PRC2/PRC1 dysregulation drives developmental disorders and cancers.
3. Comparative Advantage: Unlike static chromatin staining or locus-by-locus assays, the recruitment rheostat provides (i) controlled PRE architecture, (ii) single-copy genomic context, and (iii) high-throughput, quantitative coupling of PRC2 catalytic state to PRC1 proximity via split proximity labeling and barcode sequencing. This structurally novel platform isolates causality between E(z) substitutions, H3K27 methylation product profiles, PRC1 (Psc) capture, and downstream homeotic gene repression—without relying on live polytene imaging or generic tagging workflows.","This is an unusually sophisticated and ambitious proposal with strong mechanistic intent. The engineered PRE–nucleosome rheostat and barcode-coupled PRC1 capture readout represent a genuine advance over locus-by-locus PcG assays, and the attempt to isolate allosteric effects of lineage-accelerated E(z) substitutions via micro-allelic swaps is conceptually rigorous. However, several deductions are warranted. First, the split-TurboID reconstitution strategy relies on a narrow spatial and kinetic window that may conflate residence time with labeling efficiency; without explicit calibration of chromodomain affinity and biotinylation kinetics, quantitative interpretation of the 'PRC1 capture index' could be nonlinear or saturating. Second, while synthetic PRE architecture is thoughtfully parameterized, the assumption that Zeste/Pho-driven organization at an ectopic neutral locus faithfully recapitulates endogenous PRE cooperativity remains only partially justified. Third, the evolutionary logic would be strengthened by clearer justification that short motif swaps preserve PRC2 assembly and global stability, rather than introducing cryptic folding or stoichiometric defects. These issues do not undermine feasibility but introduce interpretive risk that slightly weakens logical closure between E(z) substitution, catalytic retuning, and PRC1 threshold behavior."
