Hypothesis,Plan,Feasibility,Critique
"A truly hydrostatic, liquid-mediated pressure treatment can be used as a deterministic postsynthetic “mechanical knob” to tune *meso/micro coupling and interfacial wetting stability* in a ZIF-8@rGO hierarchical composite—*but only if (a) pressure-transmitting-liquid (PTL) intrusion is experimentally bounded and (b) oil–water selectivity is mechanistically partitioned into micropore-, mesopore-, and surface/roughness-controlled contributions.* The refined hypothesis is therefore three-part and falsifiable:

H1 (Mechanical vs guest-forced effects): Under a calibrated “non-intruding PTL window” (defined by in situ 19F-sensitive uptake + scattering constraints), stepwise hydrostatic compression below the reversible-crystallinity threshold (P*) narrows the distribution of flexible ZIF-8 aperture states and compacts mesopore necks within the rGO-wrinkled network without inducing irreversible amorphization. This reprograms *transport bottlenecks* (aperture/gate frequency and mesopore connectivity) rather than enabling direct oil entry into micropores.

H2 (Selectivity mechanism): Oil-over-water selectivity under submerged operation is dominated by (i) the capillary entry pressure for water into the hierarchical texture and (ii) low-surface-tension oil invasion dynamics through meso/macropores. Micropore tuning contributes *indirectly* by altering (a) water-accessible microvolume and (b) interfacial water structuring/condensation propensity, which changes effective water intrusion pressure and wetting transition kinetics. Thus, “nanoporosity reprogramming → wetting regime control” is mediated primarily by changes in *water* uptake and breakthrough, not by oil sorption inside ZIF-8 micropores.

H3 (Sustained underwater repellency): Sustained underwater superhydrophobicity cannot rely on “trapped air” alone; it requires either (i) a quantifiable plastron lifetime with a measured replenishment path or (ii) an engineered gas-retaining/replenishable texture. We hypothesize that a micro/nano hierarchical roughness stabilized by post-compression interfacial necking plus an external, non-porosity-blocking fluoroalkyl shell produces a metastable Cassie-like state whose lifetime and breakthrough pressure can be predicted from capillarity (Young–Laplace) and validated by time-dependent underwater wetting and breakthrough statistics.

Overall prediction: Within a verified non-intruding PTL regime and below P*, hydrostatic densification increases water breakthrough pressure and decreases water invasion rate at depth (higher apparent underwater superhydrophobicity stability), while preserving fast oil uptake via maintained mesopore pathways—thereby increasing oil-over-water selectivity under hydrostatic head without requiring oil access to micropores. If PTL intrusion is detected or if amorphization metrics exceed stopping rules, these gains will not occur (or will reverse).","Step 0 — Pre-registered success criteria, stopping rules, and mapping to performance
0.1 Define quantitative stopping rules during pressurization (applied to in situ PXRD and post-treatment porosity):
- Crystallinity retention: FWHM broadening of the main ZIF-8 reflections ≤ 15% vs baseline at matched instrumental resolution; no emergence of broad amorphous halo > 5% of integrated intensity (synchrotron PXRD).
- Reversibility: unit-cell parameter hysteresis upon decompression ≤ 0.5% (a0_post−a0_pre)/a0_pre.
- Microporosity retention: Ar(87 K) micropore volume (t-plot/DR) retained ≥ 80% of baseline for “non-amorphized” designation.
- Mesoporosity/connectivity: mercury intrusion or gas permeation proxy indicates mesopore throat size not reduced below a pre-defined transport threshold (e.g., maintain ≥ 50% of baseline mesopore volume between 5–50 nm).
0.2 Define performance targets under hydrostatic head:
- Water breakthrough head (static): increase by ≥ 2× vs uncompressed composite at equal thickness.
- Plastron/repellency stability: underwater water contact angle (UWCA) or apparent repellency metric maintained within 10° of initial value for ≥ 24 h at 0.5 m head; or quantified decay constant with replenishment strategy.
- Separation selectivity: water uptake fraction ≤ 1 wt% during oil uptake tests; oil uptake capacity ≥ 90% of uncompressed ZIF-8@rGO (avoid sacrificing kinetics).

Step 1 — Materials construction with explicit architectural controls
1.1 ZIF-8 nanocrystals (50–150 nm) with controlled defects:
- Synthesis matrix: vary 2-methylimidazole:Zn from 8:1 to 20:1; include 1-methylimidazole modulator at 0–10 mol% relative to linker.
- Quantify defect proxies: TGA (missing linker), 1H NMR of digested samples (linker:Zn), and CO2 uptake sensitivity (273/298 K) to assess accessible polar sites.
1.2 rGO crumpled framework with controlled wrinkle scale:
- Aerosol-assisted capillary crumpling to produce microspheres; reduction tuned to keep oxygen functionality sufficient for anchoring (target C/O by XPS ~ 6–10).
- Mechanical baseline: compressive modulus by nanoindentation or microcompression of spheres.
1.3 Anchored ZIF-8@rGO with defined interfacial “necks”:
- Introduce a bifunctional anchoring ligand at low loading that can coordinate Zn and π/oxygen sites on rGO (e.g., dopamine-functionalized imidazole or catechol-imidazole). Target: < 5 mol% relative to linker to avoid blocking micropores.
- Verify anchoring: XPS (N 1s, O 1s shifts), STEM-EDS mapping of Zn distribution, and leaching test (sonication in ethanol/water) with ICP-OES for Zn loss.
1.4 Create mechanistic decoupling variants (mandatory for partitioning):
A) “Micropore-disabled” control: deposit a thin, conformal micropore-blocking shell on ZIF-8 external surface only (e.g., vapor-phase polymerization of a very thin organosilica/fluorosilane layer) validated by retained PXRD + strongly reduced Ar micropore volume but similar external morphology.
B) “Non-flexible analog” control: incorporate a rigid, non-breathing MOF nanoparticle of comparable size and surface chemistry (e.g., UiO-66 or Zr-fumarate) anchored to rGO with the same protocol; match loading and roughness to isolate flexibility/gating contributions.
C) “Flexibility preserved but surface energy matched” control: apply the same outer-shell fluorination to uncompressed samples.

Step 2 — PTL (non)intrusion verification under pressure (calibrated penetrant series)
2.1 Select PTLs and penetrants as a calibrated series to separate mechanical compression from guest-induced effects:
- Candidate PTLs: Fluorinert FC-70 and/or Krytox-type perfluoropolyether (PFPE) (large kinetic diameter, low polarity).
- Calibrated penetrants: (i) small alcohol (methanol/ethanol) as known-intruding fluid; (ii) n-hexane as intermediate; (iii) perfluorinated PTL as presumed non-intruding.
2.2 In situ high-pressure intrusion diagnostics (must be done on ZIF-8 powder and on composite):
- High-pressure gravimetry/volumetry (where available) to measure fluid uptake vs pressure (0–0.6 GPa). Report uptake isotherms and hysteresis.
- In situ synchrotron SAXS/WAXS: detect changes in electron density contrast consistent with pore filling and monitor framework changes concurrently.
- 19F NMR (ex situ, post-pressurization): quantify retained PTL in pores/defects; include quantitative standards. For composite, complement with time-of-flight SIMS mapping of F and cross-sectional EDX mapping (semi-quantitative) to localize PTL residues.
2.3 Define the “non-intruding PTL window” operationally:
- PTL uptake ≤ 5% of micropore volume equivalent (from 19F quant + gravimetry) and no SAXS signature of pore filling beyond external voids.
- If PTL intrusion exceeds threshold, switch PTL (larger PFPE), reduce maximum pressure, or pre-passivate defects (see Step 2.4).
2.4 Optional defect-passivation to reduce forced intrusion (only if needed):
- Mild, external-only hydrophobization (very low-degree fluoroalkylsilane) prior to compression to reduce defect wetting, verified by unchanged Ar micropore volume within ±10%.

Step 3 — Selective hydrostatic densification with direct evidence for interfacial necking and damage control
3.1 Pressurization platforms:
- Screening: diamond anvil cell for in situ PXRD/SAXS.
- Scale-up: isostatic press/piston-cylinder with the validated PTL and controlled decompression ramp.
3.2 Stepwise pressure program (example): 0.05 → 0.1 → 0.2 → 0.35 → 0.5 → 0.6 GPa, dwell 30 min each; adjust ceiling based on stopping rules.
3.3 In situ measurements at each dwell:
- Synchrotron PXRD: track peak positions/FWHM + amorphous scattering; compute lattice parameters and reversibility.
- Raman/IR (if possible): track linker vibrational shifts (imidazolate modes) as proxy for rotation landscape changes.
- SAXS (where possible): monitor mesostructure/neck evolution signatures (Porod slope changes; correlation length shifts).
3.4 Post-compression evidence for “neck densification” vs rearrangement/cracking:
- Cross-sectional FIB-SEM tomography of microspheres to quantify (i) interparticle contact area distribution, (ii) crack density, (iii) pore-throat statistics.
- TEM of MOF–rGO interfaces with electron tomography on representative regions.
- Mechanical tests: microcompression on individual microspheres pre/post to detect increased stiffness without brittle fracture; cyclic loading to assess damage.
3.5 Post-treatment solvent exchange and activation designed to avoid erasing pressure-set states:
- Exchange PTL from external voids with volatile nonpolar solvent (pentane/cyclohexane) using repeated washes; verify PTL removal by 19F NMR/ToF-SIMS.
- Mild vacuum activation (≤ 60–80 °C if needed; avoid high-temperature that could relax densified texture).

Step 4 — Wetting stability without “trapped air” assumptions: plastron lifetime + breakthrough statistics + engineered replenishment option
4.1 Quantify underwater repellency time dependence under head pressure:
- Measure underwater apparent water contact angle (or equivalent underwater wetting metric) and roll-off vs time at fixed heads (e.g., 0.1, 0.5, 1.0 m) for up to 72 h.
- Directly image plastron (if present) using confocal microscopy/optical reflectometry; quantify plastron coverage decay.
4.2 Breakthrough pressure statistics:
- Use a calibrated hydrostatic column to measure breakthrough head distribution (n≥10) for each variant; report median and Weibull parameters.
4.3 Model linkage (capillarity-based):
- Estimate water intrusion pressure using Young–Laplace with effective pore-throat radii from tomography/porosimetry and effective contact angle from surface energy data; compare predicted vs measured breakthrough.
4.4 Engineered gas-retaining/replenishable texture (contingency, if plastron decays too fast):
- Integrate a thin gas reservoir layer (e.g., sealed microcavity backing or gas-permeable backing that can be periodically replenished) or periodic degassing/re-gassing protocol; pre-register acceptable operational replenishment frequency.

Step 5 — Mechanism-partitioned oil–water selectivity tests under hydrostatic conditions
5.1 Submerged oil uptake under controlled head (0–2 m equivalent):
- Measure oil uptake kinetics/capacity for representative oils (hexane, toluene, crude surrogate) while monitoring concurrent water uptake (Karl Fischer titration of recovered oil; gravimetry).
- Report selectivity as So/w = (mass oil absorbed)/(mass water absorbed) with error bars.
5.2 Decouple micropore vs surface/mesopore contributions:
- Compare: (i) baseline ZIF-8@rGO, (ii) compressed at P*, (iii) micropore-disabled shell, (iv) rigid MOF analog@rGO, (v) rGO-only.
- Correlate So/w and water breakthrough head with: Ar micropore volume, external surface energy (Owens–Wendt from contact angles + XPS composition), roughness metrics (AFM/profilometry), and mesopore throat distribution (tomography/porosimetry).
- If So/w tracks water breakthrough and surface energy but not micropore volume, conclude micropores are secondary; if So/w changes with micropore-disabled vs intact at constant surface metrics, micropores contribute measurably to water management.

Step 6 — Recyclability and robustness with structure retention
6.1 50–100 cycles oil sorption/regeneration (solvent wash + mild drying). Track:
- PXRD crystallinity (peak widths), Ar micropore volume, mesopore distribution, wetting stability metrics, and Zn leaching (ICP-OES).
6.2 Abrasion/handling tests; long-term immersion (≥ 30 days) in saline and surfactant-containing water to simulate wastewater complexity; monitor wetting transition and breakthrough drift.

Decision gates (pre-registered):
- If PTL intrusion threshold is violated, do not interpret results as “pure mechanical” tuning; instead classify as “guest-assisted pressure modification” and switch PTL/pressure ceiling.
- If amorphization metrics exceed stopping rules, stop at prior step pressure; over-pressurized samples are retained only as negative controls.
- If plastron lifetime < 6 h at 0.5 m head without replenishment, implement engineered replenishment or shift claims from ‘sustained Cassie’ to ‘time-limited repellency’ with quantified decay.","1) Addressing PTL (non)intrusion rigorously: The revised plan makes PTL non-penetration a *measured condition*, not an assumption. A calibrated penetrant series plus in situ uptake/scattering and ex situ 19F quantification sets an operational “non-intruding window,” explicitly separating mechanical compression effects from forced guest intrusion through defects/mesopores. This directly resolves the reviewer’s primary confound.

2) Quantitative mechanism partitioning (micropore vs texture/surface): The proposal no longer hinges on oils entering ZIF-8 micropores. Instead, it treats micropore tuning as a modulator of *water* uptake/condensation and transition kinetics, while primary selectivity is assigned to capillary entry pressure and roughness/surface energy. The required controls—micropore-blocked shell and rigid MOF analog with matched architecture—create a clean experimental decomposition of contributions, satisfying the demand for causal closure.

3) Underwater superhydrophobicity as a stability problem, not a static claim: The plan replaces “trapped air” language with measurable plastron lifetime, breakthrough statistics under head pressure, and a capillarity-based predictive framework tied to measured throat radii and surface energies. A contingency path (engineered gas reservoir/replenishment protocol) is included if stability is insufficient, ensuring the wetting claim remains evidence-based.

4) Interfacial neck densification is tested directly: Because hydrostatic pressure could also cause rearrangement/cracking, the revised design includes FIB-SEM tomography/TEM tomography plus mechanical microcompression to demonstrate whether interparticle contact area increases without unacceptable fracture, converting a plausible assertion into a verifiable structural outcome.

5) Numerical success criteria and stopping rules: PXRD broadening, hysteresis bounds, micropore-volume retention, and performance thresholds are explicitly defined and pre-registered, and they are mapped to measurable breakthrough and uptake metrics. This directly implements the mandatory directive to connect structural diagnostics to intrusion pressures and kinetics.

Empirical basis alignment: Asset 1 supports the role of hierarchical ZIF-8@rGO roughness in achieving simultaneous superoleophilicity and superhydrophobicity and high sorption selectivity; Asset 2 supports pressure sensitivity of ZIF-8 porosity and the need to remain below amorphization thresholds. The revised proposal operationalizes both assets while closing the reviewer-identified gaps through intrusion verification, mechanistic partitioning, and time-/pressure-dependent wetting stability measurements.","This is an unusually rigorous and methodologically mature proposal that directly addresses common confounds in pressure-treated MOF composites, particularly PTL intrusion and framework amorphization. The hypothesis is properly falsifiable, and the experimental plan is overdetermined with orthogonal diagnostics (PXRD, SAXS, NMR, tomography, wetting statistics). Minor score deductions stem from (i) the sheer experimental complexity and reliance on scarce synchrotron/DAC resources, which may limit throughput and statistical power, and (ii) some residual ambiguity in translating nanoscale micropore water-structuring effects into quantitatively predictive macroscopic breakthrough models. These issues affect feasibility scaling rather than scientific soundness."
"Embedding sterically programmed, late-stage “pore intrusions” into the 1D channels of NiBDP (pyrazolate MOF) via post-synthetic, partial linker exchange with bulky BDP_X substituents and concurrent creation of a controlled density of Ni(II) open sites will convert NiBDP from a mainly equilibrium-selective adsorbent into a kinetic, steric-separation medium for 1-octene over n-octane. Mechanistically, (i) transient π-complexation between 1-octene and coordinatively unsaturated Ni sites reduces the activation barrier for pore entry and surface-to-pore hopping, while (ii) sub-nanometric steric constrictions (“intrusions”) raise the diffusion barrier for the more conformationally demanding n-octane (higher entropic penalty and larger effective cross-section under confinement). The combined effect yields a larger separation factor under dynamic conditions than achievable by either open-metal-site polarity alone (as in CUS-MOFs) or pure molecular sieving alone (as in ZIFs), with the selectivity expressed primarily through adsorption kinetics rather than only isotherm thermodynamics.","Step 1: Specific system setup or data preparation.
1.1 Synthesize parent NiBDP with high crystallinity and reproducible particle size (e.g., 1–3 µm) to minimize macroscopic mass-transfer artifacts; confirm phase purity (XRPD), porosity (N2 77 K), and thermal/chemical stability (TGA, solvent stability).
1.2 Establish a baseline for C8 adsorption: measure single-component 1-octene and n-octane vapor isotherms (303–353 K) and uptake rates (gravimetric/DVS or volumetric with time-resolved uptake) for pristine NiBDP; perform binary breakthrough (1-octene/n-octane in inert carrier) to quantify dynamic selectivity.

Step 2: Detailed implementation of the adapted methodology.
2.1 Methodological adaptation—""intrusion-by-exchange"" pore programming: perform post-synthetic partial linker exchange (PSLE) on NiBDP using a controlled mole fraction of H2BDP_X linkers bearing sterically bulky, inward-pointing substituents (e.g., X = iPr, tBu, 2,6-dimethylphenyl, or silyl groups) selected to (a) minimally perturb framework topology while (b) creating periodic constrictions. Tune exchange extent (e.g., 5–30%) to generate a gradient library of intrusion densities.
2.2 Concurrent open-site engineering: activate exchanged materials under mild conditions to generate a calibrated fraction of coordinatively unsaturated Ni sites (CUS) without collapse (monitor by IR of probe molecules such as CO; EPR/XAS as needed). If required, introduce removable labile ligands during synthesis (e.g., weakly bound solvent/anion) to increase accessible Ni CUS upon activation.
2.3 Spatial correlation control: use mixed-linker distributions (random vs blocky) by varying exchange time/temperature/solvent polarity; target a regime where steric intrusions are frequent enough to control diffusion but not so dense that both C8 species are excluded.
2.4 Mechanistic mapping of adsorption kinetics: collect temperature-dependent uptake transients for each material and each adsorbate, fit with micropore diffusion models (Fickian diffusion in spheres; dual-resistance model to separate surface barrier vs intracrystalline diffusion). Extract apparent diffusion coefficients (Dapp) and activation energies (Ea,diff) for 1-octene and n-octane.
2.5 Validate π-complexation contribution: compare 1-octene uptake kinetics before/after selective poisoning of Ni CUS (e.g., low-dose pyridine or CO pre-adsorption) to attenuate π-binding; observe whether 1-octene rate enhancement collapses while steric effects persist.

Step 3: Rigorous validation and analytical framework.
3.1 Binary competitive adsorption under flow: perform fixed-bed breakthrough (1-octene/n-octane) across the library at multiple flow rates and temperatures; compute kinetic selectivity (from breakthrough times) and working capacities.
3.2 Structure–function correlation: quantify exchanged-linker fraction (digestion NMR/ICP), pore-size distribution changes (Ar 87 K + NLDFT/QSDFT), and channel aperture statistics (PXRD + Rietveld/total scattering if feasible). Correlate intrusion density with Dapp ratio (D1-octene/Dn-octane) and breakthrough selectivity.
3.3 Mechanistic computation: DFT(+dispersion) on cluster models of Ni CUS–olefin interaction to estimate binding energies and preferred geometries; periodic MD or NEB calculations to estimate diffusion barriers through constricted vs unconstricted channel segments for both guests.
3.4 Stability and recyclability: conduct multi-cycle adsorption/desorption (thermal or inert purge), track crystallinity and capacity retention; assess resistance to olefin oligomerization by post-run analysis (GC-MS of desorbed fractions; solid-state NMR/FTIR for any polymeric residues).","1. Theoretical/Empirical Basis: Asset 3 demonstrates that CUS-containing MOFs preferentially adsorb alkenes (π-interactions) and that steric effects and packing strongly influence C8 hydrocarbon separation; Asset 2 establishes NiBDP as an isoreticular platform where linker functionalization is synthetically accessible and robust; Asset 1 supports the importance of explicitly treating adsorption kinetics (time-to-equilibrium, rate control) as a design variable rather than only capacity.
2. Transfer Logic (How the adaptation fits the domain): PSLE/mixed-linker engineering is a MOF-native, chemically rational route to introduce sub-pore steric features without changing the overall topology, enabling precise control over diffusion barriers (steric separation) while leveraging Ni-based CUS chemistry for selective olefin recognition (selective adsorption).
3. Comparative Advantage: Compared to purely polar CUS-MOFs (which may favor 1-octene thermodynamically but not strongly suppress n-octane transport) and purely sieving ZIF-like materials (which may exclude both C8 guests or show weak olefin/alkane differentiation), the combined steric-intrusion + Ni π-complexation design targets a kinetic selectivity regime: faster ingress/transport for 1-octene and hindered diffusion for n-octane, producing superior dynamic separation in breakthrough processes relevant to industrial separations.","This is a technically mature and intellectually coherent proposal that operates well above the level of generic MOF functionalization. The hypothesis correctly identifies kinetic selectivity—not equilibrium thermodynamics—as the underexploited lever in C8 olefin/alkane separation and proposes a chemically credible route to access it. The intrusion-by-exchange concept is well grounded in mixed-linker MOF chemistry and is appropriately paired with Ni-based π-complexation to asymmetrically lower diffusion barriers for 1-octene. Methodological execution is detailed, including diffusion modeling, poisoning controls, and dynamic breakthrough validation. Minor weaknesses lie in (i) the assumption that bulky BDP_X substituents will orient uniformly inward rather than partially occluding channels or inducing defect formation, and (ii) limited discussion of how linker exchange heterogeneity might complicate quantitative diffusion modeling. These are not fatal flaws but represent areas where risk mitigation could be sharper."
"A crystalline, oriented multilayer thin-film catalyst that *physically and chemically decouples* (A) a validated CO2→methanol function from (B) a hydrothermally robust methanol/DME→light-olefins (MTO) function will outperform randomly mixed or co-located catalysts for net CO2/H2→C2–C4 olefins because the film architecture enforces a true tandem sequence with controlled intermediate flux. Specifically: Layer A will be a CO2-philic, defect-engineered UiO-66-type Zr MOF thin film that *hosts a proven redox hydrogenation phase* (In2O3 or ZnZrOx nanodomains, optionally Cu at low loading) to selectively form methanol (and/or DME/formates) under CO2/H2. Layer B will be a *water-tolerant, acid/shape-selective microporous film* (zeotype thin film such as SAPO-34/SSZ-13, or a MOF-derived aluminosilicate/CHA-like layer prepared via confined conversion) that converts methanol/DME into C2–C4 olefins while suppressing over-hydrogenation. The multilayer design increases olefin selectivity by (i) preventing direct contact between hydrogenation sites (which favor methane/paraffins) and strong Brønsted-acid MTO sites (which are deactivated/poisoned by carbonates and excess water), (ii) establishing a graded chemical potential for polar C1 oxygenates (higher affinity near the A/B interface) that drives directional transport without back-diffusion, (iii) independently tuning local H2 activity (high in A, minimized in B) to favor oxygenate formation upstream and olefin desorption downstream, and (iv) enabling quantitative, layer-resolved structure–transport–selectivity correlations through depth-calibrated elemental analysis and operando mapping of intermediate formation/consumption across the cross-section. This directly addresses the reviewer’s concern that Zr Lewis acidity alone is insufficient for CO2 hydrogenation and that Cu/Zn is not intrinsically olefin-selective without a zeotype-like function: the refined tandem pair is CO2→MeOH (validated oxide) + MTO (validated zeotype), integrated into a directional, diffusion-defined crystalline film.","Step 0 — Down-select a defensible tandem chemistry and operating window (explicit stability constraints).
0.1 Target pathway: CO2 + 3H2 → CH3OH + H2O (Layer A), followed by 2CH3OH → C2–C4 olefins + H2O (Layer B via MTO chemistry). Include DME as an intermediate/parallel feed (CH3OH ⇌ DME + H2O).
0.2 Define initial operating window to match stability: 250–320 °C, 10–30 bar total, H2/CO2 = 3–4, GHSV 2,000–10,000 h−1. Rationale: In2O3/ZnZrOx methanol catalysts operate ~250–320 °C; CHA-type zeotypes (SAPO-34/SSZ-13) sustain 350–450 °C but remain stable at 300–380 °C. Start at 300–340 °C as a compromise; confirm film integrity under humidified CO2/H2.
0.3 Explicit go/no-go for materials stability before catalysis: each isolated layer must retain ≥80% of its characteristic diffraction intensity (GIWAXS) and ≥70% accessible porosity (ellipsometric porosimetry for films or Kr physisorption when feasible) after 12 h exposure to 10–20 vol% H2O in CO2/H2 at 320 °C.

Step 1 — Substrate, orientation control, and Layer A (CO2→methanol) film synthesis.
1.1 Substrate: porous α-alumina disk (for through-flow microreactor) and Al2O3-coated Si wafer (for spectroscopy). Hydroxylate by O2 plasma + 120 °C bake to standardize –OH density.
1.2 Grow an oriented UiO-66-type Zr MOF thin film (Layer A) by liquid-phase epitaxy (LbL): alternate exposure to Zr precursor (ZrCl4 or ZrOCl2·8H2O in DMF/ethanol with modulator) and linker solution.
1.3 Linker set and gradient (mechanistic function = CO2 enrichment + water management + anchoring sites): mixed-linker UiO-66 using (i) BDC, (ii) 2-aminoterephthalate (NH2-BDC) for CO2 affinity, and (iii) a minor fraction (≤10%) of sulfonated BDC for local proton activity to facilitate MeOH/DME interconversion near the interface (kept low to avoid excessive water adsorption). Program a vertical gradient across thickness: bottom 2/3 high crystallinity/low defect; top 1/3 higher defect density + slightly higher NH2-BDC fraction to increase CO2 uptake near A/B interface.
1.4 Defect engineering: introduce missing-linker defects using formic acid modulator; calibrate defect density via solution 1H NMR of digested films (formate/BDC ratio) and pair distribution changes (PDF if available). Target: 5–15% missing-linker equivalents—enough to anchor oxide nanodomains without collapsing the film.

Step 2 — Incorporate a *validated CO2 hydrogenation phase* into Layer A (mandatory reviewer requirement).
2.1 Choose In2O3 (baseline) and ZnZrOx (alternative) as the hydrogenation phase; both are literature-validated for CO2→methanol.
2.2 Confined incorporation route (to maintain MOF crystallinity and avoid random external nanoparticles):
  • Option A (In2O3-in-MOF): vapor-phase infiltration or solution infiltration of In(III) precursor (e.g., In(acac)3 or In(NO3)3 in alcohol) into Layer A, followed by mild hydrolysis/oxidation (humid O2/N2 at 200–250 °C) to form sub-2–3 nm In2O3 domains anchored at defect/open Zr sites.
  • Option B (ZnZrOx generation): impregnate Zn(II) precursor into defect sites followed by controlled calcination that is *below MOF decomposition* (or use UV/ozone-assisted conversion) to form Zn-containing Zr–O clusters at/near defects.
2.3 Quantify phase and dispersion: XAS/EXAFS for In–O coordination and domain size; STEM-EDS mapping; ensure no continuous oxide film that blocks pores.
2.4 Go/no-go for Layer A catalytic function: in a standalone reactor, Layer A must produce methanol with detectable selectivity (>5% carbon selectivity at screening conditions) and stable rate over 8 h at 280–320 °C, 10–30 bar.

Step 3 — Layer B selection: hydrothermally robust, shape-selective olefin-forming layer (mandatory reviewer requirement).
3.1 Replace moisture-sensitive Cu-carboxylate MOFs with a zeotype thin film as the olefin-forming function. Two executable tracks (choose one primary, keep the other as risk-mitigation):
  • Track 1 (Primary): grow an oriented CHA-type zeotype film (SAPO-34 or SSZ-13) on top of Layer A using a thin interfacial adhesion layer (e.g., alumina nanolayer by ALD, 1–3 nm) followed by seeded secondary growth. Target thickness 200–800 nm.
  • Track 2 (Backup, MOF-derived): grow a Zr-MOF or Al-MOF “template” film and convert it via confined mineralization to an aluminosilicate/zeotype-like microporous layer while preserving orientation/continuity; validate by GIWAXS and micropore size distribution consistent with CHA.
3.2 Acid-site tuning for olefin selectivity: adjust Si/Al (SSZ-13) or framework acidity (SAPO-34) to target high propylene/ethylene with reduced aromatics/coke. Quantify Brønsted acid site density via pyridine-IR (Brønsted/Lewis ratio) and NH3-TPD (film-adapted microbalance or parallel powder analogs).
3.3 Ensure minimal hydrogenation in B: no intentional metal hydrogenation function in Layer B; if any metal contamination occurs, it becomes a go/no-go criterion (see Step 6).

Step 4 — Engineering the A|B interface for directional transport without short-circuit diffusion.
4.1 Create an interfacial “selective transfer zone” (10–50 nm) designed to (i) concentrate methanol/DME and (ii) reduce H2 permeation into B. Implement as a very thin, more polar UiO-66 top-sublayer (higher NH2 fraction) capped by a conformal, ultrathin inorganic barrier that is permeable to MeOH/DME but reduces H2 flux (e.g., 0.5–1.0 nm alucone by MLD tuned to remain microporous). This replaces the earlier 1–3 nm silica cap that risked fully blocking pores.
4.2 Validate transport is not diffusion-blocked: measure permeance of CO2, H2, MeOH, and propylene through the composite film using a calibrated Wicke–Kallenbach cell on the porous disk support. Go/no-go: MeOH/propylene permeance reduction <50% relative to uncapped B, while H2 permeance into B reduced measurably (>2× lower than without the transfer zone).

Step 5 — Reactor protocols that directly test “tandem enforcement” vs inference.
5.1 Three-mode catalysis testing (all with identical total flow and pressure):
  • Mode I (Full tandem): CO2/H2 feed to A|B.
  • Mode II (Intermediate-feed control): bypass A; feed MeOH (or MeOH/H2O or DME) to B alone at the same temperature/pressure to reproduce the olefin slate expected from tandem.
  • Mode III (A-only): CO2/H2 to A only to quantify oxygenate productivity and composition.
5.2 Carbon-accounting: online GC (TCD/FID) for CO/CO2/H2 and hydrocarbons/oxygenates; add online MS for fast transients. Track full carbon balance ≥95%.
5.3 Explicit operating temperature split tests (if hardware allows): A at 280–310 °C, B at 330–380 °C using a two-zone heater across the same disk (thermal gradient along flow direction). This de-risks the compromise-temperature penalty and strengthens mechanistic interpretation.

Step 6 — Operando intermediate-transport quantification (mandatory reviewer requirement).
6.1 Spatially resolved vibrational spectroscopy across cross-section:
  • Prepare identical multilayers on IR-transparent or reflectance-compatible substrates.
  • Use operando IR microscopy/μ-DRIFTS line scans from the gas-entry side through to the exit side, mapping signatures of surface formate/carbonate (A), methoxy/DME (interface/B entry), and hydrocarbon pool species (B).
  • Quantify relative concentration gradients under steady state and during step changes.
6.2 Isotopic transient kinetics:
  • Switch 12CO2→13CO2 at steady state; monitor time-resolved appearance of 13C in methanol/DME and subsequently in C2–C4 olefins.
  • Extract an apparent intermediate residence time and compare to a diffusion–reaction model (Step 7).
6.3 Direct intermediate flux measurement:
  • Incorporate a micro-sampling port (or use a stacked-disk configuration) to sample gas composition at the A/B interface (between two coated disks pressed together with a thin spacer). Quantify methanol/DME flux exiting A and entering B.

Step 7 — Diffusion–reaction modeling to separate intrinsic kinetics from transport artifacts (mandatory reviewer requirement).
7.1 Build a 1D plug-flow + diffusion model across film thickness with two reactive zones (A and B) and explicit species: CO2, H2, CO, CH3OH, DME, H2O, C2H4, C3H6, C4s, CH4.
7.2 Parameterization:
  • Use measured permeances (Step 4.2), thicknesses (SEM), and porosity (ellipsometric porosimetry) to constrain effective diffusivities.
  • Fit A kinetics using A-only data; fit B kinetics using MeOH/DME feed data; predict full tandem performance without refitting. Success criterion: tandem prediction within ±20% for olefin STY and selectivity.

Step 8 — Layer integrity, infiltration selectivity (now reframed), and statistics (mandatory reviewer requirement).
8.1 Replace “selective Cu/Zn infiltration into Layer B” with a stricter contamination-control requirement: Layer B must remain metal-free (or below a quantified threshold) to avoid hydrogenation/paraffin formation.
8.2 Depth-resolved composition with statistical replication:
  • ToF-SIMS depth profiling for In/Zn (A) vs Si/Al/P (B) distributions; replicate n≥3.
  • Cross-sectional TEM-EDS line scans across ≥10 lamellae regions; quantify metal leakage into B. Go/no-go: <5% of total In (or Zn) signal detected in B region (after thickness normalization).
  • ICP-AES with stepwise etching/delamination: selectively dissolve B (zeotype) vs A (MOF) using orthogonal chemistries where possible; otherwise use mechanical delamination plus digestion. Report layer-by-layer metal inventories.
8.3 Post-run integrity criteria (50–100 h):
  • GIWAXS patterns retained (≥80% peak intensity) for both layers.
  • No catastrophic pore collapse: ≥70% of initial accessible porosity for each layer.
  • Coke quantified by Raman/TGA on scraped films or powder analogs; define a max coke rate threshold tied to selectivity loss.

Step 9 — Benchmark set (kept aligned to original concept chain, but chemically defensible).
9.1 Compare: (i) layered A|B, (ii) physical mixture of A-powder + B-powder, (iii) co-located bifunctional composite made by mixing A and B precursors into a single film (intentionally “random”), (iv) B-only with MeOH co-feed (positive control), (v) A-only.
9.2 Metrics: CO2 conversion, methanol/DME productivity at A exit, C2–C4 olefin selectivity, paraffin/methane selectivity, STY (mmolC2–C4 gcat−1 h−1 and per geometric area), stability 50–100 h, and model-predicted vs measured intermediate flux consistency.","Catalytic defensibility (addresses the central chemistry critique): The revised tandem pair is built from independently validated chemistries rather than assuming Zr Lewis acidity drives CO2 hydrogenation or that Cu/Zn intrinsically yields olefins. Layer A explicitly incorporates a proven CO2→methanol active phase (In2O3 or ZnZrOx) while the UiO-66-type film contributes CO2 enrichment, defect-anchoring, and a controllable microenvironment (consistent with MOF nanocatalyst logic and functionalization effects). Layer B is changed from moisture-sensitive Cu-carboxylate MOFs (e.g., HKUST-1) to a hydrothermally robust, shape-selective zeotype thin film (SAPO-34/SSZ-13), a well-established MTO catalyst that directly addresses the required “olefin-forming function.”

Hydrothermal stability (addresses HKUST-1/water concerns): The selected materials have explicit stability tests and go/no-go thresholds under humidified reaction mixtures. UiO-66-type Zr MOFs are among the most water-tolerant MOFs, and the zeotype B layer is intrinsically stable in steam-containing feeds at relevant temperatures. The plan includes pre-screening under water-containing CO2/H2, post-run GIWAXS/porosity retention metrics, and a two-zone temperature option to keep each layer within its optimal stability/performance window.

Selectivity and mechanism (addresses “inferential tandem” risk): Tandem enforcement is tested causally through (i) intermediate-feed experiments (MeOH/DME to B) that must reproduce the olefin slate, (ii) spatially resolved operando IR microscopy mapping consumption/formation of intermediates across the cross-section, (iii) isotopic transient kinetics (13CO2 switching) to time-order oxygenate formation then olefin emergence, and (iv) a constrained diffusion–reaction model that predicts full tandem behavior from independently measured A-only and B-only kinetics. This combination converts the tandem claim from product-observation inference to quantified intermediate flux and validated transport/kinetic coupling.

Architectural feasibility (addresses infiltration selectivity and mass-transfer concerns): Rather than relying on uncertain pore-capping/ALD infiltration selectivity into a moisture-sensitive Cu-MOF, the revised design uses (a) controlled confined incorporation of oxide nanodomains into the defect-engineered UiO-66 layer (a more chemically plausible selectivity lever because defects act as anchoring sites), and (b) a minimal-thickness interfacial transfer zone tuned by permeance measurements to avoid blocking mass transport. Selectivity of phase localization is validated with ToF-SIMS depth profiling and TEM-EDS line scans with replication and quantitative thresholds.

Alignment with the original concept chain (maintains coherence): The core concept—an oriented crystalline multilayer film that spatially separates incompatible functions and uses pore-transport to enforce sequence—is preserved. What changes is the *chemical identity* of each function to match established catalytic science: MOF-enabled CO2 enrichment and confined hydrogenation phase upstream; shape-selective olefin formation downstream. The proposal still leverages reticular/LbL film growth, graded chemistry, layer-resolved ICP-AES, and mechanistic isotopic/transient analytics, but now with a tandem pair that is both literature-defensible and reviewer-compliant.","This is a technically mature and chemically defensible tandem catalysis proposal that directly addresses prior reviewer objections. The choice of validated chemistries (In2O3/ZnZrOx for CO2→MeOH and CHA-type zeotypes for MTO) eliminates speculative catalytic claims, while the multilayer film architecture is justified mechanistically rather than stylistically. Engineering resolution is high, with explicit go/no-go criteria, operando diagnostics, and transport measurements. Minor score deductions arise from residual risk associated with UiO-66-type MOF stability at the upper end of the proposed temperature window (≥320 °C under humid H2/CO2) and from the ambitious interfacial transfer-zone design (alucone/MLD layer), whose long-term chemical stability and true molecular sieving behavior under reaction conditions remain uncertain. These risks are acknowledged but not fully bracketed by alternative execution paths."
"A thermally robust, dual-function Al(III) chain-based MOF for CO2 storage/separation with an intrinsic luminescent readout can be realized by (1) making the framework *verifiably anionic* through a chemically defined, defect-capped charge model (rather than an ill-defined sulfonate “dopant”), and (2) installing a *geometrically constrained, persistent ion-paired pocket* by stepwise single-crystal-to-single-crystal (SCSC) counterion exchange in DEF. The core mechanistic assertion is that anionic charge is introduced at specific, countable structural motifs—missing-linker (or missing-connection) sites on Al–μ2-OH chain SBUs that are capped by a monotopic anionic ligand (Lcap−) that remains singly bound (non-bridging) and does not neutralize the node. This generates a net negative framework charge that forces extraframework cations (A+, then B+) into well-defined pore-adjacent sites. These cations, optionally paired with a non-coordinating counteranion (X−, e.g., PF6−/BF4−), create localized electrostatic fields and H-bond networks (“pore locks”) that (i) increase CO2 affinity/selectivity by stabilizing CO2 in ion-paired quadrupole-binding microenvironments and by amplifying binding enthalpy at those pockets; (ii) yield a non-generic luminescence response because the luminophore linker L* is selected to possess strong field-sensitive charge-transfer (CT) character (donor–acceptor dicarboxylate), so electrostatic field strength/geometry and guest-triggered ion reorientation produce predictable, quantifiable shifts in emission energy and lifetime; and (iii) improve activation/thermal robustness by reducing counterion mobility and suppressing linker/chain librations through persistent ion-pair/H-bond locking installed post-synthetically (DEF-assisted exchange), avoiding reliance on interpenetration control. The refined approach overcomes reviewer-flagged risks by: (a) decoupling ‘anionic programming’ from multicomponent mixed-linker crystallization (limiting heterolinker complexity to a primary tetracarboxylate + *one* CT-active L* at very low levels, while generating charge via controllable defect capping), (b) enforcing a stoichiometrically testable charge-balance model with predefined A+/Al acceptance windows, and (c) proving ion-pocket formation and persistence via orthogonal order/mobility assays (VT-SSNMR/QENS/dielectric) plus direct CO2 site identification (in situ IR/calorimetry/PDF), thereby causally linking ion pockets to adsorption and emission.","Step 0 — Predefine structural/charge model, controls, and go/no-go criteria (before any optimization).
0.1 Charge-balance model (explicit, testable): Target an Al–μ2-OH chain MOF with a tetracarboxylate linker L4 (rigid, high-acidity) forming a neutral parent lattice [Al(OH)(L4)]0 (schematic), then introduce controlled missing-linker defects at fraction x (0–0.20) that are capped by a monotopic anionic ligand Lcap− (non-bridging, singly bound to Al, remaining as −1 charge on the framework after coordination). The net framework charge is −x per metal node-equivalent (define per Al or per SBU after the first SCXRD/PXRD structure is known). Predicted extraframework cation stoichiometry: (A+ + B+)/Al = x (±10% relative) after correcting for any charge-compensating protonation measured by acid titration/SSNMR. Acceptance criterion (Go/No-Go #1): measured (A+ + B+)/Al by IC (cation) + ICP-OES (Al) must match the defect-charge model within ±10–15% across a defect series; if cation content is near zero (≤0.02 per Al) the material is deemed not anionic and the ‘field/pore-lock’ branch is stopped.
0.2 Minimal compositional complexity to de-risk crystallization: only two linkers during crystallization: L4 (primary tetracarboxylate) + optional L* at 0.1–1.0 mol% of total linker equivalents (not 1–5% initially). Defect/charge is introduced via monotopic Lcap− capping, not via a third bridging linker.
0.3 Control materials (must be synthesized and compared in parallel): C1 neutral parent (no defects, no extraframework cations beyond occluded solvent); C2 defected but *neutral-capped* analogue using Lcap^0 (neutral monotopic cap, e.g., benzoic acid) to separate “defect” effects from “charge/ion-pocket” effects; C3 anionic defect-capped (Lcap−) with A+; C4 exchanged (B+ ± X−) pore-locked.

Step 1 — Reticular selection and chemically validated anion-generating motif (replaces vague sulfonate co-ligand).
1.1 Choose L4 platform and Al-chain SBU conditions: Select a rigid tetracarboxylate with proven Al–O stability and high connectivity (e.g., pyrene-1,3,6,8-tetracarboxylate or perylene tetracarboxylate derivative; exact choice guided by solubility and acidity). Use Al(NO3)3·9H2O with carefully controlled water activity (Al(III) hydrolysis risk) and a single modulator strategy.
1.2 Defect-capping motif (anion source): Implement missing-linker generation via modulator competition using an anionic monotopic cap Lcap− that (i) binds strongly enough to occupy open Al sites, (ii) is sterically non-bridging under synthesis conditions, and (iii) is persistently deprotonated/anionically charged in the activated solid. Practical motif: use a carboxylate cap bearing a non-coordinating, permanently anionic substituent to prevent “silent neutralization” (e.g., aryl carboxylate with tethered sulfonate where sulfonate is non-coordinating to Al but remains −1; or a carboxylate with a pendant borate/sulfonimide group). Importantly, the cap’s carboxylate is the *only* coordinating group; the pendant anion is the charge source that remains extraframework-facing, making the lattice anionic even after coordination. Acceptance criterion (Go/No-Go #2): IR/XPS/SSNMR must indicate pendant anion integrity (e.g., S=O signatures; 11B if borate; 19F if sulfonimide) and no evidence of pendant anion binding to Al (no new Al–F/Al–S features).
1.3 Luminophore L* selection (field-sensitive CT constraint): Replace generic stilbene/anthracene with a donor–acceptor (D–A) dicarboxylate exhibiting documented solvatochromism/CT emission (e.g., triphenylamine–benzothiadiazole dicarboxylate, dimethylamino–cyano substituted aromatic dicarboxylate, or similar D–A chromophore with carboxylate handles). Requirement: L* must show measurable emission shift with dielectric constant in solution and a distinct CT lifetime component (TCSPC). Acceptance criterion (Go/No-Go #3): L* incorporation yields a nonzero, assignable emission band in the solid with lifetime component attributable to CT (fit quality and reproducibility across batches).

Step 2 — Synthetic window mapping with explicit Al(III) hydrolysis control (aligned with Al-PMOF optimization logic).
2.1 DoE variables (narrow, chemistry-driven): Keep solvent identity fixed to DMF for crystallization (per reviewer constraint), but explicitly vary: total linker concentration, modulator-to-Al ratio, water-to-DMF ratio (critical for Al hydrolysis), temperature, and time. Use a constrained DoE (e.g., 20–40 conditions) to map phase purity vs defect density. Borrow the Asset-1 logic: treat solvent type and concentration as key variables, but here hold solvent constant and optimize concentration + water activity + modulator.
2.2 Phase competition management: Start with 2-component system (Al + L4) to obtain phase-pure baseline. Only then introduce Lcap− (defect cap) to generate an anionic series at fixed L4. Only after a stable anionic phase is obtained introduce L* at 0.1–1.0%. Acceptance criterion (Go/No-Go #4): PXRD phase purity ≥95% (Rietveld fit) across the defect series; if phase mixtures/amorphous Al–oxo appear above a threshold x, cap x at the highest phase-pure defect level and proceed.
2.3 Verify anionicity and stoichiometry early (before SCSC claims): For each defect level x, quantify extraframework A+ uptake (TEA+ or similar small cation introduced in synthesis) by ion chromatography (IC) and confirm by 1H solution NMR after digestion. Combine with ICP-OES for Al to compute A+/Al. Must match the defect-charge model (0.1).

Step 3 — Counterion pocket engineering and DEF-enabled SCSC exchange (de-risked and staged).
3.1 Establish whether SCSC is feasible (branching logic): Attempt single-crystal growth only after a phase-pure anionic composition is reproducible in powders. If single crystals cannot be obtained, redefine as “SCSC-inspired topotactic exchange” and rely on synchrotron PXRD/PDF + local probes rather than SCXRD. Acceptance criterion (Go/No-Go #5): crystallinity retention during exchange judged by in situ PXRD (peak positions preserved; FWHM increase ≤25%; no new phases).
3.2 Stepwise counterion exchange in DEF: Starting material contains A+ (small; e.g., TEA+). Exchange medium DEF (Asset-3 logic repurposed) chosen for stronger ion solvation and reduced capillary stress. Execute staged exchange A+→A+/B+→B+ where B+ is a size/polarizability series (e.g., TMA+ < TEA+ < TPA+ < TBA+; and optionally imidazolium-based cations). This creates a tunable pocket geometry.
3.3 Optional fixed counteranion series to define ion-pair geometry: Introduce non-coordinating X− during or after B+ exchange (PF6−, BF4−, NTf2−) to form B+·X− ion pairs within pores. This constrains local field orientation and reduces cation mobility. Acceptance criterion (Go/No-Go #6): 19F SSNMR (for PF6−/BF4−) indicates immobilized/partially ordered anion environments (line shape narrowing/broadening trends with temperature), and leaching tests show <5% loss after activation cycles.
3.4 Activation protocols tuned to prevent counterion migration: DMF→DEF→EtOH (or MeOH) solvent exchange, then either supercritical CO2 drying or ultra-slow vacuum ramp (≤1 °C/min; ≤0.1 mbar/min pressure decrease). Verify porosity retention (N2 77 K) and counterion retention (IC/digestion NMR).

Step 4 — Direct proof of “ordered/persistent ion pockets” and counterion locking (orthogonal assays demanded by reviewers).
4.1 Counterion location/order: If SCXRD available, solve and refine counterion sites and occupancies pre/post exchange. If not, use synchrotron PXRD with Rietveld + maximum entropy electron density mapping; complement with total scattering/PDF to detect local ordering changes upon exchange.
4.2 Counterion mobility/locking assays (must precede mechanistic claims):
- Variable-temperature solid-state NMR on cations (e.g., 13C/15N-labeled ammonium/imidazolium; 1H T1/T2; line shape analysis) to quantify rotational/translational dynamics.
- Dielectric relaxation spectroscopy to detect ion hopping/segmental motions; compare A+ vs B+ vs B+·X−.
- QENS (quasielastic neutron scattering) on deuterated cations (where feasible) to quantify diffusion constants and confinement; measure changes upon CO2 dosing.
Acceptance criterion (Go/No-Go #7): pore-locked state must show ≥10× reduction in apparent ion mobility (NMR/QENS-derived) relative to A+ state and minimal mobility increase after activation.

Step 5 — Direct CO2 binding-site identification and energetics (orthogonal adsorption proof).
5.1 In situ DRIFTS/FTIR of adsorbed CO2: Identify distinct bound CO2 species (band shifts consistent with electrostatic stabilization in ion-paired pockets). Compare C1/C2/C3/C4 to show that new CO2 bands correlate with ion-pocket formation (present only in anionic + cation-containing materials).
5.2 Microcalorimetry (or calorimetric isotherms): Measure differential heats of adsorption vs loading to detect high-energy primary sites attributable to ion pockets. Acceptance criterion (Go/No-Go #8): pore-locked material must show a distinct high-Qst initial regime (relative to neutral/defect-neutral controls) consistent with a finite number of strong sites.
5.3 If feasible: neutron diffraction (CO2 dosing) or in situ synchrotron PXRD difference Fourier to localize CO2 near cation/ion-pair sites.

Step 6 — Gas storage/separation benchmarks (matched-material logic retained, but tied to site proof).
6.1 Collect N2 (77 K) BET, CO2/CH4/N2 isotherms at 273/298 K, compute Qst (virial), IAST selectivities.
6.2 Dynamic breakthrough (CO2/N2 and CO2/CH4) at relevant partial pressures; correlate breakthrough performance with measured ion-pocket density (cation stoichiometry per Al) and with spectroscopic CO2 site signatures.

Step 7 — Luminescence mechanism constrained by pocket geometry and CT sensitivity (not generic pore filling).
7.1 Establish field dependence via ion-series mapping: For fixed anionic framework and fixed L* loading, measure emission spectra/quantum yields/lifetimes across cation size/polarizability series (A+→B+) and across X− series (none/PF6−/BF4−/NTf2−). Expect systematic shifts consistent with Stark effect/CT stabilization (quantitative correlation with electrostatic potential from computation).
7.2 In situ luminescence under controlled CO2 dosing: Record emission/lifetime during stepwise CO2 pressure ramps while simultaneously tracking uptake. Require hysteresis-free, reversible response if ion rearrangement is elastic; or quantify hysteresis if a ‘locking/unlocking’ mechanism is invoked.
7.3 Disentangle dielectric vs pocket binding: Compare responses to CO2 vs N2/CH4 (similar size, different quadrupole) and to weakly interacting gases; perform competitive dosing (CO2+N2) to show selectivity in signal. Acceptance criterion (Go/No-Go #9): emission changes must track CO2 partial pressure and be substantially stronger than N2/CH4 at matched loadings, and must correlate with DRIFTS-identified ion-pocket CO2 species.
7.4 Aqueous analyte sensing (optional secondary aim): Use electron-poor analytes (e.g., nitrofurazone benchmark) only after gas-phase mechanism is validated; test whether ion-paired pockets preconcentrate analytes and modulate CT quenching (Stern–Volmer with lifetime discrimination).

Step 8 — Computation tied to measurable observables.
8.1 Build periodic/cluster models with explicit counterions/ion pairs at experimentally determined occupancies; compute electrostatic potential maps and CO2 binding energies at pocket vs non-pocket sites.
8.2 TD-DFT/embedded models for L* CT state with local fields; predict emission shifts vs ion position and compare to experimentally measured Stark-like shifts and lifetime changes.

Milestone summary (hard go/no-go):
M1 True anionicity: A+/Al stoichiometry matches defect-charge model (0.1) and persists after activation.
M2 Phase purity across heterolinker/defect space: PXRD/Rietveld passes (2.2).
M3 Ion-pocket persistence/locking: VT-SSNMR + dielectric/QENS show strong mobility reduction (4.2).
M4 Preferential CO2 binding at pockets: in situ IR + calorimetry show new strong sites (5.1–5.2).
M5 Causal adsorption–emission link: emission response correlates with pocket parameters (cation/X− series) and with CO2 pocket occupancy signatures (7.1–7.3).","1) Chemical realism for Al(III) synthesis risk: The revised plan explicitly removes the highest-risk feature flagged by reviewers—simultaneous multi-heterolinker programming (L4 + L* + sulfonate co-ligand). Instead, it uses a two-linker crystallization (L4 with trace L*) and generates negative charge through a chemically defined defect-capping motif whose concentration is tunable by modulator ratios and water activity. This directly addresses Al(III) hydrolysis sensitivity by constraining the DoE to water/modulator/concentration variables known to control Al–μ2-OH chain formation, consistent with the empirical optimization logic highlighted for Al-PMOF (Asset 1).
2) Tight, testable definition of “anionic framework”: The proposal now specifies where negative charge resides (pendant anionic group on a monotopic defect cap at missing-linker sites) and provides a quantitative stoichiometric prediction (extraframework cation per Al or per defect) with acceptance criteria measured by orthogonal analytics (IC + ICP + digestion NMR). This prevents the “could be neutral anyway” failure mode.
3) De-risking SCSC/pore-lock claims: The plan explicitly branches if true SCXRD-grade SCSC is not achievable, relying on in situ PXRD, total scattering/PDF, and local probes. It also acknowledges and tests the key uncertainty—counterion disorder/mobility—by adding mandatory VT-SSNMR, dielectric relaxation, and QENS assays before claiming a persistent pore lock. This directly addresses reviewer concerns (iii) and (v).
4) Constraining the luminescence mechanism to be non-generic: By selecting an L* with demonstrable CT character and mapping emission systematically across cation-size/polarizability and counteranion series, the mechanism becomes falsifiable: emission must scale with local field/pocket geometry rather than simply with gas loading. This responds to concern (iv) about CO2’s weak direct photophysical perturbation by making the response field-mediated and pocket-specific.
5) Orthogonal proof of preferential CO2 binding in ion pockets: In situ DRIFTS/FTIR and microcalorimetry are elevated to core discriminating tests (not optional). The requirement that distinct CO2-binding signatures appear only in the anionic, counterion-bearing materials—and correlate with the luminescence response—provides the causal chain demanded by the review board.
6) Thermal stability rationale remains aligned to the concept chain: Al–O bonds and chain SBUs are retained as the robustness anchor (relative to many luminescent probe MOFs), while the pore-lock adds an additional stabilization lever by reducing internal degrees of freedom and migration during activation. The approach complements the thermal stability lessons from robust MOF families used in gas adsorption studies (Asset 2) while preserving the DEF-specific solvent logic for structural control via post-synthetic exchange rather than interpenetration (Asset 3).","This is an unusually detailed and methodologically rigorous proposal that directly addresses common reviewer concerns in Al(III) MOF chemistry: ill-defined anionicity, uncontrolled defect chemistry, speculative SCSC exchange, and generic luminescence claims. The charge-balance model is explicit and testable, the branching logic around SCSC feasibility is realistic, and the orthogonal assays demanded before mechanistic claims (VT-SSNMR, QENS, dielectric spectroscopy, calorimetry, in situ IR) demonstrate strong logical discipline. Minor deductions arise from cumulative risk: the chemical realism of permanently anionic, non-coordinating pendant groups surviving solvothermal Al synthesis is still non-trivial; the experimental burden is extremely high for a single project; and the success of CT-based luminescence readout hinges on subtle field effects that may be smaller than framework heterogeneity. These are executional risks rather than conceptual flaws."
"A covalently interface-locked ZSM-5@LIFM-28 core–shell composite, in which (i) a quantified, externally accessible trialkoxysilyl–(CH2)n–CO2− graft layer provides high-density, spatially uniform Zr-nucleation sites and (ii) the LIFM-28 shell is “gate-programmed” by PVSI to open at a CO2 partial pressure matched to real PSA/TSA swing windows, will deliver higher *humid* cyclic CO2 working capacity and capacity retention at 333–373 K than either parent or non-covalent mixtures. Mechanistically, the performance gain is not assumed from generic ‘pre-concentration’ but from two testable effects: (1) **Interfacial confinement + mechanical boundary condition**: nanoscale, zeolite-tethered LIFM-28 domains reduce the amplitude of breathing, suppress defect-mediated collapse, and limit crystallite coarsening under hot CO2/H2O, preserving the reversible open/closed transition over many cycles; (2) **PVSI-controlled cooperative gating under realistic pCO2**: spacer length/polarity tunes (a) the free-energy difference between closed/open states and (b) CO2 binding enthalpy in the installed pocket, shifting the adsorption step into a defined target pCO2 window (go/no-go defined below). Any additional synergy from ZSM-5 (heat tolerance, diffusion stiffness, and optional Al/extra-framework cation tuning) is treated as an experimentally verified transport/thermodynamics benefit rather than an assumed CO2 ‘pre-concentrator’; we will directly test sequential filling and transport resistance by transient breakthrough and spatially resolved spectroscopies/tracers.","Step 0 — Define the operating envelope and quantitative adsorption targets (mandatory).
0.1 Target separations and gas matrices:
• Post-combustion capture (PSA/TSA-relevant): 10–15 vol% CO2 in N2, 3–12 vol% H2O, 3–8 vol% O2, balance N2; optional 50–200 ppm SO2/NO2 for robustness screening.
• Temperature/pressure windows: 333–373 K; adsorption at 1.0 bar total with pCO2 = 0.10–0.15 bar; desorption by (A) TSA: 373–423 K at 1 bar (dry N2 purge) and/or (B) VSA: 0.05–0.20 bar total.
0.2 Gate-position/working-capacity criteria (go/no-go):
• Gate-opening (inflection) pCO2* at 333–353 K must lie within 0.05–0.20 bar for post-combustion capture; for any higher-pressure application (e.g., natural gas sweetening), a secondary target set is pCO2* = 0.5–2 bar at 298–323 K.
• Humid working capacity: ΔqCO2(humid, 10% H2O) ≥ 1.5 mmol g−1 over the chosen swing (adsorption to desorption conditions), and ≥30% improvement vs (i) LIFM-28 analogue without anchoring and (ii) ZSM-5 core alone.
• Cyclic retention: ≥90% of initial Δq after 200 cycles (screen) and ≥85% after 1000 cycles (qualification) under wet CO2.

Step 1 — Engineer ZSM-5 cores with controlled external silanol density and (optional) CO2-affinity tuning.
1.1 Synthesize/obtain ZSM-5 with two compositional regimes:
• High-silica ZSM-5 (Si/Al ~ 100–200) for minimal intrinsic CO2 adsorption (acts primarily as thermally stable scaffold/heat sink).
• Moderately acidic ZSM-5 (Si/Al ~ 30–60) and/or ion-exchanged ZSM-5 (Na+, K+, or Mg2+) to optionally enhance CO2 quadrupole interactions; this becomes a variable only after baseline gating is demonstrated.
1.2 External surface silanol/accessibility control:
• Mild desilication (e.g., dilute NaOH) and/or controlled steaming to increase external silanol density without destroying MFI crystallinity.
• Remove extra-framework debris by acid wash if needed.
1.3 Characterization (external vs internal):
• XRD for crystallinity; Ar/N2 physisorption for micro/mesopore; SEM for particle morphology.
• External silanol quantification: DRIFTS (isolated vs H-bonded Si–OH), quantitative 29Si MAS NMR (Q3/Q4 ratio), and H2O adsorption at low p/p0 as an accessibility proxy.
• Acidity (only as secondary descriptor): pyridine-FTIR (external vs internal acid sites via steric bases) complemented by NH3-TPD.

Step 2 — Mandatory interface verification package with acceptance criteria (hard gate before MOF growth scale-up).
2.1 Surface grafting chemistry (anchor layer):
• Use (EtO)3Si–(CH2)n–CO2H with n = 2, 3, 6 as a controllable spacer to tune tether flexibility and carboxylate presentation.
• Conduct silanization under rigorously dried conditions (water-controlled to avoid multilayer polymerization): anhydrous toluene or ethanol, 60–90 °C, controlled silane loading.
• Post-graft conditioning: thorough Soxhlet extraction to remove physisorbed silane.
2.2 Quantify grafting density and chemical state (acceptance criteria):
• TGA mass loss assigned to organosilane: target 0.5–2.0 mmol silane g−1 ZSM-5 (tunable); accept if reproducibility ±10% across batches.
• XPS: increase in C 1s and carboxylate O 1s components; Si 2p chemical shift consistent with siloxane formation; accept if surface C/Si ratio matches TGA-derived coverage within ±20%.
• Quantitative 13C CP/MAS (carboxylate signal) and 29Si MAS (T-sites/T2/T3 signals if resolvable): accept if covalent graft signature present and stable after solvent extraction.
2.3 Prove external accessibility/ordering:
• Probe esterification/back-titration of –CO2H (e.g., base titration in non-aqueous medium) to quantify accessible acid sites; accept if ≥60% of total grafted –CO2H are accessible.

Step 3 — Interface-locked LIFM-28 growth with explicit controls to exclude solution-grown contamination.
3.1 Heterogeneous nucleation protocol:
• Disperse grafted ZSM-5 in LIFM-28 precursor solution under conditions biased toward surface nucleation (dilute linker concentration, controlled supersaturation, addition order where ZSM-5 is present before Zr source).
• Use modulator control (e.g., monotopic acids) to slow homogeneous nucleation; tune time/temperature to favor conformal shells and nanoscale MOF domains.
3.2 Control matrix (mandatory):
• (i) ungrafted ZSM-5 subjected to identical MOF growth;
• (ii) grafted ZSM-5 with methyl-terminated silane (no –CO2H) to test specificity;
• (iii) pure LIFM-28 (solution-grown) to establish size/phase references.
3.3 Shell continuity/thickness distribution (acceptance criteria):
• FIB-SEM cross-sections + SEM imaging for shell thickness statistics (≥50 particles): accept if ≥80% particles show a continuous shell with thickness 50–300 nm (or defined target range) and no large bare patches.
• STEM-EDS tomography or at minimum STEM-EDS mapping: Zr signal must spatially colocalize as a shell around Si-rich cores; accept if Zr/Si radial profiles are consistent with core–shell architecture across multiple particles.
• PXRD: presence of both MFI and LIFM-28 reflections without significant amorphization.
3.4 Mass balance to rule out free MOF crystallites (acceptance criteria):
• Size-fractionation: differential centrifugation/sieving to isolate the core–shell particle fraction; analyze supernatant for free MOF.
• Digestion ICP-OES/MS: quantify Zr in (a) isolated core–shell fraction and (b) supernatant/fines. Accept if ≥90% of total Zr is associated with the core–shell fraction.
• Optional corroboration: digestion 1H NMR for linker/spacer accounting vs Zr content.

Step 4 — PVSI ‘breathing gating’ programming with a spacer set designed to hit the target pCO2* window.
4.1 Spacer library design rule (explicit objective):
• Short nonpolar (baseline minimal CO2 affinity shift; primarily steric gating), short polar (adds binding enthalpy), long polar (amplifies free-volume change and polar pocket density).
• Include at least one water-tolerant polar motif (e.g., amide/urea-like, fluorinated polar, or sterically shielded heteroatoms) and one hydrophobic motif to reduce H2O co-adsorption; avoid hydrolysis-prone groups if stability screening fails.
4.2 PVSI execution on anchored shells:
• Perform PVSI installation/uninstallation under reported kinetically reversible conditions, but explicitly validate that diffusion into tethered nanodomains is not rate-limiting (time-to-equilibrium test with in situ IR or gravimetry).
• Acceptance: reversible PVSI (≥80% of installed spacer removable and reinstallable over 3 cycles without crystallinity loss).
4.3 Gate-position screening (go/no-go):
• Record CO2 isotherms at 333/353/373 K (dry first) and extract pCO2* (inflection) and hysteresis width.
• Down-select spacers that place pCO2* within 0.05–0.20 bar at 333–353 K and maintain hysteresis compatible with cycling (no progressive trapping).

Step 5 — Mechanism tests upgraded from narrative to direct evidence (transport + sequential filling).
5.1 Transient breakthrough (primary evidence for synergy):
• Shape materials into comparable pellets/monolith fragments with identical binders and similar pressure drop.
• Measure breakthrough for dry and humid feeds at 333–373 K: 10–15% CO2 in N2 with controlled RH.
• Extract dynamic capacity, mass-transfer zone length, and apparent mass-transfer coefficients; compare anchored vs physical mixtures vs parents.
5.2 Spatially resolved uptake / sequential filling:
• In situ DRIFTS under stepwise pCO2 with and without H2O to distinguish adsorption environments (zeolite vs MOF signals; CO2 bands and framework vibrations).
• Isotopic tracing: 13CO2/12CO2 switching during uptake to quantify intracrystalline exchange kinetics; if feasible, pair with micro-IR mapping on single particles or packed beds.
• Treat ‘pre-concentration then gating’ as confirmed only if time-resolved spectroscopy shows early uptake signatures attributable to ZSM-5 followed by delayed MOF-gated uptake at the programmed pCO2*.
5.3 In situ structure–adsorption coupling (breathing verification):
• VP-PXRD under dry CO2 and wet CO2 (controlled water activity) to correlate unit-cell transitions with uptake steps.
• Microcalorimetry (dry vs humid) to deconvolute strong-site adsorption from phase-transition enthalpy; acceptance: preserved, reproducible gating enthalpy profile over repeated cycles.

Step 6 — Humid/steam stability and competitive adsorption as a primary qualification (mandatory).
6.1 Co-adsorption and cycling protocol:
• Run mixed-gas co-adsorption (CO2/N2/H2O) by dynamic vapor sorption or controlled-humidity volumetrics.
• Cycling: 200-cycle screen at 353 K adsorption (10% CO2, 10% H2O) / 403 K regeneration (dry N2), then 1000-cycle test for best candidates.
• Include periodic exposures to O2 (5%) and ppm-level SO2/NO2 in short stress tests.
6.2 In situ tracking under wet duty:
• PXRD after defined cycle blocks (0/50/200/1000); DRIFTS to monitor hydrolysis/chemical changes.
• Post-mortem: SEM/FIB-SEM for shell integrity, ICP for Zr leaching (if any), and N2 physisorption for porosity retention.
• Acceptance: ≥85–90% capacity retention targets (as defined in Step 0.2) and preserved core–shell morphology.

Step 7 — Data analysis, modeling, and benchmarking tied to the target window.
7.1 Fit models that explicitly accommodate gating:
• Use dual-site Langmuir (or Toth) for background + a cooperative/gating term (sigmoidal) to extract pCO2*, step height, and hysteresis metrics.
7.2 Report performance in application-relevant metrics:
• Working capacity (humid and dry), regeneration energy proxy (integrated heat of adsorption + sensible heat estimate), and productivity from breakthrough.
7.3 Benchmark comparators:
• ZSM-5 variants, bare LIFM-28, PVSI-modified LIFM-28, physical mixtures, non-covalent composites, and anchored-no-PVSI shells; test under identical humid protocols.

Milestone logic (stop/go):
M1 Interface readiness: passes graft density + accessibility + shell continuity + Zr mass-balance criteria → proceed to PVSI library.
M2 Gate positioning: identifies ≥1 spacer set meeting pCO2* criterion at 333–353 K → proceed to humid cycling.
M3 Humid durability: meets ≥200-cycle retention criterion under wet CO2 → proceed to 1000-cycle qualification and shaped-body breakthrough optimization.","1) Interface feasibility is converted from assumption to a quantified acceptance-gated package. The proposal explicitly measures (a) silane graft density (TGA + XPS + quantitative ssNMR), (b) accessibility of –CO2H anchors (back-titration/DRIFTS), (c) core–shell continuity and thickness statistics (FIB-SEM + STEM-EDS/tomography), and (d) a Zr mass balance tied to the zeolite fraction (size-fractionation + digestion ICP) to rule out free MOF crystallites. These are standard, high-confidence methods for heterogeneous nucleation claims.
2) The operating window is explicitly defined (pCO2, T, H2O/O2/acid gases), and PVSI is no longer an open-ended ‘library’: spacers are screened against a quantitative gate-opening target pCO2* that matches PSA/TSA swing conditions. Go/no-go criteria on pCO2*, humid Δq, and cycle retention prevent over-interpretation.
3) Elevated-temperature humid stability is treated as a primary duty cycle, not optional. The plan includes wet CO2 structural tracking (in situ VP-PXRD/DRIFTS), co-adsorption measurements, and stress tests with O2/SOx/NOx. The anchoring rationale is mechanistically linked to constrained breathing and suppressed coarsening; success is evaluated by morphology retention (FIB-SEM), crystallinity, and capacity retention.
4) The ‘cooperative adsorption’ mechanism is reframed as testable transport/sequence phenomena rather than presumed thermodynamics. Transient breakthrough on shaped bodies provides application-relevant evidence; time-resolved spectroscopy and isotopic switching provide direct proof (or falsification) of sequential filling and quantify mass-transfer resistances. If sequential filling is not observed, the proposal still yields an empirical performance comparison with clear attribution to anchoring and gate programming.
5) The approach is strongly grounded in prior art: LIFM-28 tolerates PVSI with tunable breathing and maintained integrity (Assets 1–2), while zeolite scaffolds can preserve thermal stability and improve adsorption selectivity in MOF–zeolite hybrids (Asset 3). This proposal adds the missing engineering rigor (interface quantification, humid duty cycling, and target-window gate programming) required for credible elevated-temperature cyclic CO2 capture claims.","This is an unusually rigorous and technically mature proposal. Engineering resolution is very high: nearly every speculative claim is converted into an acceptance-gated experiment with orthogonal verification (TGA/XPS/ssNMR for grafting, FIB-SEM/STEM-EDS/ICP for shell authenticity, VP-PXRD/microcalorimetry for breathing). The logical structure is coherent and disciplined—particularly the refusal to assume ‘pre-concentration’ and the insistence on transient breakthrough and isotopic tracing to prove (or falsify) sequential filling. Minor deductions arise from residual risk that PVSI kinetics and reversibility in tethered nanodomains under humid, elevated-temperature duty may be more limited than anticipated; this is acknowledged but remains a potential bottleneck. Additionally, while the mechanical-confinement argument is plausible and well-motivated, direct stress–strain or elastic modulus measurements of the composite during breathing are not explicitly planned, leaving the confinement mechanism inferred rather than directly quantified."
"A Zn(II)–BDC framework adopting the cristobalite topology can exhibit *intrinsic, reproducible photoactivity* when missing-linker defects are not merely introduced but *thermodynamically biased toward a correlated vacancy sublattice* during crystallization. We hypothesize that under DMF/formate coordination competition, one symmetry-inequivalent BDC coordination mode in the cristobalite net becomes preferentially labile due to (i) differential Zn–O(carboxylate) bond dissociation energies under strongly coordinating amide solvents, (ii) local charge compensation by Zn–OH⁻/Zn–formate caps stabilized through hydrogen bonding with DMF, and (iii) reduced elastic strain when vacancies propagate along a specific <111>-type direction of the diamondoid net. Periodic or short-range–correlated vacancy ordering is thus favored over random dilution because it minimizes lattice strain and electrostatic frustration while maximizing favorable Zn–DMF/formate interactions at crystallographically equivalent nodes. These ordered, under-coordinated Zn(II) sites generate persistent defect-associated excited states best described as ligand-to-node charge-separated states (BDC π* → Zn–OH/DMF–perturbed node), rather than classical LMCT in a redox-active sense. Reduced symmetry and altered ligand fields at these nodes stabilize long-lived charge-separated excitations, suppressing non-radiative decay pathways dominant in defect-free Zn–BDC. The rigid cristobalite connectivity enforces uniform Zn···Zn distances and defect–defect coupling, enabling coherent charge transport and measurable visible-light photoresponses without heterometal doping or post-synthetic modification.","Step 1: Predictive modeling of defect ordering.
1.1. Perform periodic DFT and cluster calculations on an ideal cristobalite Zn–BDC net to evaluate relative energies of linker removal at symmetry-distinct BDC sites, explicitly including DMF and formate as terminal ligands.
1.2. Map vacancy–vacancy interaction energies along different crystallographic directions to identify whether correlated ordering (e.g., 2×2×2 supercell) lowers elastic/electrostatic penalties versus random vacancies.
1.3. Compute electronic excited states (TD-DFT/ΔSCF) of defect-free vs defect-capped Zn nodes to generate spectral fingerprints (expected absorption onsets, transient features) for later experimental assignment.

Step 2: Defect-biased crystallization with structural readout.
2.1. Synthesize cristobalite Zn–BDC under solvothermal conditions in DMF using Zn(NO3)2·6H2O, systematically varying DMF:BDC ratios (10–40 equiv) and formic acid modulators (0–5 equiv) identified from modeling to stabilize the predicted vacancy sublattice.
2.2. Grow microcrystalline but electron-diffraction-suitable samples; prioritize kinetic regimes (slow cooling, low supersaturation) predicted to allow vacancy correlation.
2.3. Structural verification: (i) high-resolution synchrotron PXRD to detect superlattice reflections or peak splitting indicative of vacancy ordering; (ii) 3D electron diffraction/RED to resolve local symmetry breaking; (iii) total-scattering/PDF modeling comparing ordered-vacancy vs random-vacancy models; (iv) diffuse scattering analysis to quantify short-range correlation lengths if long-range order is incomplete.

Step 3: Quantification and stability of defect caps.
3.1. Establish cap identity and persistence using in situ variable-temperature/vacuum IR spectroscopy, tracking the coordinated DMF C=O stretch versus temperature.
3.2. Employ 15N-labeled DMF and solid-state 15N/13C NMR to confirm node-bound DMF and distinguish it from pore DMF.
3.3. Conduct post-activation digestion NMR and TGA–MS to quantify residual DMF/formate/OH content, defining an activation window that preserves node-bound caps.

Step 4: Electronic-origin validation of photoactivity.
4.1. Optical characterization: diffuse-reflectance UV–vis correlated directly with photocurrent action spectra to confirm that defect-induced absorption drives charge generation.
4.2. Transient absorption spectroscopy to identify long-lived charge-separated states matching computed defect-node excited states; compare with defect-free and randomly defective controls.
4.3. EPR spectroscopy with spin traps under illumination to detect trapped electrons/holes at defect nodes, excluding purely ligand-centered π–π* excitations.
4.4. Cap-removal controls: rigorously exchange/remove DMF (e.g., acetonitrile treatment) to demonstrate loss or shift of visible absorption and photoresponse, establishing causality.

Step 5: Functional benchmarking.
5.1. Measure photocurrents, impedance spectra, and model reactions (e.g., aerobic alcohol oxidation) across a series with quantified vacancy correlation lengths.
5.2. Correlate performance with degree of defect ordering (not just density), testing the central hypothesis that correlated defects outperform random ones.","1. Thermodynamic/Kinetic Plausibility: Coordination modulation is known to bias carboxylate lability; by explicitly identifying symmetry-inequivalent BDC sites and modeling vacancy–vacancy interactions, this proposal replaces assertion with prediction. Even partial or short-range ordering is sufficient and experimentally accessible.
2. Structural Rigor: The combined use of synchrotron PXRD, 3D electron diffraction, and total scattering directly addresses the reviewer concern that conventional PDF/NMR cannot prove ordering. The plan explicitly distinguishes ordered vs random vacancy models.
3. Electronic Assignment: By pairing action spectra, transient absorption matched to computed states, EPR under illumination, and cap-removal controls, the origin of visible absorption is unambiguously assigned to defect-node states rather than ligand excimers or impurities.
4. Chemical Robustness: Quantitative, labeled-spectroscopy verification of DMF/formate caps ensures that the proposed chromophore is a persistent structural motif, not a processing artifact.
5. Comparative Advantage: Relative to heterometal doping or POM incorporation, this approach maintains compositional simplicity while achieving tunable photoactivity through symmetry-informed defect engineering grounded in thermodynamics and validated by multi-scale structural probes.","This is a technically sophisticated and unusually rigorous proposal that goes well beyond generic defect engineering. The central hypothesis—that correlated, symmetry-selected missing-linker defects in a cristobalite Zn–BDC lattice generate intrinsic photoactivity—is logically coherent and grounded in realistic coordination chemistry. The use of DMF/formate competition as a thermodynamic biasing agent is chemically plausible, and the explicit focus on elastic strain minimization along <111>-type directions demonstrates genuine crystallographic insight. The engineering plan is exceptionally detailed, especially in structural validation (PXRD + 3D ED + PDF + diffuse scattering), which directly addresses a common weakness in defect-MOF literature. Minor deductions arise from two points: (i) the assumption that correlated vacancy ordering will be experimentally accessible under solvothermal conditions may be optimistic without stronger kinetic arguments or precedent in Zn–BDC systems specifically adopting cristobalite nets, and (ii) the electronic-structure section relies heavily on TD-DFT/ΔSCF at defect nodes, which may struggle quantitatively for charge-separated excited states without embedding or higher-level corrections. These are risks rather than flaws, but they temper confidence in absolute predictive accuracy. Overall, the proposal reflects deep domain mastery, careful hypothesis testing, and an unusually strong alignment between theory, synthesis, and spectroscopy."
"We hypothesize that *deterministic, symmetry-enforced intrapore “soft-contact clamps”* can be achieved—and translated into strongly suppressed or sign-inverted anisotropic thermal expansion—by **decoupling (i) framework construction from (ii) clamp locking** using a two-node architecture with orthogonal binding pockets. Specifically, we will construct a permanently porous pillared-layer MOF in which (A) the 2D sheet is formed by carboxylates bound to a **square-planar M(II) node (no axial sites available; e.g., Ni(II)/Pd(II) in square-planar environments)**, while (B) a *separate, symmetry-fixed clamp-locking site* is provided by **a secondary metal (M′) embedded in the pillar or as a dedicated post-synthetic docking site** that binds the **imidazolyl N** of 4-(1H-2-methylimidazol-1-yl)benzoate (MImBz−) with high site selectivity. This eliminates the reviewer-flagged conflict where paddlewheel axial sites would be simultaneously demanded by solvent/modulator, the pillar, and the imidazolyl N.

Mechanistically, we posit that ordered opposing-wall placement of MImBz− generates a temperature-dependent free-energy landscape for interwall separation (w):
- At low T, the clamp region sits near a shallow minimum governed by **dispersion + quadrupolar π/heteroaromatic interactions** between facing methylimidazolyl–aryl surfaces (vdW-dominant regime in ~5–8 Å pores).
- At higher T, increased librational amplitude and steric excluded-volume between opposed methylimidazolyl rings causes an **entropic/anharmonic upshift in ∂G/∂w**, effectively stiffening (or over-stiffening) the low-frequency transverse modes that normally expand the pore (soft-mode suppression). This produces **α⊥ → 0 or α⊥ < 0** (perpendicular to the channel axis) while preserving permanent porosity.

Crucially, the proposal now defines measurable thermodynamic requirements for the claimed crossover: we require a computed and experimentally consistent **ΔG(w,T)** such that (i) the curvature κ(T)=∂²G/∂w² increases with T over 200–400 K in the clamp-active direction and (ii) the location of the free-energy minimum shifts to smaller w with T (dw*/dT < 0) to enable negative expansion. By design, the clamp couples to the specific lattice degree of freedom governing channel width, not to generic framework breathing. The approach further anticipates disorder risks by embedding an enforceable orientation element (secondary metal docking geometry or steric buttress) rather than relying on crystallization kinetics.","Step 0 — Architecture selection (explicit de-risking of coordination/orientational disorder)
0.1 Two-node, orthogonal-site design: Select a pillared-layer topology where **sheet formation uses nodes without accessible axial sites** (eliminates solvent/pillar competition) and **clamp locking uses a distinct, saturable site**.
- Sheet node (M): square-planar-preferred M(II) (target: Ni(II) with strong ligand-field stabilization in square-planar carboxylate environments; backup: Pd(II) if needed for strict square-planarity). Design goal: each sheet metal has no labile axial sites.
- Clamp-locking site (M′): a dedicated metal-binding pocket that selectively coordinates imidazolyl N (examples: tetrahedral Zn(II) in a pillaring unit; or octahedral Co(II)/Zn(II) in a preorganized chelating pillar). This site is *not* required for sheet connectivity.
0.2 Symmetry-enforced opposing-wall pairing: Choose a channel geometry in which two equivalent rows of MImBz− must face across the pore by space-group constraints (e.g., mirror/inversion relating opposite walls). Design criterion: the asymmetric unit contains one MImBz− orientation; the opposite wall is generated by symmetry, enforcing pairwise registry.
0.3 Contingency “steric buttress”: Predefine a backup variant of MImBz− bearing a small ortho substituent (e.g., F or Me on the benzoate ring) positioned to bias a single rotamer, increasing the energetic penalty for orientational disorder without blocking porosity.

Step 1 — Construct the ordered clamp framework (coordination explicitness)
1.1 Ligand implementation: Use MImBz− as a heterotopic linker where:
- Carboxylate binds only to the sheet node M (no axial competition).
- Imidazolyl N binds only to M′ at a dedicated docking site (pillaring unit or post-synthetic docking site).
1.2 Pillar strategy (decoupled from clamp locking): Employ a *separate* rigid pillar to define channel width (L) in the vdW window (target interwall aromatic–aromatic centroid distance 5.5–7.5 Å at 300 K).
- Pillar choice: linear ditopic linker (e.g., 4,4′-bipyridine or an isoreticular analogue) that connects sheets through nodes designed to avoid axial site competition with imidazolyl.
- Channel targeting: select pillar length such that the clamp contact patch area per unit cell is maximized while maintaining accessible free volume (success metric in Step 3).
1.3 Clamp-locking implementation options (choose primary + backup):
Option A (primary): Pillar contains a preorganized chelating pocket that binds M′ and presents a fixed coordination vector toward the pore interior; imidazolyl N docks to M′ during assembly.
Option B (backup): Post-synthetic metalation (PSM) of a preinstalled chelating site (on pillar or side-arm) with Zn(II)/Co(II), then imidazolyl docking to M′ under controlled conditions.
Deliverable: a framework where the *pillar connectivity* and *clamp orientation* are orthogonal constraints, preventing mixed axial environments.

Step 2 — Disorder quantification and ordering validation (explicit methods, not implied)
2.1 Single-crystal XRD (if available): refine occupancies and anisotropic displacement parameters for methylimidazolyl orientation; require single orientation in the asymmetric unit.
2.2 Total scattering/PDF + diffuse scattering: quantify short-range vs long-range orientational order; look for signatures of correlated disorder vs random orientation.
2.3 Solid-state NMR (mandatory per critique):
- 13C/15N CPMAS to resolve distinct imidazolyl environments; multiple resonances/line broadening indicates disorder.
- If feasible, 15N labeling at imidazolyl N to sensitively quantify coordination fraction to M′.
2.4 Axial-site occupancy is no longer a relevant failure mode for the sheet node (by design); instead quantify **M′ docking fraction** (target ≥90% at 300 K by refinement/NMR).
Contingency trigger: if docking fraction <90% or diffuse scattering indicates major orientational disorder, activate steric-buttress ligand variant and/or shift to Option B (PSM) to force completion.

Step 3 — Quantitative success metrics and go/no-go criteria (thermomechanical + structural)
3.1 Structural clamp metrics (must pass before deep thermo testing):
- Opposing-wall contact distance (d): aromatic/heteroaromatic plane-to-plane or centroid distance across pore: **d(300 K)=5.5–7.5 Å**.
- Angular registry (θ): relative orientation of facing rings within **±15°** of the designed face-to-face/slipped-stack geometry.
- Temperature derivative: require **dd/dT ≤ 0** over 200–400 K in the clamp-active direction (a structural prerequisite for negative α⊥).
Go/no-go: if d is outside window or dd/dT > 0 strongly, redesign pillar length (L) or adjust M′ coordination geometry.
3.2 Thermal expansion acceptance criteria (anisotropic, explicit):
Measure lattice parameters by variable-temperature synchrotron PXRD (100–400 K) and extract anisotropic coefficients.
- Target for “suppressed expansion”: **α⊥ ≤ +5 × 10⁻⁶ K⁻¹** (channel-width direction).
- Target for “negative expansion”: **α⊥ ≤ −5 × 10⁻⁶ K⁻¹** sustained over at least a 100 K interval.
- Requirement: porosity retained (see 3.4).
3.3 Thermodynamic crossover proof (free-energy requirement):
Obtain/validate ΔG(w,T) for wall separation coordinate w.
- Required profile: κ(T)=∂²G/∂w² increases with T (stiffening), and the minimum w*(T) shifts to smaller w with increasing T over the interval where α⊥ becomes small/negative.
Experimental proxy: temperature-dependent Raman/IR shifts of clamp-associated librational modes must blue-shift (increasing effective stiffness) with increasing T in the same range.
3.4 Permanent porosity criteria (explicit):
- N2 sorption at 77 K: retain ≥80% of initial BET area after 10 thermal cycles (100↔400 K).
- In situ PXRD during activation: no phase change; unit cell volume change upon desolvation ≤3% unless reversible.

Step 4 — Mechanistic stress tests with guests (vdW competition vs reinforcement)
4.1 In situ VT-PXRD under controlled loadings of CH4, CO2, H2 to interrogate clamp-guest competition.
- Acceptance logic: if guests occupy clamp region, expect reduced clamp effect (α⊥ becomes more positive); if guests adsorb elsewhere or reinforce wall registry, α⊥ remains suppressed/negative.
4.2 Neutron/X-ray diffraction (as feasible) to locate adsorption sites; prioritize conditions where pore-wall interactions dominate (cf. aromatic-linker binding sites).

Step 5 — Computation reduced to a staged hierarchy with observables and checkpoints
Stage I (fast screening; go/no-go for synthesis targets):
5.1 Build structural models varying pillar length and M′ geometry; use force-field or ML potential with explicit dispersion to compute (i) equilibrium d, (ii) clamp contact energy, (iii) elastic response along w. Observable link: predicted d and stiffness correlate to PXRD-derived geometry and elastic trends.
Stage II (anharmonic classical MD; mechanism-to-observable mapping):
5.2 Run NPT MD across 100–400 K to predict anisotropic thermal expansion and identify dominant low-frequency modes coupling to w. Observable link: compare α(T) tensor to VT-PXRD.
Stage III (selective DFT validation; limited scope):
5.3 Perform periodic DFT-D4 only on (a) the best candidate and (b) one control to validate clamp interaction geometry and energy decomposition at 0 K and constrained w.
Stage IV (PIMD only for a narrowly defined question):
5.4 Apply PIMD on a reduced supercell focusing on methylimidazolyl librations below ~150 K to quantify nuclear quantum effects on clamp-associated heat capacity/mode softening. Observable link: low-T heat capacity trend and Raman mode behavior.

Step 6 — Controls (causality isolation)
6.1 Chemical control: isoreticular framework replacing MImBz− with benzoate lacking imidazolyl/methylimidazolyl surface (removes clamp vdW patch).
6.2 Geometric control: identical composition but M′ docking site absent or blocked (imidazolyl cannot lock), probing disorder vs ordered clamp.
6.3 Guest control: measure α⊥ under a guest known to strongly bind aromatic walls vs a weakly interacting gas to distinguish generic adsorption stress from clamp-specific competition.","Addresses (i) ordering/axial disorder risk: The revised design removes the core failure mode of paddlewheel axial-site competition by using a sheet node without labile axial sites and moving imidazolyl locking to a *separate, saturable docking site* (M′). Opposing-wall pairing is enforced by crystallographic symmetry (one orientation per asymmetric unit) rather than by crystallization kinetics. Disorder is not assumed away: it is *quantified* via diffuse scattering/PDF and solid-state NMR, with explicit pass/fail thresholds (≥90% docking; single dominant orientation).

Addresses (ii) quantitative thermodynamic basis for “sign-inverted” expansion: The proposal now defines explicit targets for anisotropic thermal expansion (α⊥ thresholds), explicit structural metrics (d, θ, dd/dT), and a required free-energy signature ΔG(w,T) demonstrating the intended temperature crossover (stiffening and w* shift). These are directly measurable via VT-PXRD and vibrational spectroscopy and directly computable via staged simulation.

Addresses (iii) internal coordination ambiguity: Pillaring and clamp-locking no longer compete for the same coordination site. The pillar defines channel width; M′ defines clamp orientation; the sheet node does not provide axial binding. This eliminates mixed axial environments and reduces the likelihood of partial occupancy and solvent capping dominating the structure.

Addresses (iv) computational feasibility and causality: Computation is reduced to a model hierarchy with go/no-go checkpoints and explicit observable links. Force-field/ML screening selects geometries; anharmonic MD predicts α(T) and mode coupling; DFT-D4 is reserved for validation on a minimal set; PIMD is constrained to low-T quantum effects on librations (a precise question aligned with known needs for quantum/anharmonic treatments in guest-loaded frameworks). This staging improves feasibility while strengthening causal attribution to the designed vdW clamp.

Alignment with the thermal expansion → vdW interactions → functionalized pore walls → permanent porosity chain: The clamp is explicitly an intrapore vdW contact patch between functionalized pore walls placed in the pore-size regime where wall interactions dominate adsorption. Permanent porosity is protected by activation protocols and cycle-tested sorption metrics, while guest-loading experiments explicitly test whether vdW interactions at the pore wall are the mechanistic lever for the thermal response.","This is an unusually high-resolution proposal that directly addresses prior reviewer-flagged failure modes with concrete architectural changes rather than rhetorical reframing. The two-node, orthogonal-site strategy is chemically plausible and correctly targets the dominant coordination ambiguity inherent to paddlewheel-based designs. The mechanistic hypothesis is logically coherent: the clamp is tied to a specific lattice degree of freedom (channel width) and the thermodynamic requirements for sign-inverted anisotropic thermal expansion are explicitly defined in terms of ΔG(w,T), κ(T), and dw*/dT. Engineering execution is strong, with explicit pass/fail metrics, disorder quantification tools, and a staged computational hierarchy aligned to observables. Minor deductions arise from residual risk in the square-planar Ni(II) carboxylate sheet assumption (synthetic robustness and generality remain nontrivial) and from the ambitious reliance on symmetry enforcement to fully suppress orientational degeneracy in real crystals. These are risks, not logical flaws, and are partially mitigated by the steric-buttress contingency."
"A mechanically reinforced, humidity-resilient proton-conducting derivative of MIL-101(Cr) can be realized if (and only if) sulfonic-acid tethers are (i) truly node-bound at defined Cr(III) node terminations (terminal –OH/–H2O on the Cr3O cluster rather than ambiguous physisorption) and (ii) achieve a quantifiable, non-random population of window-adjacent “bridge-capable” conformations that create persistent, confined hydrogen-bond networks spanning inter-cage apertures. Mechanistically, node-anchored, window-proximal tethers act as dual-function structural elements: (1) mechanical reinforcement arises from suppressing cage/window compliance (local hinge-like motions around the super-tetrahedron) via an internal ‘tether-spring’ network whose effect should scale with a measurable bridging-fraction proxy rather than total sulfur loading alone; (2) proton conduction arises when –SO3H groups template percolating water-mediated pathways with Grotthuss-dominated hopping, evidenced by low apparent activation energy, a measurable H/D isotope effect, and a quantitative correlation between water dynamics (QENS/NMR timescales) and conductivity. This refined hypothesis directly addresses reviewer concerns by pre-registering: (a) a geometric/energetic feasibility gate for true inter-cage bridging based on MIL-101 window metrics plus tether conformational sampling, (b) an orthogonally verified Cr–O–(tether) binding mode at substitution-inert Cr(III) nodes, and (c) a causal test that modulus/yield increases track intrinsic framework-level reinforcement (microcrystal pillars) rather than pellet densification or defect evolution.","Step 0 — Pre-registered structural targets and definitions (before synthesis)
0.1 Define the structural ‘bridge’ objective in MIL-101(Cr) using crystallographic metrics. Use reported MIL-101(Cr) cage architecture (two cage types connected through pentagonal/hexagonal windows) and extract window diameters and node-to-window geometric descriptors from the CIF. Operational definition: a tether is “bridge-capable” if its terminal S atom (or sulfonate O centroid) can reside within a predefined window-adjacent shell while remaining node-bound, with an end-to-end reach that can place the –SO3H within hydrogen-bonding distance (≤3.2 Å O···O) of a water cluster that is simultaneously within the adjacent cage’s window-adjacent shell. This avoids over-claiming literal covalent crosslinks while keeping the mechanistic requirement (inter-cage proton-relay continuity).
0.2 Pre-register measurable bridging proxies:
  • PDF/total scattering: appearance/shift/intensity change of S···S and S···Cr pair correlations in the 3–10 Å range relative to a non-acid tether control at matched loading; target observables are (i) an S···Cr peak consistent with node binding and (ii) an S···S distance distribution consistent with window-proximal clustering/bridging rather than random pore dispersion.
  • Solid-state NMR distance restraints: 13C/19F/31P labeling options (see Step 2) to enable REDOR/TRAPDOR-type distance constraints between tether endgroups and framework/linker nuclei; or 1H–1H spin diffusion changes consistent with tether-end proximity across windows under controlled hydration.
  • Water sorption + calorimetry: an additional bridging-consistent signature is a discrete increase in isosteric heat (Qst) at low coverage plus a plateau in σ(RH) at high RH for samples predicted to exceed the percolation threshold in hydrogen-bond connectivity.

Step 1 — Node-state control and de-risked Cr(III) grafting chemistry
1.1 Synthesize MIL-101(Cr) with controlled defect populations using a modulated hydrothermal route, but explicitly target a node termination state that is ligand-exchange-accessible: Cr3O clusters bearing terminal –OH/–H2O. Avoid assumptions of facile substitution at “open metal sites”; instead, generate and quantify terminal aquo/hydroxo sites.
  • Activation protocol: stepwise solvent exchange to remove strongly coordinating guests, followed by controlled thermal/vacuum activation that preserves terminal –OH/–H2O rather than creating unstable under-coordinated Cr sites.
1.2 Baseline node speciation and defect quantification (pre-grafting):
  • IR: identify terminal –OH and bound H2O signatures.
  • TGA + elemental analysis: quantify residual anions/solvent.
  • CO/NO probe-IR only as supportive evidence (recognizing kinetic limitations at Cr(III)); interpret cautiously.
  • PXRD + total scattering/PDF: establish baseline local Cr–O and Cr···Cr distances to detect later node restructuring.
1.3 Choose headgroups with a kinetic/thermodynamic rationale compatible with substitution-inert Cr(III) nodes:
  • Primary headgroup: phosphonate (–PO3H2) or hydroxamate (–CONHO–) variants in addition to carboxylate. Rationale: multidentate, higher-affinity binding to hard Cr(III) centers and ability to bind via terminal –OH/–H2O displacement without requiring full node rearrangement.
  • Include a carboxylate-only tether as a comparator but not the sole route.
1.4 Grafting conditions designed for Cr(III) exchange without hydrolysis/defect evolution:
  • Use anhydrous, non-aqueous solvents (e.g., dry acetonitrile/DMF depending on stability) with controlled temperature (e.g., 40–80 °C) and time-course sampling.
  • Use stoichiometric control to target fractional occupancy (e.g., 5–60% of terminal sites), determined by uptake kinetics.
  • Implement a kinetic study: measure tether uptake vs time and temperature; fit to a simple kinetic model to demonstrate whether exchange is diffusion-limited or reaction-limited.
1.5 Orthogonal verification of binding mode (mandatory):
  • Cr K-edge EXAFS/XANES: detect changes in Cr first-shell coordination (Cr–O distances, coordination number) consistent with tether binding to terminal positions rather than framework dissolution/reprecipitation.
  • S K-edge XANES/EXAFS (or P K-edge for phosphonate): confirm sulfonate oxidation state and local environment; identify whether sulfonic acid is intact after processing.
  • Combine with digest-NMR/ICP for loading and mass balance.

Step 2 — Tether library engineered around the window-spanning feasibility gate
2.1 Build a tether library where (a) end-to-end length and flexibility are systematically varied and (b) at least one member is conformationally biased toward window adjacency.
  • Length series: (CH2)n–SO3H with n chosen from geometric analysis (Step 0) to bracket the predicted window-adjacent bridging regime; include short (n~3–4), medium (n~6–8), and longer (n~10–12) variants.
  • Flexibility/solvation series: include an oligo(ethylene glycol) spacer (e.g., –(CH2CH2O)m–) to promote structured hydration while keeping size compatible with pore apertures.
  • Headgroup series: carboxylate vs phosphonate vs hydroxamate for the same spacer length to test binding robustness at Cr(III).
  • Controls: (i) non-acid terminal group (–CH3) at matched length/headgroup to decouple pore filling/mechanics from proton chemistry; (ii) free sulfonic acid impregnation control at matched sulfur content to demonstrate immobilization advantage.
2.2 Include at least one spectroscopically “trackable” tether to enable distance proxies:
  • Option A: incorporate 19F near the sulfonate terminus (without changing acidity drastically) to enable 19F-based ssNMR proximity experiments.
  • Option B: 13C labeling at specific tether positions for 13C{1H} REDOR-type constraints.
2.3 Post-synthetic tether installation and deprotection pathway designed to avoid node hydrolysis:
  • Prefer direct installation of sulfonic acid (–SO3H) rather than harsh deprotection; if protection is required, use mild ion-exchange steps and verify with XANES that the framework remains intact.

Step 3 — Quantifying “bridging fraction” and ruling out alternative explanations
3.1 Geometry + conformational sampling workflow (executed early; informs which tethers proceed):
  • Use the MIL-101(Cr) structure to generate a node-anchored tether model.
  • Perform classical conformational sampling (MD or Monte Carlo) of single and multiple tethers at relevant loadings (e.g., 10%, 30%, 50% site occupancy), explicitly including steric constraints from windows.
  • Output: distribution of terminal S positions relative to window planes; compute a “bridge-capable fraction” f_bridge defined by the pre-registered criteria in Step 0.
  • Energetics: estimate free-energy preference for window-adjacent vs cage-interior conformations (umbrella sampling or restrained MD) for representative tethers.
3.2 Experimental bridging proxies:
  • Total scattering/PDF: collect for dry and hydrated states; fit with models that include sulfur scatterers to extract S···Cr and S···S distance distributions. Compare against simulated distributions from Step 3.1.
  • ssNMR (if labeled tether used): acquire distance-sensitive experiments under controlled hydration to detect increased cross-window proximity relative to non-acid controls.
  • Water sorption isotherms (H2O and D2O): measure uptake and hysteresis; fit to identify threshold-like uptake consistent with formation of confined water networks.
3.3 Defect/porosity evolution controls (mandatory to refute “densification/annealing” explanations):
  • PXRD for long-range crystallinity pre/post grafting.
  • PDF for local node integrity and detection of node restructuring.
  • N2 sorption (BET, pore size distribution) plus CO2 sorption (micropore sensitivity) to verify retention of window accessibility.
  • H2O sorption to quantify hydrophilicity change and relate directly to proton transport behavior.

Step 4 — Mechanics: decouple intrinsic framework reinforcement from pellet artifacts
4.1 Make single-particle mechanics central:
  • Prepare microcrystals suitable for microcompression; fabricate FIB-milled pillars from single crystals or individual crystallites mounted to minimize interparticle contacts.
  • Target statistical robustness: n≥15–30 pillars per condition (baseline MIL-101, non-acid tether, acid tether at multiple loadings/lengths) to resolve variability.
4.2 Measure:
  • Elastic modulus and yield/incipient plasticity from microcompression stress–strain.
  • Failure mode mapping by SEM/TEM of deformed pillars.
4.3 Use pellets only as a secondary, application-relevant metric and explicitly control for compaction:
  • Standardize pressing pressure, dwell time, and pellet density; report porosity loss.
  • No binders unless unavoidable; if used, quantify and keep constant.
4.4 Mechanistic attribution test:
  • Test whether modulus/yield correlates with f_bridge (from Step 3) more strongly than with total sulfur loading or pellet density.
  • Compare acid vs non-acid tethers at matched loading: if reinforcement is truly from tether-spring connectivity/window stiffening, both should increase modulus similarly; any additional changes due to water uptake/acid chemistry should be separable.

Step 5 — Proton transport: falsifiable criteria for Grotthuss vs vehicular contribution
5.1 EIS measurements under rigorously controlled hydration:
  • Measure σ(RH,T) from 20–95% RH and 25–90 °C; ensure equilibration time is sufficient and report it.
  • Extract Ea from Arrhenius plots at fixed RH.
5.2 Isotope effect as a required discriminator:
  • Repeat σ measurements under D2O humidification (same RH protocol) and compute σH/σD; a significant isotope effect supports Grotthuss contributions.
5.3 Quantitative linkage between water dynamics and conductivity:
  • QENS (or 2H/1H solid-state NMR relaxometry/diffusometry, depending on access) to extract correlation times and mobility of confined water near –SO3H.
  • Correlate: (i) QENS/NMR-derived timescales vs σ, and (ii) timescales vs Ea across the density×length matrix.
  • Falsifiable expectation: samples with higher f_bridge should show (a) higher σ at a given water uptake, (b) lower Ea, and (c) reduced conductivity loss after dry–rehydrate cycling.
5.4 Desorption sensitivity / cycling test:
  • Vacuum-dry to a defined endpoint (mass stability), then rehumidify; track σ recovery. Immobilized tethers should yield higher reversibility than free-acid impregnated controls at matched sulfur content.
5.5 Optional mechanochemical coupling test (kept but clarified):
  • Perform EIS under controlled uniaxial compressive stress on a standardized pellet fixture; interpret only after intrinsic pillar data establish framework-level reinforcement.

Step 6 — Modeling narrowed to an executable, validated workflow
6.1 Stage 1 (predictive, low risk): classical MD with explicit water + tethered acids.
  • Force field: use a MOF-validated framework force field (e.g., MOF-FF/UFF4MOF class) plus compatible parameters for sulfonic acids; validate key structural observables against PXRD/PDF and water uptake.
  • Outputs: hydration structure, H-bond network graph metrics (connectivity, percolation probability across windows), residence times of water near –SO3H.
6.2 Calibration to experiment (mandatory before reactive transport):
  • Fit/validate MD-derived water residence/correlation times against QENS/NMR for 1–2 representative samples (low vs high f_bridge).
  • Validate spatial S-distribution against PDF/ssNMR distance proxies.
6.3 Stage 2 (only on validated subdomains): reactive/proton hopping modeling.
  • Build representative subdomains (window-adjacent region with two cages + tether configurations) selected from MD ensembles.
  • Apply a reduced proton transport model (e.g., empirical valence bond on a small cluster or a parametrized hopping model on an H-bond graph) to estimate relative trends, not absolute σ.
  • Success criterion: correctly predict ordering of σ and isotope effect across a small subset; expand only if predictive.

Milestones / go-no-go criteria
M1 (Feasibility of binding): EXAFS-confirmed node binding without loss of MIL-101 local structure (PXRD+PDF) at ≥10% loading.
M2 (Bridging plausibility): measurable PDF/NMR proxy consistent with non-random window-adjacent S distributions and an f_bridge > threshold predicted by sampling.
M3 (Mechanics causality): micro-pillar modulus/yield increases that correlate with f_bridge (and persist when pellet artifacts are excluded).
M4 (Transport mechanism): significant isotope effect + quantitative correlation of σ and Ea with hydration dynamics; superior dry–rehydrate recovery vs free-acid control.","Cr(III) grafting risk is addressed by (i) explicitly targeting terminal –OH/–H2O node terminations rather than assuming facile “open site” substitution, (ii) expanding headgroups beyond carboxylate to stronger, multidentate hard-base binders (phosphonate/hydroxamate) suited to substitution-inert Cr(III), (iii) using non-aqueous, temperature-controlled ligand-exchange conditions with time-resolved uptake kinetics, and (iv) requiring Cr K-edge EXAFS as an orthogonal binding-mode proof (supplemented by S/P K-edge where relevant). Bridging feasibility is no longer assumed: it is gated by a pre-registered geometric model built from MIL-101 pore-window metrics and conformational sampling that yields an explicit f_bridge, then experimentally constrained using PDF/total scattering and (where enabled) ssNMR distance restraints. Mechanical reinforcement attribution is deconvoluted from pellet densification by making microcrystal/FIB-pillar compression the primary mechanical readout with adequate statistics, and by tracking defect/porosity evolution (PXRD+PDF+gas sorption+water sorption) pre/post functionalization to rule out annealing/densification as dominant drivers. Proton-transport mechanism assignment is tightened using mandatory water uptake isotherms, H2O/D2O isotope effect, and a quantitative correlation between water dynamics (QENS/NMR timescales) and σ/Ea to distinguish Grotthuss-dominated hopping from vehicular transport. Finally, modeling scope is narrowed to an executable pipeline: classical MD + graph-theoretic H-bond connectivity metrics calibrated against QENS/NMR and scattering-derived spatial constraints, with reactive proton transport modeling restricted to validated representative subdomains for trend prediction. This integrated, falsifiable design directly couples guest-dependent elasticity (via tether density/length and bridge-capability) to proton conductivity (via anchored acid density and percolating water-wire networks) while remaining realistic about MIL-101(Cr) node chemistry and the statistical nature of tether configurations.","This is an unusually rigorous and technically mature proposal that directly addresses common failure modes in MIL-101 functionalization studies (ambiguous binding, pellet artifacts, overclaimed proton pathways). Engineering resolution is exceptionally high: micro-pillar compression, EXAFS-verified Cr(III) binding, PDF/ssNMR distance proxies, and isotope-resolved transport measurements are all state-of-the-art and well integrated. Logical consistency is strong, with a clearly articulated dual-role mechanism for tethers and multiple falsifiable gates; however, the hypothesis approaches an 'if and only if' framing that may be overly restrictive given the statistical nature of MOF disorder—partial or transient bridging may still contribute to conductivity or stiffening without meeting the strict f_bridge threshold. Evidence grounding is excellent and disciplined, though the reliance on PDF/S···S correlations to infer window-spanning proximity could be confounded by intra-cage clustering at higher loadings unless very carefully modeled. Rationale quality is high: the proposal does not merely apply known sulfonation strategies, but redefines success metrics (bridging fraction, pillar mechanics, water dynamics correlation) to solve a recognized bottleneck in decoupling mechanics from transport in proton-conducting MOFs. Minor score deductions reflect executional risk (resource intensity, cumulative experimental burden) rather than conceptual weakness."
"Crystal-size–dependent immobilization selectivity in hL/ZIF-8 can be made mechanistically interpretable—and predictably tunable—only if (i) the *location* of enzyme (external surface vs intracrystalline) is quantitatively partitioned and (ii) the “orientation-biasing chemistry” is implemented as a *surface-localized, spatially heterogeneous* modification whose distribution is demonstrated independently of ideal Miller-index assumptions. We hypothesize that narrowing ZIF-8 crystals to 30–150 nm increases the fractional contribution of external-surface immobilization (shorter diffusion length, higher external area per mass) and therefore amplifies any orientation bias imposed by sparse surface anchoring sites. Orientation bias will be generated by low-conversion post-synthetic ligand exchange (PSLE) that yields *surface-enriched microdomains* (patches) of functional imidazolates; these microdomains reduce lysozyme’s rotational entropy at the interface and enrich a subset of docking geometries that place the catalytic cleft accessible (“active-site-out”) while maintaining sufficient substrate approach. Critically, to overcome the reviewer-identified weakness of claiming facet-selective exchange, the refined hypothesis does not require strict {110}/{100} exclusivity. Instead, it predicts that *wherever* PSLE concentrates (facet, edge, defect-rich region), selectivity gains will scale with: (a) the *measured spatial heterogeneity* of exchanged-linker density on the outer 1–3 nm of the crystal, and (b) the *measured surface-accessible fraction* of enzyme. A causal orientation mechanism is supported if: (1) patch heterogeneity correlates with EPR-derived orientation order parameters; (2) selectivity changes persist after correcting for transport via an effectiveness-factor/Thiele-modulus kinetic model; and (3) the effect is reproduced with a non-thiol polar PSLE control (matched exchange %) and attenuated/abolished when patch interactions are chemically blocked. This reframing directly addresses surface reconstruction/defect confounds: patch localization is treated as an experimentally measured variable (and potentially defect-driven), and Zn–S coordination is isolated from generic polarity/charge effects via matched non-coordinating controls.","Step 1 — ZIF-8 libraries with controlled size and quantified defect density
1.1 Size regimes: Prepare ZIF-8 in (i) 30–60 nm, (ii) 80–120 nm, and (iii) 300–600 nm regimes. Use identical Zn:2-methylimidazole stoichiometry and total solids; vary only nucleation/growth kinetics using (a) base (NH4OH) dose and addition rate, (b) mixing intensity (stopped-flow for ≤120 nm; conventional solvothermal for ≥300 nm), and (c) ligand concentration while holding ionic strength constant. Quench at matched conversion (monitored by supernatant Zn by ICP-OES).
1.2 Normalize activation history: identical solvent exchange sequence (MeOH → CHCl3 or MeOH → acetone, pre-defined number of exchanges, identical temperatures) and vacuum activation protocol. Record residual solvent via TGA/FTIR to ensure comparability.
1.3 Defect metrics (explicitly to decouple size from defects): quantify missing-linker/under-coordination proxies by (a) solution 1H NMR of digested MOF (linker:Zn ratio), (b) modulator incorporation if used, and (c) CO2 adsorption at 273 K (defect-sensitive uptake) alongside N2-BET.

Step 2 — PSLE chemistry redesigned to *prove* surface localization and test facet vs defect correlation
2.1 Two functional PSLE linkers + one strict non-coordinating control (matched exchange %):
  • L1 (thiol): 2-mercaptoimidazole (2-SH-Im) to test soft-base/Zn interactions.
  • L2 (polar, weakly coordinating): 2-hydroxyimidazole (2-OH-Im) or 2-methoxyimidazole (2-OMe-Im) as a polar control expected to alter H-bonding/polarity with minimal Zn–S-like coordination.
  • L3 (charge/polarity control, minimal Zn binding): 2-methylimidazole-4,5-d2 (isotopically labeled) or an imidazole bearing a short PEG-like substituent with steric hindrance to Zn coordination (chosen based on stability screening); purpose is to match surface polarity/sterics without introducing strong new coordination.
2.2 PSLE conditions engineered to bias *outer-surface* exchange (not bulk): perform PSLE on activated crystals in anhydrous alcohol (MeOH or iPrOH) with controlled water activity (≤0.5% v/v H2O), dilute linker (0.5–5 mM), short times (5–60 min), room temperature, and immediate quench by rapid centrifugation and washing. The target is 0.5, 1, 3, and 5 mol% exchanged linker (relative to total linker), verified by digest-1H NMR (or LC-MS if needed). Avoid aqueous PSLE to suppress deep diffusion and framework dissolution.
2.3 Mandatory proof of localization and heterogeneity (patchiness) on the external shell:
  • Angle-resolved XPS (ARXPS): quantify S (or O) enrichment vs take-off angle to estimate functional-group depth profile; fit to layered model to estimate modified-shell thickness (goal: outer ~1–3 nm enriched).
  • ToF-SIMS depth profiling (cluster ion sputter): map S−/O− fragment intensity vs depth; verify steep decay within first few nm. Include an internal standard sample with intentionally “uniform” high exchange (e.g., 20–30% PSLE under longer time) to calibrate depth-profiling response.
  • Correlative (S)TEM on indexed crystals: for ≥300 nm crystals, acquire HRTEM/SAED to assign major facets; perform STEM-EDS/EELS mapping for S (thiol) or O (polar) signal across specific facet planes vs edges/corners. For ≤120 nm crystals where facet indexing is harder, use ensemble methods (ARXPS + ToF-SIMS) plus shape statistics.
  • Selective facet/edge blocking experiment (to test whether exchange tracks defects/edges rather than ideal facets): pre-passivate external Zn sites with a reversible, bulky base (e.g., 1-methylimidazole) or a polymeric steric blocker (PVP) prior to PSLE; quantify reduction in PSLE uptake and compare effect across size regimes. If exchange is edge/defect-driven, blocking will disproportionately suppress PSLE in smaller, higher-curvature particles.
  • Defect-correlation test: regress measured PSLE uptake rate/extent (initial slope from time series) against defect proxies (digest-NMR linker:Zn deviation, CO2 uptake, zeta potential trends). This explicitly tests the reviewer’s concern that exchange correlates more with defect density than facet identity.
2.4 Stability and Zn–S perturbation checks (for thiol-specific confounds): measure Zn leaching (ICP-OES of supernatant), framework integrity (PXRD), and local coordination changes (Zn K-edge XAS if available; otherwise XPS Zn 2p shifts + FTIR/Raman signatures). Compare L1 vs L2 at identical exchange % to isolate Zn–S effects.

Step 3 — Enzyme immobilization with orthogonal quantification of surface vs intracrystalline populations
3.1 Two immobilization routes (as before) but with explicit population partitioning:
  (A) Post-synthetic adsorption (surface-dominant): immobilize at pH 6.0–7.0 (hL net positive) in buffered low-ionic-strength medium; control loading by enzyme:MOF ratio and time.
  (B) Biomimetic mineralization/encapsulation (encapsulation-dominant): grow ZIF-8 around hL under standardized precursor addition; wash rigorously to remove surface-bound protein.
3.2 Mandatory orthogonal “location” assays (quantitative):
  • Protease-accessibility assay: treat composites with a non-specific protease too large to enter ZIF-8 (e.g., trypsin or proteinase K; select based on hydrodynamic size and ZIF-8 aperture constraints). Quantify remaining intact hL (SDS-PAGE densitometry and activity) to infer protected (intracrystalline) fraction. Include controls showing protease cannot penetrate empty ZIF-8 (fluorescently labeled protease binding assay).
  • Impermeant fluorescence quenching: label hL with an external fluorophore; apply an aqueous, membrane-impermeant quencher (e.g., iodide/tryptophan quenching variant or a sulfonated dye quencher). Quenching efficiency reports surface-exposed fraction. Calibrate with fully surface-bound standards.
  • Spatial mapping on larger crystals (≥300 nm): confocal fluorescence z-stacks (or super-resolution if available) to visualize shell vs core distribution; correlate with protease/quenching outputs.
3.3 Match total loading across conditions: quantify total hL by mass balance (Bradford/UV) and verify with elemental N content (CHN) where possible; report both total loading and surface-accessible fraction for every sample.

Step 4 — Orientation measurement and linkage to selectivity with a predefined kinetic framework
4.1 Orientation readout (SDSL-EPR) upgraded for interpretability: prepare 3–4 single-cysteine hL variants at positions: (i) near active-site rim, (ii) opposite face, (iii) lateral face, (iv) flexible loop region. Use cw-EPR line-shape for mobility + DEER (where feasible) to constrain orientation distributions. Analyze with restricted-rotation models to extract: order parameters, fraction of immobilized vs mobile subpopulations, and an “active-site exposure index” derived from the set of labels.
4.2 Catalytic substrate panel with validated ZIF-8 partitioning/permeability differences (pre-screened):
  • Substrate S1: small chromogenic/fluorogenic peptidoglycan mimic (low MW) known to access pores or at least rapidly reach surface sites.
  • Substrate S2: larger/charged oligosaccharide or polymeric peptidoglycan fragment (higher hydrodynamic radius) expected to be transport-limited and more sensitive to surface accessibility.
  • Validation step: independently measure substrate uptake/partitioning into ZIF-8 (time-resolved depletion in supernatant +, if possible, PFG-NMR for small substrate; for large substrate, fluorescence uptake kinetics). Only retain substrate pairs that show a clear, quantifiable difference in effective diffusivity/partitioning.
4.3 Predefined kinetic model to decouple intrinsic catalysis from transport:
  • Fit initial-rate data to an effectiveness-factor model: v_obs = η(ϕ)·v_intrinsic, with ϕ (Thiele modulus) computed from particle size, measured/estimated D_eff (from uptake), and intrinsic kinetic parameters. Implement separate η for (i) surface-accessible population and (ii) intracrystalline population using the location fractions from Step 3.
  • Report selectivity as ratios of intrinsic specificity constants (kcat/KM) corrected for η, plus the raw observed selectivity to show the magnitude of transport distortion.
4.4 Experimental matrix designed to avoid parameter coupling and test causality:
  • Factorial design across size (3), PSLE linker (L1 thiol, L2 polar, L3 control, plus 0% PSLE), and exchange density (0.5–5%).
  • Within each condition, run both immobilization routes (A, B), and measure: (i) patch localization metrics (ARXPS/ToF-SIMS), (ii) defect metrics, (iii) surface-accessible enzyme fraction, (iv) EPR orientation metrics, (v) substrate uptake/D_eff, (vi) kinetics/selectivity.

Step 5 — Explicit controls demanded by the review
5.1 Non-thiol PSLE controls at matched exchange %: L2/L3 as above, to isolate Zn–S coordination effects from generic changes in surface polarity/charge.
5.2 Patch erasure/neutralization controls:
  • For thiol samples: cap –SH with a small, non-chelating electrophile (e.g., iodoacetamide) after PSLE to remove thiol-specific interactions while keeping the exchanged linker in place; confirm by XPS S 2p shift and ToF-SIMS fragments.
  • “Uniform exchange” control: intentionally drive near-uniform exchange (higher linker concentration/longer time) at the same net % exchange where possible (or a higher % benchmark), to demonstrate that spatial heterogeneity—not merely composition—drives orientation/selectivity.
5.3 Enzyme-property controls: include a charge-modified hL (or chemically acetylated lysines) to disrupt electrostatic docking; observe whether orientation order/selectivity collapses specifically in patchy PSLE samples.

Step 6 — Deliverables and decision criteria (go/no-go)
6.1 Facet/patch claim is accepted only if: (i) ARXPS+ToF-SIMS support a surface-enriched shell and (ii) heterogeneity is demonstrated by correlative mapping (STEM-EDS/EELS on ≥300 nm crystals) or by a statistically significant anisotropy/edge-enrichment signature relative to uniform-exchange controls.
6.2 Orientation→selectivity causality is accepted only if: (i) EPR-derived order parameters predict selectivity trends after η-correction, and (ii) non-thiol controls separate Zn–S-specific effects from polarity/charge effects.
6.3 Determinism language is constrained: results will be presented as probabilistic enrichment of productive orientations (population shifts), not absolute single-orientation locking.","1) Addressing the central technical risk (facet-selective PSLE): The revised plan treats “facet selectivity” as a testable variable rather than an assumption. By combining ARXPS (depth sensitivity), ToF-SIMS depth profiling (nm-scale localization), and correlative TEM/STEM mapping on indexable large crystals, the proposal can *prove surface localization* and directly evaluate whether enrichment tracks facets vs edges/defects. The explicit defect-correlation regression and facet/edge blocking experiments operationalize the reviewer’s concern that exchange may be defect-driven in 30–150 nm particles.

2) Preventing misattribution of selectivity (surface vs intracrystalline enzyme): The protease-accessibility assay plus impermeant-quenching provides an orthogonal, quantitative partition of enzyme location that does not rely on indirect sorption metrics. This prevents conflating improved selectivity with a mere shift from encapsulated to surface-bound populations as size varies.

3) Transport–intrinsic catalysis separation: A predefined effectiveness-factor/Thiele-modulus framework, parameterized by independently measured uptake-derived D_eff and by experimentally determined location fractions, enables selectivity to be compared on an intrinsic basis across particle sizes and immobilization routes. This directly counters the risk that diffusion/partitioning dominates the apparent selectivity.

4) Isolating Zn–S coordination confounds: Matched-% exchange using non-thiol polar imidazolates (and an additional minimal-coordination control) ensures that any unique effects of thiols (Zn–S coordination, altered micro-pH, node perturbation) can be separated from generic changes in hydrophilicity/charge. Thiol capping (iodoacetamide) adds a within-sample chemical “off switch” for thiol-specific interactions.

5) Empirical rationale grounded in prior observations: Prior MOF work indicates that crystal size can improve selectivity even when surface area decreases, consistent with size-mediated changes in external-surface contribution and transport length scales. Separately, SDSL-EPR has already resolved lysozyme orientation in hL/ZIF-8 composites, establishing feasibility of orientation quantification. The revised proposal integrates these two assets but adds the missing rigor demanded by reviewers: spatially resolved surface chemistry verification, quantitative enzyme-location partitioning, and a kinetic model that explicitly corrects for transport.

6) Realistic claims and statistical power: The revised hypothesis replaces “deterministically lock facets” with measurable, statistically testable enrichment of orientations driven by measured patch heterogeneity and surface-accessible fractions. The factorial design and uniform-exchange controls ensure the mechanism can be supported (or falsified) without over-interpreting coupled parameters.","This is an unusually rigorous and carefully re-scoped proposal that directly addresses common weaknesses in MOF–enzyme immobilization studies, particularly misattribution of selectivity to orientation without deconvolving transport and localization effects. The engineering plan is exceptionally detailed, with appropriate use of ARXPS, ToF-SIMS, EPR, and kinetic modeling. Minor score deductions stem from feasibility risk concentration: the proposal depends on successful nm-scale depth profiling and quantitative heterogeneity analysis across multiple size regimes, which is experimentally demanding and may reduce throughput and statistical power. Additionally, while defect–facet disentanglement is explicitly addressed, the causal chain still relies on multivariate regression across tightly coupled parameters (size, defects, curvature, PSLE uptake), which may complicate unambiguous mechanistic attribution despite the controls."
"Constructing a topology-programmable, multichromophore MOF in which quantum dots are not used as external donors but are instead replaced by an isoreticular ‘antenna-linker dilution series’ (high-absorption donor linkers) covalently co-assembled with a sparse array of long-lived lanthanide acceptor nodes in a single-phase framework will increase overall photoluminescence quantum efficiency and enable lifetime-encoded chemical sensing. The methodological adaptation is to implement a MOF-level, distance-defined Förster/Dexter energy-transport network by (i) statistically diluting donor chromophores with electronically inert spacers to suppress excitonic self-quenching and triplet–triplet annihilation, and (ii) positioning Ln(III) acceptors at predetermined coordination sites (metalloligand nodes) so that donor–acceptor distances fall within an engineered FRET window. Mechanistically, dilution increases donor radiative yield (reduces k_nr by suppressing excimer formation and exciton–exciton annihilation), while the fixed periodicity of acceptor sites enforces efficient, directional donor→Ln transfer (k_ET competing favorably with k_nr) and yields a long-lived emission channel whose lifetime and transfer rise-time are perturbed by analyte binding through changes in local refractive index, competitive coordination, and vibrational quenching—providing a time-resolved sensing axis that is intrinsically decoupled from intensity fluctuations.","Step 1: Specific system setup or data preparation.
1.1 Framework selection (structurally novel vs rejected approach): Use a RETicular chemistry platform that natively supports mixed-linker co-assembly and robust porosity without core–shell stratification, e.g., an isoreticular Zr6 or Hf6 cluster MOF (UiO-68-type) with large pore apertures to accommodate analytes; avoid porphyrinic PCN-224/MOF-545 and avoid any QD attachment.
1.2 Donor chromophore library: Synthesize a donor linker series with matched geometry but tunable oscillator strength and excited-state energy, e.g., 4,4′-biphenyldicarboxylate (spacer, S), 4,4′-stilbenedicarboxylate (D1), and 4,4′-bis(phenylethynyl)-biphenyl-2,2′-dicarboxylate (D2) as high-absorption antenna linkers. Ensure identical connectivity to enable true isoreticular mixed-linker MOFs.
1.3 Lanthanide acceptor site design (metalloligand node adaptation): Prepare a ditopic carboxylate linker bearing an internal chelating pocket (e.g., DPA- or DO3A-derived pendant chelator) that can pre-bind Eu(III) or Tb(III) (forming a neutral metalloligand, LnL) while still presenting two carboxylates for framework formation. This creates periodic Ln acceptor sites as part of the linker population rather than postsynthetic exchange.

Step 2: Detailed implementation of the adapted methodology.
2.1 Mixed-linker ‘dilution series’ synthesis: Solvothermally synthesize a family of single-phase mixed-linker MOFs: Zr6(S)_{1−x−y}(D1/D2)_x(LnL)_y with x = 0.01–0.30 and y = 0.001–0.05. Keep total linker stoichiometry constant; vary x to tune absorption/light harvesting and vary y to tune donor–acceptor spacing and acceptor density.
2.2 Defect control as a mechanistic lever: Implement modulated synthesis (e.g., benzoic acid or formic acid modulators) to tune missing-linker defects; quantify defect density and correlate with nonradiative decay. The adaptation is to treat defect density as an explicit design variable to minimize trap-assisted quenching while preserving analyte diffusion.
2.3 Spectral overlap programming: Choose D1/D2 such that donor emission overlaps Ln absorption (antenna effect) and minimize back-transfer by ensuring Ln emission is substantially red-shifted. Optionally incorporate a second acceptor (e.g., Tb plus Eu) to create dual lifetime channels and internal calibration for ratiometric/time-gated readout.
2.4 Sensing interface engineering without pore blocking: Introduce a low fraction (≤2%) of open metal sites or weakly basic functional groups (e.g., –NH2 on a co-linker) to promote selective adsorption of analytes (amines, nitroaromatics, VOCs) while keeping chromophore dilution intact. No external coating is used; sensing occurs within pores.

Step 3: Rigorous validation and analytical framework.
3.1 Structural verification: PXRD (phase purity across x,y series), N2 sorption (surface area/porosity retention), SEM/TEM (morphology), ICP-MS (Ln content), solid-state NMR/DRIFTS (linker ratios), and thermogravimetric analysis (defect/modulator content).
3.2 Photophysics and energy-transfer dynamics (time-resolved emission study):
- Measure absolute PLQY (integrating sphere) for each x,y composition under matched absorbed-photon conditions.
- Perform TCSPC/laser flash photolysis to obtain donor lifetimes (τ_D) and Ln rise/decay kinetics; extract k_ET from donor lifetime shortening and Ln rise times (confirm true transfer via acceptor rise component, not static quenching).
- Differentiate mechanisms: (i) FRET-dominated transfer (distance-dependent, spectral overlap-driven) vs (ii) Dexter/triplet-mediated transfer (sensitive to orbital overlap and oxygen).
3.3 Mechanism tests for dilution benefit: Demonstrate suppression of self-quenching by showing (a) increased τ_D and PLQY as x decreases at constant absorbance, (b) reduced excimer signatures in emission spectra, and (c) diminished power-dependent annihilation in time-resolved traces.
3.4 Chemical sensing assays (lifetime-encoded):
- Target analytes: amines (vibrational quenchers/coordination), nitroaromatics (electron acceptors), and polar VOCs (dielectric perturbation).
- Record analyte-dependent changes in (i) τ_D, (ii) Ln lifetime (τ_Ln), and (iii) Ln rise-time (energy-transfer rate proxy). Fit to competitive adsorption/coordination models and modified Stern–Volmer relationships that separate static adsorption from dynamic quenching.
- Implement time-gated detection using Ln emission to suppress scattering and background fluorescence; quantify LOD, selectivity, and reversibility (adsorption/desorption cycling).
3.5 Controls: (i) MOF with only S (no donors, no LnL), (ii) donors without LnL (tests dilution/quenching only), (iii) LnL without donors (tests direct excitation), (iv) same x,y but higher defect density (tests trap-assisted quenching), and (v) oxygen vs deoxygenated conditions (triplet involvement).
3.6 Stability/robustness: Evaluate photostability under continuous irradiation, chemical stability under humid air, and retention of crystallinity/porosity post-sensing cycles.","1. Theoretical/Empirical Basis: Asset 2 validates that time-resolved emission can quantify high (>80%) energy transfer efficiencies in MOF-based light-harvesting architectures and that engineered donor→acceptor coupling can substantially enhance photon harvesting. The proposed system uses the same measurable observables (donor lifetime shortening, acceptor rise times, PLQY) but replaces QD→MOF interfacial transfer with an intraframework, distance-defined donor→Ln network to eliminate interface-state quenching.
2. Transfer Logic (How the adaptation fits the domain): MOFs uniquely enable (i) crystallographically constrained donor–acceptor distances, (ii) mixed-linker statistical control (synthetic tunability), and (iii) permanent porosity for analyte access. Embedding metalloligand Ln acceptors as part of the linker population is a coordination-chemistry-native strategy that keeps acceptor sites periodic and avoids postsynthetic gradients or surface-only architectures.
3. Comparative Advantage: Compared to QD-coated or stratified relay approaches, this single-phase mixed-linker/metalloligand MOF (a) removes the dominant interfacial quenching pathway, (b) uses dilution to raise intrinsic donor PLQY while maintaining high absorption cross-section, (c) yields long-lived Ln emission enabling time-gated sensing with improved robustness against scattering/intensity drift, and (d) preserves pore accessibility because no external nanocrystal layer or pore-blocking coating is required.","This is a technically sophisticated and well-integrated proposal that demonstrates strong command of MOF photophysics and lanthanide antenna chemistry. Engineering resolution is high: the mixed-linker dilution strategy, metalloligand Ln incorporation, defect control, and time-resolved validation are all actionable and grounded in current MOF synthetic capabilities. The logical framework—dilution to suppress self-quenching, crystallographically defined donor–acceptor distances to favor k_ET over k_nr, and lifetime-based sensing decoupled from intensity—is internally consistent and mechanistically sound. Minor deductions arise from practical risk areas that are not fully confronted: (i) statistical mixed-linker distributions may broaden donor–acceptor distance distributions beyond the assumed FRET window, complicating quantitative structure–property correlations; (ii) the synthetic stability and scalability of pendant-chelator metalloligands under Zr6/Hf6 solvothermal conditions are assumed rather than stress-tested; and (iii) the proposal implicitly treats FRET and Dexter regimes as cleanly separable, whereas in dense aromatic frameworks mixed mechanisms may be difficult to deconvolute. Evidence grounding is strong and remains within the target concept chain. Rationale quality is high, as the work addresses a genuine bottleneck (interfacial quenching and intensity-based sensing fragility) with a structurally novel, MOF-native solution rather than a superficial substitution."
"Installing a defect-anchored, initiator-bearing monotopic ligand in defect-engineered UiO-66 will enable *handle-initiated, intrapore-confined* growth of short poly(phenylacetylene)-like conjugated segments (PPA*) whose conformation and effective pore aperture are reversibly modulated by **localized anion exchange at a deliberately introduced, fixed cationic site** adjacent to the Zr6 node. This redesign directly de-risks (i) polymer formation by replacing catalyst-ingress-dependent Rh/Glaser polymerizations with a pore-accessible, tethered-initiator route that suppresses bulk polymer nucleation and limits chain length by spatial confinement; and (ii) the ion-exchange premise by replacing poorly defined ‘anion exchange at Zr–OH’ with a chemically defensible **ion-pair reservoir** (quaternary ammonium or pyridinium) integrated into the defect-installed ligand, ensuring anions (Cl−/NO3−/BF4−/PF6−, etc.) remain proximal to the polymer segment via Coulombic binding rather than weak outer-sphere association to Zr(IV). Mechanistically, the conjugated PPA* segments introduce polarizable π-surfaces that enhance CO2/unsaturated hydrocarbon binding (quadrupole–π and dispersion). Critically, the local anion identity near the fixed cation tunes (a) polymer packing/conformation (electrostatic screening and specific ion–π effects) and (b) the local dielectric environment, producing a *reversible, measurable* shift in accessible free volume/aperture (“ionic gating”) without changing the inorganic SBU connectivity. This gating will be falsified/validated by directly tracking free-volume/aperture changes (PALS/total scattering) and polymer-vibrational/dielectric signatures upon repeated anion exchange while maintaining constant polymer loading and framework porosity, thereby isolating gating from trivial pore-blocking or defect-density effects.","Step 1 — Build a defect-addressable UiO-66 platform with quantified missing-linker density
1.1 Platform choice: UiO-66 (Zr6O4(OH)4(BDC)6) for maximal chemical robustness; UiO-66-NH2 as a secondary platform only if needed for orthogonal ligand chemistry.
1.2 Defect engineering: prepare a series with targeted missing-linker fractions (e.g., ~5%, ~10%, ~20%) using monocarboxylate modulation (formic/acetic/benzoic acid). Quantify defects by (i) solution 1H NMR of digested MOF (linker:modulator ratio), (ii) TGA mass loss analysis, and (iii) acid/base titration of node –OH/–OH2 populations as a cross-check.
1.3 Acceptance criteria (predefined): retain UiO-66 topology by PXRD; retain ≥70% of parent N2 uptake (77 K) for the 5–10% defect samples (higher-defect samples allowed lower uptake but must remain microporous).

Step 2 — Install a *cationic ion-pair reservoir* and a *tethered polymerization initiator* at missing-linker sites (chemically defensible localization)
2.1 Post-synthetic defect exchange (PSDE): replace modulator caps at Zr6 nodes with a monotopic carboxylate ligand that contains:
  (a) a permanent cation (anion-exchange site): e.g., a quaternary ammonium or N-methylpyridinium appended via a short spacer to minimize pore occupation but keep the ion pair near the node; and
  (b) a polymerization handle/initiator: a terminal alkyne or vinyl group plus an *initiator motif* suitable for mild, pore-compatible chain growth.
Concrete ligand family (example set to be synthesized and screened):
  L1: 4-(3-trimethylammoniopropoxy)benzoate (TMA+ handle) + separate adjacent alkyne on the ring (e.g., 3-ethynyl-4-(3-trimethylammoniopropoxy)benzoate).
  L2: 4-carboxybenzylpyridinium (permanent cation) bearing an ethynyl substituent on the aryl ring.
Rationale: the cation ensures anions are *thermodynamically localized*; the alkyne provides a spectroscopic handle (IR/Raman) and a growth site.
2.2 Verify installation and proximity: digestion 1H NMR (ligand incorporation), IR (C≡C), XPS/N 1s (cation), and Zr environment by DRIFTS of node –OH region. Ensure crystallinity (PXRD) and measure residual porosity (N2 sorption).

Step 3 — De-risked intrapore polymer formation via *handle-initiated* chain growth (no catalyst ingress requirement; suppress external polymer)
3.1 Strategy selection (primary): surface/defect-tethered radical chain growth from immobilized initiators to form short conjugated segments in situ.
  3.1.1 Convert tethered aryl-alkyne handle into a tethered radical initiator site by installing an ATRP/RAFT-compatible initiator on the defect ligand (e.g., α-bromoisobutyrate appended to the same monotopic ligand that carries the cationic site, yielding L(ion)+-Initiator). This ensures initiation occurs only from anchored sites.
  3.1.2 Carry out controlled radical polymerization of phenylacetylene-derived monomers is non-standard; therefore use a *conjugation-mimicking* monomer set that yields π-rich backbones under radical conditions (e.g., styrenyl-alkyne or vinyl-phenylacetylene hybrids), with the explicit goal of generating short, π-polarizable segments rather than perfectly regioregular PPA. (The hypothesis is adsorption/gating via π-polarizability + ion-controlled packing; strict PPA microstructure is not required.)
  3.1.3 Reaction conditions: anhydrous, oxygen-free solvent (e.g., dry MeCN/DMF), low monomer concentration, and diffusion-limited feeds to favor intrapore growth; include a soluble sacrificial radical trap in the supernatant to quench any radicals that escape pores, reducing external bulk polymer nucleation.
3.2 Strategy selection (backup, chemically explicit): Pd-catalyzed Sonogashira *growth from tethered aryl halide/alkyne pairs* localized at defects.
  3.2.1 Install a defect ligand bearing an aryl iodide/bromide plus the fixed cation (L(ion)+-ArI). Then feed a small, pore-accessible diethynyl aromatic monomer under dilute Sonogashira conditions (Pd(PPh3)4 or Pd2(dba)3/PPh3, CuI minimized or omitted to reduce Glaser side-reaction, organic base such as iPr2NEt, strict O2 exclusion).
  3.2.2 Confinement control: use monomers whose minimum dimension permits diffusion through UiO-66 windows; enforce low conversion (short oligomers) by limiting time and monomer equivalents per defect site.
3.3 Polymer mass-balance and internal/external discrimination (mandatory quantitative deconvolution)
  3.3.1 Supernatant polymer check: isolate and quantify any free polymer from reaction liquor by precipitation/SEC; carbon mass balance vs initial monomer.
  3.3.2 Selective removal of external polymer: mild solvent washing + optional brief plasma/ozone exposure conditions validated on a physical blend control to remove surface polymer without degrading UiO-66; compare before/after N2 uptake and surface-sensitive spectroscopy.
  3.3.3 Spatial mapping: perform SAXS and/or TEM with contrast staining targeted to polymer (e.g., iodine vapor staining for π-rich segments) to map polymer distribution; corroborate with depth-sensitive XPS angle-resolved trends.
  3.3.4 Dye-probe exclusion: use a size-calibrated dye uptake (e.g., small vs slightly larger aromatic probes) to infer whether polymer resides internally (selective exclusion pattern) rather than coating crystal exteriors.
  3.3.5 Acceptance criteria: external polymer fraction ≤15% of total polymer carbon (by mass balance + mapping concordance); retain microporosity with ≥50% of parent pore volume for gated samples.

Step 4 — Chemically rigorous anion exchange via the fixed cation site (reversible, localized, and independently verifiable)
4.1 Establish baseline ion form: convert the cationic site to a defined counterion (e.g., Cl−) by treatment with anhydrous tetrabutylammonium chloride (or HCl gas dosing in dry solvent if compatible), followed by exhaustive washing.
4.2 Reversible exchange series: perform repeated exchanges (≥5 cycles) among Cl−, NO3−, BF4−, PF6− using anhydrous salts (e.g., Bu4N+X−) in dry solvent. PF6− is included only as an outer-sphere counterion for the fixed cation (not for Zr binding), making localization chemically plausible.
4.3 Verification of localization/reversibility: XPS (anion core levels), ssNMR where applicable (19F for BF4−/PF6−, 15N if labeled NO3−), and elemental analysis/ion chromatography of washings to confirm exchange completeness. Confirm constant polymer loading by ss13C NMR integration trends and unchanged C≡C/C=C band intensities (after normalizing to Zr–O lattice bands).
4.4 Porosity control: verify that anion exchange does not significantly change pore volume absent gating (N2 uptake retained within ±10% across anion series for a fixed polymer-loading sample). If pore volume shifts exceed this window, gating claims will be restricted or reformulated.

Step 5 — Falsifiable ‘ionic gating’ diagnostics (beyond Qst)
5.1 Free-volume/aperture tracking (primary): Positron annihilation lifetime spectroscopy (PALS) to quantify changes in free-volume elements upon anion exchange on the same sample (same polymer loading). Target observable: systematic o-Ps lifetime/size distribution shift correlating with anion identity and reversible across exchange cycles.
5.2 Total scattering/PDF or in situ synchrotron PXRD (secondary): detect subtle changes in local order near defects (without topology change) and any repeatable lattice parameter shifts upon anion exchange.
5.3 Polymer conformation/ion–π signatures: in situ IR/Raman (C≡C/C=C region and aromatic modes) as a function of counterion and guest loading; track reversible band shifts/broadening indicative of packing/charge-screening differences.
5.4 Dielectric/impedance: pellet-based broadband dielectric spectroscopy under dry conditions to detect counterion-dependent polarization changes; correlate dielectric response with sorption kinetics changes to support an electrostatic gating component.

Step 6 — Gas sorption performance and mechanism separation
6.1 Measure N2 (77 K) and CO2 (273/298 K) isotherms for: (i) parent UiO-66 (defect-matched), (ii) defect + ion-cation ligand only (no polymer), (iii) defect + polymer but fixed anion, (iv) defect + polymer + exchanged anions.
6.2 Compute Qst from multi-temperature CO2 isotherms; interpret only alongside PALS/PDF/dielectric evidence to avoid over-attributing Qst changes to gating.
6.3 Kinetics: gravimetric sorption uptake curves (CO2, C2H2/C2H4 where relevant). Identify whether anion exchange modulates diffusion rates consistent with aperture changes (from PALS).
6.4 Selectivity: IAST from single-component isotherms plus mixed-gas breakthrough (CO2/N2; CO2/CH4; optional C2H2/CO2) on the same anion-exchanged series.

Step 7 — Regeneration-stability and controls that isolate the central claim
7.1 Cyclic testing: ≥100 adsorption/desorption cycles under PSA (and mild TSA where needed). Track capacity retention and kinetic stability.
7.2 Structural integrity: PXRD + N2 uptake after cycling; additionally, monitor defect-site chemistry by XPS/ssNMR to confirm anion reservoir remains functional.
7.3 Controls (mandatory):
  (a) Physical blend UiO-66 + free polymer prepared separately (tests leaching/migration and pore blocking).
  (b) Defect-installed cationic ligand without polymer (tests anion exchange effect alone).
  (c) Polymer-installed sample with cation disabled/absent (tests whether anions can gate without localization).

Step 8 — Sulfide/Hg(II) separated as later, gated by strict stability criteria (optional Aim 2)
8.1 Only after gas-gating is validated, introduce a sulfide-binding variant by exchanging the *counterion at the fixed cation* to HS−/S2− using rigorously anhydrous, buffered non-aqueous protocols (e.g., NaSH in dry alcohol with controlled activity) to avoid Zr6 hydrolysis.
8.2 Stability acceptance criteria before Hg(II): retain ≥80% N2 uptake vs pre-sulfide sample; no significant Zr leaching (ICP-MS of supernatants); PDF shows preserved Zr6 local structure.
8.3 Hg(II) testing then proceeds with predefined leaching/porosity checkpoints; otherwise the sulfide route is abandoned without compromising Aim 1.","Polymer formation is de-risked by shifting from catalyst-ingress-dependent Rh/Glaser routes to **anchored, handle-initiated growth**, where initiation is confined to defect-installed ligands, intrinsically suppressing bulk polymer nucleation and enabling chain-length limitation via low monomer activity and steric confinement. The proposal explicitly includes quantitative internal/external polymer discrimination (supernatant mass balance, selective external removal controls, SAXS/TEM contrast mapping, and dye-probe exclusion), addressing the reviewer’s core concern that ‘polymer in pores’ might be indistinguishable from surface coating/pore blocking.

The ion-exchange mechanism is made chemically defensible by introducing a **fixed cationic site** (quaternary ammonium/pyridinium) on the defect-installed monotopic ligand, ensuring counteranions are localized via strong Coulombic pairing rather than relying on nonpersistent outer-sphere anion association to hard Zr(IV) nodes. Reversibility is operationally defined (multi-cycle exchange with XPS/ssNMR confirmation) and decoupled from polymer loading and pore volume constraints.

‘Ionic gating’ is rendered falsifiable by requiring *direct structural/free-volume observables* (PALS; total scattering/PDF/in situ PXRD; polymer vibrational shifts; dielectric response) that must reversibly correlate with anion identity on the same material. This explicitly distinguishes gating from trivial changes in defect density, irreversible pore collapse, or heterogeneous polymer occlusion. Finally, sulfide/Hg(II) is quarantined as a later aim with stringent stability criteria (N2 uptake retention, PDF, Zr leaching), preventing a high-risk chemistry from undermining the primary gas-sorption objective.","This is an unusually rigorous and thoughtfully de-risked proposal. Engineering resolution is high: defect quantification, PSDE chemistry, anchored initiator strategies, polymer mass-balance discrimination, and falsifiable gating diagnostics (PALS, PDF, dielectric spectroscopy) are specified with acceptance criteria rather than aspirational goals. Logical consistency is strong: the replacement of ill-defined anion–Zr interactions with a fixed cationic ion-pair reservoir directly addresses a known weakness in MOF ion-exchange gating claims, and the shift to handle-initiated polymer growth is a defensible response to prior polymerization failures. Minor deductions arise from residual chemical uncertainty in Step 3: radical polymerization of π-conjugated backbones in confined UiO-66 pores, even in a ‘conjugation-mimicking’ sense, remains nontrivial and may yield heterogeneous, partially saturated segments whose structure–property relationship could be difficult to deconvolute. Additionally, PALS sensitivity to subtle aperture changes in UiO-66 with partial polymer filling, while plausible, is not guaranteed and may suffer from interpretational ambiguity without very tight controls. These are risks, but they are explicitly acknowledged and partially mitigated."
"A MIL-53(Al) framework bearing a *quantitatively verified, sparsely and internally distributed* population of anchored aryl-sulfonate sites can host *confined protic ionic-liquid (PIL) nanodomains* whose vitrification/mobilization transition is thermodynamically and kinetically coupled to the intrinsic np↔lp breathing of MIL-53(Al). By engineering the PIL chemistry (cation spacer length, protic group, loading) such that its confinement-shifted glass transition (Tg,conf) intersects the osmotic free-energy landscape governing MIL-53 breathing under hydrated, carbohydrate-relevant chemical potentials, the framework will exhibit a *programmable, temperature-addressable hysteresis loop with genuine phase memory*. This memory is mechanistically distinct from ordinary guest-induced hysteresis because (i) Tg,conf provides an internal kinetic barrier that persists at constant guest activity, and (ii) the PIL nanodomains generate localized adsorption stress and proton-relay amplification only when in the mobile state. As a result, internal Brønsted-acid sites are selectively activated/deactivated in synchrony with the lp/np phase, enabling switchable access for cellulose-derived oligomers while suppressing humin-forming over-condensation.","WP1 – Quantitative and spatially resolved internal functionalization (addresses Reviewer Point i & Mandatory Directive 1).
1.1 Baseline MIL-53(Al) synthesis with defect minimization and benchmarking: solvothermal Al(NO3)3/H2BDC with acetic acid modulators (0–20 equiv) to generate a defect series; select the lowest-defect material showing canonical np↔lp VT-PXRD behavior. Quantify μ2-OH density by TGA–H2O exchange and 27Al MAS NMR.
1.2 Controlled internal aryl-sulfonation: perform post-synthetic sulfonation using SO3·pyridine in dry dichloroethane under diffusion-limited conditions (solid/liquid ratio ≥50 mg mL−1; 0–4 °C; 5–60 min). Quench rapidly and thoroughly exchange solvents to prevent overreaction. Target DoF = 0.5, 1, 2, and 5% of BDC rings.
1.3 DoF and spatial validation (non-negotiable): (i) complete framework digestion (D2SO4/DMSO-d6) followed by quantitative 1H/13C NMR and LC-MS to determine sulfonated vs native BDC ratios; (ii) sulfur quantification by XPS with angle-resolved depth profiling to distinguish shell vs bulk S; (iii) microtomed crystal cross-sections analyzed by STEM-EDS/EELS mapping of S to confirm internal distribution; (iv) correlate DoF with BET, CO2 (273 K) sorption, and water DVS to demonstrate micropore preservation and breathing retention.

WP2 – Construction and verification of PIL nanodomains (addresses Reviewer Point ii & Mandatory Directive 2).
2.1 Anchored cation design with controlled confinement: synthesize bis-imidazolium or quaternary ammonium cations with (a) defined spacer lengths (C4, C6, C8, C10) to tune Tg,conf, and (b) a single phosphonate tail (–PO3H2) for stoichiometric binding to pre-quantified μ2-OH defect sites (≤1:1 binding verified by 31P MAS NMR). Avoid trialkoxysilanes in the primary study to minimize uncontrolled siloxane condensation.
2.2 Ion-pair assembly: exchange aryl–SO3− sites with the bulky cations, then introduce a protic functionality (pendant –SO3H or –CO2H) on the cation to generate a fixed-anion/protic-cation pair. Loadings will be systematically varied to remain below the percolation threshold for continuous pore filling (defined operationally as <30% reduction in CO2 uptake).
2.3 Direct evidence for nanodomains: (i) broadband dielectric spectroscopy and variable-temperature solid-state 1H NMR to identify a sharp vitrification/mobility transition of the confined PIL; (ii) quasielastic neutron scattering (or PFG-NMR where feasible) to extract cation/anion diffusion coefficients and demonstrate clustered vs isolated ion-pair dynamics; (iii) SAXS/total scattering (PDF) to detect nanometric electron-density fluctuations consistent with 1–3 nm clusters. Operational definition: a ‘PIL nanodomain’ is established when (a) a Tg,conf is observed, (b) diffusion coefficients are ≥1 order of magnitude lower than bulk PIL but nonzero above Tg,conf, and (c) scattering features scale with PIL loading. Correlate these metrics quantitatively with hysteresis width (ΔT).

WP3 – Decoupling PIL-induced hysteresis from ordinary guest effects (addresses Reviewer Point iii).
3.1 Thermodynamic mapping: perform VT-PXRD and DSC under precisely controlled water activity (a_w = 0–0.9) using DVS, comparing pristine MIL-53, sulfonated-only, cation-only, and full PIL systems. Extract ΔT and transition enthalpies.
3.2 Falsification test for ‘memory’: at identical temperature and a_w, prepare samples in lp vs np by different thermal histories and show distinct diffraction patterns and sorption behavior persisting for ≥2 h only in PIL-bearing materials.
3.3 Predictive model (pre-registered): extend OFAST by adding a PIL free-energy term containing Tg,conf and hydration-dependent viscosity; prospectively predict how ΔT shifts with spacer length and a_w, then verify experimentally.

WP4 – Catalysis with mass-transport and leaching controls (addresses Reviewer Point iv & Mandatory Directive 3).
4.1 Size-exclusion diagnostics: quantify uptake and turnover for glucose, cellobiose, and DP4 oligomers; demonstrate sharp cut-offs consistent with lp/np states. Compare with mesoporous MIL-53 analogues and external-surface-blocked samples.
4.2 Leaching exclusion: hot filtration, post-reaction supernatant acid titration, LC-MS for cation fragments, and ICP-OES for Al. Require <1% of total acidity in solution.
4.3 Hysteresis-programmed catalysis: run identical reactions at constant temperature but different thermal histories to isolate phase-memory effects on HMF/levulinate selectivity.

WP5 – Defect and anchoring causality.
Quantify defect density before/after phosphonate binding (27Al/31P MAS NMR, TGA) and include defect-matched controls to ensure breathing changes arise from PIL nanodomains rather than altered μ2-OH acidity.","The revised plan directly mitigates the reviewers’ key risks by converting asserted mechanisms into testable, quantitative work packages. Internal sulfonation is rendered feasible through low-temperature, diffusion-limited chemistry combined with mandatory DoF and depth profiling, ensuring that crystallinity and breathing are preserved rather than assumed. The PIL ‘gatekeeper’ concept is operationally defined via Tg,conf, diffusion, and scattering criteria, eliminating ambiguity between clusters, isolated ion pairs, and pore-filling phases. By explicitly decoupling guest-induced hysteresis from PIL vitrification through thermal-history experiments at constant chemical potential, the proposal makes the memory effect falsifiable. Mass-transport and leaching concerns are addressed through size-exclusion uptake diagnostics, mesoporous and external-surface controls, and rigorous solution-phase acidity assays. Finally, anchoring-induced defect effects are isolated through stoichiometric phosphonate binding and defect-matched controls. Collectively, these refinements transform the concept from a plausible but interpretive mechanism into a causally testable framework that tightly integrates MIL-53 breathing physics (Assets 2–4) with solid-acid catalysis for cellulose valorization (Asset 1).","This is an unusually detailed and technically mature proposal that demonstrates clear awareness of historical failure modes in MIL-53 functionalization, guest-induced hysteresis, and solid-acid catalysis. Engineering resolution is very high: internal sulfonation is treated as a diffusion-limited reaction problem with mandatory spatial validation, and the PIL concept is operationally defined with orthogonal spectroscopic, scattering, and dynamical criteria rather than rhetorical language. Logical consistency is strong, particularly in the distinction between thermodynamic hysteresis and kinetically stabilized phase memory via Tg,conf. The main logical risk lies in the assumption that PIL vitrification can be tuned to intersect the MIL-53 osmotic free-energy landscape without suppressing breathing altogether; while the proposal includes controls, the coupling strength between Tg,conf and adsorption stress remains model-dependent and may be weaker than anticipated. Evidence grounding is excellent: all techniques and concepts are native to MOF chemistry, solid-state ionics, and catalysis. Rationale quality is high, as the proposal does not merely apply MIL-53 breathing to catalysis but introduces a genuinely new internal kinetic variable (confined PIL glass physics) to address selectivity and humin suppression. Minor deductions reflect the remaining uncertainty in achieving reproducible, narrow Tg,conf distributions under heterogeneous confinement."
"If ZIF-8 is synthesized as a monodisperse, defect-engineered nanoZIF-8 and then converted via a controlled single-crystal-to-single-crystal (SCSC) post-synthetic linker exchange into a mixed-linker ZIF-8-x(ImCOO−) that presents (i) maximized accessible surface area and (ii) strategically positioned H-bond/ion-pair docking sites at pore apertures, then adsorption performance for amphiphilic anionic analytes (model: perfluoroalkyl acids, PFAAs) will increase at low concentration and translate directly into a lower analytical limit of detection (LOD) in MOF-based preconcentration-MS workflows. Mechanistically, the adaptation couples entropic surface-area-driven preconcentration with an enthalpic ‘aperture-gating’ effect: sparse carboxylate-functional imidazolates introduce localized electrostatic/H-bond interactions that reduce the free-energy barrier for capture at the 3.4 Å window, increasing partitioning coefficients and suppressing competitive water adsorption without collapsing the sodalite topology.","Step 1: Specific system setup or data preparation.
1.1 Synthesize size-controlled nanoZIF-8 (50–150 nm) by separating nucleation and growth (continuous precursor metering; low supersaturation growth stage) to obtain low PDI (<0.1) particles.
1.2 Prepare three reference materials: (A) microcrystalline ZIF-8, (B) nanoZIF-8 (no functionalization), (C) physically mixed ZIF-8 + functional imidazole (non-incorporated) to decouple true lattice incorporation from surface contamination.
1.3 Define target analyte panel: PFOA/PFOS (primary), plus a short-chain PFAA to probe size/affinity trends; prepare matrices (ultrapure water, synthetic seawater) for competitive adsorption assessment.

Step 2: Detailed implementation of the adapted methodology.
2.1 Methodological adaptation—SCSC sparse-linker exchange: perform vapor-assisted ligand exchange (VALE) or mild solvent exchange using 2-methylimidazole partially substituted with an anionic carboxylate-imidazolate precursor (e.g., 2-methylimidazole-4-carboxylate, Im-4-COOH; deprotonated fraction controlled by buffer/amine) under conditions that preserve crystallinity (≤60 °C, low water activity).
2.2 Tune exchange fraction x (0, 0.5, 1, 2, 5 mol% of linkers) to avoid excessive window narrowing and Zn–N bond labilization; confirm topology retention after activation.
2.3 Immobilize coatings on poly(dopamine)-primed stainless steel needles (solid-phase microextraction geometry) using identical mass loadings across variants; optimize coating thickness by controlling dip cycles to minimize diffusion limitations.
2.4 Characterization and structure–property mapping:
- FE-SEM: quantify particle size distribution, coating continuity/porosity, and identify mesoscale cracking that would artificially inflate apparent uptake kinetics.
- N2 sorption (BET/DFT): determine accessible surface area and pore volume; compare x-series to identify the ‘sweet spot’ where surface area remains high while new binding sites are introduced.
- PXRD: verify sodalite topology retention (no phase change).
- XPS/FTIR/solid-state NMR (where available): verify carboxylate incorporation and its chemical state.
2.5 Adsorption performance testing:
- Batch isotherms at low concentration (ng/L–µg/L) using LC-MS quantification to extract distribution coefficients (Kd) and kinetics (pseudo-second order vs intraparticle diffusion fits).
- Competitive adsorption in saline matrices to quantify suppression by Cl−/SO4^2− and NOM surrogates.
2.6 Analytical LOD demonstration:
- Use the coated-needle preconcentration followed by nanoESI-MS (or LC-MS) under fixed extraction time (≤5 min).
- Construct calibration curves in each matrix; compute LOD = 3σ_blank/slope, and report enrichment factors and method precision.

Step 3: Rigorous validation and analytical framework.
3.1 Mechanism validation (aperture-gating vs mere surface area):
- Correlate LOD improvement with (i) BET surface area and (ii) binding energetics inferred from temperature-dependent adsorption (van’t Hoff) and/or microcalorimetry (if available).
- Compare x-series: a non-monotonic trend (optimal sparse x) would support gating/enthalpic capture rather than simple area scaling.
3.2 Control experiments:
- Test UiO-66 and pristine ZIF-8 needles as external benchmarks (same coating mass).
- Block carboxylates (esterification) to remove H-bond/ion-pairing while minimally altering porosity; loss of performance supports the proposed mechanism.
3.3 Robustness:
- Cycling stability (≥50 extraction/desorption cycles), salt tolerance, and water stability; track crystallinity/surface area drift and SEM morphology changes.
3.4 Computational support:
- GCMC/DFT cluster calculations to quantify PFAA binding free energy near window regions for pristine vs carboxylate-doped apertures; connect predicted ΔG_ads to experimental Kd and LOD trends.","1. Theoretical/Empirical Basis: Literature shows ZIF-8 coatings yield low-ng/L LODs for PFOA when adsorption is strong and accessible surface area remains high; simulations establish adsorption performance depends on surface area, pore metrics, and interaction energetics; FE-SEM is a proven tool to verify morphology/coating integrity and link mesoscale structure to analytical performance.
2. Transfer Logic (How the adaptation fits the domain): Mixed-linker strategies are native to ZIF chemistry and allow rational, low-percentage functional site installation while preserving the Zn(II)-imidazolate framework. Implementing SCSC-like mild exchange (VALE/mild solvent) is a structural adaptation that targets the recognized limitation in aqueous preconcentration: pristine ZIF-8 relies heavily on hydrophobic partitioning and can suffer from competitive adsorption/slow capture at ultralow concentration.
3. Comparative Advantage: Compared with (i) pristine ZIF-8 (area-only), (ii) thicker coatings (mass-transfer limited), or (iii) fully functionalized/alternative MOFs (often lower stability or reduced porosity), sparse aperture functionalization aims to keep BET surface area near-maximal while adding high-affinity capture sites exactly where flux is rate-limiting (window entry). This should increase initial uptake rate, improve enrichment factor at fixed extraction time, and steepen calibration slope—directly lowering LOD in realistic water matrices.","This is a technically mature and unusually well-resolved proposal with clear command of ZIF chemistry, analytical preconcentration workflows, and structure–property reasoning. Engineering execution is strong, particularly the control materials, exchange-fraction tuning, and coating-mass normalization. The central mechanistic claim—aperture-gating via sparse carboxylate imidazolates—is logically coherent and testable, and the non-monotonic x-dependence prediction is a strength. Minor score deductions arise from (i) optimistic assumptions about preserving true SCSC behavior and homogeneous linker distribution in nanoZIF-8 under VALE/mild solvent conditions, which is experimentally challenging at 50–150 nm, and (ii) partial reliance on indirect proxies (BET, van’t Hoff trends) to localize binding specifically at pore windows rather than external surfaces or defects. Computational support is appropriate but somewhat idealized relative to the heterogeneous experimental system."
"A diffusion-programmed, solvent-switched postsynthetic ligand exchange (PSE) in Cu-TDPAT can be made deterministic—rather than anecdotal—by explicitly operating inside a quantitatively defined “mobility–stability window” where THF increases linker transport (Deff) without triggering Cu paddlewheel demetalation/amorphization, and by using a pre-screened sacrificial dicarboxylate set whose geometric/acid–base mismatch yields a *predictable increase* in defect density and a *measurable spatial correlation length* of defects that manifests as mesoporosity. Mechanistically: (i) THF co-adsorption increases internal free volume and lowers the apparent activation barrier for Cu–carboxylate bond exchange (higher Deff and higher exchange rate constant kex), but only below a solvent activity threshold at which Cu leaching and long-range order loss accelerate; (ii) sacrificial ligands with a controlled mismatch in bite distance (relative to the Cu2(O2CR)4 paddlewheel carboxylate–carboxylate separation), pKa (binding strength), and steric profile bias incomplete node saturation and local strain, increasing the probability of *clustered* missing-linker/missing-node motifs rather than isolated random defects; clustering is evidenced by a non-random defect distribution (SAXS/PDF-derived correlation length ξ > 0) and by a quantitative mass balance linking exchanged ligand fraction and Cu loss to created mesopore volume; (iii) Stage-II functional ligand installation is made predictive by targeting diffusion-limited conditions defined by Damköhler number (Da = kex·R^2/Deff) and particle radius R, thereby controlling shell thickness δ and maintaining a core–shell catalytic gradient that is verified pre- and post-catalysis (persistence against back-diffusion/re-equilibration). Finally, a polydopamine (PDA) + hydrophobe grafted coating is accepted only if it preserves ≥80% of mesopore volume and causes <25% decrease in Deff (dye uptake), ensuring stability gains are not confounded by imposed mass-transfer barriers.","Step 0 — Define quantitative acceptance criteria (decision gates)
0.1 Mobility–stability window gate for THF exposure (must satisfy all): (a) in situ PXRD: ≤10% reduction in integrated intensities of key reflections and no new amorphous halo during exposure; (b) continuous Cu leaching: <1.0% of total Cu released (ICP-OES of supernatant, time-resolved); (c) solvent uptake/free-volume proxy indicates increased mobility: ≥10% increase in gravimetric solvent uptake vs DMF-only and/or measurable free-volume increase (PALS) and/or faster probe diffusion (FRAP/dye uptake kinetics). Conditions failing (a) or (b) are excluded from PSE.
0.2 Mesopore-generation gate after Stage-I: (a) retains crystallinity (ex situ PXRD within ±10% intensity ratio of diagnostic peaks vs parent); (b) shows mesoporosity increase by N2/Ar sorption (hysteresis + mesopore volume Vmeso increase) and corroborated by SAXS-derived feature size; (c) defect mass balance closes within ±15% using digested 1H NMR (linker ratios) + ICP (Cu) + TGA.
0.3 PDA coating gate: (a) ≥80% of pre-coating Vmeso retained (sorption/SAXS); (b) Deff decrease <25% from dye uptake/FRAP; (c) contact angle increase and water stability improvement without disproportionate catalytic rate suppression.

Step 1 — Baseline Cu-TDPAT synthesis and multi-scale characterization
1.1 Synthesize phase-pure Cu-TDPAT with controlled particle radii (R): prepare three size bins (e.g., ~0.5 µm, ~2 µm, ~5 µm median) by modulating concentration/temperature/time; confirm via SEM size statistics (>200 particles/bin).
1.2 Activation protocol chosen to minimize pre-defects: solvent exchange to EtOH, then supercritical CO2 (preferred) or gentle vacuum at validated temperature.
1.3 Baseline measurements: PXRD; N2/Ar sorption (BET, t-plot micropore volume, NLDFT/QSDFT PSD); SEM/TEM; TGA; ICP-OES (bulk Cu); digested 1H NMR (organic linker quantification); Cu-site probes (CO/NO DRIFTS/IR); EPR/UV–vis (Cu environment).

Step 2 — Quantify THF-induced mobility and map the stability window (Mandatory Directive #1)
2.1 Solvent composition map: expose Cu-TDPAT (all three size bins) to THF/DMF mixtures (e.g., 0, 10, 25, 50, 75, 90 vol% THF) at two temperatures (e.g., 25 °C, 50 °C) and multiple times (0.5 h, 2 h, 8 h, 24 h) without added ligand.
2.2 In situ PXRD during exposure (capillary/flow cell) to track time-dependent loss of long-range order; in parallel collect aliquots of supernatant for time-resolved ICP-OES to quantify Cu leaching kinetics.
2.3 Mobility proxies (quantitative):
- Gravimetric solvent uptake isotherms/kinetics (microbalance) for THF/DMF to infer internal solvent loading.
- PALS (positron annihilation lifetime spectroscopy) on selected conditions to quantify free-volume changes (Δτ, ΔVf) relative to DMF-only.
- Complementary diffusional proxy: dye uptake kinetics (e.g., neutral dye sized to access micropores) to extract an apparent Deff under each solvent condition.
2.4 Output: a “safe THF window” defined as the intersection of (i) PXRD retention, (ii) Cu leaching <1%, and (iii) increased mobility proxy (≥10% uptake or measurable Deff increase). Only conditions within this window are permitted for Stage-I PSE.

Step 3 — Replace generic sacrificial ligand with pre-screened set + negative control (Mandatory Directive #2)
3.1 Ligand selection metrics (explicit): for each candidate dicarboxylate, tabulate (a) estimated bite distance/length (end-to-end O···O separation in lowest-energy conformer), (b) pKa1/pKa2 (binding strength to Cu(II)), (c) steric demand (e.g., ortho-substitution or cone angle proxy), and (d) flexibility (rotatable bonds).
3.2 Pre-screened ligand set (example classes; final identities chosen after solubility checks in the safe THF window):
- L_mismatch-short: short aliphatic (e.g., malonate/succinate-type) expected to create strain/undersaturation at paddlewheel connectivity.
- L_mismatch-steric: sterically hindered aromatic dicarboxylate (e.g., ortho-substituted BDC derivative) expected to impede full coordination/repacking.
- L_strong-chelate: a more strongly binding but geometrically mismatched ligand to test whether binding strength suppresses defect clustering.
- Negative control L_iso: an isoreticular, geometry-matched ligand predicted to exchange without amplifying defects (e.g., BDC-like length/linearity) to test the “mismatch → correlated defects/mesopores” claim.
3.3 Small-scale PSE screening (high-throughput vials) inside safe THF window: fixed ligand concentration series (e.g., 1, 5, 20 mM) and times (0.5 h–48 h). Readouts: (i) retained PXRD, (ii) Cu leaching, (iii) digested 1H NMR ligand incorporation fraction, (iv) sorption-derived Vmeso increase. Down-select 1–2 sacrificial ligands that maximize Vmeso gain per %Cu lost while maintaining crystallinity.

Step 4 — Stage-I diffusion-programmed PSE for mesopore genesis with proof of *correlated* defects (Mandatory Directive #3)
4.1 Perform Stage-I PSE under a selected safe THF composition and with the down-selected sacrificial ligand at a concentration chosen to keep Cu leaching <1% while reaching measurable exchange.
4.2 Time-resolved quenching to generate a kinetic series (e.g., 0.5, 2, 8, 24, 72 h) for each particle size bin.
4.3 Spatial exchange-depth mapping (diffusion-limited expectation): use spectroscopically distinguishable sacrificial ligand (deuterated/halogenated or chromophoric where feasible). Prepare microtomed cross-sections and perform Raman/FTIR mapping to obtain concentration vs depth profiles C(x,t).
4.4 Correlation proof package (beyond “mesoporosity observed”):
- SAXS to extract characteristic length scales and a correlation length (ξ) associated with mesoscale inhomogeneity; compare to negative control ligand.
- Total scattering/PDF modeling to separate local paddlewheel integrity (short r) from long-range disorder and to quantify defect signatures.
- 3D electron tomography (or FIB-SEM tomography where applicable) to visualize mesopore connectivity and spatial clustering.
- Statistical test for non-randomness: compute pair-correlation / spatial autocorrelation metrics on tomographic pore maps and relate ξ (SAXS) to observed clustering.
4.5 Mass-balance linkage: for each sample, close the account between (i) lost original linker (digested 1H NMR), (ii) incorporated sacrificial ligand (digested 1H NMR), (iii) Cu loss (ICP), and (iv) created Vmeso (sorption/SAXS). The hypothesis is supported only if Vmeso correlates with *clustered* defect metrics (ξ, tomography statistics) rather than merely with total exchanged fraction.

Step 5 — Stage-II shell-localized catalytic ligand installation made predictive (Mandatory Directive #4)
5.1 Determine Deff for incoming functional ligand under proposed Stage-II solvent conditions using (a) uptake kinetics on intact crystals and/or (b) fitting of Stage-I depth profiles to extract Deff.
5.2 Define diffusion-limited design targets using Damköhler number:
- Use Da = kex·R^2/Deff. Select Stage-II conditions (lower THF fraction and/or lower temperature, reduced ligand concentration) to achieve Da ≫ 1 (target Da ≥ 10) for shell localization.
- Predict shell thickness δ via diffusion–reaction modeling; plan a matrix varying (i) R (0.5/2/5 µm), (ii) time, (iii) ligand concentration to tune δ.
5.3 Execute Stage-II PSE with a catalytically competent carboxylate (chosen for the target reaction: Brønsted acid/H-bonding/redox pendant). Keep conditions within crystallinity constraints.
5.4 Verify core–shell distribution quantitatively:
- Raman/FTIR mapping on cross-sections to obtain functional ligand depth profiles; fit to diffusion–reaction model to back-calculate effective parameters.
- XPS depth profiling (surface enrichment) and, when possible, confocal fluorescence mapping if ligand is chromophoric.
5.5 Persistence test against back-diffusion: subject materials to (i) solvent-only soaking under reaction-like conditions and (ii) catalytic turnover; re-map depth profiles post-run. Acceptance requires shell enrichment to remain within a predefined tolerance (e.g., ≥70% of initial surface/bulk ratio retained).

Step 6 — Eliminate or tightly control “re-metalation”; prefer defect capping (Mandatory Directive #5)
6.1 Default path: omit re-metalation to avoid erasing gradients and introducing extraframework Cu.
6.2 If stabilization is needed, use monotopic capping modulators (e.g., benzoate-type) under diffusion-limited conditions to cap open sites without reconstructing the lattice; verify that gradients persist by repeating mapping.
6.3 If (and only if) Cu re-metalation is attempted as a contingency:
- Implement speciation controls: Cu K-edge XAS (XANES/EXAFS) and EPR to distinguish node-bound paddlewheel-like environments from extraframework Cu species.
- Acid-wash challenge (mild acid that removes deposited Cu without dissolving framework) followed by ICP and re-testing catalysis; if activity drops disproportionately after wash, extraframework Cu contribution is implicated and the route is rejected.

Step 7 — PDA/hydrophobization with thickness/accessibility controls (Mandatory Directive #6)
7.1 Apply PDA under mild O2 with controlled dopamine concentration/time to target ultrathin coatings (optimize to meet gate 0.3). Quantify coating mass gain (TGA) and thickness (TEM on microtomed sections).
7.2 Graft hydrophobes via Michael addition; select hydrophobe size to minimize pore blocking.
7.3 Acceptance testing (hard thresholds from gate 0.3): Vmeso retention ≥80%; Deff drop <25% (dye uptake/FRAP); compare water stability and catalysis to uncoated analogs.

Step 8 — Catalysis benchmarking with structure–transport–site correlation
8.1 Choose a Cu-node-relevant reaction with transport sensitivity (e.g., epoxide ring-opening as in carboxylate-ligand/Cu Lewis acid context; optionally include a size-series of epoxides to probe diffusion limitations).
8.2 Compare five materials under Cu-normalized loading: pristine; Stage-I (hierarchical only); Stage-II only (functional only); Stage-I+II (hierarchical + shell functional); and coated composite.
8.3 Quantify intrinsic vs transport-limited behavior: initial-rate kinetics, activation parameters, Weisz–Prater criterion, substrate-size dependence.
8.4 Deactivation attribution: post-run PXRD/sorption recovery, ICP of supernatants (Cu/leaching), re-mapping of ligand gradients, and surface analyses to distinguish hydrolysis vs pore blockage vs ligand redistribution.","This revision makes each previously qualitative claim testable with quantitative decision gates. (1) THF “plasticization” is operationalized by a mobility–stability map combining in situ PXRD, time-resolved Cu leaching (ICP), and at least one free-volume/transport proxy (gravimetric uptake, PALS, dye-derived Deff). This bounds THF composition/time/temperature to a safe region where increased mobility is demonstrated without amorphization/demetalation. (2) The sacrificial ligand is no longer generic: a pre-screened set is chosen by explicit mismatch metrics (bite distance vs paddlewheel geometry, pKa, sterics, flexibility) and includes a negative control predicted to exchange without defect amplification—enabling a falsifiable test of “mismatch drives mesoporosity.” (3) Correlated defect/mesopore genesis is proven by an orthogonal package—SAXS correlation length, tomography-based clustering statistics, and PDF modeling—then quantitatively linked to defect mass balance (digested NMR/ICP/TGA) and mesopore volume. (4) Stage-II shell localization is made predictive by estimating Deff and targeting Damköhler numbers (Da ≥ 10) with explicit particle-size/time scaling; gradient persistence is validated after solvent soaking and catalysis to rule out back-diffusion-driven homogenization. (5) Re-metalation is de-risked by default omission and replacement with monotopic capping; any contingency re-metalation includes XAS/EPR speciation plus acid-wash controls to exclude extraframework Cu contributions. (6) PDA/hydrophobization is constrained by acceptance specs (≥80% Vmeso retained; <25% Deff loss) and uncoated controls, preventing misattribution of stability improvements to diffusion barriers. Collectively, these changes preserve the original concept chain—diffusion-limited PSE → programmed hierarchical porosity → shell-enriched catalytic ligands → composite stability—while converting it into a reviewer-aligned, parameterized, and falsifiable workflow.","This is an unusually rigorous and well-parameterized proposal that demonstrates deep command of MOF chemistry, Cu paddlewheel stability, and diffusion–reaction theory. Engineering resolution is very high: in situ PXRD, time-resolved ICP, PALS, SAXS/PDF, tomography, and Damköhler-based design are coherently integrated with explicit decision gates. Logical consistency is strong—the causal chain from THF-enhanced mobility to defect clustering, mesoporosity, diffusion-limited shell functionalization, and catalytic performance is mechanistically argued and experimentally testable. Minor deductions arise from practical risk: (i) the experimental burden is extremely heavy, and several techniques (PALS, tomography, in situ PXRD under solvent flow) may be bottlenecks rather than true decision-enablers; (ii) the assumption that sacrificial ligand mismatch will reliably bias *clustered* rather than percolated or collapsed defects may not hold universally across the ligand set, especially under prolonged THF exposure; (iii) Damköhler control presumes reasonably constant k_ex and Deff during Stage-II, whereas defect evolution may dynamically alter both. Evidence grounding is excellent and remains tightly within the stated concept chain. Rationale quality is high: the proposal does not merely apply PSE, but restructures it into a falsifiable, transport-aware, defect-engineering framework. Overall, this is near the upper bound of what is reasonable for a single project and reads more like a program than a standard proposal."
"A NiFe-layered double hydroxide (NiFe-LDH) OER electrode coated with an ultrathin, electronically percolating 2D conductive MOF/coordination-polymer “cap” (≤30 nm effective transport thickness; ≥95% areal coverage) will outperform conventional MOF-electrocatalyst films because additive-engineered interfacial growth can independently tune (i) nucleation/growth kinetics (domain size, continuity) and (ii) coordination-defect chemistry (trap density, cation mixing) in a chemically quantified and falsifiable way. Mechanistic refinement addressing reviewer critiques: (1) DMS is not assumed to ‘magically terminate defects’; rather, it is treated as a weak, reversible thioether ligand whose bound fraction (θ_DMS) to Ni(II)/Co(II) precursors during growth modulates the population of undercoordinated metal sites and mixed-ligand intermediates that seed electronically deleterious grain boundaries/edge terminations. The central claim is quantitative: increasing θ_DMS into a narrow window (e.g., 0.1–0.5) suppresses deep trap formation and reduces grain-boundary barrier height without permanently poisoning the film, and this will be verified by solution-phase binding/competition measurements and correlated to temperature-dependent transport/trap metrics. (2) GBL is not treated as a generic ‘slow solvent’; it is hypothesized to alter interfacial polymerization via two separable parameters—viscosity-controlled mass transport (J_diff) and solvation/coordination-controlled speciation (S_spec)—which jointly set the nucleation rate (J_nuc) and lateral growth velocity (v_lat). The proposal explicitly deconvolutes these contributions by viscosity-matched and dielectric/solvation-matched controls and by in-situ growth-rate measurements (QCM-D/ellipsometry), directly testing the ‘prenucleation cluster lifetime’ assertion. (3) The cap layer is designed to be ion-permeable yet electronically continuous by enforcing a 2D platelet-like morphology with controlled pinhole density and short through-plane diffusion length; its job is charge collection and surface protection, not acting as the catalytic site. The performance gain is predicted by a transport model in which sheet conductance is limited by grain-boundary hopping at small domains and by thickness-dependent percolation/ionic resistance at large thickness; optimal performance occurs at large in-plane domains (minimized grain boundaries) and minimal thickness at full coverage. (4) Oxidative stability is treated as a go/no-go constraint: the 2D MOF must remain chemically intact (no significant ligand oxidation, node dissolution, or conductivity collapse) in an explicitly defined potential window under alkaline OER. If instability is observed, the design includes a pre-specified ‘hardening’ pivot—ligand/node chemistry shifts and/or a sacrificial/passivating ultrathin topcoat—while preserving the additive-engineering/coverage-control concept chain. (5) The mandated perovskite-solar-cell linkage is made substantive by porting a known additive-engineering principle—Lewis-base adduct control of crystallization and defect passivation—into a directly analogous, measurable metric suite in the MOF cap: adduct-bound fraction (θ), nucleation/growth rates (J_nuc, v_lat), defect/trap density (N_trap), and charge-extraction vs ion-blocking tradeoff, with identical falsification logic to solvent/additive engineering in perovskite films (e.g., DMS/DMSO analogs; high-boiling solvent effects disentangled from coordination chemistry).","Step 0 — Predefine success metrics and go/no-go gates (before synthesis)
0.1 Target electrode outcomes (alkaline OER, e.g., 1.0 M KOH): (i) lower overpotential at 10/100 mA cm^-2 vs bare NiFe-LDH; (ii) lower EIS-derived film/interfacial resistance; (iii) improved chronopotentiometric stability at ≥100 mA cm^-2; (iv) MOF cap chemical integrity within a defined potential window (go/no-go).
0.2 Define cap-layer constraints: areal coverage ≥95% (ARXPS/ToF-SIMS), thickness 5–30 nm (cross-sectional TEM/ellipsometry), and a measurable in-plane sheet conductance increase vs uncapped LDH under operating bias.

Step 1 — System definition and chemical ‘knobs’ (nodes/ligands/cation-component)
1.1 Base catalyst scaffold (active sites): vertically oriented NiFe-LDH nanosheets on Ni foam (preferred for high current) and FTO (preferred for spectroscopy) prepared by electrodeposition; document nanosheet density/roughness (SEM/AFM) to standardize nucleation area.
1.2 Cap-layer family (electronically percolating 2D MOF/coordination polymer): select a conjugated ligand set with reported conductive 2D coordination frameworks (e.g., HITP-type or related π-conjugated amine/imine ligands) and square-planar-ish Ni(II)/Co(II) nodes to bias 2D growth.
1.3 Cation-component programming: build a compositional series Ni1−xCox (x = 0, 0.1, 0.3, 0.5, 0.7, 1.0), with optional trace Fe (≤2–5%) only if it demonstrably improves stability/transport without catalytically dominating OER. Predefine the transport readouts that will map composition → (carrier density vs mobility): Seebeck sign/magnitude (preferred), temperature-dependent conductivity activation energy, and potential-dependent redox features.

Step 2 — Quantify DMS coordination and competition (reviewer directive #1)
2.1 Measure DMS–Ni(II)/Co(II) binding in growth-like media (MeCN/GBL mixtures) using at least two orthogonal probes:
- UV–Vis titrations of Ni/Co precursor salts with incremental DMS to extract apparent association constants (K_app) and infer θ_DMS under planned growth concentrations.
- 1H NMR (where paramagnetism allows) or alternative: electrochemical shifts in precursor redox potentials (cyclic voltammetry of precursor solutions) as a coordination proxy.
2.2 Competitive coordination controls: repeat titrations with DMSO (stronger/harder donor), and with an inert thioether analog of different donor strength (optional) to build a binding-strength/activity correlation.
2.3 Link solution coordination to solid-state defect signatures:
- Grow films at fixed thickness while varying θ_DMS (by changing DMS:metal ratio and total concentration) and correlate θ_DMS to (i) trap-related activation energies from temperature-dependent sheet resistance; (ii) impedance-derived distributed RC elements indicative of trap states; (iii) operando spectroelectrochemistry signatures (polaron/bipolaron bands) vs potential.
Falsification criterion: if θ_DMS changes do not systematically change trap metrics at constant domain size and thickness, DMS is acting primarily as a kinetic modifier rather than a defect-terminator—mechanism will be revised accordingly.

Step 3 — Deconvolute GBL effects using matched-property controls + in-situ growth kinetics (reviewer directive #2)
3.1 Construct a solvent matrix that separates viscosity from solvation/coordination:
- Baseline: MeCN.
- MeCN/GBL mixtures (GBL fraction stepped).
- Viscosity-matched MeCN + inert viscosity modifier (chosen to avoid coordination; e.g., a non-coordinating, electrochemically inert additive) tuned to match MeCN/GBL viscosity.
- Dielectric/solvation-matched control solvent system (as feasible) to isolate S_spec effects.
3.2 In-situ growth monitoring on NiFe-LDH substrates:
- QCM-D to extract mass uptake vs time and distinguish nucleation burst vs steady growth.
- Spectroscopic ellipsometry to extract thickness vs time and infer v_lat vs v_through-plane.
3.3 Ex-situ structure mapping vs growth conditions:
- GIWAXS for in-plane coherence length/domain size; cross-sectional TEM for layering/continuity; AFM for roughness and grain-edge density.
Falsification criterion: if GBL and viscosity-matched controls yield identical J_nuc/v_lat and domain sizes, the effect is viscosity-dominated; if GBL uniquely changes kinetics beyond viscosity matching, it supports a speciation/coordination role.

Step 4 — Transport model + measurements that separate grain-boundary vs intra-domain limitation (reviewer directive #3)
4.1 Explicit scaling predictions to be tested:
- At fixed thickness t and composition, sheet conductance (G_sheet) should increase with in-plane domain size (L) according to a grain-boundary-limited form (e.g., effective medium/series barrier model), with a measurable reduction in activation energy as L increases.
- At fixed L, G_sheet vs thickness should show percolation to a plateau (electronic continuity) while electrochemical ion transport (EIS low-frequency features) worsens if t is too large.
4.2 Measurements:
- Temperature-dependent four-point probe/van der Pauw (where geometry allows) to extract activation energies and distinguish hopping-limited regimes.
- Seebeck (preferred) and/or Hall (if feasible for these films) to separate carrier-density vs mobility trends across Ni:Co series.
- Potential-dependent conductivity and operando UV–Vis–NIR spectroelectrochemistry to connect redox-state populations to conductivity (hopping carrier density proxy).
Deliverable: a “transport map” (composition × domain size × thickness) → (G_sheet, activation energy, Seebeck) linked to OER performance.

Step 5 — Build the optimized heterofilm architecture and verify coverage/termination (reviewer directive #1/#5)
5.1 Interfacial growth protocol (liquid–solid): immerse NiFe-LDH electrode in ligand solution (MeCN/GBL per matrix), then introduce metal-salt solution containing programmed Ni/Co ratio and controlled DMS corresponding to target θ_DMS window.
5.2 Thickness control: stop-growth endpoints defined by in-situ ellipsometry/QCM-D targets for 5–30 nm; validate by cross-sectional TEM.
5.3 Coverage and chemical termination:
- ARXPS to quantify exposed LDH fraction vs cap fraction and to detect residual sulfur species (S 2p).
- ToF-SIMS mapping of Ni/Co distribution uniformity and sulfur spatial localization (confirm removal after activation).
- Activation/removal step: vacuum/solvent exchange designed to remove DMS without collapsing the framework; confirm with XPS (S depletion) and unchanged GIWAXS.

Step 6 — OER testing + mechanistic isolation experiments
6.1 Electrochemical testing in alkaline electrolyte:
- Polarization curves, Tafel slopes, EIS under operating potentials to separate film transport resistance, LDH/MOF interfacial resistance, and catalytic charge transfer.
- Chronopotentiometry at 10–500 mA cm^-2.
- Faradaic efficiency via gas quantification.
6.2 Mechanistic falsification matrix (tight alignment to claims):
- Domain-size isolation: vary GBL fraction (and viscosity-matched controls) to change L at constant thickness and composition.
- DMS termination isolation: vary θ_DMS at constant L (achieved by selecting matched kinetic regimes from Step 3) to test trap-density changes independent of domain size.
- Additive identity: DMS vs DMSO; predict that if reversible soft-donor coordination is essential, DMSO will shift speciation/termination differently and will not replicate the same trap/transport improvements.
- Coverage necessity: deliberately discontinuous caps (sub-monolayer coverage) to test whether performance gains track coverage rather than mere chemistry.

Step 7 — Oxidative/alkaline stability and go/no-go potential window (reviewer directive #4)
7.1 Define the stability test window: stepwise holds at potentials spanning pre-OER to strong OER (explicitly report vs RHE) while monitoring:
- Operando Raman to detect ligand oxidation/new bands.
- Operando XAS (Ni/Co K-edge) to monitor node oxidation state/coordination changes.
7.2 Post-mortem diagnostics:
- ICP-MS of electrolyte for Ni/Co/Fe leaching (both from cap and LDH).
- XPS/GIWAXS before/after to confirm framework retention.
7.3 Pivot plan if instability is observed:
- Chemically hardened ligand/node set (e.g., move to more oxidation-resistant conjugated ligands and/or nodes less prone to oxidative dissolution) while keeping the additive-engineered growth/coverage/defect-termination framework identical.
- Optional ultrathin passivating topcoat (few-nm, ion-permeable) that preserves charge extraction but suppresses oxidative attack; must be validated not to increase EIS transport resistance beyond a preset threshold.
Go/no-go: if cap degradation occurs within the operational potential window required for target current densities, the cap chemistry is revised; the architecture concept (LDH active + conductive protective charge-collection cap) remains.

Step 8 — Explicit perovskite-solar-cell linkage as a testable analog (reviewer directive #5)
8.1 Ported principle: Lewis-base adduct control of crystallization/defect passivation.
8.2 MOF-analog metrics (direct parallels to perovskite additive engineering):
- Adduct fraction (θ_DMS) ↔ precursor complexation.
- Nucleation/growth rates (QCM-D/ellipsometry) ↔ crystallization kinetics.
- Trap density proxies (temperature-dependent conductivity/EIS) ↔ electronic defect density.
- Coverage uniformity (ARXPS/ToF-SIMS) ↔ film pinhole/coverage control.
8.3 Deliverable: a single correlation plot family demonstrating that additive-driven coordination/speciation metrics predict morphology (domain size/coverage) and electronics (trap/transport), mirroring the causality chain used in perovskite solvent/additive engineering literature (Asset 2), but now applied to interfacial 2D MOF formation.","Coordination/charge-transport precedent (Asset 1): MOF architectures can preserve molecular/coordination integrity under electrocatalytic operation while enabling electron transfer; this supports the core idea that a coordination framework can be a functional charge-transport component rather than a passive coating—provided stability and transport are engineered and explicitly verified. Additive-engineering precedent (Asset 2): high-boiling solvent/additive control can be mechanistically linked to crystallization kinetics, grain/domain size, and charge-transport outcomes; however, this proposal converts that qualitative analogy into quantitative, falsifiable coordination/speciation (θ_DMS, K_app) and kinetic (J_nuc, v_lat) measurements rather than treating ‘GBL slows growth’ and ‘DMS passivates’ as assumptions.

Addressing reviewer doubts directly:
(1) DMS mechanistic specificity: feasibility is strengthened by treating DMS as a measurable coordination equilibrium rather than a narrative device. By extracting K_app and computing θ_DMS under growth conditions, then correlating θ_DMS to trap/transport metrics at constant thickness/domain size, the proposal can confirm or falsify true defect-termination vs mere kinetic perturbation.
(2) GBL confounds (viscosity vs coordination): the matched-viscosity and solvation/dielectric controls plus in-situ QCM-D/ellipsometry explicitly separate diffusion control from speciation control; thus the ‘prenucleation cluster lifetime’ claim becomes testable via kinetic signatures rather than inferred.
(3) Ion permeability vs electronic percolation tradeoff: the plan enforces an ultrathin cap (5–30 nm) with quantified coverage and explicitly tests thickness-dependent ionic penalties (EIS low-frequency behavior) against sheet conductance gains. This creates an optimization problem with measurable constraints rather than an unbounded thickness target.
(4) Oxidative stability risk: the proposal defines a go/no-go potential window and uses operando Raman/XAS plus ICP-MS to identify degradation modes (ligand oxidation vs node dissolution vs leaching). A pre-committed pivot (hardened ligand/node set or ultrathin passivating topcoat) preserves the concept chain while preventing the cap from becoming the failure point.
(5) Redox alignment underspecification: instead of only asserting ‘alignment,’ the plan measures composition-dependent carrier density/mobility proxies (Seebeck/Hall, activation energies, potential-dependent conductivity) and couples them to operando redox-state signatures, producing an empirical transport map that will identify an optimal Ni:Co(:Fe) window.

Overall feasibility: each mechanistic claim is anchored to a specific measurable variable (K_app/θ_DMS; J_nuc/v_lat; L/t scaling; stability window) with control experiments that can falsify the hypothesis. This converts the original ambition into a reviewer-robust, quantitatively testable coordination-chemistry program.","This is an unusually rigorous and reviewer-aware proposal that directly converts prior qualitative criticisms (""DMS passivates,"" ""GBL slows growth"") into falsifiable coordination-chemistry and kinetics hypotheses. Engineering resolution is high due to the explicit go/no-go gates, orthogonal measurements, and in-situ growth diagnostics. Logical consistency is strong: each additive or solvent is assigned a narrowly defined mechanistic role, and alternative explanations are pre-emptively controlled. Minor deductions arise from (i) residual risk that operando stability characterization (Raman/XAS) may be resource-limiting or slow relative to the breadth of the compositional space, and (ii) the assumption that Seebeck/Hall measurements will be sufficiently sensitive in ultrathin, electrolyte-exposed MOF caps—this is plausible but nontrivial. Evidence grounding is solid and disciplined; the perovskite analogy is not rhetorical but mapped onto identical metrics, though the analogy could still be viewed as structurally external rather than strictly necessary. The rationale is strong, targeting a genuine bottleneck (charge collection/protection vs ion transport in OER electrodes) with a nontrivial architectural solution, but ultimate impact hinges on oxidative stability, which remains a high-risk variable despite the pivot plan."
"Pre-organizing oligoguanosine strands into a defined G-quadruplex topology and using them as removable, bidentate “crystal-directing co-linkers” for Cu(II) paddlewheel MOFs will increase crystallinity and simultaneously raise elastic modulus and thermal stability by enforcing oriented attachment and higher node connectivity during growth. Methodological adaptation: replace conventional monotopic modulators with a topology-locked, ditopic oligoguanosine-based ligand (GQ-diPy) that presents two terminal pyridyl donors at a fixed separation only in the folded quadruplex state; after crystallization, the G-quadruplex co-linker is selectively extracted (ion/solvent triggered unfolding), leaving behind a healed, more crystalline Cu-carboxylate framework with reduced intergrowth/stacking faults. Mechanism: the G-quadruplex acts as a transient geometrical constraint that biases Cu2 paddlewheel-to-paddlewheel registration (suppresses rotational disorder) and promotes long-range periodicity; this reduces microstrain and defect density (higher crystallinity), increases effective crosslink density (higher elastic modulus), and delays thermally induced framework collapse (higher thermal stability).","Step 1: Specific system setup or data preparation.
1.1 Select a Cu(II) paddlewheel MOF family whose crystallinity/mechanics are sensitive to growth defects and stacking faults: (i) 2D-layered HKUST-1-analogues with axial sites accessible during growth (Cu2(BTC) or mixed-linker BTC/isophthalate), and (ii) a pillared-layer Cu-carboxylate MOF (e.g., Cu2(benzenedicarboxylate)2(bpy) where axial ligation/pillaring controls registry).
1.2 Design and synthesize a topology-responsive, ditopic axial ligand: GQ-diPy. Construct a short oligoguanosine (e.g., dG8–dG12) bearing two terminal pyridyl groups via click-linked alkynylpyridine handles at both ends. The key design constraint is that only the folded quadruplex brings the two pyridyl donors into a defined, near-collinear separation compatible with bridging Cu paddlewheel axial sites; unfolded strands remain flexible and predominantly monodentate/chelating-incompetent.
1.3 Establish quadruplex folding/topology under MOF-relevant solvent/ionic conditions using CD spectroscopy and melting curves: K+ (strong folding), Na+ (intermediate), Li+/TBA+ (unfolded). Confirm persistence in DMF/EtOH/H2O mixtures used for Cu-MOF synthesis.

Step 2: Detailed implementation of the adapted methodology.
2.1 Growth protocol A (quadruplex-directed crystallization): Perform solvothermal or diffusion growth of the target Cu-MOF in the presence of pre-folded GQ-diPy (pre-incubated with K+). Use sub-stoichiometric GQ-diPy relative to Cu (e.g., 0.5–10 mol% vs Cu) to avoid permanent incorporation as a dominant linker. Rationale: act as transient axial bridge aligning paddlewheels/layers during nucleation and early growth.
2.2 Growth protocol B (topology control): Repeat with Na+ (partially folded) and with Li+/TBA+ (unfolded) keeping total ionic strength matched. This isolates the effect of quadruplex topology rather than salt effects.
2.3 Growth protocol C (small-molecule axial ligand control): Replace GQ-diPy with a conventional ditopic axial ligand (e.g., 4,4′-bipyridine) at the same mol% to test whether the advantage stems from the quadruplex-defined multiscale scaffold rather than generic pillaring.
2.4 Post-growth “extract-and-heal” step (core adaptation): Exchange crystals in a competitive axial-ligand solution that unfolds/disengages GQ-diPy without dissolving the MOF (e.g., LiClO4 in EtOH/H2O or low-K+ buffer + dilute pyridine). The aim is to remove transient GQ-diPy while preserving the now-registered framework; then re-activate by solvent exchange and evacuation. Track leaching by UV/Vis or fluorescence-tagged trace GQ-diPy.
2.5 Parameter map: vary (i) GQ-diPy loading, (ii) K+ activity, (iii) growth rate (temperature, modulator acid if used minimally), and (iv) diffusion vs solvothermal crystallization. Target the regime where GQ-diPy improves order but does not become a permanent structural component.

Step 3: Rigorous validation and analytical framework.
3.1 Crystallinity and defect/microstrain: PXRD (FWHM, Williamson–Hall microstrain), variable-temperature PXRD to monitor order retention, total scattering/PDF to quantify short-range order vs stacking disorder (especially for layered systems), and single-crystal XRD when possible to directly observe reduced disorder.
3.2 Confirm transient axial coordination and subsequent removal: (i) EPR/XAS at Cu to detect axial ligand field changes during growth vs after extraction, (ii) FTIR/Raman signatures of pyridyl coordination, (iii) elemental analysis/ICP and ssNMR (13C/15N if labeled) to quantify residual GQ-diPy.
3.3 Mechanical properties: AFM nanoindentation on individual crystals and/or nanoDMA on pressed pellets with controlled density to obtain elastic modulus distributions. Correlate modulus with microstrain/defect metrics from PXRD/PDF.
3.4 Thermal stability: TGA/DSC for decomposition onset; in situ VT-PXRD for collapse temperature; compare activated samples after identical solvent exchange histories. Hypothesis-predicted outcome: higher collapse temperature and slower loss of long-range order for quadruplex-directed samples.
3.5 Mechanistic falsification experiments:
(i) Topology dependence: K+ > Na+ > Li+/TBA+ trend in crystallinity, lower microstrain, higher modulus.
(ii) Sequence control: replace oligoguanosine with length-matched oligo(dA) bearing identical pyridyl terminations (no quadruplex). Predict loss of enhancement.
(iii) Geometry control: replace GQ-diPy with a flexible PEG-diPy of similar length. Predict weaker or no improvement if geometric preorganization is essential.
(iv) Timing control: add pre-folded GQ-diPy only after nucleation (late addition). Predict reduced benefit if the main role is nucleation/oriented attachment.
3.6 Application-relevant readouts (optional): methane/CO2 uptake hysteresis and cycling after thermal shock to test whether improved crystallinity/defect reduction translates into more reproducible adsorption and better cycling stability.","1. Theoretical/Empirical Basis: (i) Cu(II) paddlewheel MOFs possess open axial sites during growth and are known to exhibit stacking faults and intergrowth that broaden PXRD peaks and reduce modulus; axial ligation/pillaring strongly influences layer registry and mechanical response. (ii) Oligoguanosine G-quadruplexes provide a well-defined, ion-stabilized topology with high thermal robustness and can be end-functionalized (e.g., via click chemistry) to present donor groups with constrained geometry. (iii) Crystallinity correlates with reduced microstrain/defects, which in turn increases elastic modulus and delays thermally driven amorphization/collapse in coordination networks.
2. Transfer Logic (How the adaptation fits the domain): The proposal operates within coordination polymer self-assembly by exploiting Cu paddlewheel axial coordination as a kinetic/structural handle. The G-quadruplex topology is used not as a modulator analog but as a transient, geometry-encoded co-linker that enforces registry during nucleation/growth and is later removed to restore porosity—directly connecting quadruplex topology → self-assembly pathway control → crystallinity → elastic modulus/thermal stability.
3. Comparative Advantage: Compared with conventional monotopic modulators, the approach provides a topology-defined, long-range geometric constraint rather than simple acid-base competition; compared with small ditopic ligands (bpy), the quadruplex offers a larger, information-rich scaffold that can suppress rotational/stacking disorder over multiple nodes and can be switched off by ion-triggered unfolding for removability. This yields a structurally novel, falsifiable route to simultaneously improve crystallinity and mechanics without permanently blocking pores.","This is a technically ambitious and unusually well-structured proposal that demonstrates strong command of both MOF growth physics and nucleic-acid-derived supramolecular chemistry. The engineering plan is detailed, parameterized, and supported by appropriate state-of-the-art characterization (PDF, VT-PXRD, nanoindentation, EPR/XAS). Logical consistency is high: axial Cu(II) coordination as a kinetic handle, quadruplex folding as a geometry switch, and defect suppression as the bridge to mechanical and thermal improvements are all mechanistically coherent and experimentally falsifiable. The primary weakness lies not in conceptual soundness but in executional risk: (i) persistence of G-quadruplex folding under solvothermal MOF conditions (DMF-rich, elevated temperature) is assumed more strongly than demonstrated, (ii) selective extraction without partial framework damage or residual axial vacancy disorder is non-trivial and could counteract the claimed ‘healing’, and (iii) the effective length scale over which a single GQ-diPy can suppress stacking disorder across multiple paddlewheels is hypothesized rather than quantitatively justified. These issues modestly temper the engineering resolution score but do not undermine the core logic."
"Installing isotopically addressable terminal OH groups (O–H/O–D) at catalytically relevant nodes in a cds-net-derived MOF (constructed from Zr6-oxo nodes and a CdS-net-topology organic linker set) will create a node-local proton/hydrogen-bond electric field that measurably red-shifts and intensity-modulates nearby linker C–H stretch modes via vibrational Stark coupling. A methodological adaptation is proposed: instead of conventional node functionalization (random –OH/–OR distributions), we will enforce a “site-isolated, topology-locked” terminal OH pattern by (i) defect-programmed synthesis to generate a fixed fraction of missing-linker vacancies and (ii) post-synthetic, stoichiometric hydroxylation/deuteration that targets only the open metal sites at these vacancies. Density functional theory (DFT) calculations will explicitly include anharmonic vibrational treatment and local-field analysis to predict C–H stretch shifts as a quantitative reporter of node microenvironment and connectivity in the cds net. Mechanistically, the terminal OH dipole and hydrogen-bonding network at the node perturbs the electron density of adjacent aromatic C–H bonds through through-space electrostatics and through-bond polarization (node–carboxylate–aryl), producing reproducible, topology-dependent IR fingerprints that can be used to map node states and validate cds-net connectivity.","Step 1: Specific system setup or data preparation.
1.1 Select a cds-net MOF platform (cds topology) using Zr6 nodes (UiO/NU-like inorganic building unit) and a linker set known to realize cds connectivity; design linkers with at least one spectroscopically isolated aryl C–H (e.g., mono-deuterated ring positions on a subset of linkers) to simplify assignment.
1.2 Synthesize crystals under modulated conditions (monocarboxylic acid modulators) to program a controlled missing-linker defect density that yields coordinatively unsaturated sites (CUS) on Zr6 nodes without framework collapse.
1.3 Post-synthetically convert CUS to terminal OH with rigorously stoichiometric water dosing; then perform parallel O–D labeling using D2O under identical conditions to generate paired samples differing only by terminal OH isotopologue.

Step 2: Detailed implementation of the adapted methodology.
2.1 Structural/topological verification: single-crystal or high-resolution powder XRD with topology refinement (node/net/vertex-symbol analysis) to confirm cds net and quantify defect fraction; corroborate with pair distribution function (PDF) if disorder is significant.
2.2 Node-state spectroscopy: collect variable-temperature IR spectra focusing on (i) O–H/O–D stretches and bends (node identity) and (ii) linker C–H stretch region. Use difference spectroscopy (OH vs OD; hydrated vs dehydrated) to isolate node-induced perturbations on C–H modes.
2.3 DFT calculation workflow (adapted):
  - Build periodic models of the cds-net MOF with explicit missing-linker defects and site-isolated terminal OH; generate matched OH and OD models.
  - Use periodic DFT (e.g., PBE-D3 or SCAN+rVV10) for geometry optimization; then compute vibrational spectra with (a) finite-displacement phonons for the framework and (b) localized-mode, anharmonic treatment (VSCF/VCI or 1D/2D potential scans) for O–H/O–D and the coupled C–H stretches.
  - Quantify local electric fields at specific C–H bonds and compute vibrational Stark tuning rates; correlate predicted Δν(C–H) with node OH orientation, H-bonding motif, and node connectivity.
2.4 Mechanistic perturbation tests: systematically vary (i) OH surface density (by controlled dehydroxylation/rehydroxylation), (ii) H-bond acceptor strength at the node (MeOH/EtOH dosing to form methoxy/ethoxy as in known Zr6-node chemistry), and (iii) topology-preserving linker substitutions that alter node–aryl through-bond polarization. Track how each perturbation changes C–H stretch shifts relative to DFT predictions.

Step 3: Rigorous validation and analytical framework.
3.1 Validate that observed C–H shifts originate from node terminal OH fields (not bulk adsorption) by: (i) OH/OD isotope pairing, (ii) reversible dehydration cycles, (iii) comparing defect-poor vs defect-rich samples, and (iv) spatially selective quenchers (e.g., weak bases that bind CUS).
3.2 Cross-validate node assignments by complementary probes: solid-state 1H/2H NMR (OH/OD populations), thermogravimetric analysis with MS (water/methanol uptake), and CO-IR as a CUS reporter if accessible.
3.3 Establish a quantitative “node-state readout”: a regression between measured Δν(C–H) and DFT-computed local field/H-bond metrics; demonstrate topology dependence by comparing the cds net to a closely related non-cds topology analogue built from the same Zr6 node chemistry.
3.4 Deliverables: (i) a validated spectral descriptor linking terminal OH configuration at a node to C–H stretch shifts, (ii) a DFT-calibrated map of node microenvironments in cds-net MOFs, and (iii) design rules for tuning node fields via controlled hydroxylation/methoxylation without changing net connectivity.","1. Theoretical/Empirical Basis: Prior MOF studies show terminal OH groups on Zr6 nodes can be interconverted with alkoxy species and fingerprinted by IR with DFT support; defect-engineered nodes exhibit distinct binding and electronic behavior that DFT can mechanistically rationalize. Vibrational Stark effects and hydrogen-bond-induced frequency shifts are well-established physical mechanisms that can translate node dipoles/H-bond motifs into measurable vibrational changes.
2. Transfer Logic (How the adaptation fits the domain): The adaptation directly leverages node chemistry (terminal OH at Zr6 nodes) and net/topology control (cds net) to solve a MOF-specific limitation: ambiguity in node state/distribution under realistic conditions. By enforcing site-isolated, topology-locked hydroxylation at programmed defects, the framework becomes a controllable platform where node microenvironments can be read out through linker C–H stretch reporters.
3. Comparative Advantage: Conventional IR assignments focus on O–H bands that are often broad, overlapping, and sensitive to physisorbed guests. Using coupled C–H stretch shifts as an indirect but sharper reporter—validated by OH/OD pairing and anharmonic DFT—adds specificity and quantification. Embedding this strategy in a cds net further provides a topology-defined constraint, enabling structure–property correlations that are harder to achieve in less topologically resolved or more disordered MOFs.","This is a technically sophisticated and largely convincing proposal that integrates advanced MOF defect chemistry, vibrational spectroscopy, and state-of-the-art DFT. The engineering resolution is high: defect programming, isotopic labeling, difference IR, and anharmonic vibrational treatments are all actionable and appropriate. The logical mechanism—node-local OH dipoles and H-bond networks perturbing linker C–H stretches via electrostatic and through-bond polarization—is physically sound and well articulated. Minor deductions arise from two areas: (i) the assumption that C–H stretch shifts will be sufficiently large and unambiguously separable from lattice/thermal effects is plausible but not quantitatively bounded upfront, and (ii) the cds-net specificity, while emphasized, could be more sharply contrasted against other Zr6-based topologies in terms of symmetry-imposed field anisotropy. Evidence grounding is strong and remains within the chemistry/MOF/DFT domain throughout. The rationale is creative and addresses a real bottleneck—node-state ambiguity—using an indirect but potentially sharper spectroscopic reporter, though it still builds heavily on established Zr6-node chemistry rather than introducing a fundamentally new node motif."
"Embedding a boron-Lewis-acid photogating layer within the sub-nanometer channels of a graphene-nanosheet-supported ZIF-90 (GNS–ZIF-90) will introduce a light-tunable, pH-amplified energy barrier for ionic species, thereby enabling (i) rectification-ratio switching via controllable space-charge asymmetry and (ii) enhanced photocatalysis via field-assisted charge separation and selective mass-transfer of redox-relevant ions. Mechanistically, tethered triarylborane/BODIPY-borane moieties installed as post-synthetic, orientation-biased channel linings will (a) reversibly bind OH−/Cl−/H2O to modulate local Donnan potential and dehydration penalty (energy barrier) for ion entry, and (b) under illumination, undergo excited-state charge transfer to the ZIF-90/graphene interface to generate a built-in photovoltage that further reshapes the ionic potential landscape (photogating). This methodological adaptation converts GNS–ZIF-90 from a purely electrostatic rectifier into a dual-mode (chemical + optical) mass-transfer regulator that couples ionic transport rectification directly to photocatalytic kinetics.","Step 1: Specific system setup or data preparation.
1.1 Synthesize baseline ZIF-90 on glass nanopipette tips with graphene nanosheet (GNS) integration using the reported in situ growth route to reproduce sub-nanometer channel rectification at high ionic strength (1 M KCl) and alkaline pH.
1.2 Prepare boron-based channel-lining precursors: (i) amino-terminated triarylborane (TAB–NH2) and (ii) aldehyde-reactive BODIPY–borane (BDP–NHNH2 or BDP–ONH2) variants designed to preserve strong Lewis acidity at boron while providing a conjugated photoactive unit.
1.3 Computational pre-screening (periodic DFT + implicit/explicit electrolyte micro-solvation) to estimate: (a) binding energies of OH−/Cl−/H2O to boron sites, (b) ion dehydration penalties in pristine vs boron-lined ZIF-90 apertures, and (c) potential-of-mean-force (PMF) profiles for K+/Cl− transport through representative apertures.

Step 2: Detailed implementation of the adapted methodology.
2.1 Post-synthetic channel functionalization (PSM) of ZIF-90 aldehydes: perform Schiff-base (imine) formation between ZIF-90 –CHO and TAB–NH2 or BDP-functional nucleophiles under anhydrous conditions, followed by mild reductive amination (NaBH(OAc)3) to lock the linkage and improve hydrolytic stability.
2.2 Orientation-bias engineering: create an axial gradient of boron functionalization along the nanopipette-grown MOF by diffusion-limited PSM (ligand introduced from one side only). This intentionally breaks symmetry to maximize rectification via an asymmetric fixed-charge/Lewis-acid distribution.
2.3 Photogating integration: for BDP-bearing boron motifs, co-anchor a small fraction of redox mediator sites (e.g., viologen-like pyridinium tether) to favor excited-state electron transfer into graphene (GNS) while keeping boron sites available for anion binding.
2.4 Structural/chemical confirmation: (i) confocal Raman/FTIR mapping along the tip to verify the functionalization gradient (C=N / C–N bands; B–C signatures), (ii) XPS (B 1s, N 1s, O 1s) to quantify boron incorporation and imine reduction, (iii) GIWAXS/PXRD to confirm framework retention, (iv) N2 sorption/CO2 sorption and PALS or positron annihilation to verify maintained sub-nanometer porosity with controlled narrowing.
2.5 Ionic mass-transfer/rectification assays: perform I–V measurements in symmetric electrolytes (1 M KCl) from pH 7–12.5 with and without illumination (wavelength matched to BODIPY absorption). Quantify rectification ratio, limiting current, and hysteresis. Use ion-specific replacements (KCl vs NaCl vs KNO3) to decouple cation/anion contributions.
2.6 Energy-barrier extraction: fit I–V and concentration-dependent conductance using Poisson–Nernst–Planck (PNP) with steric effects and a spatially varying fixed-charge term; validate with PMF from MD umbrella sampling in model apertures. Report ΔG‡(ion entry) changes vs pH and light.
2.7 Photocatalysis coupling tests (mechanism-driven): choose a reaction where ionic access controls rate (e.g., photocatalytic Cr(VI) reduction or oxidative degradation with ROS generation) using the same GNS–ZIF-90 membrane as both transport diode and photocatalyst support. Measure (i) apparent quantum yield, (ii) ROS signatures (EPR spin trapping), and (iii) reaction rate under forward vs reverse bias and under dark vs light, correlating with rectification-controlled ion flux.

Step 3: Rigorous validation and analytical framework.
3.1 Controls: pristine GNS–ZIF-90; ZIF-90 functionalized with non-boron aromatic amines (same sterics, no Lewis acidity); homogeneous boron functionalization (no gradient); graphene-free ZIF-90 nanopipettes.
3.2 Causality tests for Lewis-acid mechanism: add competitive Lewis bases (fluoride at trace levels or pyridine) to quench boron binding and observe collapse of pH/light tunability in rectification and extracted ΔG‡.
3.3 Photogating specificity: compare illumination at on-resonance vs off-resonance wavelengths; transient photovoltage/photocurrent at the GNS interface; time-resolved PL quenching of BODIPY to confirm charge transfer.
3.4 Stability: repeated I–V cycling and photocatalysis cycles; post-mortem XPS/FTIR to confirm retention of boron motifs and reduced hydrolysis; leaching tests (ICP-MS for Zn; boron quantification).","1. Theoretical/Empirical Basis: GNS–ZIF-90 already demonstrates exceptionally high rectification (>500) at 1 M KCl under alkaline conditions, implying that small changes in channel charge and ion–wall interactions strongly modulate the transport energy barrier. Boron-based metal–organic motifs (triarylboranes/BODIPY-boranes) provide strong, tunable Lewis acidity and photophysics suitable for light-harvesting and excited-state charge transfer.
2. Transfer Logic (How the adaptation fits the domain): ZIF-90 uniquely offers aldehyde handles for covalent post-synthetic modification, enabling precise installation of boron-containing ligands without reconstructing the framework. Creating a functionalization gradient is a MOF-specific architectural adaptation that directly engineers asymmetric channel chemistry—the key requirement for rectification and for coupling to photocatalysis via interfacial fields.
3. Comparative Advantage: Compared with pristine GNS–ZIF-90, boron-lined channels introduce an additional, chemically addressable energy-barrier term (Lewis-acid anion/H-bond complexation + dehydration modulation) and an optically addressable term (photogating-induced potential reshaping). Compared with conventional photocatalytic MOFs, the proposal adds a measurable transport metric (rectification ratio) that predicts catalytic rate via controlled mass transfer, enabling a mechanistically grounded design rule: maximize reaction by synchronizing forward-biased ion delivery with illumination-driven charge separation.","This is an exceptionally detailed and conceptually ambitious proposal with strong alignment between hypothesis, mechanism, and experimental plan. The engineering resolution is high: the synthesis, post-synthetic modification chemistry, orientation-gradient strategy, and multi-modal characterization are all technically plausible and described at an actionable level. The logical framework—Lewis-acid-mediated modulation of ion dehydration and Donnan potential, augmented by photogating-induced internal fields—is internally consistent and well integrated with rectification theory and photocatalytic mass-transfer control. Minor deductions arise from two areas: (i) the photogating mechanism relies on several sequential assumptions (excited-state charge transfer → persistent internal photovoltage → measurable reshaping of ionic PMF) that are reasonable but not yet quantitatively bounded; and (ii) the stability of boron–Lewis-acid functionality under prolonged alkaline, high-ionic-strength conditions remains a potential risk despite mitigation strategies. Evidence grounding is strong and disciplined, with appropriate use of MOF chemistry, ion-transport physics, and photocatalysis, and no conceptual overreach. The rationale is creative and clearly addresses a real bottleneck—linking rectified ion transport to photocatalytic kinetics via a tunable energy barrier—going well beyond incremental application of existing methods."
"Pre-installing a thymine-derived, Zn(II)-addressable “gate ligand” (Thy-L) in KBM-1 can enable sequence-selective ssDNA capture and pH-triggered release only if (and because) Thy-L exchange occurs at a chemically defined, labile Zn coordination environment that is proximal to accessible adenine Watson–Crick (WC) faces, rather than through nonspecific adsorption or framework-linker substitution. We hypothesize that KBM-1 contains a subpopulation of (i) terminal aqua/hydroxo ligands on Zn sites and/or (ii) defect/undercoordinated Zn sites that are sufficiently labile in water to support reversible binding of a monocarboxylate (Thy-1-alkylcarboxylate), while the native multidentate framework linkers remain kinetically inert under the same conditions. In this model, Thy-L binds as a weak, monodentate Zn–O2CR ligand (or outer-sphere ion-paired adduct) positioned to sterically and H-bond-competitively occlude nearby Ade WC edges; A-rich ssDNA then displaces Thy-L through multivalent A–T pairing amplified by confinement and local effective molarity (multiple Ade faces per pore segment engaging multiple adenines along a single ssDNA), producing cooperative uptake only when a geometric multivalency criterion is met (Ade-face linear density and spacing commensurate with ssDNA base spacing and persistence length under the chosen ionic strength). Acidic pH reverses capture primarily by protonating adenine (reducing WC pairing) and diminishing net electrostatic attraction, while framework integrity is maintained if Zn leaching and linker protonolysis remain below pre-defined thresholds. Thus, the ‘toehold-like’ behavior is not assumed a priori; it is predicted to emerge only after (1) mapping the true Thy-L binding site/lability at Zn by EXAFS/XANES and competition experiments, and (2) empirically quantifying A–T pairing energetics under the exact buffer/salt conditions and translating those energetics into a pore-confinement multivalency criterion that is then directly stress-tested by a DNA library designed around spacing/valency, not merely A-tract length.","Step 0 — Lock down KBM-1 coordination environment and identify the exchangeable site (mandatory before displacement claims).
0.1 Reproduce KBM-1 with strict aqueous stability benchmarking: synthesize per Ade/Zn2+/unnatural amino acid protocol; verify phase purity (PXRD), porosity (N2 sorption), morphology (SEM). Establish baseline aqueous robustness by soaking in the exact buffers planned (see below) for 24–72 h and measuring: (i) PXRD retention, (ii) Zn leaching by ICP-MS, (iii) linker/ligand loss by solution 1H NMR/LC (digest or supernatant as appropriate), and (iv) water vapor sorption hysteresis as an early capillary-condensation damage indicator.
0.2 Define working buffer space (for all subsequent steps): select two ionic strengths to explicitly bracket base-pair screening: (A) 10 mM HEPES, 10 mM NaCl, pH 7.4; (B) 10 mM HEPES, 150 mM NaCl, pH 7.4. Maintain Mg2+-free conditions initially to avoid strengthening nonspecific DNA adsorption and altering Zn chemistry.
0.3 Spectroscopic node mapping (Zn K-edge XANES/EXAFS): collect Zn K-edge spectra for (i) activated KBM-1, (ii) water-equilibrated KBM-1 in buffer A and B, and (iii) after exposure to small competitive ligands (acetate, imidazole, phosphate; see 0.4). Fit EXAFS with models spanning Zn–N/O coordination numbers and Zn–O distances to detect terminal aqua vs carboxylate binding and to quantify any ligand exchange at Zn without bulk phase change. Pre-commit to acceptance: no significant change in Zn–Zn (if present) or long-range scattering consistent with node reconstruction, and <10% change in average Zn first-shell CN upon benign competitors.
0.4 Systematic competition experiments to map affinity/lability of the putative exchange site:
- Incubate KBM-1 in buffer A with graded concentrations (0.1–50 mM) of sodium acetate, imidazole, and sodium phosphate (or NaH2PO4/Na2HPO4 at pH 7.4), each for defined times (0.5, 2, 8, 24 h).
- Readouts: solution Zn by ICP-MS; PXRD; and quantification of competitor uptake/depletion where feasible.
- Decision rule: if phosphate causes rapid Zn leaching/structural loss, it becomes a ‘dissolution positive control’ to distinguish destructive processes from designed exchange; acetate/imidazole define a “safe” competitive window. This maps whether monocarboxylates can bind reversibly without displacing framework linkers.

Step 1 — Design and validate Thy-L chemistry and negative controls (recognition vs coordination decoupling).
1.1 Gate ligand set (all synthesized/purchased with full characterization by 1H/13C NMR, HRMS, pKa estimation/measurement):
- Thy-L(weak Zn-binding): thymine-1-acetate and thymine-1-propionate (monocarboxylate; chain length tunes approach and hydrophobicity).
- Coordination-preserving, base-pair-broken decisive negative control: N3-methylthymine-1-acetate (blocks WC H-bonding at N3 but retains carboxylate for Zn binding) and/or 2,4-difluorothymine-1-acetate (attenuates H-bonding while maintaining shape).
- Non-coordinating thymine control: thymine-1-methyl (preserves recognition but removes Zn–O2CR handle).
- Optional orthogonal base control: uracil-1-acetate (weaker methyl effect; tests recognition energetics differences).
1.2 LC-MS method development for Thy-L quantification in DNA-containing matrices (addresses mass-balance critique):
- Use LC-MS (ESI− preferred for carboxylates) with isotopically labeled internal standard (e.g., 13C2-acetate analog of Thy-L or deuterated Thy-L) spiked into every sample at collection.
- Validate separation from nucleobases, oligonucleotides, HEPES, and salts; include matrix-matched calibration curves in buffer A/B with and without representative ssDNA.
- Quantify adsorption-to-plastic/glass artifacts: run Thy-L solutions with and without DNA in empty vessels; correct recovery by mass balance.

Step 2 — Post-synthetic installation (PSI) with explicit site model tests.
2.1 PSI protocol (buffer-controlled): activate KBM-1 (mild vacuum/temperature consistent with KBM-1 stability), then equilibrate in buffer A or B. Add Thy-L at 0.1–5 mM (below any threshold identified in 0.4 that perturbs the framework). Stir gently at constant solid:liquid ratio.
2.2 Quantify Thy-L uptake kinetics and capacity by LC-MS with internal standard. Perform timepoints (5, 15, 30, 60, 120, 360 min; 24 h). Fit to adsorption/exchange models.
2.3 Differentiate true coordination from nonspecific adsorption:
- Repeat PSI in the presence of competing acetate (e.g., 1–10 mM) and imidazole (1–10 mM). A coordination-driven installation should be suppressed competitively; nonspecific adsorption should be less sensitive.
- Measure Zn K-edge XANES/EXAFS of Thy-L@KBM-1 to detect Zn–O(carboxylate) signature changes relative to water-equilibrated KBM-1. Complement with FTIR (Δνasym–Δνsym carboxylate as qualitative binding-mode indicator) as secondary evidence.
- Acceptance criterion for proceeding: Thy-L loading is reproducible, competitor-sensitive (acetate reduces loading in a dose-dependent manner), and EXAFS indicates added Zn–O(carboxylate) contribution without PXRD degradation and with Zn leaching below threshold (defined in Step 4).

Step 3 — Quantify A–T pairing energetics under exact conditions and translate into a geometric multivalency criterion.
3.1 Solution-phase pairing benchmark (no MOF): measure A–T interaction strength under buffer A and B using at least two orthogonal methods:
- UV melting (Tm) of short complementary oligos (e.g., dA10 with dT10; and mismatched controls) to extract ΔG° at 25 °C.
- ITC for short oligo association (if signal permits at low ionic strength) or alternative: MST (microscale thermophoresis) with labeled strand.
3.2 Confinement proxy (if direct in-pore pairing is hard): use KBM-1 analog experiments where Ade WC faces are present but mobility is restricted:
- Measure ssDNA binding isotherms to ungated KBM-1 vs Thy-L@KBM-1 in buffer A/B; use the difference to infer effective penalty/benefit consistent with A–T pairing.
3.3 Define and test a multivalency/geometry criterion:
- From KBM-1 crystal structure (literature SCXRD), compute/estimate: (i) density of accessible Ade WC faces per nm of channel length and (ii) typical spacing between faces along the pore wall. Translate into a predicted “matching condition” where an ssDNA segment of length L can engage n faces simultaneously given base spacing (~0.34 nm per nucleotide in extended form) and electrostatic persistence length (salt-dependent).
- Prediction: cooperative displacement should emerge only when the number of simultaneously engageable A bases (n_eff) exceeds a threshold (e.g., n_eff ≥ 3–5), and should weaken at 150 mM NaCl (buffer B) relative to buffer A.

Step 4 — Displacement experiments with mass-balance, stoichiometric benchmarks, and dissolution controls.
4.1 DNA library designed to test geometry (not just A-tract length):
- Keep total length constant (e.g., 30 nt) while varying distribution of adenines: (i) terminal A-block (A10 + mixed remainder), (ii) periodically spaced A’s (A every 3 bases), (iii) clustered internal A-block, (iv) A-poor control with same length/charge.
- Include T-rich and random controls.
4.2 Coupled kinetics with full mass balance:
- For each DNA, run displacement at fixed DNA:MOF ratios under buffer A and B.
- Measure simultaneously: (i) Thy-L released to solution by LC-MS (internal standard), (ii) DNA depletion/uptake by fluorescence (labeled DNA) with calibration and quench controls, and (iii) solution Zn by ICP-MS at matched timepoints.
- Define stoichiometric benchmarks and acceptance windows: report mol Thy-L released per mol nucleotide adsorbed (or per mol DNA). Target “coupled exchange” signature: Thy-L release scales with A-density/geometry and saturates near a constant ratio (±20%) for the best-matching DNA sequences, while Zn leaching remains below threshold.
4.3 Competition tests to separate Watson–Crick recognition from generic ligand exchange:
- Repeat displacement using the decisive negative control gate (N3-methylthymine-L or 2,4-difluorothymine-L). If displacement is recognition-driven, A-rich DNA should show markedly reduced ability to trigger Thy-L release and uptake relative to true Thy-L, despite comparable coordination installation levels.
- Add soluble acetate challenge (e.g., 5 mM) during DNA exposure: if DNA uptake is primarily via A–T recognition and not simply scavenging Zn–O2CR, acetate should partially suppress Thy-L release without reproducing DNA sequence selectivity.

Step 5 — pH-triggered release deconvolution with stability thresholds and ‘no-DNA’ controls.
5.1 Define quantitative stability thresholds (pre-registered):
- Zn leaching: acceptable ≤1% of total Zn over a full capture→release cycle; caution 1–5%; failure >5%.
- Framework integrity: PXRD peak positions retained; crystallinity loss <20% by integrated intensity comparison; porosity recovery ≥80% of pre-gating BET after reactivation.
5.2 pH-step release with full controls:
- Perform pH steps (7.4 → 5.5 → 4.5) on (i) DNA-loaded Thy-L@KBM-1, (ii) Thy-L@KBM-1 without DNA, and (iii) ungated KBM-1 loaded with DNA.
- Quantify DNA release kinetics (fluorescence), Thy-L rebinding/release (LC-MS), Zn leaching (ICP-MS), and any linker/ligand loss (solution NMR/LC of supernatant and/or digest).
5.3 Dissolution discrimination via competitive ligands at low pH:
- Include parallel samples with added acetate (5–20 mM) at pH 4.5 to test whether release coincides with Zn–carboxylate exchange/dissolution; include phosphate as a destructive control to establish the signature of node dissolution (high Zn leaching + PXRD collapse).
- Interpret release mechanism only if DNA release occurs with Zn leaching below threshold and without linker loss; otherwise classify as framework damage-driven release.

Step 6 — Structural localization: commit to realistic probes and falsifiable alternatives.
6.1 Primary local-structure probe: Zn K-edge EXAFS/XANES across states (KBM-1 → Thy-L@ → DNA-displaced → post-pH). This is prioritized over SCXRD.
6.2 Secondary probes (pre-committed if EXAFS is inconclusive):
- Solid-state NMR using isotopic labeling where feasible (e.g., 15N-labeled thymine derivative or 15N-labeled adenine in the framework if accessible) to detect proximity/interaction changes.
- Fluorescence quenching/FRET: install a fluorophore-tagged Thy-L analog at low fraction to report displacement in situ (validated to behave similarly to unlabeled Thy-L).

Step 7 — Success criteria (revised to reflect mechanistic rigor).
7.1 Mechanistic validation gates:
- Demonstrated competitor-sensitive Thy-L installation consistent with labile Zn coordination (EXAFS + competition).
- Quantified A–T pairing energetics under buffer A/B and observed salt dependence consistent with recognition-driven displacement.
- DNA-library results that match the geometric multivalency criterion: sequences predicted to have higher n_eff show higher cooperativity (Hill coefficient increase and/or induction behavior) and higher selectivity vs A-poor controls.
7.2 Performance metrics:
- ≥2× selectivity (A-geometry-matched vs mismatch) at equal length/charge in buffer A; measurable but reduced selectivity in buffer B (explicitly predicted).
- Stoichiometric coupling within ±20% for best-performing sequences.
- Retained crystallinity and porosity recovery ≥80% after at least two gating/displacement cycles.
- pH-triggered release with ≤1% Zn leaching and no detectable linker loss above background.","1) Binding-site and exchange feasibility is made chemically explicit and experimentally testable before any ‘toehold-like’ claim: the revised plan treats Thy-L exchange as occurring at a labile Zn coordination environment (terminal aqua/hydroxo and/or defects) rather than assuming open metal sites or framework-linker substitution. Zn K-edge XANES/EXAFS across controlled competitor challenges (acetate/imidazole/phosphate) directly maps whether monocarboxylates bind reversibly without node rearrangement, addressing the coordination ambiguity. The acetate/imidazole dose-response additionally differentiates coordination-driven PSI from nonspecific adsorption.

2) Selectivity is no longer asserted from base pairing alone; it is parameterized by measured A–T pairing energetics under the exact buffer/ionic strength (two regimes) and translated into a falsifiable multivalency/geometry criterion derived from the known density/spacing of accessible Ade WC faces in KBM-1. The DNA library is redesigned to vary A-distribution/periodicity at constant length, enabling a direct test of whether cooperativity arises from confinement-enhanced multivalency rather than simple A-tract affinity.

3) Quantification rigor is upgraded to mass-balance-grade analytics: LC-MS (not HPLC/UV) with isotopically labeled internal standards, matrix-matched calibrations (with/without DNA), and explicit vessel-adsorption corrections ensures Thy-L release is accurately quantified in complex DNA/buffer matrices. Stoichiometric coupling benchmarks (mol Thy-L released per mol nucleotide/DNA) are pre-defined with acceptance windows.

4) The pH trigger is deconvoluted from framework damage by pre-registered Zn-leaching thresholds, no-DNA pH controls, and solution-phase monitoring of linker loss (NMR/LC) alongside porosity recovery. Competitive ligand challenges at low pH (acetate benign; phosphate destructive) provide a diagnostic signature to distinguish designed reversibility from node dissolution.

5) Structural localization risk is mitigated by prioritizing realistic, occupancy-tolerant local probes (Zn EXAFS/XANES as primary; ssNMR or fluorophore-reporter Thy-L as secondary), so failure of SCXRD/PDF does not stall mechanistic adjudication. Together, these changes convert the proposal from an attractive concept into a mechanistically locked, falsifiable coordination/supramolecular program aligned with known aqueous MOF stability constraints and Bio-MOF nucleobase recognition.","This is an unusually rigorous and well-pre-registered proposal that directly confronts the central failure modes of aqueous MOF–biomolecule studies: ambiguous binding sites, conflation of adsorption with coordination, and post hoc mechanistic storytelling. Engineering resolution is very high: the stepwise plan uses state-of-the-art, domain-appropriate tools (Zn K-edge EXAFS/XANES, LC-MS with isotopic standards, ICP-MS mass balance, competitive ligand diagnostics) with explicit acceptance criteria and decision rules. Logical consistency is likewise strong; the hypothesis is mechanistically constrained, falsifiable, and explicitly conditional on identifying a labile Zn coordination environment proximal to adenine WC faces. Importantly, the proposal does not assume ‘toehold-like’ behavior but derives it from quantified A–T energetics translated into a geometric multivalency criterion. Evidence grounding is solid and remains within the Bio-MOF / nucleobase-recognition domain without importing irrelevant paradigms. Minor deductions arise from residual risk that EXAFS sensitivity may be insufficient to resolve low-occupancy Thy-L binding modes, and from the practical complexity of maintaining tight mass balance across so many coupled assays, which could strain throughput and statistical power. Rationale quality is high: the work does not merely apply base pairing to MOFs, but restructures the problem around coordination lability as the bottleneck, representing a genuine conceptual advance rather than an incremental application."
"A sequential, quantitatively verified, site-selective post-metalation of mixed-linker [M2L2P]-type MTV‑SURMOFs can be made falsifiable and robust by (a) operationally defining “pKa-programmed” LPE as a kinetic deprotonation/ligation window controlled by solvent, base-equivalent, and cycle timing (not pKa alone), (b) engineering *bounded* node-adjacent defect pockets at a measured density that preserves orientation/crystallinity, and (c) installing Cu2+ under a ligand/water-activity regime that thermodynamically favors binding to pendant neutral donors (L3) and kinetically suppresses Zn→Cu exchange at carboxylate nodes. Mechanistically, Zn2+ paddlewheel nodes provide an epitaxy-stable scaffold and maintain continuous oriented channels; late-cycle incorporation of low-fraction L3 introduces inward-facing pyridyl/thioether donors that act as high-affinity, non-framework coordination sites; and isolated missing-linker pockets increase local accessibility and residence time for Cu2+ near L3 without creating percolating defects that destabilize Zn nodes. If Cu2+ is delivered as a partially complexed species (Cu–ligand) in low water activity, the dominant pathway becomes diffusion-limited capture at L3/defect pockets rather than transmetalation at carboxylate–Zn sites or precipitation as Cu(OH)x. The resulting architecture produces a cooperative adsorption landscape in which (i) Cu2+ provides isolated open Lewis-acid/π-complexation sites that increase aromatic adsorption enthalpy, while (ii) the Zn2+ framework preserves pore continuity and electrostatic field uniformity, preventing pore collapse and minimizing site blocking. This hypothesis is falsified if (1) per-cycle linker uptake cannot be independently quantified and shown to follow the programmed sequence within defined tolerances, (2) defect density cannot be bounded below a crystallinity/orientation threshold, or (3) Cu2+ installation causes measurable Zn loss/exchange or forms non-chelated hydroxo/oxo deposits while failing to increase enthalpy-normalized adsorption beyond mesoporosity-only controls.","Step 0 — Platform selection, substrates, and analytical calibration
0.1 Choose a benchmark [M2L2P] SURMOF system with established LPE recipes and strong diffraction signatures. Primary: Zn2+ paddlewheel framework (Zn2(BDC)2-type analogue within [M2L2P] family) on COOH-terminated SAMs (e.g., 11-mercaptoundecanoic acid on Au) or hydroxylated oxide (e.g., Al2O3/Si) with carboxylate anchoring layer. Rationale: Zn2+ nodes reduce Cu-driven framework redox/ligand exchange during growth.
0.2 Establish thickness/mass calibration for normalization: (i) spectroscopic ellipsometry per cycle, (ii) QCM-D mass-per-cycle on identical substrates, and (iii) AFM step-height (masked growth) for absolute thickness.
0.3 Define absolute composition calibration for IRRA: prepare reference films with known linker ratios (verified by digestion NMR/ICP) to convert IRRA band integrals of each linker’s diagnostic vibrations to mol-fraction.

Step 1 — Define the “pKa-programmed LPE” process window (operational chemistry, not qualitative pKa)
1.1 Linker set (ternary):
• L1: BDC (terephthalate, baseline).
• L2: electron-withdrawing dicarboxylate (e.g., 2,5-difluoro-BDC or 2-nitro-BDC) to shift deprotonation/coordination kinetics.
• L3: BDC bearing a pendant neutral donor oriented into the pore (e.g., 2-(pyridin-3-yl)-BDC, 2-(methylthio)-BDC, or triazole-tagged BDC).
1.2 Measure linker pKa *and* effective deprotonation under growth solvent: determine pKa in water/MeOH and estimate apparent acidity in EtOH/DMF mixtures using titration + conductivity; record solubility limits and aggregation.
1.3 LPE solvent/base-equivalent specification (starting window; to be optimized):
• Metal solution: 0.5–1.0 mM Zn(OAc)2·2H2O (or Zn(NO3)2·6H2O) in EtOH:DMF:H2O = 70:25:5 (v/v/v).
• Linker solutions: 0.25–0.75 mM total linker in same solvent system.
• Base-equivalent control: add triethylamine (TEA) at 0–2.0 equiv relative to total –COOH (or replace with 2,6-lutidine for weaker/basic steric control). Target apparent pH (in the aqueous fraction) 5.5–7.0; record with micro-pH electrode in a matched solvent surrogate (EtOH/H2O) and maintain constant across cycles.
• Cycle timing: 5 min metal exposure → 2× 1 min rinse (solvent) → 5 min linker exposure → 2× rinse; temperature 25–35 °C.
1.4 Programmed sequence definition (example 60-cycle film; adjust to reach 100–300 nm):
• Cycles 1–15 (orientation lock-in): L2-rich (e.g., L2:L1:L3 = 80:20:0) to favor fast deprotonation/coordination at growth front.
• Cycles 16–45 (pore regularization): L1-dominant (10:90:0).
• Cycles 46–60 (Cu-capture seeding): low L3 fraction (10:85:5) to minimize growth poisoning.
1.5 Sequence fidelity measurement (mandatory quantitative):
• In situ QCM-D: record Δm per cycle for metal and linker half-cycles; require stable growth (±10% mass-per-cycle after cycle 10).
• Ex situ IRRA after defined cycle blocks (e.g., after 15, 45, 60 cycles): integrate diagnostic bands for L2 and L3 vs L1; convert to absolute mol-fractions using calibration.
Go/no-go #1 (sequence fidelity): L3 incorporation in the final block must be 3–7 mol% (target 5±2%) and ≤1 mol% in early/mid blocks; L2 must be ≥60 mol% in cycles 1–15 and ≤15 mol% thereafter. If not met, adjust TEA equivalents, linker concentration, and exposure time (kinetic control) until criteria are satisfied.

Step 2 — Quantified defect-pocket engineering with bounded density and identified defect type
2.1 Replace vague “defect pulses” with a modulator-dose protocol embedded in LPE:
• Modulator: benzoic acid or acetic acid (monocarboxylate) introduced only during metal half-cycles at defined pulses.
• Pulse schedule: every 10th metal half-cycle, add modulator at 5–20 mM for 60–120 s (then rinse). Keep all other parameters constant.
2.2 Defect density quantification and defect-type discrimination:
• Film digestion: dissolve SURMOF (e.g., DCl/DMSO-d6 or acidic aqueous/organic mixture validated not to scramble linkers) and quantify linker ratios by 1H NMR using an internal standard.
• Metal content: ICP-OES/ICP-MS on digest to obtain Zn:(L1+L2+L3) ratio.
• Defect metric: define missing-linker fraction fML = 1 − (measured linker equivalents per Zn)/(ideal linker equivalents per Zn in [M2L2P]). Track across pulse intensity.
• Defect-type proxy: XAS at Zn K-edge to detect changes in Zn coordination number consistent with missing-linker vs missing-node; corroborate with XPS (Zn 2p shifts) and, if available, PALS to detect free-volume changes consistent with defect pockets (optional but recommended).
2.3 Bounding “isolated, non-percolating” defects in thin films:
• Structural retention constraints: GIWAXS/XRD must retain (i) the same out-of-plane orientation peaks and (ii) FWHM broadening ≤25% relative to defect-free film.
• Leakage/lability constraint: no measurable Zn loss during modulator pulsing (Zn in rinse solutions by ICP-MS below 1% of total Zn content per 100 cycles).
Go/no-go #2 (defects): Acceptable defect window is fML = 0.5–3.0% with crystallinity/orientation criteria met. If fML >3% or orientation degrades, reduce modulator concentration/pulse time or pulse frequency.

Step 3 — Engineer Cu2+ selectivity: precursor chemistry, water activity control, and time-resolved kinetics
3.1 Cu2+ precursor/ligand environment (to suppress Zn→Cu exchange and hydroxo deposition):
• Use Cu(OTf)2 or Cu(NO3)2 at 0.1–1.0 mM in MeCN:EtOH = 80:20 with controlled water content ≤0.5 vol% (Karl Fischer verified).
• Add a competing, *moderate* chelator that stabilizes Cu2+ against carboxylate exchange but still allows substitution by pyridyl donors: 2,2′-bipyridine (bpy) or acetonitrile-rich solvation; starting condition: Cu:bpy = 1:0.5 (mol/mol). Alternative if L3 is thioether: avoid strong N-chelation; use Cu(OTf)2 in dry MeCN without bpy.
• Add a non-nucleophilic base is avoided to prevent Cu(OH)x; maintain low water activity; no carbonate buffers.
3.2 Diffusion-limited installation protocol:
• Immerse films in Cu solution under N2, 25 °C, static (no stirring) for controlled times (5, 15, 30, 60, 180 min).
• Rinse in dry MeCN/EtOH and perform a “locking” step: brief solvent exchange with dry MeCN containing 1–5 mM of the free L3-analog (small-molecule pyridine) to strip weakly physisorbed Cu and leave strongly bound Cu at donor sites (optimize to avoid stripping desired Cu).
3.3 Prove selectivity and rule out transmetalation/precipitation (time-resolved):
• XPS vs time: quantify Cu 2p/Zn 2p ratios and Cu satellite features; require monotonic Cu uptake with constant Zn signal (±5%).
• XAS (Cu K-edge): determine coordination environment; require spectra consistent with N/S-ligated Cu2+ (and not CuO/Cu(OH)2). Compare to reference Cu(OTf)2, CuO, and Cu–pyridine complexes.
• EPR: confirm isolated Cu2+ signatures (g||, A||) consistent with mononuclear sites; absence of signals typical of clustered Cu(II) oxo species.
• ICP-MS of metalation bath and rinses: Zn leaching ≤0.5% of total Zn per metalation (hard limit).
Go/no-go #3 (selective metalation): (i) Zn loss ≤0.5%, (ii) no CuO/Cu(OH)2 signatures by XAS/XPS, and (iii) Cu uptake saturates with time consistent with diffusion/finite site density (plateau by ≤3 h). If violated, reduce water content, lower Cu concentration, increase chelation (bpy ratio), or shorten exposure.

Step 4 — Adsorption testing with rigorous normalization and transport/enthalpy decoupling
4.1 Film normalization (mandatory):
• Determine areal mass loading (QCM-D) and thickness (ellipsometry/AFM). Report uptake as (i) mg analyte per g framework and (ii) mol analyte per mol total metal, and (iii) per accessible pore volume.
• Accessible pore volume proxy in films: combined ellipsometric porosimetry (EP) with a non-coordinating probe vapor (e.g., toluene or cyclohexane) and/or Kr adsorption on scraped film (if feasible). If EP available, use it to quantify mesopore contribution.
4.2 Adsorption measurements:
• QCM-based vapor sorption for benzene/toluene/xylene at multiple temperatures (e.g., 298/308/318 K) to extract isosteric heat via Clausius–Clapeyron on matched coverage regions.
• Complement with vapor sorption isotherms (gravimetric or volumetric if sufficient material can be harvested; otherwise QCM across RH-controlled partial pressures).
4.3 Controls to decouple access vs binding (as required):
• Control A (mesoporosity-matched, no Cu): create mesopores via the same pause/rinse and defect window, but omit L3 and omit Cu metalation.
• Control B (Cu-loading matched, minimal mesopores): L3 present and Cu-metalated, but grown without pause/rinse and at lowest defect density (fML ~0.5%).
• Control C (L3 present, no Cu): isolates effect of donor tags alone.
• Control D (conventional MTV-SURMOF): one-pot mixed-linker LPE (constant linker mixture each cycle) with same overall linker ratios and thickness.
4.4 Success metrics (quantitative):
• Primary performance: at matched film mass and matched accessible pore volume (±10%), Cu-metalated L3+defect films must show ≥30% higher aromatic uptake at P/P0 = 0.1–0.3 and ≥20% higher isosteric heat at low coverage than Control A.
• Site-efficiency: uptake increase per incorporated Cu (Δmmol arene / mmol Cu) must exceed that of a Cu-only SURMOF benchmark by ≥2×.
• Stability: after 50 adsorption/desorption cycles and 24 h at 50% RH, retain ≥90% of initial uptake and preserve GIWAXS orientation peaks (intensity loss ≤20%).
Go/no-go #4 (mechanistic attribution): If uptake gains correlate only with increased mesopore volume (EP) and not with increased Qst or Cu site density, the “enthalpy-driven cooperative landscape” claim is rejected and the project pivots to optimizing access/transport rather than bimetallic binding.

Step 5 — Mechanistic closure experiments
5.1 Competition adsorption: benzene vs cyclohexane to isolate π/Lewis-acid contributions (cyclohexane is non-π). A larger benzene/cyclohexane selectivity in Cu-metalated films supports Cu–π interactions.
5.2 Poisoning test: dose pyridine vapor at low coverage to reversibly block Cu Lewis sites; a corresponding drop in aromatic uptake (with minimal pore volume change) links uptake enhancement to Cu sites.
5.3 Spatial distribution verification: ToF-SIMS depth profiling and cross-sectional STEM-EDS to ensure Cu is not concentrated only at the outer surface; require Cu depth gradient <2× across film thickness (unless intentionally designed otherwise).

Project decision points and timeline (high-level)
• Months 1–3: define LPE window + sequence fidelity (Go/no-go #1).
• Months 4–6: defect window mapping + bounded defect protocol (Go/no-go #2).
• Months 7–9: Cu selectivity regime + kinetics (Go/no-go #3).
• Months 10–12: adsorption + mechanistic controls + stability (Go/no-go #4).","1) Making “pKa-programmed incorporation” operational and falsifiable: Asset 3 shows linker pKa correlates with SURMOF orientation/composition, but the reviewer correctly notes that LPE incorporation is governed by local deprotonation and surface coordination kinetics. The revised plan therefore specifies solvent composition, base-equivalent, concentrations, and exposure times, and it requires *independent per-cycle uptake quantification* (QCM mass-per-cycle) plus *absolute composition readout* (IRRA calibrated to digestion NMR/ICP). Sequence fidelity is no longer assumed from pKa; it is experimentally verified against explicit tolerances.

2) Defect pockets with bounded density and known defect type: The reviewer concern (uncontrolled missing-linker/missing-node chemistry) is addressed by a dose-controlled monocarboxylate pulse protocol and a multi-modal defect metrology stack: digestion NMR + ICP defines linker:metal stoichiometry (defect density), Zn K-edge XAS/XPS provides coordination-state evidence for defect type, and (optionally) PALS/ellipsometric porosimetry quantifies added free volume. A hard upper bound (fML ≤3% plus diffraction/orientation retention) ensures defects remain isolated and do not percolate into a mechanically fragile network. This directly resolves the “isolated, non-percolating” claim with a measurable criterion.

3) Explicit Cu2+ selectivity engineering to prevent Zn→Cu transmetalation and hydroxo/oxo deposition: Rather than exposing films to aqueous Cu2+ (high risk of Cu(OH)x and exchange), the protocol uses low-water-activity media (MeCN/EtOH with KF verification), weakly coordinating anions (OTf−/NO3−), and an optional moderate chelator (bpy at sub-stoichiometric ratio) to stabilize Cu2+ against carboxylate-driven exchange while still allowing substitution by pendant pyridyl donors on L3. Time-resolved XPS/XAS/EPR and Zn-leaching ICP provide direct evidence that metalation is diffusion-limited capture at L3/defect pockets, not global transmetalation or precipitation.

4) Decoupling transport/access from binding: Asset 3 indicates mesopores increase accessibility, which could inflate uptake without changing binding enthalpy. The revised plan adds required control films that independently match (i) mesoporosity without Cu and (ii) Cu loading without mesoporosity, and it normalizes adsorption by mass, thickness, and accessible pore volume (ellipsometric porosimetry). Only if uptake gains persist under these matched-access conditions and coincide with increased Qst and Cu site-efficiency can the cooperative bimetallic enthalpy mechanism be claimed.

5) Alignment with broader modification logic: Asset 1 supports the principle that chemical/surface modification and controlled assembly tune stability and functional interactions; here, L3 donor tags and bounded defect pockets are the chemical “handles” enabling controlled post-metalation without destabilizing the oriented film. Asset 2 underscores that adsorption enhancements in MOF composites depend on accessible surface area and controlled interaction sites; the revised plan explicitly quantifies accessibility and separates it from enthalpy-driven site effects.

Overall, the revised proposal converts each mechanistic lever into a controlled variable with quantitative thresholds and orthogonal readouts, directly addressing reviewer demands for process windows, defect/metalation metrics, selectivity rationale, and confound-free adsorption comparisons.","This is an unusually rigorous and well-engineered proposal that directly addresses common failure modes in mixed-linker SURMOF post-metalation (sequence ambiguity, uncontrolled defects, and Cu–Zn transmetalation). The strongest aspect is the conversion of qualitative concepts (pKa control, defect isolation, selective metalation) into operational windows with explicit tolerances and orthogonal measurements. Logical consistency is high: the Zn paddlewheel scaffold, low-fraction L3 donors, and bounded missing-linker pockets form a coherent kinetic/thermodynamic framework for Cu2+ capture without node exchange. Minor deductions arise from practical risk rather than conceptual weakness: (i) IRRA calibration across three chemically distinct linkers may suffer from orientation-dependent transition dipole effects, potentially complicating absolute mol-fraction assignment; (ii) distinguishing truly node-adjacent missing-linker pockets from surface-proximal defects in thin films remains experimentally challenging even with XAS/XPS; and (iii) the Cu–ligand (bpy or MeCN-solvated) strategy assumes substitution kinetics that may vary strongly with L3 identity, risking system-specific tuning rather than generality. These are execution risks, not logical flaws."
"A MIL-96(Al)-based QCM electronic-nose can achieve reproducible sub-ppm to ppb-class trace detection of diagnostically relevant breath VOCs and spoilage-marker headspace VOCs under high humidity (40–95% RH) if (and only if) the sensor stack is engineered and validated to (i) keep QCM operation in a quantified “near-Sauerbrey” regime (or corrected by a validated Voigt viscoelastic model) and (ii) ensure that analyte transport/partitioning through any humidity-buffering/calibration overlayer does not dominate adsorption kinetics. Mechanistically, MIL-96(Al) provides polar Al–OH/μ3-OH motifs whose Lewis/Brønsted acidity and hydrogen-bonding can selectively stabilize oxygenates and amines; deliberate defect/functional-site engineering creates two kinetically separable uptake channels: (a) fast, weak adsorption on external surfaces and intrinsic pores and (b) slow, strong binding at defect-associated Al–OH clusters and grafted functional motifs. This dual-site behavior produces concentration- and RH-dependent multi-time-constant QCM transients that add information content beyond equilibrium mass shifts, improving mixture deconvolution in an e-nose array as supported by thermodynamic+kinetic co-design principles in gravimetric sensor literature. To overcome the dominant real-world limitation—humidity-driven drift and viscoelastic artifacts—the “microencapsulation layer” is redefined as a mechanically-stiff, ultrathin, microporous humidity-buffering/calibration stratum with explicitly bounded viscoelastic loading and independently measured transport properties. The layer must (1) maintain a stable shear modulus across RH (minimizing ΔD and Δf artifacts), (2) provide high VOC diffusivity and low VOC partitioning into the binder (so MOF adsorption still sets kinetics), and (3) allow repeatable on-sensor calibration pulses without chemically aging MIL-96(Al) or the binder. Under these constraints, time-resolved uptake/desorption signatures can be confidently assigned to MOF adsorption (fast/slow site populations) rather than polymer swelling, enabling robust trace sensing in humid breath/headspace matrices.","Step 1 — Define quantitative QCM viscoelastic-control architecture and go/no-go thresholds (mandatory)
1.1 QCM mode selection and readout: Use 5–10 MHz AT-cut QCM with multi-overtone acquisition (n = 1, 3, 5). Record both frequency (Δf_n) and dissipation (ΔD_n) at each overtone to diagnose viscoelasticity and solvent-like coupling.
1.2 Film-stack mechanical design targets:
- MOF layer thickness target: 200–600 nm (SEM cross-section), to ensure adequate uptake while maintaining rigid-film behavior.
- Overlayer thickness target (revised from 1–10 μm): 100–800 nm total (ellipsometry/profilometry), implemented as a microporous, mechanically stiff matrix; microcapsules (if used) must be nanoscale (100–400 nm) or sparse areal coverage (<5% surface fraction) to avoid large viscoelastic loading.
- Acceptance thresholds (“near-Sauerbrey” gate): For blank humid cycling (no VOC), require |ΔD_3| ≤ 1×10⁻⁶ and |ΔD_5| ≤ 0.7×10⁻⁶ across 40–95% RH; and overtone consistency |(Δf_3/3) − (Δf_5/5)| / |Δf_3/3| ≤ 10% under the same RH sweep. If thresholds fail, operate under Voigt modeling with independent thickness validation (1.4).
- Temperature coefficient constraint: under a 25–55 °C calibration-pulse range, require baseline drift |d(Δf)/dT| ≤ 1 Hz/°C (post-correction) and |d(ΔD)/dT| ≤ 0.2×10⁻⁶/°C.
1.3 Sauerbrey-validity/Voigt protocol:
- If dissipation and overtone scaling satisfy 1.2 thresholds, use Sauerbrey for mass interpretation.
- If not, fit Δf_n and ΔD_n simultaneously to a Voigt viscoelastic model to extract shear modulus (G′, G″) and viscosity; proceed only if the fitted RH-dependence of G′ changes by ≤20% between 40–95% RH for the blank layer (no VOC).
1.4 Independent mass–thickness cross-checks:
- Determine dry thickness by ellipsometry (on planar Au witness chips processed identically) and/or profilometry.
- Determine areal mass by quartz frequency (Sauerbrey/Voigt) and cross-check by microbalance of coated crystal (pre/post, controlled RH) when feasible.
- Go/no-go: QCM-derived areal mass must agree within ±15% of thickness×density estimate (density bounded from MOF crystal density and measured porosity).

Step 2 — Material mini-library: MIL-96(Al) defect/functional-site engineering with stability-by-design
2.1 Target analytes and interferents:
- Breath VOCs: acetone, ethanol, isoprene.
- Spoilage/headspace VOCs: trimethylamine (TMA), hexanal, 2-nonanone.
- Interferents: H2O (40–95% RH), CO2 (400–5,000 ppm).
2.2 MIL-96(Al) variants (6–8 channels total, each replicated ≥3):
A) Pristine MIL-96(Al) (baseline polar Al–OH sites).
B) Defect-enriched MIL-96(Al): modulated synthesis with formic/acetic acid (systematic modulator/linker ratios, e.g., 0, 10, 30, 60 equivalents vs Al) to tune missing-linker defects and Al–OH density.
C) Hydrophobically biased defect-capped variant: post-synthetic defect-site capping using fluorinated carboxylates (e.g., trifluoromethyl-benzoate) to reduce water affinity while preserving Lewis acidity at remaining Al sites.
D) H-bond donor/acceptor tuned variant: mixed-linker partial substitution of trimesate with amino- or hydroxyl-functionalized benzenetricarboxylate (kept ≤20 mol% to preserve phase purity), to bias interactions with carbonyl VOCs.
E) Acid–base tuned variant: sulfonate-terminated aromatic grafting at defect sites (low loading) to strengthen amine capture (TMA) while monitoring irreversible binding risk.
2.3 Chemical compatibility screen before QCM integration:
- Expose powders/films to (i) 95% RH, (ii) 10–100 ppm TMA, (iii) 10–100 ppm acetone/ethanol, and (iv) combined RH+VOC for 72 h. Track PXRD, FTIR, and N2 sorption (or vapor sorption proxy) for stability; eliminate chemistries that show phase change or irreversible site poisoning.

Step 3 — Sensor-stack fabrication: adherent MOF thin film + mechanically bounded “active packaging” layer
3.1 MOF film growth on Au QCM:
- Surface priming: form carboxylate-terminated SAM (e.g., 11-mercaptoundecanoic acid) to promote adhesion.
- Seed layer: layer-by-layer assembly (Al source + carboxylate linker cycles) to form a nanocrystalline anchoring layer.
- Secondary growth: solvothermal growth tuned for 200–600 nm thickness; verify by SEM cross-section and AFM roughness.
- Adhesion metric: tape test + ultrasonic immersion test (10 min in water/ethanol); acceptance: <5% area delamination by optical/SEM mapping.
3.2 Redefined humidity-buffering/calibration overlayer (mechanically stiff, transport-open):
- Matrix candidates: (i) thin organosilica (ORMOSIL) sol–gel with controlled microporosity, or (ii) crosslinked fluorinated poly(urethane-urea) with porogen to create interconnected pores; reject neat PDMS-like matrices if partitioning/swelling dominates (quantified in Step 4).
- Thickness: 100–800 nm.
- Optional calibration reservoirs: nanoscale cyclodextrin-in-organosilica domains or silica nanocapsules (100–400 nm). Loading kept low to meet ΔD gates.
3.3 Calibration-pulse actuation:
- Mild thermal micro-heating (≤55 °C at the crystal surface, confirmed by IR thermometry) or low-power IR LED.
- Calibrant choice: isotopically labeled VOC (e.g., acetone-d6) or tert-butanol (chemically orthogonal to target set), selected to avoid irreversible binding.
- Pulse schedule: e.g., 10–30 s pulse every 30–60 min during long runs; objective is to generate a stable “internal standard” transient used for drift correction.

Step 4 — Transport/partitioning study of the overlayer (mandatory): ensure it does not dominate kinetics
4.1 Effective diffusivity (Deff) of VOCs through overlayer:
- Use planar witness films (same deposition) on inert substrates; measure VOC uptake kinetics by QCM on bare Au coated only with overlayer (no MOF) and/or ellipsometric swelling kinetics.
- Extract Deff via Fickian diffusion model for thin films; conduct at 40%, 70%, 95% RH.
- Go/no-go: characteristic diffusion time through overlayer τ = L²/Deff must be ≤10% of overall sensor response time (t90) observed on MOF-only films. Practically, target τ ≤ 1–3 s for L ≤ 800 nm for small VOCs.
4.2 VOC/binder partition coefficient (Kfilm/gas):
- Determine K by equilibrium uptake on overlayer-only QCM versus gas concentration (dynamic dilution, ppm range) at multiple RH.
- Go/no-go: at target concentrations, predicted mass uptake in overlayer-only must be ≤20% of total uptake in MOF+overlayer stack for each VOC; otherwise overlayer chemistry/porosity is redesigned.
4.3 RH-dependent swelling/modulus shifts:
- Measure RH sorption and swelling by ellipsometry and/or QCM-D on overlayer-only films.
- Go/no-go: blank RH step (40→95%) produces |Δf| equivalent mass ≤10% of typical VOC signal at 1 ppm and meets ΔD thresholds in Step 1.

Step 5 — Definitive evidence for bimodal adsorption kinetics under humid dynamic conditions (mandatory)
5.1 Step-response relaxation analysis:
- Perform concentration steps (e.g., 0→50→200→1000 ppb; and 0→1→5→20 ppm where needed) at fixed RH (40, 70, 95%) for each VOC.
- Fit Δf(t) (and ΔD(t)) to a two-process model: (i) fast adsorption/transport (external + weak sites) and (ii) slow adsorption at strong/defect sites, explicitly including gas-to-film mass transfer and overlayer diffusion terms from Step 4. Require that two time constants are statistically separable (confidence intervals non-overlapping across ≥3 replicates) and that the slow component fraction increases with defect density/grafting in a chemically consistent way.
5.2 Pulse-response deconvolution (calibration + analyte):
- Use calibrant pulses in clean humid carrier to characterize purely overlayer-mediated dynamics; then apply identical pulses with MOF present.
- Compare impulse responses: if MOF introduces an additional slow component beyond overlayer-only response and this component scales with defect-engineering metrics, assign it to strong sites.
5.3 In situ assignment of binding motifs:
- QCM + MS outlet monitoring: connect downstream MS (or PTR-MS) to measure breakthrough during steps/pulses. A delayed outlet rise paired with QCM uptake indicates true adsorption rather than viscoelastic drift.
- In situ IR (DRIFTS/ATR-FTIR on analog films): under humid VOC exposure, track shifts consistent with defect-bound species (e.g., carbonyl red-shifts for acetone coordination/H-bonding; ammonium-like signatures for TMA protonation/strong acid sites). Correlate IR band evolution rates with QCM fast/slow kinetics.
- Go/no-go: must demonstrate at least one VOC (acetone or TMA) with reproducible two-time-constant behavior that (i) persists under 70–95% RH, (ii) is enhanced by defect engineering, and (iii) is corroborated by outlet monitoring and/or IR assignment.

Step 6 — Stability, compatibility, and drift control (mandatory accelerated aging matrix)
6.1 Aging matrix (stack-level on QCM):
- RH cycling: 40↔95% RH, 2 cycles/day for 30 days.
- Chemical exposure cycling: repeated exposures to 10–100 ppm ethanol/acetone and 1–10 ppm TMA (or relevant realistic ranges) with purge.
- Pulsing endurance: ≥10,000 calibration pulses (thermal/IR) with periodic performance checks.
6.2 Pre/post characterization and acceptance:
- MOF integrity: PXRD/SEM on sacrificial sister samples; ATR-FTIR/XPS for functional groups; quantify Al–OH/defect proxies (acid–base titration) before/after.
- Film adhesion: repeat adhesion metric (Step 3.1) and quantify mass loss from QCM baseline.
- Drift metrics: baseline Δf drift ≤ 5 Hz/day (after internal standard correction) at fixed RH; sensitivity loss ≤20% after aging.
- Failure analysis: if drift correlates with overlayer modulus changes (ΔD increase) redesign overlayer; if drift correlates with MOF chemical change (XPS/IR), adjust grafting chemistry or regeneration protocol.

Step 7 — E-nose modeling and benchmarking under realistic matrices
7.1 Feature engineering (explicitly separating MOF vs overlayer contributions):
- Use multi-overtone Δf_n and ΔD_n features, extracted fast/slow time constants and amplitudes, equilibrium uptake, and internal-standard pulse features (amplitude, decay) to correct drift.
7.2 Mixture inference:
- Concentration estimation: PLS regression (or Bayesian regression) using kinetic+equilibrium features.
- Classification: probabilistic classifiers for mixture labels; compare to models trained on equilibrium-only features.
7.3 Benchmarks:
- LOD/LOQ in humid breath-mimic and food headspace-mimic mixtures, validated vs GC–MS.
- Compare four architectures: (i) MOF-only, (ii) MOF + overlayer without calibration reservoirs, (iii) MOF + overlayer + calibration pulsing, (iv) non-defect-engineered MOF variants.
- Success criterion: improved accuracy and lower effective LOD under 70–95% RH for architectures (ii–iii) without violating viscoelastic/transport go/no-go constraints.","1) Addressing viscoelastic confounding directly (reviewer point 1): The revised design constrains the overlayer to sub-micron thickness and enforces explicit ΔD and overtone-scaling gates to keep the response adsorption-dominated. If those gates fail, the plan mandates Voigt modeling with independent thickness/mass cross-checks (ellipsometry/profilometry), preventing misassignment of swelling/softening as adsorption. This turns “acknowledging dissipation” into a quantified acceptance workflow.

2) Preventing transport/partitioning from dominating kinetics (reviewer point 2): The proposal now includes a standalone transport-and-partitioning campaign (Deff, Kfilm/gas, RH swelling) on overlayer-only controls, with go/no-go criteria that cap overlayer uptake and ensure diffusion times are minor relative to the MOF response. This ensures the intended kinetic fingerprints originate in MIL-96(Al) adsorption rather than a PDMS-like sink or diffusion barrier.

3) Definitive validation of bimodal adsorption kinetics under humid dynamic conditions (reviewer point 3): Beyond –OH titration and initial heats, the plan adds step-response relaxation analysis across RH and concentration, pulse-response deconvolution using internal calibration impulses, and independent assignment via QCM+MS outlet monitoring and in situ IR signatures. Demonstrating defect-density-dependent emergence of a slow kinetic component under 70–95% RH provides decisive evidence for two kinetically separable site classes relevant under flow.

4) Chemical stability/compatibility and drift (reviewer point 4): The proposal adds an accelerated aging matrix spanning RH cycling, amine/oxygenate exposure, and ≥10,000 actuation pulses, with explicit pre/post defect-site proxies, adhesion metrics, and drift thresholds. This directly tests whether defect grafting, amine exposure (e.g., TMA), and pulsing alter site populations or binder chemistry—and ties observed drift to either MOF chemistry or overlayer mechanics for actionable redesign.

5) Overall plausibility of ppb-class operation: Literature on MOF-QCM arrays supports ppm-to-ppb discrimination when adsorption is selective and arrays exploit orthogonal responses; kinetic+thermodynamic co-design (including information-rich transients) is established as beneficial for mixture estimation. The revised proposal makes ppb-class claims conditional on passing the mechanical and transport gates and on demonstrating true bimodal kinetics under humid flow. That conditional structure de-risks the ambition while preserving the original concept chain (MIL-96(Al) defect engineering + time-resolved QCM e-nose + humidity-buffered/calibration-enabled layer).","This is an unusually rigorous and technically mature proposal that directly confronts the dominant failure modes of MOF–QCM sensing under humidity. Engineering resolution is very high: dissipation thresholds, overtone consistency metrics, Voigt fallback rules, independent thickness/mass cross-checks, and transport time-scale caps are all explicitly defined and enforceable. Logical consistency is strong—the dual-site adsorption hypothesis is chemically credible for MIL-96(Al), and the proposal correctly recognizes that kinetic information is only meaningful if viscoelastic and transport artifacts are quantitatively bounded. Evidence grounding is solid and remains within gravimetric sensing, MOF chemistry, and e-nose literature; no speculative cross-disciplinary leaps are made. Minor deductions arise from (i) the practical risk that maintaining ≤20% RH-induced modulus variation in real microporous overlayers may be difficult across 40–95% RH, and (ii) the ambitious scope: multiple defect chemistries, multilayer stacks, QCM-D+MS+IR coupling, and long aging matrices could strain resources and timelines. These are feasibility, not conceptual, weaknesses."
"A MOF-templated, peptide-imprinted double-hollow heterostructure—In2S3 hollow nanorods (HNRs) bearing a conformal, ultrathin In/Fe–MIL-101(BDC)-analog shell that is kinetically “arrested” during sulfidation into a nanometric Fe/In–Sx–(oxy)carboxylate–C interlayer—will deliver (i) photocurrent amplification from decoupled optical and electronic gain mechanisms (multi-light scattering in the hollow architecture + improved charge separation/transport from a type-II or quasi–type-II interfacial band gradient) and (ii) biosensing specificity enforced by an epitope-imprinted cavity whose binding-face presentation is *experimentally verified post-immobilization*, not assumed from solution NOE alone.

Mechanistic rationale addressing reviewer concerns:
1) Conformal MOF coating is enabled by a defined surface-priming nucleation strategy that converts the chemically “inert/defect-rich” In2S3 surface into a high density of carboxylate/phosphonate anchoring sites, thereby controlling heterogeneous nucleation, shell continuity, and thickness at the 5–20 nm scale.
2) Partial MOF-to-sulfide conversion is treated as a parameterized kinetic map (temperature, time, sulfur activity) with in situ/time-resolved phase/chemistry readouts. The interlayer’s carbon is hypothesized to originate from *BDC linker carbonization/graphitization under sulfidation* and to act as (a) a percolating electronic bridge and (b) a defect-stabilizer that suppresses macroscopic FeSx segregation by trapping Fe in mixed Fe–S–C/O coordination environments. The conversion is purposely stopped before complete collapse to dense sulfides, preserving mesoporosity and residual coordination handles (carboxylate/Fe sites) for recognition chemistry.
3) NOE defines the epitope’s solution contact map, but surface presentation is ensured through a *single-point, site-specific anchoring* design plus direct experimental verification (surface-sensitive/FRET/STD-NMR on immobilized peptide). Imprinting is performed under conditions that minimize peptide refolding and polymer shrinkage, and cavity fidelity is validated against scrambled-sequence and immobilization-geometry controls.

Together, these refinements make coating continuity, interlayer composition/porosity, and epitope face exposure measurable “control knobs,” enabling deconvolution of scattering vs junction vs recognition contributions to PEC performance.","Step 0 — Define controls and normalization (pre-registered):
0.1 Build a full control matrix to deconvolute effects:
- Geometry controls: solid In2S3 rods (no void) with matched external dimensions; hollow In2S3 with collapsed void (post-anneal) to decouple scattering.
- Shell controls: (i) no shell, (ii) non-MOF-derived FeSx deposition (CBD or SILAR) with matched Fe loading, (iii) pure In–MIL-101 shell (no Fe), (iv) pure Fe–MIL-101 shell (no In) where possible.
- Recognition controls: non-imprinted polymer (NIP), scrambled epitope imprint, and altered anchoring geometry (multi-point vs single-point).
0.2 Normalization plan (mandatory for each PEC dataset):
- Fix catalyst mass loading on FTO (µg cm−2) by quartz crystal microbalance (QCM) during deposition or by gravimetric difference with replicate electrodes.
- Determine electroactive surface area (ECSA) by double-layer capacitance (Cdl) in non-faradaic window and report photocurrent normalized to ECSA.
- Measure optical absorption (integrating sphere UV–Vis DRS on films) and report incident-photon-to-current efficiency (IPCE) and absorbed-photon-to-current efficiency (APCE) to separate absorption/scattering from charge-separation.
- Report film roughness/thickness (profilometry/AFM) and keep within ±10% across comparisons.

Step 1 — In2S3 hollow nanorods with tunable cavity for scattering:
1.1 Synthesize In2S3 HNRs via hard-template route (AAO or polymer rods):
- Target outer diameter 150–300 nm; inner diameter 60–200 nm; shell thickness 10–30 nm.
- Acceptance criteria: TEM statistics on ≥200 rods: shell thickness CV ≤ 15%; void fraction 0.30–0.70; >90% rods hollow (no fully solid rods).
1.2 Quantify scattering potential:
- Integrating-sphere DRS on powder and on deposited films; extract scattering coefficient via Kubelka–Munk and fit with Monte Carlo photon transport using measured film thickness.

Step 2 — Surface priming for conformal MIL-101-like growth on sulfide (explicit nucleation protocol):
2.1 Clean/activate In2S3 surface without oxidation:
- Mild plasma (Ar, low power, short duration) or UV–ozone minimized; confirm In(III)/S(−II) states by XPS (no excessive sulfate).
2.2 Install an anchoring interfacial primer (choose one as primary, one as backup):
Primary (phosphonate primer; high affinity to In sites):
- Treat HNRs with 2-carboxyethylphosphonic acid (CEPA) or 11-phosphonoundecanoic acid (PUA) in ethanol/water (pH 4–5) to form In–O–P bonds; terminal –COOH presents carboxylate nucleation sites.
Backup (polydopamine–carboxylate co-primer):
- Deposit ultra-thin PDA (2–5 nm) followed by succinic anhydride ring-opening to enrich –COOH; preserves adhesion and increases nucleation density.
2.3 Verify priming density and uniformity:
- XPS: P 2p (phosphonate) and O 1s increase; attenuated In 3d consistent with sub-2 nm overlayer.
- ζ-potential shift to more negative at neutral pH.
- Acceptance: primer present on ≥95% particles (XPS survey across batches) and no aggregation (DLS, TEM).

Step 3 — Conformal bimetallic MIL-101(BDC)-analog shell growth with thickness control:
3.1 Use a “seeded, modulated” growth to force heterogeneous nucleation:
- Pre-seeding: expose primed HNRs to dilute Fe3+/In3+ solution (e.g., FeCl3 + In(NO3)3, total 1–5 mM) to form surface-bound metal–carboxylate/phosphonate complexes.
- Growth solution: BDC (terephthalic acid) + Fe3+/In3+ in DMF/EtOH/H2O with monocarboxylate modulator (acetic acid) to suppress homogeneous nucleation.
- Metal ratio series: Fe:In = 0.2:0.8, 0.5:0.5, 0.8:0.2 (molar in feed) to tune band alignment/Fe site density.
3.2 Thickness tuning knobs:
- Total metal concentration (e.g., 5–50 mM), modulator:BDC ratio (e.g., 10–50), temperature (80–120 °C), time (0.5–6 h).
- Apply a “stop-growth” wash with excess modulator to cap surfaces and limit secondary growth.
3.3 Quantitative acceptance criteria for conformality:
- TEM/STEM: shell continuity ≥ 90% of rod surface length with no pinholes >5 nm; thickness 5–20 nm with σ ≤ 3 nm across ≥50 rods.
- Porosity retention: N2 sorption (powder) shows measurable micro/mesoporosity; BET not necessarily MIL-101-level, but must exceed primed HNR baseline by ≥50%.
- Phase/structure confirmation: XRD/FTIR consistent with MIL-101-like coordination (carboxylate bands) while recognizing nanoshell broadening.

Step 4 — Controlled partial sulfidation: conversion map + operando/time-resolved characterization:
4.1 Define sulfidation parameter space (“conversion map”):
- Sulfur sources: thioacetamide (solution, 80–120 °C) and/or H2S/Ar (gas, 150–350 °C) as orthogonal methods.
- Variables: T (80–350 °C), time (5–240 min), sulfur activity (TAA concentration or H2S partial pressure), ramp rate.
- Goal window: convert outer MOF coordination network into mixed Fe/In–Sx while retaining (i) residual carboxylate/oxycarboxylate signatures and (ii) an sp2/sp3 carbon fraction from linker carbonization.
4.2 Carbon origin/role hypothesis and tests:
- Hypothesis: BDC linker partially carbonizes under sulfidation (especially in gas-phase at ≥200 °C), forming a thin amorphous/graphenic carbon that electronically couples Fe/In sulfide domains and suppresses FeSx crystallite coarsening.
- Tests: Raman (D/G bands), XPS C 1s (sp2/sp3), and elemental analysis; correlate carbon content with conductivity (four-point probe on films) and with FeSx domain size (STEM).
4.3 Time-resolved/operando readouts to avoid phase ambiguity:
- Time-resolved XRD during conversion (where feasible) to detect emergence of FeSx/In2S3 reflections.
- Raman mapping to track linker→carbon evolution and sulfide vibrational modes.
- XPS depth profiling (gentle Ar cluster) to map Fe/In/S/C vs depth and confirm interlayer rather than segregated outer FeSx crust.
- STEM-EDS/EELS mapping at nanometer resolution to quantify co-localization (Fe and S) and whether Fe concentrates at outer surface or is interdispersed.
4.4 Acceptance criteria for “partial conversion, porous, handle-rich interlayer”:
- No macroscopic FeSx crystallites >10–15 nm (STEM);
- Residual O/C signatures consistent with remaining carboxylate/oxycarboxylate at ≥10–20% of initial carboxylate signal (FTIR/XPS) to preserve coupling handles;
- Mesoporosity retained (hysteresis/uptake) and shell not densified into impermeable layer (electrochemical probe diffusion test with Fe(CN)6 3−/4−).

Step 5 — PEC electrode assembly and mechanism deconvolution:
5.1 Deposition onto FTO:
- Electrophoretic deposition (EPD) in low-water alcohol with iodine or Mg(NO3)2 charging agent; target uniform films of controlled thickness (e.g., 1–3 µm).
- Mild anneal under inert (e.g., 150–250 °C) only if needed for contact; verify hollows preserved by TEM on scraped film.
5.2 PEC testing:
- Chopped illumination, wavelength-resolved IPCE/APCE; mediator screening (ascorbate vs O2) selected to match band positions and avoid sulfide photocorrosion.
- Mechanism suite with controls: TRPL quenching, transient photocurrent, EIS, Mott–Schottky, UPS/XPS for band edges.
- Explicit deconvolution: compare (hollow vs solid) at constant composition to isolate scattering contribution; compare (MOF-derived interlayer vs non-MOF FeSx) at constant Fe loading to isolate junction/interlayer chemistry.

Step 6 — NOE-guided epitope design AND verified surface presentation (closing the “NOE-to-surface” gap):
6.1 Epitope selection/design:
- Choose CA15-3 (MUC1) epitope (10–20 aa) from solvent-exposed repeat region; incorporate a designed aromatic/cationic pair (Trp/Phe with Lys/Arg) to enable a C–H···π/cation–π signature.
- Prepare mutants disrupting the NOE contact: Lys→Nle and/or Trp→Cha (as per literature logic) while keeping overall hydrophobicity comparable.
6.2 Solution conformation validation:
- 2D NOESY/ROESY to define key intrapeptide distances for aromatic–Lys proximity and any β-turn propensity.
6.3 Site-specific single-point immobilization to preserve face presentation:
- Engineer a unique anchor handle at peptide terminus (e.g., N-terminal cysteine or azido-lysine) separated by a short spacer (PEG2–PEG6) to minimize surface-induced refolding.
- Surface coupling options:
  (i) Maleimide-functionalized carboxylate handle on interlayer (EDC/NHS to introduce maleimide-amine linker) for Cys anchoring;
  (ii) Click chemistry (surface alkyne/azide) if residual carboxylates are abundant.
- Avoid multipoint adsorption by passivating residual Fe sites with weak ligands (e.g., acetate) prior to peptide coupling, then selectively re-open sites post-coupling if needed.
6.4 Direct verification that the NOE-defined face is exposed after immobilization:
- FRET geometry test: label peptide with donor near aromatic and acceptor near anchor; compare FRET efficiency in solution vs immobilized; loss indicates surface-flattening.
- Surface-sensitive spectroscopy: PM-IRRAS or SFG to assess orientation changes (amide I/II and aromatic modes).
- Binding-site accessibility: antibody/lectin probing specific to the epitope segment as an orthogonal check.
- Optional high-rigor: STD-NMR on immobilized peptide with soluble “cavity monomer” or target protein fragment to confirm the same contact face participates.

Step 7 — Imprinting with cavity fidelity controls:
7.1 Form thin imprint layer with controlled shrinkage:
- Use a metal–ligand crosslinked imprint (PICN-like) or a low-shrinkage sol–gel/coordination polymer; keep thickness 5–30 nm (ellipsometry/TEM).
- Polymerization under buffered aqueous conditions approximating NMR conditions to reduce conformation drift.
7.2 Template removal:
- Competitive elution (high ionic strength + mild chelator) designed not to strip interlayer Fe excessively; confirm by ICP-MS of eluate.
7.3 Fidelity/negative controls:
- NIP on same substrate;
- Imprint using scrambled epitope;
- Imprint using mutant epitope (Lys→Nle / Trp→Cha);
- Immobilization geometry variants (single-point vs intentionally multipoint) to show specificity collapses when orientation is not controlled.

Step 8 — Biosensing validation in complex media:
8.1 Analytical figures of merit:
- Calibration in buffer and 10–50% serum; report LOD, linear range, slope, RSD (intra/inter-assay), and 2+ week storage stability.
8.2 Selectivity panel:
- Closely related glycoproteins and abundant serum proteins (albumin, IgG, transferrin); compute cross-reactivity factors and apparent Kd via SPR/QCM-D.
8.3 Structure–function maps:
- Hollow geometry (void fraction, shell thickness) vs scattering coefficient vs APCE.
- Conversion degree (XPS depth + Raman D/G + XRD) vs EIS Rct, band edges, and photocurrent.
- Imprint thickness vs mass transport (probe diffusion) vs specificity factor.","1) Conformal MIL-101-like shell feasibility is converted into measurable process control: phosphonate/carboxylate surface priming creates deterministic nucleation sites on In2S3, while modulated solvothermal growth (acetic-acid modulation + pre-seeding) is a well-established route to suppress homogeneous MOF nucleation and enforce thin, continuous coatings. Quantitative acceptance criteria (shell continuity %, thickness σ, porosity gain) prevent “hand-wavy” conformity claims.

2) Partial conversion feasibility is addressed via a kinetic conversion map tied to multi-modal compositional/phase mapping (time-resolved XRD/Raman, XPS depth profiling, STEM-EELS/EDS). Rather than asserting an Fe/In–Sx–C interlayer exists, the proposal defines what counts as success (no large FeSx segregation; retained O/C handles; retained permeability) and how carbon is generated (BDC carbonization) and validated (Raman/XPS/EA). The interlayer is intentionally formed under kinetically limited conditions to avoid full collapse to dense sulfides and to retain porosity/handles.

3) The NOE-to-surface orientation gap is closed by design and verification: NOE is used to choose an epitope with a defined contact map, but face presentation is enforced by single-point, site-specific immobilization with spacers and is experimentally checked post-attachment (FRET/orientation-sensitive IR/SFG and/or STD-NMR). Imprint fidelity is proven with scrambled/mutant epitopes and immobilization-geometry variants, directly testing the reviewer’s concern that surface-induced folding or polymer shrinkage can scramble the contact map.

4) Mechanistic claims are deconvoluted with strict normalization and matched controls: APCE/IPCE separates absorption/scattering from charge separation; ECSA normalization and constant loading isolate intrinsic activity; solid vs hollow and MOF-derived vs non-MOF shells isolate scattering vs junction chemistry. This makes type-II/quasi-type-II alignment and scattering gains testable rather than inferred.

5) Empirical precedent supports the core concept chain: double-hollow heterostructures are known to enhance PEC via multi-light scattering and reduced recombination (Asset 1 logic), while aromatic/cationic contacts provide specificity that can be interrogated by NOE and mutant-cycle-like disruptions (Asset 2 logic). The revised plan adds the missing materials-chemistry and surface-biophysics rigor needed to reliably implement and validate those principles in a MOF-templated PEC biosensor.","This is an unusually rigorous and technically mature proposal that anticipates and directly addresses common reviewer objections in MOF-derived heterostructures and imprint-based biosensing. Engineering resolution is very high: nearly every speculative step is converted into a parameterized process with quantitative acceptance criteria and orthogonal characterization. Logical consistency is strong, particularly in the deconvolution of optical scattering, junction chemistry, and recognition effects through pre-registered controls and normalization. Minor score deductions arise from cumulative complexity and execution risk: the simultaneous optimization of conformal bimetallic MOF growth, partial sulfidation with controlled carbonization, and peptide orientation verification represents a very high experimental burden that could challenge timelines and reproducibility, even though each step is individually defensible. Evidence grounding is excellent, staying tightly within PEC, MOF chemistry, and surface biophysics, though some operando techniques (e.g., time-resolved XRD during sulfidation) may be aspirational rather than routine. The rationale quality is high, with genuine structural and conceptual innovation aimed at solving known bottlenecks (shell conformity, interlayer ambiguity, NOE-to-surface mismatch), rather than incremental application of known methods."
"A ZIF67@ZIF8 core–shell can be converted into a visible-light-responsive, micropore-confined photocatalyst for selective C–C coupling of methanol-derived C1 intermediates to ethanol **only if** (a) the Ni chemical endpoint is explicitly constrained to a *defect-docked, imidazolate/N-donor coordinated Ni(II) single-site* within an intact ZIF8 shell (not “O-vacancies” in the ZIF lattice), (b) the shell is engineered to support *measurable* interfacial electronic communication with the Co-rich core via a deliberately introduced short-range electronic bridge, and (c) ethanol formation is validated by strict atom/redox balance closure with identified coproducts and electron sinks.

**Defined Ni-site/defect model (replaces ‘O-vacancy’):** Ni is installed post-synthetically into the ZIF8 shell as isolated Ni(II) bound to 2-methylimidazolate (mIm−) and nitrate-derived inner-sphere ligands at pre-existing or induced shell defects. The intended coordination is **Ni(II)(mIm)3–4(ONO2)0–1(H2O/ROH)0–1**, i.e., a mixed N/O donor environment where nitrate is a *labile spectator/charge-balancing ligand* rather than a lattice oxygen source. Upon mild activation (≤250 °C, inert), nitrate is **removed/converted** to volatile NOx (tracked by TGA-MS) leaving **coordinatively unsaturated Ni–Nx sites (Ni(II)–N3/4)** and/or **Ni–OH/Ni–OMe** after exposure to methanol—these are the chemically explicit, testable “defects”. No claim is made of true lattice O-vacancies, and no Ni–N4 ‘M–N–C’ motif is claimed unless partial carbonization is intentionally invoked as a separate, gated branch.

**Mechanistic rationale for ethanol plausibility (with redox/atom balance):** Under visible light, photoexcitation in the Co-containing core (or core–shell interfacial states) generates separated charges that are funneled to the shell Ni site, enabling a *two-step C1→C2 coupling sequence* that competes with over-oxidation because methanol is enriched inside micropores (Type I regime) and oxygen is excluded/limited.

Two operating regimes are explicitly proposed and will be distinguished by product closure:

(1) **Inert (no external oxidant) “acceptorless” coupling with H2 as coproduct (primary target):**
Overall target stoichiometry (carbon/oxygen balanced):
**2 CH3OH → C2H5OH + H2O + H2**
This is redox-neutral overall but requires photocatalytic charge separation to enable dehydrogenation/coupling steps at low temperature. The proposed elementary accounting is:
- Two sequential PCET-enabled dehydrogenations: CH3OH → HCHO + 2H+ + 2e− (occurs twice)
- C–C formation via confined coupling/hydrogenation cascade: HCHO + CH3OH → C2 oxygenate (e.g., HOCH2CH2OH or CH3CHO) followed by reduction/hydrogenation to ethanol.
- Electrons/protons are balanced by **H2 evolution** on Ni/Co interfacial sites: 2H+ + 2e− → H2.
**Pass/fail prediction:** If ethanol is truly formed under inert conditions, measurable H2 must be co-produced with a molar relationship consistent with closure (within experimental error after accounting for minor side products).

(2) **Trace O2 (controlled ppm–0.5%) “oxidant-assisted” coupling with H2O2/H2O as sinks (secondary regime):**
O2 functions as terminal electron acceptor to pull electrons away, suppressing recombination, but must not drive total oxidation.
Representative balanced variant (one admissible closure model):
**2 CH3OH + 1/2 O2 → C2H5OH + H2O**
Here, O2 accepts the net 2e−/2H+ equivalents that otherwise appear as H2. Alternative sink: H2O2 formation (to be measured), e.g., O2 + 2H+ + 2e− → H2O2.
**Pass/fail prediction:** In trace O2 runs, H2 yield should decrease; H2O2 (or increased H2O) must appear to satisfy electron balance, and COx must remain low if selectivity claim holds.

**Charge-transfer across shell—explicit constraint:** Meaningful Co(core)→Ni(shell) electronic communication is not assumed for 20–100 nm shells. Instead, the shell thickness is constrained to **≤5–15 nm** (primary design window) and/or an electronic bridge is introduced by **mixed-linker or redox-mediator doping** in the shell that creates through-bond/through-state hopping sites (quantitatively verified by thickness-dependent kinetics and action spectra). Thus, the revised hypothesis claims *distance-limited interfacial ET* rather than generic ‘junction’ behavior.

**Why the refined approach overcomes reviewer-identified limitations:** (i) the Ni endpoint is chemically explicit and verifiable (Ni–N/O defect-docked single site; no lattice O-vacancy claim), (ii) the activation window is chosen to preserve ZIF8 while enabling nitrate removal and Ni coordination unsaturation (≤250 °C, with PXRD/sorption gating), (iii) ethanol plausibility is enforced by strict atom/redox closure with explicit coproduct predictions (H2 under inert; H2O2/H2O under trace O2), and (iv) interfacial ET is engineered and quantified via shell-thickness limits and deliberate bridge states rather than assumed through an intact thick shell.","Step 0 — Hard gating decision tree (mandatory): choose one of two Ni endpoints and lock conditions accordingly.
0A. **Endpoint A (primary): defect-docked Ni(II)–Nx/NO3 in intact ZIF8** with activation ≤250 °C, preserved crystallinity/microporosity.
0B. **Endpoint B (secondary, separate aim): Ni–Nx in partially carbonized shell (M–N–C-like)** requiring ≥500–700 °C and accepting loss of ZIF crystallinity. Endpoint B is optional and will only be pursued if Endpoint A fails ethanol selectivity/closure.

Step 1 — Core–shell synthesis with shell thickness in ET-relevant regime.
1.1 Synthesize ZIF67 cores in methanol (Co2+ + 2-methylimidazole) targeting 100–300 nm cores (monodisperse) to ensure resolvable core–shell gradients.
1.2 Overgrow ZIF8 shell in methanol to **5, 10, 15, 30 nm** thickness series (not 20–100 nm as default). Control via Zn2+ feed rate, mIm/Zn ratio, and growth time.
1.3 Characterize: STEM-EDS line scan (Co core/Zn shell), PXRD (ZIF67+ZIF8), N2 sorption (77 K) targeting Type I isotherm with preserved micropore volume after shelling.

Step 2 — Ni installation as defect-docked single sites (chemically specified).
2.1 **Solvent and hydrolysis control:** Perform Ni loading under rigorously anhydrous alcohol (absolute ethanol or methanol) with ≤0.05% H2O; N2 glovebox if needed. Maintain pH-neutral conditions (no added base) to suppress Ni(OH)2 precipitation.
2.2 **Defect-docking protocol (low driving force):** Suspend ZIF67@ZIF8 in EtOH/MeOH (1:1) containing Ni(NO3)2·6H2O at 1–10 mM, plus a controlled mIm co-feed (Ni:mIm = 1:4 to 1:8) to rapidly re-ligate transient Zn–N bond cleavage and prevent shell etching.
2.3 **Limit Ni to isolated sites:** Target Ni loading 0.1–1.0 wt% initially; iterate only after site proof. Short contact times (0.5–6 h), low temperature (20–40 °C).
2.4 **Post-treatment wash sequence (removes extraframework Ni nitrate):** alcohol washing → weakly coordinating wash (acetonitrile) → final alcohol wash. Collect wash liquors for ICP to quantify removable Ni.

Step 3 — Activation that is consistent with intact ZIF8 and explicit nitrate fate.
3.1 **Thermal window:** 180–250 °C under flowing N2 (or Ar), 1–4 h. This is chosen to drive partial nitrate dissociation/NOx evolution without ZIF8 decomposition/carbonization.
3.2 **Nitrate fate verification (no “O-vacancy” language):** TGA-MS/TPD-MS to quantify NO, NO2, N2O evolution; XPS N 1s/O 1s before/after to track nitrate removal and formation of Ni–OH/Ni–OMe after methanol exposure.
3.3 **Framework integrity gating:** PXRD peak retention + N2 sorption micropore volume retention ≥80% relative to parent ZIF67@ZIF8; failure triggers re-optimization or Endpoint B branch.

Step 4 — Engineering and verifying interfacial electronic communication (quantitative).
4.1 **Thickness-dependent kinetics:** Run identical photocatalysis on thickness series (5–30 nm). A monotonic decay of activity with thickness consistent with short-range ET supports interfacial communication; no dependence indicates shell-isolated chemistry.
4.2 **Electronic bridge (implemented if thickness dependence is weak):** Introduce a mixed-linker shell fraction (e.g., low % amino-functionalized imidazole derivative) to create mid-gap/hopping states while preserving ZIF topology; alternatively, incorporate a tethered redox mediator (e.g., viologen-like cation) confined in shell pores by ion-pairing. Selection is validated by DRS/Tauc shifts and increased transient photocurrent.
4.3 **Action spectra requirement:** Measure wavelength-dependent AQY and compare to absorption; matching trends are required to claim true photodriven chemistry.

Step 5 — Photocatalysis with strict atom/redox balance closure (pass/fail criteria).
5.1 Reactor: sealed batch photoreactor (quartz), temperature-controlled with internal thermocouple; parallel dark controls at matched temperature profile.
5.2 Feeds:
- Inert regime: methanol (neat or MeOH/H2O defined ratios), N2 purge; quantify dissolved gases.
- Trace O2 regime: controlled O2 addition (ppm–0.5%) using mass-flow mixing; verify by GC.
5.3 Analytics (mandatory closure):
- Liquid: GC-FID/GC-MS + 1H NMR (internal standard) for ethanol, formaldehyde (derivatize if needed), methyl formate, dimethyl ether, ethylene glycol, acetaldehyde.
- Gas: GC-TCD for H2, CO, CO2; GC for O2 consumption; quantify H2O2 in liquid (titration or colorimetric).
5.4 **Closure metrics:**
- Carbon balance ≥95% and O/H closure within defined tolerance.
- In inert regime: ethanol formation must correlate with H2 formation per proposed stoichiometry; otherwise ethanol claim is rejected or reinterpreted.

Step 6 — Decisive active-site proof and confounder controls (mandatory additions).
6.1 **Acid wash test (extraframework Ni removal):** mild acid in alcohol (e.g., acetic acid in EtOH) to strip exposed/weakly bound Ni without collapsing ZIF; re-test activity. Large activity loss implies extraframework Ni dominance.
6.2 **Chelator/poison tests:** introduce thiol/chelating agents (e.g., mercaptoethanol or EDTA in controlled minimal water) to selectively poison accessible Ni; compare to unpoisoned. Coupled with porosity data to infer whether Ni is internal vs external.
6.3 **Operando/quasi-operando XAS (Ni K-edge):** confirm absence of Ni–Ni scattering under working conditions and track Ni(II)↔Ni(I) signatures under illumination.
6.4 **EPR/spin trapping + in situ DRIFTS:** detect methoxy/*CH2OH, carbon-centered radicals, and C2 oxygenate intermediates.
6.5 **Photothermal exclusion:** dark thermal controls precisely matching the illuminated catalyst temperature (PID-controlled heating); additionally vary light intensity at constant temperature to demonstrate photochemical rate dependence.

Step 7 — Benchmarking and decision points.
7.1 Compare to: ZIF8, ZIF67, Ni/ZIF8 (no core), physical mixture (no junction), and NiO/ZnO/NC derived materials.
7.2 Normalize by Ni moles, photon flux, and illuminated area; report TOF (per accessible Ni from chemisorption/probe reaction) and selectivity at matched conversion.
7.3 If Endpoint A cannot meet closure/selectivity, proceed to Endpoint B (partial carbonization) as a clearly separated fallback with revised claims (no ‘intact ZIF8’ requirement).","1) Chemical consistency of the defect model (addresses critique #1/#2): ZIF8 contains no lattice oxygen; the revised plan therefore treats nitrate exclusively as a removable/transformable ligand to Ni (inner-sphere NO3−) and an NOx precursor under mild activation. The structural endpoint is explicitly **defect-docked Ni(II) coordinated to imidazolate N donors with variable residual O-donor ligation** (Ni–NxOy), verifiable by XAS/XPS/DRIFTS and by the absence of Ni–Ni EXAFS. The activation window (≤250 °C) is chosen to preserve ZIF8 crystallinity/microporosity and is gated by PXRD+sorption retention thresholds.

2) Ethanol plausibility is made testable by redox/atom-balance closure (addresses critique #3): Two explicit regimes are defined with predicted coproducts and electron sinks. Under inert conditions, ethanol formation requires H2 co-production consistent with **2 CH3OH → C2H5OH + H2O + H2**; under trace O2, oxygen must appear in H2O/H2O2 with controlled O2 consumption. Carbon/hydrogen/oxygen closure is elevated to a pass/fail criterion rather than an interpretive afterthought, reducing the plausibility barrier to an experimentally decidable question.

3) Charge transfer is no longer assumed across thick shells (addresses critique #4): The shell thickness is constrained to 5–15 nm (primary), and charge/energy transfer is validated quantitatively by thickness-dependent kinetics plus action spectra (AQY vs wavelength). If communication is weak, an explicit electronic bridge (mixed-linker or confined mediator) is introduced and verified by optoelectronic metrics (TRPL, transient photocurrent, EIS) and by restoration/enhancement of thickness dependence.

4) Confounders are directly controlled (addresses critique #5): Hydrolysis/precipitation is suppressed by low-water alcoholic media and low Ni concentration with mIm re-ligation; extraframework Ni is tested by acid washing and chelator/poison experiments; operando EXAFS excludes hidden Ni–Ni aggregation during turnover; and photothermal artifacts are ruled out by matched-temperature dark controls and intensity/temperature decoupling.

5) Alignment with literature assets: The proposal retains the original concept chain—ZIF67@ZIF8 architecture prepared in methanol/ethanol (Asset 2), micropore-limited Type I adsorption as the confinement lever (Asset 3), and heterometal synergy/visible-light charge separation in mixed-metal MOF motifs (Asset 1)—but replaces chemically vague claims with explicit coordination chemistry and decisive validation gates.","This proposal is unusually rigorous and addresses, head-on, nearly all of the common failure modes in MOF-based photocatalytic C–C coupling claims. The explicit rejection of fictitious lattice O-vacancies in ZIF8 and replacement with a chemically defensible Ni–Nx/NO3 defect-docking model is a major strength. The atom- and redox-balance closure criteria elevate ethanol formation from a speculative claim to a falsifiable hypothesis, which is rarely enforced at this level. Shell-thickness-limited charge transfer is treated realistically, and the inclusion of an engineered electronic bridge as a conditional remedy demonstrates methodological maturity. Minor weaknesses remain: (i) the mechanistic sequence for C–C bond formation (formaldehyde–methanol vs. dual formaldehyde coupling) is acknowledged but not sharply discriminated experimentally beyond product analysis, and (ii) the reliance on nitrate removal ≤250 °C, while plausible, remains experimentally delicate and may lead to partial Ni migration that is difficult to fully exclude even with EXAFS. These are execution risks rather than logical flaws."
"We hypothesize that a *charge-balanced*, mixed-linker M2(m-dobdc) (M = Co, Ni) in which a controlled fraction of m-dobdc4− linkers is replaced by a mono-sulfonated analogue (m-SO3H–m-dobdc3−) will create an experimentally quantifiable *ensemble* of metal–anion proximities (rather than assuming perfect periodicity) that is nonetheless sufficiently narrow to enable cooperative two-point binding for terminal olefins: (1) π-complexation at open M2+ sites and (2) proximal electrostatic polarization/hydrogen-bond acceptor interactions from tethered sulfonate oxygens and their associated countercations. The mechanistic premise is that terminal olefins (e.g., 1-butene) can adopt a low-entropy, bidentate adsorption geometry—metal–C=C coordination plus field-stabilization of the olefinic quadrupole and/or C–H···O(SO3−) contacts—while internal olefins (cis/trans-2-butene) are penalized by steric/rotational constraints that prevent simultaneous optimal metal coordination and electrostatic stabilization. Crucially, we will *engineer and verify* (i) countercation identity/stoichiometry/location to ensure charge compensation without pore blocking, and (ii) sulfonate–metal distance *distributions* (not single distances) with acceptance criteria that preserve site accessibility. Inelastic neutron scattering (INS), supported by DFT-informed spectral assignment and loading/isotopic controls, will then distinguish whether the observed selectivity arises from true cooperative two-point binding (signature: loading-dependent splitting/softening of hindered-rotation/torsional modes correlated with the population of dual-site geometries) versus heterogeneous single-site adsorption across a disordered lattice.","Step 1 — Charge-balanced materials design with explicit countercation strategy (risk-mitigated).
1.1 Linker set and targeted compositions: prepare a series M2(m-dobdc) : M2(m-SO3–m-dobdc) mixed-linker solids with nominal sulfonated-linker fractions x = 0, 0.05, 0.10, 0.20, 0.30 (M = Co, Ni). Use the sulfonated linker as the monosulfonate/triacid form (H3[m-SO3–m-dobdc]) such that each substitution introduces −1 framework charge relative to m-dobdc4−.
1.2 Charge compensation: introduce monovalent countercations A+ (Li+, Na+, K+) in stoichiometry A+x per formula unit (i.e., A+ equals the sulfonated-linker fraction) during synthesis/ion-exchange to yield A_x[M2(m-dobdc)1−x(m-SO3–m-dobdc)x]. Rationale: monovalent alkali cations minimize strong specific π-binding that could masquerade as “secondary sites,” while allowing systematic tuning of field strength and mobility.
1.3 Intended countercation location/immobility engineering:
- Primary design: place A+ near sulfonate oxygens (inner-sphere ion pairing) rather than in the channel center. We will promote this by using solvothermal conditions and post-synthetic ion exchange in polar aprotic media (e.g., MeCN/DMF mixtures) followed by activation to encourage A+–SO3− contact pairs.
- Secondary design (if pore blockage observed): switch to smaller/harder cations (Li+) and/or partial replacement with organic cations of low mobility but compact size (e.g., tetramethylammonium, TMA+) at low fraction, explicitly tracked as a variable.
1.4 Metal-site accessibility preservation: implement activation protocols (solvent exchange → vacuum/heat) benchmarked by CO/NO probe IR (for open-metal-site quantification) and N2 adsorption (micropore volume retention). Acceptance criterion: ≥80% of open metal sites retained relative to parent M2(m-dobdc), as assessed by probe uptake/IR band integration.

Step 2 — Quantify linker sequence/disorder and define acceptance criteria for “distance distributions.”
2.1 Average structure confirmation: PXRD with Rietveld refinement to confirm topology retention; unit cell trends vs x used to flag framework distortion.
2.2 Local structure and sulfonate–metal distance distribution:
- Total scattering/PDF (neutron preferred; X-ray as complement) to extract M···O(SO3) and M···S pair correlations. Fit with small-box models spanning random vs clustered substitution to quantify distribution width.
- Diffuse scattering (where measurable) to identify substitutional short-range order vs clustering.
- Solid-state NMR sequence metrics: ^13C ssNMR on linker carbons (and ^23Na/^7Li where applicable) to quantify local environments; 2D correlation (e.g., ^1H–^13C HETCOR) to probe proximity of sulfonate-associated protons/cations to the pore interior.
2.3 Acceptance criteria (pre-registered): proceed to separation/INS only for samples meeting all:
(i) topology retained (no secondary phases by PXRD; Rwp within defined threshold vs parent),
(ii) micropore volume ≥70% of parent,
(iii) open-metal-site probe metric ≥80% of parent,
(iv) PDF-derived M···O(SO3) distribution: primary peak center 3.5–6.0 Å with full width at half maximum (FWHM) ≤ ~1.5 Å (or an empirically defined equivalent) and no dominant population <3.0 Å (which would indicate sulfonate occlusion/chelation of metal sites),
(v) countercation predominantly associated with sulfonate (ssNMR shift/relaxation consistent with bound state) with limited evidence of freely mobile channel cations.

Step 3 — Demonstrate countercation stoichiometry, location, and immobility (explicit reviewer requirement).
3.1 Stoichiometry: ICP-OES/ICP-MS for A+/M ratio vs target x; elemental analysis for S content to confirm sulfonate incorporation.
3.2 Location and pairing:
- VT PXRD/neutron diffraction (where feasible) to detect ordered/partially ordered A+ positions; monitor thermal displacement parameters vs T.
- ^7Li/^23Na ssNMR (variable temperature): line narrowing and T1/T2 changes used as mobility indicators; bound cations should show limited motional averaging across the relevant temperature window.
- Impedance spectroscopy under dry conditions: low ionic conductivity supports immobile/paired A+; if high conductivity is observed, treat as a failure mode (mobile cations likely act as the true adsorption sites) and adjust cation identity/activation.
3.3 Mobility acceptance criterion: ionic conductivity under dry conditions below a pre-defined threshold (benchmarked against known ionic MOFs) plus ssNMR evidence of restricted motion (no dramatic VT line narrowing characteristic of fast hopping).

Step 4 — Separation validation upgraded to industry-relevant and mechanistically correlated tests.
4.1 Equilibrium adsorption (foundation for IAST): measure single-component isotherms for 1-butene, cis-2-butene, trans-2-butene (and optionally i-/n-butane as controls) at multiple temperatures (e.g., 298/313/333 K). Fit with dual-site Langmuir (or appropriate) models; compute IAST selectivities for relevant mixture compositions.
4.2 Calorimetry: microcalorimetry or variable-T isotherm-derived Qst to separate enthalpic from entropic contributions; compare trends vs x and vs countercation identity.
4.3 Dynamic separations:
- Breakthrough experiments on C4 cuts (ternary 1-butene/cis-2-butene/trans-2-butene; include butanes as industrially relevant contaminants when appropriate). Report productivity metrics, roll-up behavior (if any), and 99.5% purity feasibility.
- Cycling/regeneration: ≥50 adsorption/desorption cycles with mild regeneration (temperature/vacuum) to quantify capacity/selectivity retention.
- Impurity tolerance: test under controlled humidity (ppm–% RH brackets) and acid gas traces (CO2; and, if safe/available, low ppm H2S/CS2 surrogates) to evaluate sulfonate/countercation stability and metal-site poisoning resistance.
4.4 Independent site-population readouts correlated to selectivity:
- In situ IR spectroscopy: quantify π-complexation signatures at open metal sites (C=C interaction-induced shifts) and track any sulfonate-involved perturbations.
- If available, in situ PXRD under gas loadings to observe subtle lattice responses consistent with dual-site binding.

Step 5 — Pre-registered INS workflow robust to multiple adsorption environments.
5.1 DFT-informed spectral library: compute adsorption geometries and vibrational spectra for (a) metal-only binding, (b) sulfonate/countercation-only polarization, and (c) cooperative dual-site binding for each olefin. Include multiple local environments reflecting the measured sulfonate–metal distance distribution (from PDF) rather than a single idealized geometry.
5.2 Loading-dependent INS: collect spectra at a sequence of coverages (e.g., 0.1, 0.3, 0.6, 1.0 molecules per open metal site) to separate strong-site occupation from secondary-site filling. Expectation: cooperative binding should manifest at low-to-intermediate loading with characteristic changes (e.g., hindered-rotation barriers, torsional mode shifts) that saturate as strong sites fill.
5.3 Isotopic labeling to deconvolute modes: where feasible, use selectively deuterated olefins (e.g., 1-butene-d8 vs protio; or partial deuteration) to shift internal vibrational bands and isolate rotational/torsional contributions most sensitive to confinement.
5.4 Site heterogeneity deconvolution: fit INS spectra as linear combinations of DFT-predicted components weighted by site populations constrained by independent measurements (open metal site count from probe IR; sulfonate fraction x; countercation stoichiometry). This constrains ambiguity: “mode splitting” must track the predicted fraction of cooperative geometries across x and loading.
5.5 Mechanistic decision rule (pre-registered): we will claim cooperative two-point binding only if (i) INS-derived hindered-rotation barriers and/or torsional mode splitting correlate monotonically with the independently quantified cooperative-site population proxy (x × accessible-OMS fraction), and (ii) the effect is significantly larger for 1-butene than for 2-butenes under matched loading and temperature, while (iii) control samples (x = 0 or samples failing immobility criteria) do not show the same signatures.

Step 6 — Controls and failure-mode branches.
6.1 Controls: parent M2(m-dobdc) (x = 0); a “cation-only” control where countercations are introduced without sulfonate (to test whether cations alone create secondary sites); and a “blocked OMS” control (partial metal-site passivation) to confirm that selectivity requires π-complexation.
6.2 If clustering/disorder is too high (PDF FWHM too broad): reduce x, adjust synthesis kinetics, or use modulated synthesis to discourage phase separation; alternatively pivot to a 3D-linker strategy to impose more uniform pore environments while retaining the ionic-site concept.
6.3 If cation mobility is high: change cation identity (Li+ → larger less mobile or more strongly paired organic cations) and/or introduce stronger ion-pairing conditions; re-verify with ssNMR/impedance before proceeding.","Mechanistic feasibility grounded in known OMS selectivity and secondary-site physics: M2(m-dobdc) already separates C4 olefin isomers via open-metal-site π-complexation and charge density effects, providing the primary strong site. Introducing sulfonate functionalities adds a nearby, tethered electrostatic perturbation capable of stabilizing terminal olefin binding geometries via quadrupole-field coupling and C–H···O interactions, consistent with established concepts of secondary binding sites and polarized adsorption landscapes.

Reviewer-risk mitigation (determinism → measurable distributions): rather than asserting crystallographic periodicity, the revised plan treats mixed-linker substitution as an inherently statistical process and makes the central claim contingent on *quantified* sulfonate–metal distance distributions (PDF/diffuse scattering/ssNMR) with explicit acceptance criteria. This converts the “fixed distance” idea into a falsifiable engineering target: if the distribution is too broad or if sulfonate chelates/block OMS, the material is rejected or redesigned.

Charge balance/topology retention explicitly addressed: the framework charge introduced by the triacid sulfonated linker is compensated by a defined amount of monovalent countercations whose identity and stoichiometry are measured (ICP; S analysis). Their location and mobility are treated as first-order design variables and verified using VT diffraction, ^7Li/^23Na ssNMR, and impedance; this directly addresses the risk that mobile countercations become the true adsorption sites or block pores.

Separation relevance and artifact control: the plan adds IAST-validated single-component isotherms across temperature, calorimetry, and—critically—breakthrough separations on realistic multicomponent C4 cuts with cycling and impurity tolerance. Selectivity is correlated to independently measured site populations (OMS probe IR; sulfonate fraction; countercation pairing), reducing the likelihood that apparent selectivity is a calorimetric or heterogeneity artifact.

INS made unambiguous under heterogeneity: INS interpretation is pre-registered as a constrained multi-site analysis tied to DFT libraries spanning the experimentally measured disorder. Loading series and isotopic labeling further separate rotational/translational features from internal vibrations, allowing discrimination of terminal vs internal olefin dynamics even when multiple adsorption environments exist. The proposal therefore remains coherent with the original concept chain (OMS + ionic secondary site → dynamics → selectivity) while meeting the board’s requirement for charge-compensation control, disorder quantification, dynamic separation validation, and mechanistically decisive INS analysis.","This is an unusually rigorous and well-prepared proposal that directly addresses common reviewer concerns in mixed-linker and ionic MOF design, particularly charge balance, disorder, and mechanistic over-interpretation. The engineering plan is detailed, internally consistent, and realistically executable using state-of-the-art techniques (PDF, ssNMR, impedance, INS). The strongest aspect is the pre-registration of acceptance criteria and mechanistic decision rules, which sharply reduces the risk of post hoc rationalization. Minor score deductions arise from residual complexity risk: the simultaneous optimization of linker distribution, countercation immobility, and open-metal-site accessibility across two metals (Co, Ni) and multiple cations may dilute statistical power and extend timelines. Additionally, while the INS decision rule is well defined, successful deconvolution under real disorder remains experimentally fragile and may hinge on neutron beamtime availability and signal-to-noise constraints."
"Embedding carboxylic acid groups as geometrically constrained, hydrogen-bond-assisted “acid pockets” inside a hydrolytically robust Zr6-oxo MOF—followed by post-synthetic, site-specific conversion of a fraction of –COOH to acyl-sulfonamide (–C(O)NHSO2R) or acyl-urea (–C(O)NHCONR2) without disrupting node coordination—will increase the isosteric heat of adsorption for CO2 at low coverage while preserving structural stability under humid/thermal cycling. Mechanistically, (i) paired –COOH groups create cooperative quadrupole-stabilized binding via dual O···C(O) interactions and directional H-bonds to CO2; (ii) partial PSM introduces stronger local dipoles and polarizability, increasing the initial Qst without creating irreversible chemisorption; and (iii) the electron-withdrawing PSM functionality slightly lowers the framework band gap (ligand-centered), enabling optional photothermal/photocatalytic “self-regeneration” under visible light. Thermogravimetric analysis will quantify whether the introduced functionalities alter decomposition/defect chemistry and will be correlated to retained uptake/selectivity after repeated activation.","Step 1: Specific system setup or data preparation.
1.1 Select a Zr6-based platform with proven water stability and accessible linker sites: UiO-66-(COOH)2 (using 2,5-dicarboxyterephthalic acid derivative where one –COOH coordinates and one remains pendant) and a pore-expanded analogue (UiO-67 derivative) to tune confinement.
1.2 Synthesize MOFs with controlled missing-linker defect densities by modulator programming (formic/acetic acid ratio) to create a defined population of open Zr sites while keeping crystallinity; activate via solvent exchange (EtOH) and vacuum.
1.3 Baseline characterization: PXRD, N2 sorption (BET, pore size distribution), FT-IR (pendant –COOH), solid-state 13C NMR (carboxyl signatures), and water vapor isotherms to establish hydrolytic behavior.

Step 2: Detailed implementation of the adapted methodology.
2.1 Methodological adaptation (PSM that preserves node integrity): perform diffusion-limited, pore-confined coupling of pendant –COOH with sulfonamide/urea precursors using mild carbodiimide chemistry optimized for MOFs (EDC/NHS in anhydrous acetonitrile or DMF with controlled water content <0.1%).
2.2 Achieve spatial and compositional control by (i) using bulky sulfonamide nucleophiles (R = iPr, tBu-phenyl) to preferentially modify near-pore-mouth sites, and (ii) using smaller nucleophiles (R = Me, Et) for deeper pore penetration; quantify functionalization gradients by microtomed IR mapping and XPS depth profiling (surface vs bulk).
2.3 Generate a “paired-acid pocket” motif: target ~30–60% conversion of pendant –COOH to acyl-sulfonamide/urea, leaving remaining –COOH to act as H-bond donors adjacent to strong dipoles; verify conversion by FT-IR (amide C=O stretch), 15N ssNMR (if labeled nucleophile), and elemental analysis.
2.4 Band gap tuning/verification: measure diffuse reflectance UV–vis (Kubelka–Munk) to extract optical band gaps before/after PSM; compare with DFT (cluster or periodic) calculations to connect functional group electronics with frontier orbital shifts.
2.5 CO2 adsorption thermodynamics: collect CO2 isotherms at multiple temperatures (e.g., 273/288/298 K) down to low pressures (<0.1 bar) and calculate isosteric heat of adsorption (Qst) via virial fitting/Clausius–Clapeyron at constant loading; separately quantify Henry’s constants and selectivity (CO2/N2, CO2/CH4) by IAST.
2.6 Mechanistic validation of binding: in situ DRIFTS under CO2 dosing to identify bound CO2 motifs (C=O shifts, bicarbonate exclusion), and microcalorimetry (if available) to directly measure differential heats at near-zero coverage; compare to simulated binding energies and preferred adsorption sites from GCMC/DFT.

Step 3: Rigorous validation and analytical framework.
3.1 Structural stability under realistic conditions: subject materials to (i) humid CO2 (e.g., 50–80% RH) cycling, (ii) thermal swing (ambient to 120–150 °C) activation cycles, and (iii) dilute acid gas contaminants (trace SO2/NOx at ppm levels) to probe robustness.
3.2 Thermogravimetric analysis (TGA): run TGA/DTG under N2 and air to (i) quantify residual solvent/PSM mass increments, (ii) determine decomposition onset shifts due to PSM/defects, and (iii) assess whether functionalization introduces labile groups; pair with variable-temperature PXRD to separate solvent loss from framework collapse.
3.3 Performance metrics for carbon dioxide sequestration: report working capacity under PSA/VSA-relevant windows (e.g., 0.15–1 bar, 298 K; and 0.01–0.15 bar for DAC-relevant tests), regeneration energy estimate from Qst and heat capacities, and long-term capacity retention over ≥50 cycles.
3.4 Comparative controls: (i) parent UiO-66/67, (ii) fully carboxylated without PSM, (iii) fully converted (near-quantitative amide) to test loss of cooperative H-bonding, and (iv) an amine-functional analogue to benchmark against conventional basic sites.
3.5 Decision criteria: success is defined as simultaneously achieving higher initial Qst (target +5–15 kJ/mol at low coverage vs parent), equal-or-better working capacity, <5% crystallinity loss after humid cycling, and no significant decrease in BET area beyond what is predictable from added mass/partial pore narrowing.","1. Theoretical/Empirical Basis: Carboxylic acid functionalities can enhance CO2 uptake and increase isosteric heat of adsorption by strengthening specific interactions beyond surface area effects (cf. acidic CMP networks). Zr6-oxo frameworks (UiO family) are among the most hydrolytically and thermally stable MOFs, providing a suitable scaffold for aggressive functional group chemistry while retaining crystallinity. Prior MOF studies link electronic structure (band gap) to light-driven reactivity, enabling a rational route to couple adsorption tuning with optional photo-assisted regeneration.
2. Transfer Logic (How the adaptation fits the domain): The adaptation is a controlled post-synthetic modification of pendant –COOH groups that explicitly avoids altering the metal–carboxylate coordination bonds responsible for framework integrity. By tuning the degree and spatial distribution of conversion, the design creates cooperative binding motifs (acid + dipole) inside confined pores—an explicitly supramolecular, structure-directed strategy consistent with MOF reticular chemistry.
3. Comparative Advantage: Compared to simple amine grafting (often moisture-sensitive and potentially chemisorptive), the proposed acid-pocket + partial acyl-sulfonamide/urea motif aims for high low-pressure CO2 affinity with reversible physisorption-dominant binding, improved tolerance to humidity, and quantifiable stability via TGA/PXRD cycling. Band gap modulation provides an extra handle to explore light-assisted desorption without adding external photothermal agents, while the defect/PSM control decouples stability from adsorption strength—addressing a common trade-off in CO2 sorbents.","This is a technically sophisticated and largely convincing proposal that demonstrates strong command of Zr-based MOF chemistry, post-synthetic modification strategies, and adsorption thermodynamics. The engineering plan is unusually detailed, with credible execution paths (EDC/NHS PSM, defect programming, low-pressure Qst determination, in situ spectroscopy) and appropriate controls. The central mechanistic logic—cooperative acid/dipole binding enhancing low-coverage CO2 affinity without irreversible chemisorption—is sound and well-aligned with current understanding. Minor deductions arise from two areas: (i) the band-gap/photothermal self-regeneration component is comparatively underdeveloped and risks appearing speculative without a clearer energy-balance or light–heat coupling argument; and (ii) the assumption that partial acylation will not significantly perturb pore accessibility or local acidity is plausible but not rigorously bounded by predictive modeling prior to synthesis. These issues do not undermine feasibility but slightly weaken logical closure."
"A ZIF-90 coating can be engineered into a spatially segregated, dual-function architecture—(i) an outer, diffusion-limited hydrophobic “gatekeeping” shell that measurably suppresses H2O/Cl− ingress and underfilm delamination, and (ii) an internal, covalently immobilized, enantiopure imidodiphosphoric-acid (IDP) Brønsted-acid microenvironment that remains pore-accessible for asymmetric N,N-acetalization—provided that (a) ZIF-90 is operated within explicitly defined aqueous stability windows and (b) the depth distribution of post-synthetic modifications obeys a quantitatively validated reaction–diffusion functionalization model.

Mechanistic rationale (falsifiable): (1) Corrosion protection arises when the hydrophobic shell lowers effective water activity at pore mouths and increases ionic transport resistance, producing an order-of-magnitude retention in low-frequency impedance (|Z|0.01Hz) over immersion time relative to ungated ZIF-90. This is not claimed as “porosity elimination” but as a switch from continuous, water-wet percolation to intermittent/retarded wetting at the external microns, shifting the dominant EIS element from diffusion/Warburg to barrier capacitance with reduced water uptake. (2) Enantioselective catalysis persists because the IDP sites are placed predominantly beyond the shell thickness (depth-segregated) and remain accessible to organic substrates with kinetic diameters below the ZIF-90 aperture constraint, while water (and hydrated Cl−) transport is preferentially inhibited at the shell. The chiral outcome is predicted to scale with confinement: a measurable increase in ee (and/or inversion of selectivity relative to solution) that collapses when pores are blocked, when IDP is immobilized on a nonporous support, or when an enlarged-pore analogue removes confinement. (3) The entire concept is gated by MOF structural integrity: ZIF-90 crystallinity/porosity retention and Zn2+ release rates under chloride at defined pH are treated as go/no-go endpoints; failure triggers pivot to stabilization strategies (crosslinking density, shell thickness, polymer grading) rather than assuming chemical robustness.

Thus, the central claim is not merely that ‘hydrophobic gating + internal chiral acidity’ can coexist, but that spatial segregation can be quantitatively demonstrated and used to predict (and optimize) two coupled performance metrics—chloride-media barrier retention and site-normalized enantioselective turnover—within experimentally defined ZIF-90 stability boundaries.","Step 0 — Define ZIF-90 stability windows and go/no-go endpoints (mandatory risk control).
0.1 Prepare powder and film analogues of baseline ZIF-90 (same linker/metal ratio, same modulator history as coating synthesis) to decouple intrinsic framework stability from adhesion/coating defects.
0.2 Stability matrix: immerse powders and films in (i) 3.5 wt% NaCl, (ii) pH 3 chloride (HCl/NaCl), (iii) pH 10 chloride (NaOH/NaCl), and (iv) deionized water as control, at 25 °C and 60 °C (accelerated). Timepoints: 1 h, 6 h, 24 h, 7 d, 28 d.
0.3 In situ structural endpoints (go/no-go):
  - In situ GI-XRD on films during immersion (time-resolved loss of characteristic ZIF-90 reflections; define failure as >30% drop in integrated intensity of main peaks within 24 h in any target medium).
  - In situ ATR-FTIR (monitor imidazolate ring modes + –CHO band evolution; define failure as emergence of broad Zn–OH/H2O features concomitant with linker loss).
  - Zn2+ release rate by ICP-MS of immersion media (define acceptable window as ≤1% of total Zn leached per day during first 72 h at 25 °C; adjust threshold as coating thickness is known).
  - Porosity/uptake retention on powder analogues (Kr/N2 uptake; define failure as >40% loss of uptake after 7 d in target medium).
0.4 If any medium fails go/no-go: implement stabilization levers before proceeding to dual-function testing: (a) increase external hydrophobe shell density/thickness (Section 2.2), (b) introduce graded polymer infiltration (Section 2.4) to suppress continuous wetting, and/or (c) shift corrosion testing emphasis to media where stability is demonstrated while reporting the boundary explicitly.

Step 1 — Coating architecture and baseline characterization.
1.1 Substrates: mild steel and AA2024 coupons (polished to defined roughness, e.g., Ra < 50 nm), then hydroxylated oxide formation via O2 plasma (controlled dose) or mild alkaline activation; record oxide chemistry by XPS (O 1s components) to standardize nucleation.
1.2 Primer compatibility screening (addresses reviewer concerns).
  - Candidate primers: (i) phosphonate-only (alkyl bisphosphonate), (ii) catechol-only (dopamine), (iii) catechol-phosphonate hybrid.
  - Electrochemical stability screen of primer-only films on metal in NaCl via OCP drift + EIS; oxidation sensitivity via cyclic voltammetry (catechol/quinone couple) and XPS after immersion.
  - Growth compatibility: test whether each primer perturbs ZIF-90 nucleation (GI-XRD texture, SEM continuity). Downselect primer that (a) survives immersion without severe redox degradation and (b) does not inhibit ZIF-90 crystallization.
1.3 Baseline ZIF-90 film growth: seeded or interfacial solvothermal growth targeting continuous 1–10 µm films with controlled thickness (profilometry/cross-sectional SEM). Characterize:
  - GI-XRD (texture, crystallinity), SEM/AFM (coverage/roughness), FIB-SEM cross-sections (defects, through-thickness continuity).
  - Quantify –CHO density and accessibility: DRIFTS/ATR-FTIR (–CHO stretch), solid-state 13C NMR on powder analogue, and derivatization titration using a small aminooxy dye probe (UV-vis or fluorescence quantification) to estimate accessible aldehydes.

Step 2 — Quantitative reaction–diffusion model for depth-functionalization + experimental validation (mandatory).
2.1 Model definition (falsifiable): treat aldehyde functionalization as pseudo-first-order in aldehyde with a reagent concentration field C(x,t) penetrating from the external surface into the film.
  - Governing equation: ∂C/∂t = D_eff ∂^2C/∂x^2 − k_app C (where k_app lumps intrinsic oxime/imine formation kinetics under given water activity/solvent; x is depth).
  - Predict functionalization fraction f(x,t) via ∂f/∂t = k_app C (1−f), with boundary condition C(0,t)=C0 (external reagent activity) and no-flux at metal interface.
  - Extract a dimensionless segregation number: Φ = (k_app L^2 / D_eff) where L is film thickness. Target regime for surface-biased gating: Φ >> 1 for bulky hydrophobe reagents (fast consumption near surface relative to diffusion).
2.2 Experimental parameterization:
  - Determine D_eff for representative reagents using uptake kinetics on powder analogues (gravimetric sorption or QCM on thin films) and/or time-dependent XPS signal evolution on thin films.
  - Determine k_app via solution-phase model reaction of imidazole-2-carboxaldehyde with each reagent under matching solvent/water content, then adjust for confinement using early-time film data.
2.3 Depth-profile validation (critical discriminant):
  - Perform time-series functionalization with isotope-labeled or fluorinated reagents to enable ToF-SIMS depth profiling (e.g., CF3-tagged aminooxy/alkylhydrazide for gating; 19F as tracer).
  - Acquire ToF-SIMS profiles after controlled reaction times; fit f(x,t) to model to back-calculate D_eff and k_app and predict shell thickness δ(t) defined as depth where f reaches 0.8 of surface value.
  - Acceptance criterion for “true spatial segregation”: demonstrate δ_gating ≤ 10–20% of total thickness while internal region retains ≥70% of accessible pore volume (from uptake) and ≥50% of internal –CHO available for IDP installation.

Step 3 — Install internal chiral Brønsted-acid sites with quantified loading and wet stability.
3.1 IDP tether design (chemical specificity): synthesize enantiopure IDP bearing (i) aminooxy tether for oxime linkage (IDP–(CH2)n–ONH2) and/or (ii) primary amine tether for reductive amination (IDP–(CH2)n–NH2). Choose n to balance sterics and pore access (screen n=2,4,6).
3.2 Linkage selection by hydrolytic robustness (explicit test):
  - Route A (preferred): oxime formation (–CHO + –ONH2) under low-water, mildly acidic catalysis (avoid framework attack), yielding hydrolytically robust C=N–O linkage.
  - Route B: imine then NaBH3CN reduction to secondary amine (evaluate whether reducing conditions perturb ZIF-90).
3.3 Loading control and verification:
  - Quantify IDP loading by elemental analysis/XPS (P 2p) and digestion + ICP-OES for P/Zn ratio on powder analogues.
  - Confirm linkage by FTIR (oxime/imine bands), solid-state 31P NMR (IDP environment), and XPS N 1s deconvolution.
  - Demonstrate immobilization: leaching tests under catalytic solvent and under NaCl immersion; quantify IDP in solution by LC-MS and P by ICP; pass criterion: <5% IDP loss over 24 h under each relevant condition.
3.4 Wet chloride survivability of IDP-functionalized films: repeat Step 0 immersion endpoints specifically tracking (i) P 2p retention profiles (angle-resolved XPS), (ii) persistence of chiral sites (31P NMR on retrieved powders), and (iii) maintained catalytic activity after exposure (see Step 6).

Step 4 — Hydrophobic pore-mouth gating engineered as a thin shell (spatially segregated, model-guided).
4.1 Gating reagents (size-controlled): bulky long-chain aminooxy or hydrazide reagents (C12–C18) and/or branched groups to maximize Φ and minimize deep penetration.
4.2 Implement diffusion-limited conditions:
  - Use solvent systems that reduce internal wetting (e.g., low-polarity/limited-swelling solvent compatible with ZIF-90) and short reaction times predicted by model to reach target δ_gating.
  - Apply sequential functionalization: (i) internal IDP installation first (with small/medium reagent and longer time), then (ii) gating second with bulky reagent and short time to avoid internal capping.
4.3 Verification:
  - ToF-SIMS depth profiles (hydrophobe tag), angle-resolved XPS (C enrichment gradient), contact angle mapping.
  - Transport proxy: water vapor uptake (DVS) and electrolyte uptake (capacitance from EIS) before/after gating. Target: significant reduction in water uptake with minimal loss of organic-probe uptake relevant to catalysis (Step 6).

Step 5 — Interfacial adhesion strategy with electrochemical compatibility checks.
5.1 Primer downselection outcome from Step 1.2 is enforced: reject catechol-containing primers if oxidation leads to loss of adhesion or increased galvanic activity.
5.2 Demonstrate primer does not perturb Zn nodes or accelerate Zn dissolution:
  - Compare Zn2+ release (ICP-MS) of primed vs unprimed ZIF-90 films under NaCl.
  - XPS at interface (if accessible via sputter depth profiling) for Zn–O–P signatures without excessive Zn depletion.
5.3 Adhesion and underfilm delamination tests:
  - Scratch adhesion (critical load), pull-off adhesion (ASTM), and wet adhesion after immersion.
  - Delamination kinetics by EIS fitting (two-time-constant models) and scanning Kelvin probe (if available) to track underfilm corrosion front.

Step 6 — Catalysis: substrate panel matched to ZIF-90 size constraints + confinement controls (mandatory).
6.1 Aperture/cage matching (explicit):
  - Determine accessible pore/aperture constraint experimentally using uptake of a calibrated probe set (e.g., aromatics/amines of increasing kinetic diameter) on powder analogues; fit a cutoff diameter.
  - Select N,N-acetalization substrates with kinetic diameters below cutoff (Panel S, “fits”) and above cutoff (Panel L, “excluded”).
6.2 Reaction selection: choose an established IDP-Brønsted-acid-mediated asymmetric N,N-acetalization (or closely related iminium/acetal-type transformation) that is water-sensitive, so hydrophobic gating provides a mechanistic lever; run under controlled low-water conditions with deliberate water spikes to quantify gating benefit.
6.3 Controls to prove confinement-driven ee:
  - (i) Dual-functional ZIF-90 (IDP internal + hydrophobe shell).
  - (ii) IDP on nonporous silica/alumina with similar P loading (tests whether ee arises without confinement).
  - (iii) Pore-blocked ZIF-90-IDP (complete capping with small reagent) to show activity/ee collapse with blocked access.
  - (iv) Enlarged-pore analogue (if accessible) or defect-enlarged ZIF via modulator route to reduce confinement; prediction: reduced ee if confinement dominates.
6.4 Metrics and normalization:
  - Quantify conversion, ee (chiral HPLC/GC), and site-normalized TOF (normalize to accessible P sites quantified by titration of acid sites and/or P content multiplied by accessibility factor from probe uptake).
  - Hot filtration and leaching tests: monitor Zn and P in filtrate (ICP-MS) and IDP by LC-MS; show catalysis is truly heterogeneous.
6.5 Mass transport vs catalysis disentanglement:
  - Measure substrate uptake kinetics into functionalized powders (time-resolved uptake) to correlate diffusion timescales with observed rates.
  - Demonstrate that gating decreases water uptake more strongly than organic substrate uptake for Panel S, explaining maintained catalysis with improved water tolerance.

Step 7 — Corrosion performance with mechanistic discriminants tied to the model.
7.1 Test matrix across media (NaCl neutral, pH 3, pH 10) but only within stability windows established in Step 0; explicitly report any excluded regimes.
7.2 Electrochemical endpoints:
  - Time-resolved EIS (|Z|0.01Hz, coating capacitance, pore resistance) up to 28 d; potentiodynamic polarization (icorr, Ecorr).
  - Localized mapping (SVET/SECM) at defects to quantify whether gating+primer suppress localized anode formation.
7.3 Direct transport/permeability tests:
  - Cl− permeability via diffusion cell + ion chromatography.
  - Water uptake via DVS and electrochemical capacitance; correlate to ToF-SIMS-derived shell thickness and model-predicted effective D_eff.
7.4 Post-exposure structural retention:
  - GI-XRD/ATR-FTIR after immersion, Zn2+ release totals, and ToF-SIMS profiles to see whether shell and IDP gradients persist or homogenize.

Step 8 — Design-space mapping and Pareto optimization (explicit tradeoff deconvolution).
8.1 Independent variables: IDP loading (P/Zn), shell thickness δ_gating, and primer type.
8.2 Responses: (i) |Z|0.01Hz retention at day 7/28, (ii) Cl− permeability, (iii) ee and site-normalized TOF for Panel S substrates, (iv) structural integrity (GI-XRD retention; Zn2+ release).
8.3 Outcome: identify Pareto-optimal region where δ_gating reduces water/Cl− ingress without pushing organic substrate diffusion below the catalytic timescale; validate with model predictions and depth profiles.

Milestones (go/no-go summary):
M1 (Stability): ZIF-90 retains ≥70% GI-XRD intensity and ≤1% Zn/day release in the target NaCl medium at 25 °C; otherwise pivot stabilization before proceeding.
M2 (Segregation): ToF-SIMS/XPS demonstrate δ_gating confined to outer ≤20% thickness and internal porosity retention ≥70%.
M3 (Catalysis): Dual-functional material delivers ee significantly above nonporous-IDP control and shows size-exclusion behavior (Panel L inactive/low ee) with negligible leaching.
M4 (Coupled performance): Compared to baseline ZIF-90, dual-functional coatings show sustained impedance improvement (≥10× |Z|0.01Hz at defined timepoint) while preserving ≥50% of catalytic TOF for Panel S substrates.","1) De-risking ZIF-90 chemical stability (addresses critique i): The revised plan treats hydrolysis/ion exchange/defect evolution as a primary risk with explicit stability windows, accelerated endpoints, and quantitative go/no-go thresholds (in situ GI-XRD, in situ ATR-FTIR, Zn2+ release kinetics, and porosity retention). This prevents proceeding on assumptions and creates a clear pivot strategy (shell densification, graded polymer infiltration, or media boundary definition) if ZIF-90 fails under certain pH/chloride conditions.

2) Spatial segregation is no longer asserted; it is modeled and measured (addresses critique ii): A reaction–diffusion framework with measurable parameters (D_eff, k_app, Φ) is introduced to predict when bulky hydrophobe reagents will be consumed near the surface before penetrating deeply. The model is validated directly against ToF-SIMS depth profiles (with 19F/label tracers) to quantify shell thickness δ_gating and demonstrate internal aldehyde/porosity retention. This is falsifiable: if profiles homogenize or δ_gating grows too thick, the design fails and conditions/reagents are reformulated.

3) Catalysis claim is constrained by pore-size logic and proven by confinement controls (addresses critique iii): The catalysis plan explicitly matches a substrate panel to experimentally determined size cutoffs (uptake-based kinetic diameter screening), then uses mandatory controls (nonporous IDP support, pore-blocked ZIF-90, and enlarged-pore/less confined analogues) to test whether ee is confinement-driven rather than an intrinsic property of immobilized IDP. Site-normalized TOF/ee comparisons and leaching tests convert “high ee” into a mechanistically attributable, reproducible claim.

4) Primer compatibility and electrochemical side effects are explicitly screened: The primer is no longer assumed benign; it is downselected by growth compatibility, redox stability, and absence of accelerated Zn dissolution or galvanic effects. Adhesion and delamination are quantified (wet adhesion + EIS delamination modeling), and the interfacial chemistry is verified.

5) Coupled-function coexistence becomes a testable design space: By mapping IDP loading versus δ_gating (and primer type) against both corrosion and catalysis metrics, the proposal replaces a qualitative “dual function” promise with a Pareto optimization that can demonstrate the intended synergy or reveal unavoidable tradeoffs.

Overall, the revised proposal remains faithful to the original concept chain (ZIF-90 aldehyde chemistry enabling covalent chiral-acid immobilization plus surface-biased hydrophobization for corrosion media), but converts the key vulnerabilities—framework stability, gradient formation, and confinement/transport limits—into quantitative, experimentally verifiable discriminants that determine success or trigger defined pivots.","This is an unusually rigorous and well-structured proposal that anticipates most common failure modes in dual-function MOF coatings. Engineering resolution is very high: in situ GI-XRD/ATR-FTIR under immersion, Zn2+ leaching thresholds, ToF-SIMS depth validation, and model-guided functionalization represent state-of-the-art execution. Logical consistency is strong, with clear causal links between hydrophobic gating, transport suppression, confinement-driven enantioselectivity, and electrochemical signatures. Minor deductions arise from the cumulative experimental burden and interdependence of steps—success depends on maintaining ZIF-90 integrity under chloride while also performing multiple post-synthetic modifications, which may compress the practical design space more than acknowledged. Evidence grounding is excellent, though the catalytic example (IDP-mediated N,N-acetalization) remains somewhat specialized and may limit generality. Rationale quality is high: the proposal does not merely combine corrosion protection and catalysis but frames them as coupled, optimizable outputs governed by measurable transport and stability parameters. Overall risk is high but is explicitly managed rather than ignored."
"A staged “competitive coordination modulation → crystallographically guided oriented attachment → chemically plausible defect-generation” strategy can produce ZIF-71 mesocrystals with predictable transport acceleration without invoking chemically implausible carboxylate-for-imidazolate substitution. Mechanistically, (1) DABCO (or a closely matched tertiary diamine control) transiently lowers free Zn2+ activity via measurable Zn–DABCO complexation in the pre-nucleation window, delaying imidazolate-driven growth and enabling a high nuclei density (nano-regime) under linker-rich conditions; (2) the same transient capping alters the relative growth rates of crystallographic faces by preferential binding to undercoordinated surface Zn sites, creating a facet-dependent surface charge/termination pattern that can be mapped by zeta potential and selective probe adsorption, thereby rendering oriented attachment (OA) a testable, non-accidental outcome; (3) stable defectivity is introduced in ZIF-71 by routes known to be chemically accessible in Zn–imidazolate frameworks—(i) controlled linker-deficient synthesis (Zn-rich, ligand-poor) to embed missing-linker/missing-node defects during growth and (ii) calibrated, subcritical acid/base etching and/or halide/neutral-ligand competitive coordination that creates vacancies and mesoporous pathways while preserving the ZIF-71 topology—rather than by post-assembly carboxylate exchange. The resulting hierarchical architecture couples (a) mesocrystal order (low-angle grain boundary density and coherent crystallographic alignment) with (b) a tunable population of coordinatively unsaturated Zn sites and defect-derived mesoporosity, yielding faster guest uptake/release and improved bioavailability proxies (dispersion stability in protein media and accelerated payload release) versus non-modulated ZIF-71. The same rule set—quantified ligand competition, proton-coupled linker deprotonation control, and falsifiable OA metrics—translates to MIL-53(Al)-NH2 using established monocarboxylate modulation, while DABCO·2HCl is treated explicitly as a buffered ionic/acidic additive whose role is validated via time-resolved pH profiles and Al speciation (27Al NMR/ESI-MS), with pre-registered diagnostics to prevent phase diversion (MIL-68/MOF-235-like impurities) and to exclude DABCO framework incorporation.","Step 0 — Pre-registration of chemical windows, pass/fail criteria, and controls (addresses reviewer falsifiability).
0.1. Define solvent systems and water content explicitly:
- ZIF-71: (A) MeOH, (B) MeOH/H2O 95:5, and (C) EtOH as robustness checks; record water content by Karl Fischer (target ±0.05 wt%).
- MIL-53(Al)-NH2: DMF/H2O (typically 9:1 v/v) with controlled added acid.
0.2. Predefine “structural pass/fail” for ZIF-71 defect generation:
PASS requires all of: (i) PXRD matches ZIF-71 reference with no new crystalline impurity peaks and ≤10% loss of integrated peak area vs baseline after normalization; (ii) total scattering/PDF retains first-shell Zn–N and Zn–N–C correlations with <10% broadening vs baseline (local order preserved); (iii) 13C/15N solid-state NMR (if linker labeled or sensitivity sufficient) shows intact imidazolate environment without new dominant carboxylate/amide resonances; (iv) N2/CO2 sorption shows reproducible increase in mesopore contribution (e.g., hysteresis + NLDFT/QSDFT shift) without collapse in micropore signature.
FAIL triggers route change: if amorphization or topology loss is detected (PXRD/PDF), revert to purely in-growth linker-deficiency and abandon etch step.
0.3. Predefine “mesocrystal OA success” metric threshold:
- SAED: azimuthal spread of primary reflections across multiple regions ≤15° (target ≤10°);
- Texture/line broadening: synchrotron PXRD shows anisotropic broadening consistent with coherent domains and a March–Dollase texture parameter indicating preferred orientation beyond random aggregate controls (quantify vs control set);
- TEM: visible subunit boundaries with shared orientation (HRTEM lattice continuity across interfaces).
0.4. Control matrix (minimum set) for OA falsification:
C1 no DABCO (baseline nano-ZIF-71); C2 DABCO constant dose (no pulsing); C3 ionic strength ramp only (no DABCO); C4 polymer-only (DHBC or PEO-b-PMAA only); C5 DABCO + polymer (if polymer becomes essential, quantify its minimum effective concentration).

Step 1 — Quantitative ligand competition/speciation map for Zn2+–DABCO vs Zn2+–imidazolate (addresses reviewer point ii).
1.1. Measure Zn–DABCO association in the exact solvent window used for ZIF-71 nucleation:
- Prepare Zn2+ solutions (e.g., Zn(NO3)2 or ZnCl2 consistent with synthesis) at 1–20 mM in MeOH (and MeOH/H2O 95:5).
- Titrate DABCO (0–10 equiv vs Zn) and record:
  a) 1H NMR chemical shift changes (DABCO) and diffusion (DOSY if possible) to infer complexation;
  b) ITC (if feasible) for K and ΔH (use MeOH-compatible setup) or, alternatively, UV–vis with a competitive chromophore proxy ligand (e.g., pyridine derivative) to extract conditional stability constants.
- Fit to 1:1 and 1:2 Zn:DABCO binding models to obtain conditional β values.
1.2. Measure imidazolate competition under nucleation-relevant basicity:
- Generate linker base form in situ (e.g., using triethylamine) and titrate linker into Zn–DABCO solutions while monitoring:
  a) 1H NMR (disappearance/shift of linker resonances),
  b) time-resolved turbidity (onset of nucleation),
  c) stopped-flow DLS for early particle formation.
- Construct an operational “dominance map” plotting turbidity onset time and particle size vs [DABCO]/[Zn] and [linker]/[Zn] at fixed base equivalents.
1.3. Convert data into design rules and pulsing schedule:
- Define a target free-Zn activity suppression factor (e.g., 5–20× reduction) required to arrest growth at 20–80 nm.
- Set initial dosing where >50% Zn is DABCO-bound (from conditional β), then pulse additional DABCO to maintain this bound fraction during the first 1–5 minutes (nucleation/growth crossover) based on observed consumption/precipitation kinetics.

Step 2 — ZIF-71 nanocrystal formation with transient DABCO capping (mechanistically constrained size control).
2.1. Baseline ZIF-71 synthesis:
- Establish reproducible ZIF-71 nanocrystal synthesis (no DABCO) with documented size distribution (TEM, DLS), phase purity (PXRD), and yield.
2.2. DABCO-modulated nucleation (nano-regime):
- Use the speciation map to select 3 conditions (low/med/high Zn suppression) targeting mean sizes 20, 50, 80 nm.
- Keep linker:Zn high (e.g., ≥8:1 as starting point) while adjusting base to maintain consistent linker deprotonation kinetics.
- Collect aliquots at sub-minute resolution for time-resolved SAXS/PXRD (or lab SAXS if synchrotron not available) to extract growth rate constants.
2.3. Validate DABCO is transient and not incorporated:
- Post-synthesis exhaustive solvent exchange (MeOH → EtOH → water) and verify DABCO removal by:
  a) solution 1H NMR of washings,
  b) elemental analysis (N content vs expected),
  c) ATR-IR for DABCO signatures,
  d) XPS N 1s deconvolution (imidazolate N vs tertiary amine N).

Step 3 — Oriented attachment (OA) into ZIF-71 mesocrystals with explicit facet/charge rationale (addresses reviewer point iii).
3.1. Map facet-dependent surface termination/charge in nano-ZIF-71:
- Measure zeta potential as a function of pH/ionic strength for (i) no-DABCO particles and (ii) DABCO-pulsed particles.
- Use selective adsorption probes to infer facet chemistry (e.g., small anions/cations, or fluorescent probes with known charge) and correlate adsorption with morphology (SEM/TEM).
3.2. OA assembly protocol with falsifiable knobs:
- Start from purified nanocrystal sols at fixed solids concentration.
- Apply ionic strength ramp with a non-coordinating electrolyte (e.g., NaNO3) in a controlled microfluidic or syringe-pump addition mode to reach a defined Debye length window (predefine 3 final ionic strengths).
- In parallel, apply DABCO pulses timed to maintain partial surface coverage during the alignment window (timing derived from Step 1 kinetics).
- Optional polymer as a quantified variable, not a hidden reagent: if DHBC/PEO-b-PMAA is used, predefine a concentration series (e.g., 0, 0.01, 0.05, 0.1 wt%) and require demonstration that OA metrics improve monotonically.
3.3. OA validation:
- SEM/TEM for hierarchical structure; SAED/HRTEM for shared orientation; synchrotron PXRD texture/anisotropic broadening; compare against controls C1–C5.

Step 4 — ZIF-71 defect chemistry: replace carboxylate ‘defect-writing’ with chemically plausible routes (addresses reviewer point i and mandatory directive 1).
4.1. Route A: In-growth linker-deficient defect introduction (primary, topology-preserving).
- Systematically lower linker:Zn ratio while keeping DABCO-based Zn suppression constant to decouple size from defectivity.
- Target a monotonic defect series (low/med/high) defined by digestion analysis + TGA/EA mass balance (missing linker equivalents per Zn).
- Confirm topology retention by PXRD + PDF (pass/fail criteria in 0.2).
4.2. Route B: Calibrated subcritical etching to open mesopores without phase loss (secondary, conditional on pass criteria).
- Apply mild acid vapor or solution etch compatible with Zn–imidazolate stability (pre-screen short exposures and low acid activity; strictly time-limited).
- Alternatively, use controlled base/solvent-assisted etch known to preferentially dissolve high-energy sites (e.g., grain boundaries) while preserving crystalline cores.
- After each etch, immediately quench and solvent-exchange; verify crystallinity and local order (PXRD/PDF).
4.3. Route C: Competitive neutral/halide ligation during growth (optional, hypothesis-driven).
- Introduce low equivalents of halide (Cl−/Br−) or neutral ligands with known Zn affinity (carefully chosen to avoid topology change) during nucleation to bias missing-node formation.
- Validate by XPS/EA (halide content), PDF, and porosimetry; fail-fast if new phases appear.
4.4. Defect quantification toolkit (pre-registered):
- PALS for vacancy/mesopore signatures;
- Total scattering/PDF for local disorder;
- TGA + elemental analysis for stoichiometry;
- XPS for surface composition and Zn unsaturation indicators;
- Gas sorption with NLDFT/QSDFT pore size distributions.

Step 5 — Translate rigorously to MIL-53(Al)-NH2 with explicit phase control and DABCO·2HCl role validation (addresses reviewer point iv).
5.1. Pre-nucleation Al speciation and pH-time profiling:
- Prepare precursor solutions (Al3+ + NH2-BDC + acetic acid ± DABCO·2HCl) and measure:
  a) pH vs time (room temp → heating ramp),
  b) 27Al NMR of pre-nucleation solutions (identify hydrolyzed/complexed Al species),
  c) ESI-MS (where feasible) to detect Al–carboxylate species distributions.
- Hypothesis test: DABCO·2HCl primarily shifts ionic strength and provides a controllable proton reservoir; it should not generate persistent Al–N complexes. Operational criterion: no new 27Al signatures consistent with stable Al–amine complexes; no DABCO incorporation detected by digestion 1H NMR.
5.2. Phase-control diagnostics during synthesis (pre-registered):
- In situ PXRD (where feasible) or time-resolved ex situ PXRD across heating to confirm MIL-53 formation trajectory.
- Define exclusion criteria for competing phases: presence of diagnostic peaks for MIL-68/MOF-235-like phases triggers condition elimination.
5.3. Modulation and defect control:
- Use acetic acid (and amine-compatible monocarboxylates) as the primary coordination modulator; vary equivalents to generate low/med/high defect series.
- Use DABCO·2HCl as an adjustable additive with a bounded range (predefine 0–2 equiv vs Al) based on speciation results.
- Quantify modulator incorporation and defects by digestion 1H NMR, TGA, ATR-IR (carboxylate termination), and variable-temperature PXRD to ensure breathing is retained.
5.4. Mesocrystal formation pathway:
- Two-step temperature program (low-T nucleation then higher-T growth) under controlled modulator speciation.
- Induce OA by solvent polarity shift (DMF → DMF/H2O → EtOH) with controlled ionic strength; apply the same OA metrics (SAED spread threshold, texture analysis) adapted to MIL-53 crystallography.

Step 6 — Bioavailability-relevant performance tests with normalization and mechanism linkage.
6.1. Payload selection and loading:
- Use one fluorescent model payload (e.g., rhodamine B) with standardized loading protocol; quantify loading by UV–vis/fluorimetry mass balance.
6.2. Release/transport kinetics:
- Measure release at pH 7.4 and 5.5 in PBS ± serum albumin; fit to diffusion/dual-porosity models; extract effective diffusivity and compare across defect series and OA metrics.
6.3. Colloidal stability and corona:
- DLS/zeta in PBS + albumin; protein corona profiling by SDS-PAGE (LC-MS optional) and correlate with surface chemistry (XPS) and defect level.
6.4. Mechanistic correlation:
- Multivariate correlation linking (i) OA orientation metric, (ii) defect metric (PALS/PDF/sorption), and (iii) transport/release parameters to test the central claim that OA + stable defectivity jointly accelerate kinetics.

Deliverables and decision gates (ensures predictability claims are earned):
- Gate G1: Speciation map yields a validated DABCO dosing regime (conditional β and turbidity/DLS onset shifts).
- Gate G2: OA metrics pass threshold versus controls.
- Gate G3: Defect routes A/B/C produce monotonic defect series while meeting topology-preservation pass criteria.
- Gate G4: Transport/release improvements correlate with defect+OA metrics rather than merely reduced size or amorphization.","1) ZIF-71 defect chemistry is made chemically plausible by eliminating the unsupported premise of carboxylate substitution into a Zn–imidazolate lattice under mild conditions. Instead, defectivity is introduced via (A) linker-deficient growth (a direct, thermodynamically/kinetically consistent route to missing-linker/missing-node populations during framework formation) and (B) calibrated, subcritical etching/competitive coordination only under strict pass/fail crystallinity criteria. This directly addresses the reviewer’s concern that carboxylates would merely terminate surfaces or amorphize the ZIF rather than create stable, topology-preserving defects.
2) DABCO’s role is converted from qualitative to quantitative by requiring an experimentally measured Zn–DABCO conditional stability and a competition/speciation map against imidazolate in the exact solvent/base window used for nucleation. The pulsed-addition schedule is no longer heuristic; it is parameterized to maintain a target bound-Zn fraction during the nucleation/growth crossover, aligning with the literature principle that particle size is controlled by local metal-ion activity and metal–ligand competition (nano-MOF growth termination logic).
3) Mesocrystal assembly is made falsifiable and mechanistically constrained: OA is tied to measurable surface charge/termination changes (zeta potential and probe adsorption), explicit control sets are defined (no pulses, no ionic strength ramp, polymer-only), and a quantitative orientation threshold (SAED azimuthal spread and PXRD texture) is pre-registered. This prevents the polymer from becoming an unacknowledged critical reagent and distinguishes true mesocrystals from random aggregates.
4) MIL-53(Al)-NH2 translation is strengthened by treating DABCO·2HCl as a testable pH/ionic additive rather than an assumed ‘kinetic buffer’. Buffered pH-time profiles plus 27Al NMR/ESI-MS of pre-nucleation solutions are used to verify its effect on Al hydrolysis/speciation and to rule out unintended coordination pathways. In situ PXRD and digestion NMR are pre-registered to exclude competing phases and to quantify modulator incorporation, ensuring phase purity and breathing retention across a defined defect series.
5) The analytical plan is already strong; here it is explicitly coupled to decision gates that prevent over-interpretation (topology preservation criteria, OA metric thresholds, monotonic defect series requirement). This structure supports the proposal’s predictability claim with measurable constraints rather than aspirational control.","This is an unusually rigorous and methodologically dense proposal that directly addresses common reviewer objections in ZIF and MOF modulation literature. Strengths include (i) replacing chemically implausible carboxylate-for-imidazolate substitution with linker-deficient growth and calibrated etching grounded in known Zn–imidazolate chemistry; (ii) converting DABCO from a heuristic additive into a quantified coordination modulator via conditional stability constants and competition maps; and (iii) making oriented attachment falsifiable through pre-registered SAED and texture metrics with a clearly defined control matrix. Logical consistency is strong: each mechanistic claim is paired with a diagnostic that could disprove it. Minor score deductions arise from the sheer experimental breadth and coupling: the proposal assumes access to high-end infrastructure (PDF, PALS, synchrotron PXRD, in situ measurements) and flawless execution across multiple orthogonal techniques. While not logically flawed, this raises feasibility risk and dilutes focus. Additionally, the OA-to-transport acceleration linkage, though thoughtfully correlated, still relies on multivariate inference rather than a single decisive causal experiment."
"A flame-resistant, humidity-tolerant, catalytically active MOF can be made deterministic (rather than asserted) by coupling (i) a carboxylate-reticulated, hydrolytically robust node chemistry with (ii) a pendant phosphorus chemistry that is *operationally proven* to remain largely non-coordinating after deprotection, and (iii) a quantitatively metered intrapore P–OH condensation that forms a confined polyphosphate nanophase while preserving crystallinity and transport. Mechanistically, the proposal hinges on two separable, testable modules:

Module A (Non-coordinating P–OH under MOF-relevant conditions): Pendant phosphinate/phosphonate groups are installed on a ditopic aromatic dicarboxylate such that carboxylates enforce reticulation and P groups project into pore space. After selective deprotection to P–OH, the pendant groups are designed to remain predominantly pore-facing (hydrogen-bonded and solvated) rather than node-binding. This is made chemically plausible by (1) steric/electronic shielding at phosphorus (bulky phosphinate substituents; optional α-aryl substitution adjacent to P to reduce oxyanion basicity), and (2) selecting a node/SBU family with demonstrably lower oxyanion “hard” binding competition than Mg/Al mixed SBUs if binding cannot be suppressed (go/no-go switch to Zr(IV) oxo/hydroxo SBUs with kinetically inert carboxylate bonding, or to Al(III)–oxo chains where oxyanion access is sterically constrained). The *reason* this overcomes reviewer risk (ii) is that we do not assume non-coordination; we quantify Mg/Al (or alternative node) affinity for pendant P–O(H)/P–O− using model-cluster competition experiments and in-MOF diagnostics, and only proceed to locking conditions when P–node coordination is below a defined threshold.

Module B (Gating-to-locking as a metered, nanoconfined condensation): Upon mild thermal treatment, a controlled fraction of pendent P–OH groups undergo dehydration/condensation to Q1/Q2 polyphosphate-like species confined to pore surfaces (a “glassy” nanophase) that (a) passivates defect-prone hydrolysis/acid sites and suppresses volatile fuel release during heating (condensed-phase flame retardancy), and (b) increases pore polarity and acid-gas binding under humidity through persistent P–O and P=O dipoles and H-bond networks. The key mechanistic refinement is that the extent of condensation is treated as a controllable state variable (Q0→Q1→Q2 distribution) governed by water activity and thermal ramp/hold, not as an assumed 10–30% target. By mapping quantitative 31P ssNMR speciation against crystallinity retention, pore metrics, and diffusion coefficients, we define a deterministic “locking window” where phosphate formation occurs without collapse or transport loss. This directly addresses reviewer risks (i), (iii), and (iv) by bounding the transformation with explicit strain/crystallinity/transport criteria.

Catalysis/pollutant conversion is integrated as a low-percentage Fe-porphyrin tetracarboxylate co-linker *only after* the material-risk modules are validated, and is protected by (1) spatial isolation (≤1–3 mol% to minimize defect-driven amorphization), and (2) diagnosing/mitigating demetalation/leaching under SO2/NOx + humidity via effluent ICP and Fe speciation (Mössbauer/XAS where available). The resulting material couples functional groups → gas separation/storage under humidity (CO2/SO2/NOx) → flame resistance (condensed-phase phosphate/char formation) → catalysis/pollutant conversion, with each link supported by quantified go/no-go constraints rather than assumed compatibility.","Phase 0: Architecture selection and de-risking logic (Month 0–3)
0.1 Node/SBU down-select with explicit fallback: Start with Mg(II)/Al(III)-carboxylate only if it meets thermal and competition thresholds (below). In parallel, synthesize a benchmark Zr(IV)-oxo carboxylate analogue (UiO-type or NU-type topology) as the pre-defined contingency platform because Zr–carboxylate bonds are kinetically inert at 220–320 °C and tolerate acidic functionalities better. Decision gate: if Mg/Al system fails either (A) P–node non-coordination threshold or (B) crystallinity/transport retention at locking, switch to Zr platform while keeping identical linker logic.

Phase 1: Linker and control lattice set (Month 1–8)
1.1 Linker set (primary and variants):
- L-P(steric): aromatic dicarboxylate bearing a pendant phosphinate (e.g., aryl–P(=O)(OR)(tBu) or diaryl phosphinate) designed for steric shielding and reduced tendency to chelate nodes after deprotection.
- L-P(less shielded): pendant dialkyl phosphonate as a “worst-case” coordination propensity comparator.
- L-H (non-P parent): isoreticular dicarboxylate without P (e.g., terephthalate analogue).
- L-P(protected): the permanently protected ester version of L-P(steric) (non-condensable control).
- Optional: L-P(electronic) variant with electron-withdrawing aryl substituent near P to reduce basicity.
1.2 Hard control lattices (mandatory set):
C1: non-P analogue MOF (L-H only).
C2: P-ester/protected analogue MOF (L-P(protected) only).
C3: P-only/no-Fe MOF (L-P only).
C4: Fe-only/no-P MOF (L-H + 1–3 mol% Fe-porphyrin co-linker).
C5: P+Fe MOF (L-P + 1–3 mol% Fe-porphyrin co-linker).
1.3 Crystallization constraints for SCSC feasibility: Grow single crystals (target ≥50–150 µm) under diffusion/slow-cooling conditions; in parallel produce microcrystalline powders for Rietveld/PDF. Record defect proxies (thermogravimetric linker/node ratios; modulator incorporation if used) to set allowable defect fraction.

Phase 2: Mandatory de-risking study A — P–OH coordination/competition quantification (Month 4–10)
2.1 Model-cluster competition (quantifies assumption #1):
- Prepare soluble Mg(II) and Al(III) carboxylate clusters or appropriate salts with carboxylate ligands that mimic node environment.
- Titrate deprotected L-P (P–OH) versus L-H into metal solutions under MOF-relevant solvent/water activities.
- Readouts:
  (i) Solution/solid-state 31P NMR: coordination-induced shifts/broadening; quantify bound vs free fraction.
  (ii) IR: P=O and P–O bands; monitor appearance of metal–O(P) signatures.
  (iii) Metal uptake/leaching: ICP-OES of supernatant after contact with L-P (P–OH), giving conditional stability constants/extent of complexation.
- Go/no-go criterion A1 (non-coordination threshold): Under conditions matching planned deprotection/locking (same solvent, ionic strength, and water activity), ≤10% of P sites show node-binding signatures (combined NMR/IR/ICP mass balance). If >10%, implement redesign:
  Redesign option A: increase steric bulk (phosphinate > phosphonate; bulky OR/aryl substituents).
  Redesign option B: enforce larger P–node separation (longer spacer/ortho substitution that blocks approach).
  Redesign option C: switch node to Zr(IV)-oxo platform with sterically constrained, kinetically inert SBUs.
2.2 In-MOF verification of P–node binding (post-deprotection):
- Perform deprotection on C3 (P-only/no-Fe) under mild conditions.
- Readouts:
  (i) 31P ssNMR: appearance of strongly shifted/broadened resonances consistent with immobilized metal phosphonates/phosphinates.
  (ii) VT-PXRD/Rietveld: detect topology change or new phase formation.
  (iii) Metal environment probes: 27Al ssNMR (if Al present) or XPS to detect new M–O(P) environments.
- Go/no-go criterion A2: No new crystalline phase by PXRD; unit-cell parameters change smoothly without symmetry breaking; absence of a dominant bound-P resonance.

Phase 3: Mandatory de-risking study B — Deterministic locking window (Month 8–18)
3.1 Define controlled extent-of-condensation “knob” (quantifies assumption #2):
- Perform locking as a designed experiment varying:
  (i) water activity aw (dry inert; controlled humid inert; trace water dosing),
  (ii) heating ramp (0.5–5 °C/min),
  (iii) hold temperature/time (200–320 °C; 0.5–8 h),
  (iv) optional mild acid catalysis/scavengers (only if non-coordination is proven; otherwise excluded).
3.2 Quantify phosphate speciation (extent-of-reaction):
- Quantitative 31P ssNMR deconvolution into Q0/Q1/Q2 (and Q3 if present). Primary conversion metric: Xcond = (Q1+Q2+Q3)/(Q0+Q1+Q2+Q3).
- FTIR: P–O–P growth (supporting evidence).
- PDF: detect short-range phosphate network correlations without long-range order.
3.3 Explicit locking success metrics (Rietveld + strain + pore/transport):
- Crystallinity retention: Rietveld refined scale factor / crystalline fraction ≥80% of pre-treatment.
- Unit-cell strain: |ΔV/V0| ≤2.0% and no peak splitting indicative of symmetry loss.
- Porosity: N2(77 K) and CO2(273/298 K) derived pore volume loss ≤25% and BET loss ≤30% vs pre-locking.
- Transport: transient uptake kinetics for CO2 and H2O (and SO2 where safe) to extract effective diffusion coefficients (Deff) via Fickian uptake models; require Deff(post)/Deff(pre) ≥0.5 for CO2 and ≥0.3 for H2O.
- Go/no-go criterion B: Only conditions meeting all four thresholds constitute the “locking window”; catalytic integration proceeds only within this window.

Phase 4: Gas separation/storage validation under humidity (Month 12–24)
4.1 Equilibrium + humid breakthrough (all controls C1–C5):
- Isotherms: CO2, N2, CH4, SO2, NO2 (where feasible) at 273/298 K.
- Qst via Clausius–Clapeyron; correlate increases with P microdomain density (Xcond, Q-distribution).
- Dynamic breakthrough: CO2/N2, CO2/CH4, SO2/CO2 under dry and 40–60% RH; multicycle regeneration.
4.2 Stability benchmarking informed by ZIF humid-CO2 degradation literature: long-term humid CO2 aging (weeks) and acid-gas exposure; track PXRD/Rietveld crystallinity, ICP leaching (Mg/Al/Zr), and capacity retention; compare C1 vs C2 vs locked C3 to prove that improvements require *condensed* phosphate, not just pendant polarity.

Phase 5: Flame resistance as a function of Xcond (Month 18–30)
5.1 Composite fabrication with fixed loading (e.g., 10–20 wt% MOF) in at least two polymer matrices (epoxy + polyolefin).
5.2 Metrics:
- LOI, microscale combustion calorimetry (heat release capacity), TGA/DTG char yield and residue analysis.
- Correlate LOI/char yield with Xcond and P speciation (Q1/Q2). Key control: C2 (protected P ester) must show weaker flame retardancy than locked C3 at similar loading to attribute effect to condensed-phase phosphate formation.

Phase 6: Catalysis/pollutant conversion with explicit leaching/demetalation diagnostics (Month 20–36)
6.1 Integration rules to minimize defect chemistry: introduce Fe-porphyrin co-linker at 1–3 mol% only after a locking window is established in C3. Prepare C4 and C5.
6.2 Benchmark reaction + targets:
- Primary: catalytic NO oxidation to NO2 (or an established Fe-porphyrin oxidation surrogate) under controlled O2/H2O; specify target TOF and stability: TOF within literature range for MOF-porphyrin analogues and ≤20% activity loss over 10 h under humid feed.
- Secondary (if safe/available): SO2 oxidative conversion or nitrosyl binding/release cycling.
6.3 Deactivation and integrity diagnostics:
- Effluent ICP-OES for Fe (and node metals) every cycle; go/no-go: Fe loss ≤5% over 10 h test.
- Fe speciation: Mössbauer or XAS pre/post exposure to detect demetalation/reduction/oxidation; UV–vis diffuse reflectance for porphyrin integrity.
- Framework damage: VT-PXRD, N2/CO2 uptake recovery, DRIFTS during exposure to identify irreversible sulfate/nitrosyl accumulation.
6.4 Decoupling controls: compare C3 vs C5 to isolate Fe effects; compare C4 vs C5 to test whether phosphate locking improves Fe retention and humidity/acid-gas tolerance.

Decision summary (explicit milestones):
M1 (Month ~10): Non-coordination validated (A1/A2). If failed → linker shielding redesign or node switch.
M2 (Month ~18): Locking window established with quantified Xcond–structure–transport map meeting criterion B.
M3 (Month ~30): Demonstrated flame retardancy correlation with Xcond (locked C3 outperforming C2/C1 in LOI/MCC).
M4 (Month ~36): Catalysis meets Fe retention and stability targets in humid/acid-gas relevant streams with diagnostic closure.","1) The proposal now treats the two highest-risk assumptions as *measured variables with thresholds*, not as design intentions. Pendant P–OH coordination is explicitly quantified by model-cluster competition (31P NMR/IR/ICP) and verified in-framework (31P ssNMR + Rietveld). This directly addresses the hard-acid affinity concern for Mg/Al and provides a pre-defined, chemistry-consistent escape route (sterically shielded phosphinates; node switch to kinetically inert Zr carboxylate SBUs) if coordination cannot be suppressed.

2) The “locking” step is made deterministic by defining an operational control knob (water activity + thermal ramp/hold) and by quantifying extent-of-condensation via Q0/Q1/Q2 integration in quantitative 31P ssNMR. Correlating Xcond with Rietveld crystallinity, unit-cell strain, pore-volume loss, and diffusion coefficients produces a bounded locking window rather than a speculative 10–30% target. This directly de-risks SCSC/thermal stability and nanoconfined polyphosphate formation.

3) Transport preservation is substantiated beyond equilibrium adsorption by adding transient sorption kinetics (CO2/H2O/SO2) and explicit Deff retention criteria. This addresses the reviewer’s concern that partial pore-wall glass could catastrophically reduce diffusivity even if isotherms look acceptable.

4) Multifunctionality is decoupled with hard controls (non-P, protected-P, P-only/no-Fe, Fe-only/no-P, P+Fe). These controls isolate (i) polarity-only effects vs condensed phosphate effects, and (ii) catalytic-site-driven defect/stability risks vs phosphate-locking benefits.

5) Acid-gas catalysis risks (Fe demetalation/leaching, redox damage) are addressed by explicit effluent ICP mass balances and Fe speciation (Mössbauer/XAS where available), with clear stability/retention go/no-go criteria. The catalytic element is staged after the material locking window is established, ensuring the program cannot be derailed by secondary functionality before the core transformation is validated.

6) The refined approach remains coherent with the original concept chain (functional groups → gas separation/storage under humidity → flame resistance → catalysis/pollutant capture), while integrating stability lessons from humid CO2 sensitivity in imidazolate systems by making long-term humid-CO2/acid-gas aging a central benchmark rather than an afterthought.","This is an unusually rigorous and well-engineered MOF proposal that explicitly converts its two highest-risk assumptions (pendant phosphate non-coordination and controlled intrapore condensation) into measured state variables with predefined thresholds. The phased structure, hard controls, and explicit decision gates significantly reduce technical risk. Engineering resolution is very high due to the integration of quantitative ssNMR speciation, Rietveld strain limits, diffusion coefficients, and effluent ICP diagnostics. Logical consistency is strong: Module A and Module B are mechanistically separable, falsifiable, and correctly staged before multifunctional integration. Minor deductions arise from residual uncertainty around Mg/Al cluster models faithfully reproducing in-framework coordination thermodynamics, and from the ambitious breadth (flame retardancy, gas separation, catalysis) which may strain execution even with gating. Evidence grounding is excellent; the proposal stays entirely within MOF, phosphate chemistry, and gas-adsorption science without conceptual drift. Rationale quality is high, as the confined polyphosphate 'locking window' is a genuinely creative solution to the long-standing stability–transport tradeoff, though it builds incrementally on known phosphate and Zr-MOF stability paradigms rather than redefining them."
"A MOF membrane that couples (i) sub-nanometer, low-flexibility channels tuned to the ion dehydration diameter (optimal pore size) with (ii) a permanently charged, spatially patterned internal surface will outperform conventional ZIF-90-type pores in ionic permselectivity and high-salt rectification because electrostatic Donnan exclusion and dehydration barriers will act cooperatively and directionally, while suppressed framework breathing preserves a time-invariant free-energy landscape for ion transport. Methodological adaptation: convert a ZIF-90-derived sub-nanometer channel network into a 'Janus-charged, rigidity-locked' architecture by (a) postsynthetic covalent anchoring of zwitterionic/ionic groups on the aldehyde sites to impose fixed surface charge density gradients along the transport axis and (b) intraframework crosslinking (imine/oxime bridging) to reduce linker mobility and pore flexibility without collapsing porosity.","Step 1: Specific system setup or data preparation.
1.1 Select ZIF-90 as the parent due to its aldehyde handle and established sub-nanometer ion-transport behavior; prepare nanopipette-supported ZIF-90 (GNS-ZIF-90 geometry) and, in parallel, prepare continuous thin-film membranes on porous alumina for macroscopic flux tests.
1.2 Establish baseline structure–transport: quantify pore aperture distribution (PXRD + Rietveld/total scattering, CO2/N2 sorption for microporosity proxy, PALS if available) and baseline I–V curves in KCl/NaCl/CaCl2 across pH 3–12.

Step 2: Detailed implementation of the adapted methodology.
2.1 Janus surface-charge patterning inside sub-nanometer channels (directional electrostatics):
- Use a diffusion-limited postsynthetic modification (PSM) strategy exploiting ZIF-90 aldehydes: expose only one side of the membrane (or nanopipette tip exterior) to an amine reagent under controlled time so that reaction fronts create an axial gradient.
- Reagents: (i) quaternary-ammonium-terminated primary amines (introduce permanent positive charge), (ii) sulfonate-terminated primary amines (permanent negative charge), and (iii) zwitterionic betaine amines (high hydration, antifouling). Build three variants: uniformly charged, axially graded (Janus), and charge-inverted (positive-to-negative).
- Verify spatial charge gradient by depth-profile XPS/ToF-SIMS on planar films and by confocal mapping using charged fluorophore probes where applicable.
2.2 Rigidity-locking to preserve optimal pore size under operation (flexibility suppression):
- Perform intrapore crosslinking by converting remaining aldehydes to (a) oximes using diamino-oxy linkers or (b) imines using rigid diamines (e.g., p-phenylenediamine) to form interlinker bridges; tune crosslink density to maintain crystallinity.
- Confirm reduced dynamics via variable-temperature PXRD, DMA/nanoindentation on films, and comparing gas sorption hysteresis; ensure pore accessibility is retained.
2.3 Mechanistic transport quantification and modeling:
- Measure ionic permselectivity (transference numbers) and rectification in symmetric/asymmetric electrolytes (0.01–3 M; mono/divalent series) across pH, extracting surface charge density via Poisson–Nernst–Planck (PNP) fits augmented with ion dehydration free-energy terms.
- Use EIS to separate pore resistance vs charge-transfer artifacts; use streaming potential/zeta (where feasible) to corroborate surface charge.
- Run MD/DFT-informed calculations: DFT cluster models to estimate binding/dehydration penalties near functional groups; MD in sub-nanometer pores to quantify residence times and effective diffusion coefficients under different charge patterns.

Step 3: Rigorous validation and analytical framework.
3.1 Benchmark against controls: pristine ZIF-90, uniformly functionalized (no gradient), gradient-only (no crosslink), and crosslink-only (no charge modification).
3.2 Define success metrics: (i) rectification ratio at 1 M KCl exceeding the pristine benchmark, sustained over 30-day soaking; (ii) permselectivity for monovalent over divalent ions under mixed-salt conditions; (iii) stability of I–V characteristics over pH cycling (3↔12) and high ionic strength.
3.3 Establish causal mechanism: correlate performance to (a) measured axial charge gradient magnitude, (b) crosslink-induced reduction in flexibility (VT-PXRD/indentation), and (c) computed free-energy profiles (electrostatic + dehydration). Demonstrate that the best-performing samples require both the gradient (directional electrostatics) and rigidity-locking (fixed optimal pore size).","1. Theoretical/Empirical Basis: Asset 3 shows ZIF-90 sub-nanometer channels yield extreme pH-dependent rectification governed by surface charge/electrostatic interaction; thus deliberate, permanent charge engineering should directly program ion selectivity. Asset 1 indicates optimal pore size benefits are undermined by flexibility; suppressing breathing should stabilize the transport landscape. Asset 2 demonstrates charged frameworks can gain exceptional chemical robustness via electrostatic effects, supporting the idea that designed charge can improve stability and function.
2. Transfer Logic (How the adaptation fits the domain): ZIF-90 uniquely enables covalent PSM via aldehydes, allowing molecularly precise installation of ionic/zwitterionic groups and crosslink bridges inside a crystalline MOF while preserving topology—an explicitly coordination-polymer/MOF-native strategy rather than generic polymer coating.
3. Comparative Advantage: Conventional MOF ion channels rely on pH-tunable charge and uncontrolled defect chemistry, yielding variable selectivity and drift. The proposed Janus-charged, rigidity-locked channels create a deterministic axial electrostatic potential (built-in diode) plus a fixed, optimally sized dehydration gate, enabling higher permselectivity at high salt and improved long-term operational stability compared to pristine ZIF-90 or uniformly functionalized pores.","This is a technically sophisticated and largely coherent proposal that addresses a real bottleneck in MOF-based ion transport—namely, the instability and non-determinism of electrostatic landscapes due to framework flexibility and pH-dependent charging. The engineering plan is unusually detailed for a proposal, particularly in the use of diffusion-limited PSM to generate axial charge gradients and the pairing of crosslinking chemistry with transport measurements. Minor deductions arise from (i) partial under-specification of how charge-gradient sharpness will be quantitatively related to rectification strength (the causal mapping risks being correlative rather than predictive), and (ii) some optimism regarding the preservation of crystallinity and percolated porosity at higher crosslink densities, which is not yet convincingly bounded by preliminary data or contingency pathways. Additionally, while MD/DFT modeling is well-motivated, the proposal does not fully clarify how simulation length scales will faithfully capture experimentally relevant high-salt, low-dielectric sub-nanometer regimes."
"A reversible, adsorption-triggered phase transition (α↔β) can be engineered in an open-metal-site MOF without sacrificing the CO2 enthalpic driver by replacing inner-sphere phosphonate anchoring and speculative dobdc aromatic PSM with a chemically defensible, low-occupancy, outer-sphere “molecular gate” that (i) is tethered to the linker (not the metal), (ii) is geometrically constrained to modulate the 1D channel bottleneck, and (iii) is designed to be non-chelating toward Mg2+/Co2+ (no phosphonate inner-sphere binding) so that >80–90% of open metal sites remain accessible. Mechanistically, CO2 first binds strongly and selectively at the native open metal sites (as established for Mg2(dobdc) and high-selectivity MOFs), raising local CO2 chemical potential and generating a loading-dependent electrostatic field/steric pressure in the channel. This shifts the conformational free-energy landscape of a nearby crown-ether rotor (through CO2 quadrupole–ether interactions and crowding), promoting a cooperative reorientation of a sub-stoichiometric population of gates that collectively changes the channel’s effective free volume and elastic state, yielding an α (open) to β (constricted or reconfigured) transition with stepped isotherms and enhanced PSA-relevant working capacity. The refined approach overcomes prior feasibility concerns by: (1) using a prefunctionalized linker handle (isoreticular dobdc-analog or BDP-analog) to place the gate with known chemistry rather than modifying framework-forming phenoxides; (2) eliminating competitive metal poisoning by using a non-coordinating tether/anchor architecture (outer-sphere only) and by quantifying accessible open-metal fraction via direct titration/IR probes; (3) abandoning partial-occupancy SCSC claims and instead building a disorder-aware structural picture from operando PXRD plus total scattering/PDF; and (4) de-risking computation by first proving phase coexistence/steps with a minimal two-state Hamiltonian coupled to adsorption before adding polarization and atomistic detail.","A. Minimal, chemically defensible material system (de-risking site poisoning + crystallography)
A1. Primary scaffold selection and narrowing
- Primary target: Mg2(dobdc) (MOF-74/Mg) due to dominant CO2 binding at open Mg2+ sites and well-documented challenges for generic force fields (motivating QM-derived interactions).
- Comparator: Co(BDP) retained only as Phase-II generalization after the minimal Mg system demonstrates: (i) preserved open-metal accessibility and (ii) reversible adsorption-induced cooperativity. This directly reduces disorder/topology risk.

A2. Replace speculative aromatic PSM with a proven, prefunctionalized linker handle
- Strategy: synthesize an isoreticular dobdc-analog that preserves Mg2(dobdc) topology but carries a pendant, non-coordinating tether on the aromatic ring introduced prior to framework formation (mixed-linker approach). The tether terminus is an ether-rich crown rotor; the tether backbone is chemically inert to Mg2+ (no phosphonate/carboxylate/amine chelators).
- Design constraints (chemical parameters):
  (i) Gate density: 2.5–10% of linkers functionalized (target 5% as the primary point) to minimize pore blockage/disorder while enabling cooperative bottleneck statistics.
  (ii) Tether: short (≈3–6 heavy atoms) and rigid/semirigid (e.g., aryl–(CH2)n–O–) to position the crown near the channel wall but avoid direct coordination to Mg.
  (iii) Rotor: 18C6-like or 24C6-like macrocycle chosen to be large enough to modulate the pore aperture yet not to fully occlude; install a single-point attachment to permit hindered rotation rather than free translation.
  (iv) “Non-poisoning” rule: exclude phosphonate, catechol, pyridine, imidazole, or carboxylate motifs from the tether/rotor architecture; if an anchor is required, use a neutral aryl/ether linkage only.

A3. Mandatory negative controls that isolate gating from site blocking/added heats
- Control 1 (site-blocking/mass control): same linker substitution level with a non-rotor pendant of similar mass and polarity (e.g., a short PEG-like chain) that cannot sterically gate the bottleneck.
- Control 2 (rotation-locked control): crown present but conformationally immobilized (e.g., by intramolecular tethering/cyclization to restrict dihedral freedom) while keeping chemistry and substitution level constant.
- Control 3 (parent): unfunctionalized Mg2(dobdc).

B. Experimental workflow (structural evidence without SCSC; explicit open-metal accessibility metrics)
B1. Synthesis and activation
- Mixed-linker solvothermal synthesis to incorporate functionalized dobdc-analog at 2.5%, 5%, 10% feed ratios; verify incorporation by digestion NMR and/or LC-MS of digested linkers.
- Activation protocol ladder to probe α (solvated) vs β (activated/CO2-loaded) states without assuming SCSC:
  (i) solvent exchange (MeOH) → (ii) mild vacuum/temperature ramp (e.g., 80–150 °C) → (iii) CO2 dosing steps.

B2. Quantify and cap open-metal-site blockage a priori (mandatory)
- Accessible open-metal fraction metrics (apply to all samples including controls):
  (i) CO probe + IR: quantify Mg–CO band intensity relative to parent as a direct measure of accessible Mg2+ sites.
  (ii) H2 isotherms at 77 K: use low-pressure uptake as a proxy for open-site accessibility and compare to parent.
  (iii) CO2 isosteric heat vs loading (microcalorimetry): verify preservation of the characteristic high-Qst initial binding signature of Mg2(dobdc); a strong reduction at low loading flags site poisoning.
- Acceptance criterion to proceed to “gating” claims: ≥85% of parent open-metal signature retained by CO-IR and consistent low-pressure H2 uptake.

B3. Structural characterization centered on disorder-aware methods (no SCSC dependence)
- Operando/in situ PXRD under CO2 pressure (and temperature where needed): track unit-cell metrics/peak shifts/peak splitting indicative of α↔β transformation.
- Total scattering/PDF (synchrotron if available): detect local structural rearrangements and distinguish genuine framework transition from mere adsorption swelling; fit with small-box models representing α and β local environments with partial gate occupancy.
- Rietveld refinement with disorder models: treat the gate as partially occupied, using rigid-body restraints for the crown and refining occupancy against known linker incorporation values.
- Complementary spectroscopy:
  (i) VT solid-state NMR on selectively labeled rotor segments (e.g., 2H or 13C labels) to quantify mobility changes across α↔β and upon CO2 loading.
  (ii) IR for CO2 binding mode shifts (metal-bound vs secondary ether interactions).

B4. Adsorption performance + PSA-relevant metrics
- CO2 isotherms at relevant temperatures (e.g., 298–313 K) + hysteresis mapping; identify steps/cooperativity windows.
- Measure working capacity in pre-defined PSA windows (explicitly pre-registered, e.g., 1→10 bar and/or 0.15→1 bar depending on application framing) and compare to parent and negative controls.
- Selectivity: CO2/H2 (as in Asset 1 context) using IAST from single-component isotherms and/or mixed-gas breakthrough (if available); ensure any gains are not solely due to reduced H2 uptake from blocked pores.
- Cycling: ≥50 adsorption/desorption cycles with retention of step position and capacity (defines reversibility).

C. Simulation workflow (minimal two-state model first; pre-registered CVs; then atomistic refinement)
C1. Stage-1: Rigorously defined two-state Hamiltonian to prove phase coexistence/stepped uptake
- Build a coarse-grained model with two framework states (α, β) characterized by different accessible free volume and elastic penalty ΔG0(α→β).
- Couple adsorption via state-dependent Langmuir-type site energies:
  (i) strong open-metal CO2 sites (retained from parent energetics),
  (ii) weaker secondary ether sites near the gate.
- Gate variable: rotor dihedral state (open vs constricted) coupled to the α/β free-volume parameter; include a cooperative term that scales with gate density (occupancy-dependent coupling) to enable collective transitions.
- Fit/validate against minimal experimental observables without assuming crystal endpoints: step pressure, hysteresis width (if present), and Qst vs loading trends.
- Pre-registered collective variables (CVs) and acceptance criteria:
  CV1: framework state variable s∈{α,β}; CV2: average rotor “open fraction” f_open; CV3: CO2 loading N.
  Acceptance: the model must reproduce (within uncertainty) the presence/absence of steps across parent vs controls and the directionality of step shifts with temperature.

C2. Stage-2: Atomistic, phase-aware adsorption with restrained disorder representation
- Construct atomistic supercells with randomly distributed functionalized linkers at experimentally measured incorporation (2.5–10%) to represent disorder explicitly.
- Use dual-structure sampling rather than assuming crystallographically solved α and β: generate candidate α-like and β-like cells guided by operando PXRD lattice metrics; constrain via elastic network or cell-parameter restraints consistent with diffraction.
- Adsorption: hybrid GCMC/MD in an extended ensemble where cell parameter (or a proxy strain coordinate) is biased between α-like and β-like basins; rotor dihedral included as an explicit coordinate with torsional potential from QM scans.

C3. Interaction model: prioritize correctness at open metal sites before polarizability
- Start with QM-derived, site-specific CO2–open-metal interactions (per Asset 2 logic): compute binding energies/geometries on cluster models representing Mg2+ site + local linker environment; calibrate charges/parameters to match heats and low-loading isotherms.
- Add rotor–CO2 interaction parameters from QM (CO2 with ether-rich fragments) to capture the gating bias without introducing inner-sphere artifacts.
- Only if Stage-1/2 reproduce cooperative trends, introduce explicit polarization (Drude/induced dipole) for Mg site to refine Qst and loading dependence—this is a performance upgrade, not a prerequisite for demonstrating gating.

D. Decision gates / down-selection (explicit, reviewer-aligned)
D1. Chemical viability gate
- Proceed only if open-metal accessibility ≥85% of parent by CO-IR/H2(77 K) and initial Qst remains within a pre-set tolerance (e.g., ≤15% reduction vs parent at near-zero loading).

D2. Mechanistic gating gate (must beat negative controls)
- Claim “gate-induced cooperativity” only if: (i) stepped/hysteretic CO2 uptake appears or is significantly sharpened in the rotor sample vs all controls, and (ii) the step correlates with operando PXRD/PDF evidence of a reversible α↔β structural change, not just sorbate-induced swelling.

D3. Performance gate
- Success criterion: ≥20% increase in CO2 working capacity in the pre-registered PSA window relative to parent, while maintaining cyclic reversibility and without losing more than 15% of open-metal accessibility.

E. Phase-II generalization to Co(BDP) (only after Mg system is validated)
- Implement the same design rules (prefunctionalized linker; non-chelating tether; explicit disorder modeling). Use operando PXRD + PDF as primary structure tools due to expected disorder; replicate the same control set and accessibility metrics (metal-site probe adapted to Co).","1) Chemical realism of modification (addresses critique i): The revised design eliminates speculative electrophilic substitution/etherification on framework-forming dobdc phenoxides and instead uses prefunctionalized linker synthesis with mixed-linker assembly, a standard and controllable route for introducing low-density functionality while retaining topology. This directly de-risks crystallinity loss and makes functional group identity/stoichiometry quantifiable by digestion analytics.

2) Avoiding open-metal-site poisoning (addresses critique ii): The anchoring concept is redesigned to be outer-sphere and non-chelating—explicitly excluding phosphonates (and other strong donors) from the tether/rotor architecture so the enthalpic driver (CO2 binding to open Mg2+/Co2+ sites) remains intact. Feasibility is enforced by an a priori, quantitative cap on site blockage using CO-IR titration, 77 K H2 uptake, and low-loading calorimetric Qst; these metrics are built into decision gates before any gating claims.

3) Structural characterization without SCSC (addresses critique iii & iv): The proposal no longer depends on single-crystal-to-single-crystal behavior at partial occupancy. Operando PXRD provides reversible lattice/phase signatures under CO2 stimulus, while total scattering/PDF supplies local-structure sensitivity compatible with disorder and partial functionalization. Rietveld refinement is performed with explicit disorder/rigid-body models and occupancies constrained by measured linker incorporation, providing a defensible α/β structural narrative despite heterogeneity.

4) Disorder and “mere blocking” disentanglement (addresses critique v and mandatory negative control): A matched-mass/polarity pendant control (no rotor gating) and a rotation-locked rotor control isolate true volume-modulation cooperativity from trivial loss of adsorption sites or added heats. The mechanism is considered supported only if stepped uptake/phase switching occurs uniquely in the mobile-rotor case while open-metal accessibility remains high.

5) Computational scope is staged and testable (addresses critique v): Rather than starting with a fully polarizable, high-dimensional osmotic ensemble on a disordered rotor system, the simulation plan is explicitly hierarchical. Stage-1 proves that a two-state Hamiltonian coupled to adsorption can generate phase coexistence/steps consistent with experiment and controls, with pre-registered CVs and acceptance criteria. Stage-2 then adds atomistic disorder supercells and restrained phase switching, while interaction accuracy is prioritized first at open-metal CO2 binding using QM-derived, site-specific parameters (consistent with the demonstrated necessity in open-metal-site MOFs) before optional polarizability upgrades.

6) Alignment with the concept chain and literature assets: The refined hypothesis preserves the original logic that strong CO2 binding at open metal sites (Asset 1) provides the thermodynamic lever, while the accuracy limits of generic force fields motivate QM-derived interactions (Asset 2) and simulation-based free-volume/adsorption coupling (Asset 3). The phase-change/gated-free-volume concept remains, but is translated into a chemically and structurally defensible minimal system consistent with the phase-change precedent in dynamic MOFs (Asset 4) without over-claiming crystallographic resolution at partial occupancy.","This is a technically mature and unusually well-defended proposal that directly addresses known failure modes in dynamic MOF design (metal-site poisoning, overreliance on SCSC, and uncontrolled disorder). Engineering resolution is very high due to explicit decision gates, mandatory negative controls, and disorder-aware characterization. Minor deductions arise from the synthetic risk inherent in producing an isoreticular dobdc analog with pendant crown ethers at controlled low occupancy without degrading crystallinity or channel uniformity; while defensible, this remains nontrivial. Logical consistency is strong: the thermodynamic lever (CO2–open-metal binding) is clearly separated from the gating mechanism, and the cooperative transition is mechanistically argued rather than asserted. A small logical vulnerability remains in assuming that a sub-10% population of rotors can generate a sufficiently collective elastic response in MOF-74 without long-range framework distortion—this is plausible but not yet demonstrated in closely analogous systems. Evidence grounding is excellent, with disciplined adherence to the concept chain and avoidance of speculative crystallographic claims. Rationale quality is high: the proposal does not merely apply known techniques but restructures both chemistry and modeling to overcome a recognized bottleneck in adsorption-driven phase-change MOFs."
"A reproducible, stereochemically biased enantiodiscrimination response toward histidine can be generated in an otherwise achiral Zn(II) MOF by enforcing (before any chiral exposure) a crystallographically ordered, compositionally verified dimethylammonium (Me2NH2+) counterion sublattice within 1D channels, then converting that pre-registered ion lattice to L- or D-histidinium through a demonstrably topotactic, single-crystal-to-single-crystal (SCSC) counterion exchange that preserves unit-cell continuity and excludes dissolution–recrystallization.

Mechanistic rationale (explicit symmetry-breaking pathway):
(1) **Pre-organization and registry**: An ordered Me2NH2+ array provides a periodic set of electrostatic minima and directional H-bond donors/acceptors (N–H···O(carboxylate)/O(solvent)) that defines discrete, symmetry-related binding microenvironments along the channel. This converts “guest inclusion” from a statistically disordered adsorption problem into a lattice substitution problem (ion A → ion B at mapped crystallographic sites).
(2) **Chiral amplification upon substitution**: Replacing an achiral, orientationally ordered Me2NH2+ with a *chiral, multifunctional* histidinium introduces an orientational preference (imidazolium/imidazole + α-NH3+ + COO−) that can select one of two enantiomorphic arrangements (or generate enantiomorphic domain populations) because each substituted site must satisfy an overdetermined H-bond/ion-pairing set to the framework oxygens and to adjacent counterions/solvent. This creates a coherent, non-centrosymmetric (or domain-coherent) chiral counterion lattice rather than random, locally chiral but globally cancelling configurations. L vs D is predicted to produce either (i) enantiomorphic guest packings (opposite handedness; opposite-sign CD with comparable magnitude at matched loading) or (ii) identical framework symmetry but opposite-sign oriented guest CD that is axis-dependent in single-crystal CD.
(3) **Isolation from metal-node chemistry**: By selecting a Zn-carboxylate/azole host with saturated Zn coordination (no open-metal sites under exchange conditions) and by directly testing for Zn/linker leaching and Zn–histidine binding, the optical readout is constrained to counterion exchange-driven chiral field formation (not Zn-node cation exchange, defect coordination, or etching).
(4) **Causally linked dual transduction**: (a) solid-state CD reports on long-range chiral order (guest lattice coherence and symmetry), while (b) fluorescence quenching constants extracted primarily from lifetime Stern–Volmer (τ0/τ) report on excited-state microenvironment changes near an integrated luminophore. Enantiodiscrimination is claimed only if L and D give matched uptake/partitioning and matched optical artifact controls, yet distinct lifetime-based quenching behavior consistent with the crystallographically verified chiral arrangement.","A. Platform pre-registration (mandatory go/no-go gates)

A1. Select/engineer a cationic Zn(II) framework that admits crystallographically ordered counterions in 1D channels
- **Design constraint**: Zn nodes must be coordinatively saturated in the as-synthesized and exchanged states (no persistent open Zn sites). Prioritize Zn-carboxylate/azole nets known to be robust under alcohol/MeCN exchange and to crystallize with ordered counterions.
- **Topology/geometry constraint**: 1D channels with repeating ionic pockets spaced ~6–12 Å (to allow site-resolved counterion positions by SCXRD) and sufficient aperture for histidinium transport.

A2. Counterion composition control: avoid relying solely on DMF decomposition
- **Primary route (preferred)**: Deliberately introduce Me2NH2+ during solvothermal growth using Me2NH2Cl (or Me2NH2NO3) as the only added salt, while using a solvent system that minimizes competing decomposition products (e.g., DMF/MeCN or DEF/MeCN mixtures; avoid long high-T soaks that generate formate).
- **Secondary route (if in situ generation used)**: Use isotopically labeled DMF (e.g., d7-DMF) only as a diagnostic tool, not as the compositional source of Me2NH2+.

A3. Hard go/no-go #1: demonstrate ordered Me2NH2+ as the sole counterion in ≥2 independent batches
Required evidence (all must pass):
1) **SCXRD** (two separate syntheses): locate Me2NH2+ sites with reasonable ADPs/occupancies; low residual electron density in the channels; no unmodelled peaks consistent with alternative cations.
2) **Independent stoichiometry**: quantify Me2NH2+ per formula unit by (i) digestion 1H NMR with an internal standard and (ii) ion chromatography (IC) or quantitative 1H qNMR of the supernatant after complete framework dissolution. Agreement within ±10%.
3) **Rule out mixed counterions**: specifically assay for formate and monomethylammonium by (i) ion chromatography/formate calibration and (ii) digestion 1H NMR for HCOO− and MeNH3+ signatures; acceptable threshold: each <5 mol% of total counterion equivalents.
If any criterion fails: iterate synthesis (salt identity, solvent, temperature ramp, time) or switch to an alternative cationic Zn framework.

B. Integrate an emissive linker without perturbing ion order

B1. Reporter linker choice and loading
- Use 0.5–2 mol% of an isoreticular emissive dicarboxylate (e.g., naphthalene-2,6-dicarboxylate or a benzothiadiazole-dicarboxylate) chosen to (i) substitute into the same coordination motif, (ii) remain rigid (minimize nonradiative decay), and (iii) place emissive sites on the pore wall.

B2. Validate reporter incorporation and unchanged counterion order
- **Digestion 1H NMR**: quantify reporter/linker ratio.
- **PXRD**: confirm phase purity.
- **SCXRD spot-check**: verify that Me2NH2+ ordering persists (no symmetry change attributable to reporter insertion at this dilution).
Go/no-go #2: reporter-loaded crystals must retain the same space group (or a clearly understood subgroup) and comparable counterion site occupancy.

C. Topotactic SCSC counterion exchange with histidinium: discriminate from dissolution–recrystallization

C1. Exchange conditions engineered to suppress Zn–histidine coordination and etching
- **Histidine speciation control**: perform exchange using pre-protonated histidinium salts (L-His·HCl and D-His·HCl) at controlled pH 4.5–6.0 (buffered with non-coordinating buffers at low concentration if needed; avoid phosphate and strong chelators). This keeps histidine predominantly cationic, discouraging Zn binding by deprotonating donor sites.
- **Solvent**: MeCN/iPrOH/H2O micro-mixtures tuned to maintain crystallinity; water kept minimal but sufficient for ion mobility (screened empirically).
- **Stepwise osmotic protocol**: sequential soaks with increasing histidinium concentration (e.g., 1 mM → 10 mM → 50 mM → 100 mM) while monitoring crystal integrity.

C2. Hard go/no-go #3: prove exchange is topotactic (not recrystallization)
Required discriminating experiments:
1) **Time-resolved SCXRD on the same crystal**: collect partial datasets at multiple timepoints during exchange; require unit-cell parameters to evolve continuously (no discontinuous jump), preserved mosaicity within defined limits, and retention of crystal habit.
2) **Solution leaching analysis**: at each timepoint, analyze soak liquors by ICP-MS for Zn and by HPLC/UV (or LC-MS) for linker; thresholds: Zn loss <0.5% of total Zn per exchange step; linker signal below detection or <0.1%.
3) **Defect/metal-site probe post-exchange**: XAS (Zn K-edge) or solid-state NMR proxy plus ICP of combined soak solutions to verify no new Zn–N coordination signatures consistent with histidine binding and no significant Zn removal.
Failing any of these triggers redesign (lower ionic strength, different solvent, lower temperature, shorter steps, stronger protonation, alternative MOF).

C3. Quantify exchange fraction and ensure matched loading between enantiomers
- **Digestion 1H NMR**: Me2NH2+ vs histidine integrals.
- **Elemental analysis/IC**: released Me2NH2+ in solution mass balance.
- Run L and D exchanges to matched fractional replacement (e.g., 25%, 50%, 75%, ~100%) by adjusting time/concentration; enantiodiscrimination claims are made only at matched loading ±5%.

D. Make symmetry-breaking explicit and test crystallographic consequences

D1. Determine space group and absolute structure before/after exchange
- **Before exchange**: space group assignment with validation (systematic absences, refinement statistics).
- **After exchange**: attempt non-centrosymmetric refinement; if non-centrosymmetric, report Flack parameter and/or Parsons quotient where applicable.
Go/no-go #4 (symmetry criterion):
- Pathway A (strong): post-exchange structure refines in a non-centrosymmetric space group with acceptable absolute-structure metrics and identifiable histidinium ordering.
- Pathway B (allowed alternative): framework remains centrosymmetric, but histidinium forms oriented, long-range coherent domains; must be demonstrated by oriented single-crystal CD anisotropy and/or domain-sensitive measurements (see D2).

D2. Domain coherence and artifact rejection (if centrosymmetric average structure)
- **Oriented single-crystal CD**: collect CD along at least two defined crystallographic orientations; require reproducible axis dependence and sign inversion between L and D at matched loading.
- **Polarized absorption/linear dichroism controls**: separate LD contributions from true CD (appropriate baselines and rotation/orientation controls).

E. Chiroptical readout + orthogonal chiral verification

E1. Solid-state CD (DRCD + single-crystal)
- DRCD on microcrystals with matched particle size distributions (sieved fractions) and matched loadings; include scattering correction protocols and reference standards.
- Single-crystal CD on oriented plates when possible to confirm intrinsic chirality vs scattering.

E2. Orthogonal chiral readout (mandatory)
Choose at least one (prefer two):
1) **Vibrational CD (VCD) in the solid state** focusing on histidine vibrational bands; compare L vs D exchanged materials at matched loading.
2) **Chiral HPLC of desorbed guests from single crystals**: gentle back-extraction of histidinium (or complete digestion with immediate chiral derivatization) to confirm enantiopurity retention and rule out racemization; correlate desorbed amount with SCXRD occupancy.
3) **ROA (if available)** for complementary vibrational chirality.
Go/no-go #5: CD sign/intensity differences must be corroborated by an orthogonal chiral method not relying on electronic CD alone.

F. Stern–Volmer causality tightened to enantiodiscrimination

F1. Primary metric: lifetime-based Stern–Volmer (τ0/τ)
- Measure time-resolved emission (TCSPC or equivalent) to obtain τ0 and τ under quencher titration; define KSV,τ from τ0/τ = 1 + KSV,τ[Q]. Use steady-state I0/I only as secondary with inner-filter corrections.

F2. Enforce equal quencher partitioning and correct artifacts
- **Quencher uptake isotherms**: for each exchanged material (L, D at matched loading), measure quencher adsorption/partitioning (e.g., by UV–vis quantification of supernatant) to ensure identical [Q]in-pore vs [Q]bulk relationship; only compare KSV,τ when uptake isotherms overlap within error.
- **Inner-filter/scattering controls**: match crystal size distributions; measure diffuse reflectance/absorbance at excitation and emission wavelengths; apply standard inner-filter corrections; verify no systematic difference in turbidity between L and D suspensions.

F3. Optional stronger causality: chiral-sensitive excited-state reporter
- If ΔKSV remains ambiguous, implement an excimer-capable reporter pair at very low probability (statistical) or a linker known to show environment-sensitive circularly polarized luminescence (CPL) response; interpret only after confirming unchanged topology and counterion order.

G. Discriminating controls (expanded vs artifacts)

G1. Counterion-order controls
- Prepare isostructural analogues using alternative counterions introduced during growth (Et3NH+, NH4+, or bulky TBA+).
Prediction: weaker/absent counterion order → exchange may occur but CD and enantiodifferential KSV,τ should diminish.

G2. Dissolution/recrystallization positive control
- Deliberately perform an exchange under conditions known to partially dissolve MOF (e.g., higher water fraction or higher pH) to generate a “recrystallized” sample; demonstrate that it yields different diffraction signatures (loss of unit-cell continuity) and potentially spurious CD/fluorescence signals, thereby validating the discriminating tests.

G3. Metal-site binding control
- Expose Me2NH2+-MOF to histidine under identical conditions but with competitive non-coordinating cation present (e.g., excess Me2NH2Cl) to suppress exchange; test that no CD emerges if exchange is blocked.

G4. Loading-matched L vs D control
- For every CD/KSV comparison, enforce matched histidinium occupancy; report CD g-factor and KSV,τ as a function of occupancy to separate “loading” from “handedness.”

H. Success metrics and decision points
- **Milestone 1 (Month 1–3)**: Ordered Me2NH2+ confirmed in ≥2 batches + counterion purity thresholds passed.
- **Milestone 2 (Month 3–6)**: SCSC exchange demonstrated with unit-cell continuity + Zn/linker leaching below thresholds.
- **Milestone 3 (Month 6–9)**: Space-group/absolute structure (or domain coherence via oriented CD) established; L vs D yields reproducible opposite-sign CD at matched loading.
- **Milestone 4 (Month 9–12)**: Lifetime-based KSV,τ differences observed *only* when quencher uptake isotherms overlap and artifact controls pass; orthogonal chiral readout confirms enantiospecific arrangement.","1) Addressing the highest feasibility risk (ordered Me2NH2+ as sole counterion): The plan no longer depends on uncontrolled DMF decomposition. Me2NH2+ is introduced deliberately (Me2NH2Cl/NO3) during crystal growth to preserve the “intrinsic during growth” requirement while enabling strict compositional control. Two-batch SCXRD reproducibility plus independent counterion stoichiometry (digestion qNMR + IC) and explicit assays for formate/MeNH3+ provide a hard pre-registration gate that prevents over-claiming an “ordered array” when mixed counterions are present.

2) De-risking SCSC exchange with histidine: Exchange conditions are engineered around histidine speciation (histidinium salts; mildly acidic pH window) to suppress Zn–histidine coordination and framework etching. Topotactic character is not assumed: it is *proven* via time-resolved single-crystal diffraction on the same crystal (unit-cell continuity), crystal habit retention, and quantitative solution-phase leaching limits (ICP-MS for Zn; LC/HPLC for linker). These discriminating experiments directly exclude dissolution–recrystallization as an alternative explanation.

3) Constraining the symmetry-breaking mechanism: The revised proposal commits to explicit crystallographic outcomes (space group assignments pre/post) and absolute structure validation (Flack/Parsons) when non-centrosymmetric structures emerge. If the average structure remains centrosymmetric, the proposal provides an alternative, testable mechanism (coherent oriented chiral guest domains) and requires oriented single-crystal CD anisotropy to demonstrate domain coherence—preventing misinterpretation of DRCD scattering artifacts as intrinsic chirality.

4) Tightening Stern–Volmer causality: Enantiodiscrimination claims are anchored to lifetime-based Stern–Volmer constants (τ0/τ) to decouple absorption/scattering and static quenching. Quencher uptake isotherms are measured and must overlap for L and D materials before KSV,τ is compared; this removes the major ambiguity that different partitioning, residual solvent, or particle size could dominate ΔKSV. Inner-filter and turbidity corrections are built in as required acceptance criteria.

5) Orthogonal chiral verification: Electronic CD alone is insufficient; the plan mandates an additional chiral-specific method (solid-state VCD and/or chiral HPLC of desorbed/digested guests) to confirm enantiospecific arrangement/retention, ensuring that opposite-sign CD is not attributed to uncontrolled differences in loading, defects, or scattering.

Together, these go/no-go gates and discriminating controls convert the original concept chain (pre-ordered counterion lattice → topotactic substitution → chiral ordering → CD + enantiodifferential quenching) into a falsifiable, artifact-resistant workflow that is realistic for MOF single-crystal chemistry while preserving the core novelty: counterion-lattice exchange as the driver of chiral field formation in an otherwise achiral Zn(II) framework.","This is an unusually rigorous and technically mature proposal that anticipates nearly all common failure modes in claims of chiral induction and enantiodiscrimination in achiral MOFs. The strongest aspect is the explicit conversion of a vague 'chiral adsorption' idea into a crystallographically mapped lattice-substitution mechanism with falsifiable symmetry outcomes. Engineering resolution is very high due to the mandatory SCXRD reproducibility, counterion purity assays, time-resolved single-crystal exchange, and quantitative leaching thresholds. Logical consistency is likewise strong: the symmetry-breaking pathway is explicit, alternative outcomes (non-centrosymmetric refinement vs. chiral domain coherence) are pre-defined, and artifact rejection is built into every optical claim. Minor deductions arise from cumulative experimental risk: the simultaneous requirement of ordered counterions, preserved single crystallinity, emissive linker tolerance, and clean histidinium exchange makes the overall workflow demanding and potentially slow, with several sequential hard gates that could stall progress. Evidence grounding is solid and stays within chemistry/MOF physics, though the Stern–Volmer → enantiodiscrimination link remains empirically contingent on the reporter–quencher geometry rather than guaranteed by the lattice model alone. Rationale quality is high: the proposal genuinely addresses a known bottleneck (false-positive chirality from disorder, dissolution, or uptake differences) with a structurally novel counterion-lattice strategy rather than repackaging standard chiral MOF sensing."
"A Ni(II) MOF built from preorganized, redox-innocent metalloligand nodes that enforce a near-degenerate five- vs six-coordinate landscape will exhibit guest-dependent, single-crystal-to-single-crystal (SCSC) coordination-geometry switching at the nickel active site, producing a measurable, cooperative structural transformation of the host lattice. Methodological adaptation: instead of introducing hemilabile pendant donors (rejected approach), we will hard-wire geometric frustration into the primary node by using a rigid tetradentate N2O2 metalloligand (salen/salophen-type) that locks Ni(II) into a square-planar basal plane, while the framework topology positions a crystallographic ‘apical pocket’ (defined by proximal noncoordinating O/F atoms and pore field) that can reversibly stabilize either (i) a true octahedral Ni site via guest axial ligation (six-coordinate) or (ii) a square-pyramidal Ni site via single axial binding (five-coordinate). Mechanistically, specific guest molecules with appropriate donor strength, steric profile, and dipole moment modulate the axial ligand binding free energy and local electrostatic field at Ni, tipping the equilibrium between 5C and 6C states; because the apical pocket is part of the repeating lattice, this local coordination change propagates as a collective lattice strain (hinge-like distortion of metalloligand–pillar angles), giving a crystallographically resolvable SCSC structural transformation and step-like sorption/selectivity.","Step 1: Specific system setup or data preparation.
1.1 Metalloligand synthesis (primary adaptation element): synthesize a dicarboxylate-functionalized salophen (or salen) ligand, H2L-2CO2H, where the salophen N2O2 pocket binds Ni(II) to give a square-planar Ni(L) unit, and the periphery bears two (or four) carboxylates positioned for framework assembly (e.g., 5,5'-dicarboxy substituents on the salicylidene rings for linear connectivity).
1.2 Node premetalation: prepare crystalline Ni(L-2CO2H) (Ni(II) inserted prior to MOF formation) to ensure the nickel active site identity is preserved during solvothermal assembly and to avoid mixed Ni-carboxylate SBUs.
1.3 Framework topology design to create an apical pocket: assemble Ni(L-2CO2) metalloligands with Zr6O4(OH)4 (or Hf6) clusters as robust carboxylate connecters to yield a 3D framework with large pores; select a topology (e.g., ftw/pcu-derived) where the Ni centers line the pore walls and the axial direction is unobstructed, while nearby cluster μ3-OH/terminal OH (or linker substituents such as –F on the salophen aryl rings) define a consistent apical electrostatic environment.
1.4 Single-crystal growth: optimize modulated solvothermal growth (benzoic/acetic acid modulators; DMF/DEF mixtures) to obtain 50–200 μm single crystals suitable for SCXRD; verify phase purity by PXRD and confirm metalloligand integrity by digestion NMR and ICP.

Step 2: Detailed implementation of the adapted methodology.
2.1 Baseline SCXRD and coordination-geometry metrics: solve the as-synthesized structure (guest-filled) by SCXRD to confirm (i) square-planar NiN2O2 basal geometry, (ii) presence/absence of weak axial solvent occupancy, (iii) apical pocket dimensions (Ni···O/F distances, void volume above Ni), and (iv) framework connectivity (Zr6–carboxylate binding mode).
2.2 Guest set rationalization (mechanistic contrast): choose guests that selectively favor 5C vs 6C and probe field/steric effects: (a) strong monodentate donors: MeCN, pyridine, THF; (b) bidentate/bridging candidates that could enforce 6C: 4,4'-bipyridine, pyrazine (size-limited to avoid framework binding elsewhere); (c) polar noncoordinating guests to test electrostatic stabilization without direct ligation: CH2Cl2, nitromethane; (d) weak donors/controls: CO2, N2, Ar.
2.3 In situ single-crystal guest exchange under controlled chemical potential (method adaptation): implement a fixed-crystal, variable-guest chemical potential protocol using sealed capillaries with saturated vapor reservoirs (or a microfluidic single-crystal cell) to avoid crystal handling. Collect serial SCXRD datasets on the same crystal after stepwise dosing (incremental vapor pressure or solution exchange) to capture intermediate occupancies and possible order–disorder transitions at the axial site.
2.4 Quantify coordination switching and lattice response: compute continuous shape measures (CShM) and τ5 for Ni (square-pyramidal index), track Ni–N/O axial bond formation and occupancy factors, and map unit-cell strain tensors and pore-limiting diameter changes. Identify whether switching is local (partial occupancy) or cooperative (symmetry change, abrupt cell change).
2.5 Correlate structure with thermodynamics/kinetics: measure adsorption isotherms (volumetric) for key guests showing switching; use microcalorimetry to extract differential enthalpies at the uptake step. Perform time-resolved PXRD during dosing/evacuation to obtain kinetic barriers and hysteresis corresponding to SCXRD-resolved states.
2.6 Electronic-structure readout at nickel active site: collect Ni K-edge XAS (XANES/EXAFS) on matched guest-loaded states to confirm average coordination number changes; use IR to detect coordinated MeCN/THF signatures (shifted ν(C≡N), ν(C–O)). If accessible, perform variable-temperature magnetic susceptibility to detect ligand-field changes associated with 5C/6C switching.

Step 3: Rigorous validation and analytical framework.
3.1 Causality controls (prove adaptation, not incidental flexibility):
- Control A (no apical pocket): synthesize an isoreticular analog with sterically blocking substituents above Ni (e.g., ortho-alkyl on salophen rings) predicted to prevent axial binding; test for absence of SCSC switching.
- Control B (electrostatics-only): replace Zr6(OH) termini by post-synthetic capping (e.g., sulfate/phosphate binding to Zr) to attenuate local H-bond/electrostatic field; evaluate whether guest thresholds/hysteresis shift.
- Control C (metal identity): prepare Co(L) or Cu(L) analog frameworks (same topology) to test whether switching is specific to Ni(II) axial lability.
3.2 Reversibility and fatigue: perform ≥20 guest adsorption/desorption cycles (e.g., MeCN ⇄ CO2 or THF ⇄ Ar) while tracking single-crystal integrity (mosaicity), PXRD crystallinity, and retention of switching step positions.
3.3 Mechanistic modeling across length scales: (i) periodic DFT (or DFT+U) to compute free-energy differences between 5C and 6C states as a function of guest and local field; (ii) compute elastic response (framework hinge angles) to link local coordination change to macroscopic strain; (iii) grand-canonical Monte Carlo with two-state site model parameterized from DFT/SCXRD to reproduce stepped isotherms and predict selectivity windows.
3.4 Structural transformation mapping: build a transformation diagram (guest chemical potential vs temperature) identifying phase boundaries (5C-dominant, 6C-dominant, mixed) and correlate with SCXRD-determined symmetry/unit-cell changes, establishing a mechanistic ‘coordination geometry → lattice transformation’ relationship.","1. Theoretical/Empirical Basis: Square-planar Ni(II) in salen/salophen environments is well established, and axial ligation to form 5C/6C adducts is a classic, tunable equilibrium controlled by donor strength/sterics and local electrostatics. SCSC transformations in MOFs under guest exchange are documented, and SCXRD can directly resolve axial ligand occupancy and unit-cell strain, enabling a structure-first mechanism.
2. Transfer Logic (How the adaptation fits the domain): The approach uses rational, modular MOF design: a premetalated metalloligand fixes the nickel active site identity and basal coordination geometry, while robust Zr6-carboxylate connectivity ensures crystallinity and chemical stability during repeated guest exchange. The ‘apical pocket’ is created by topology and local functional group placement rather than secondary-sphere hemilability, aligning guest molecules with a defined coordination direction.
3. Comparative Advantage: Compared with conventional flexible MOFs where transformations arise mainly from linker torsions or solvent loss, this design couples a chemically explicit event (Ni coordination-number change) to a cooperative lattice response, enabling unambiguous SCXRD mechanistic assignment. Relative to the rejected pendant-donor toggle strategy, the adaptation eliminates tether conformational entropy and kinetic ambiguity by embedding the switch into a preorganized, rigid metalloligand node, improving crystallographic tractability, reversibility, and predictive tunability via apical-pocket electrostatics and steric design.","This is an unusually strong and technically mature proposal. The engineering plan is detailed down to crystallographic metrics (CShM, τ5, strain tensors), in situ SCXRD methodology, and multiscale modeling that directly interrogates the stated hypothesis. The logical arc—from enforced square-planar Ni(II), to guest-modulated axial ligation, to cooperative lattice strain—is internally consistent and chemically well founded. Minor score deductions arise from two points of risk: (i) the reliance on Zr6 cluster hydroxyls or proximal F/O atoms to provide a sufficiently uniform and strong electrostatic apical field may be overly optimistic without preliminary electrostatic mapping or spectroscopic validation; (ii) the assumption that axial ligation equilibria will remain sufficiently slow and ordered to permit clean SCSC switching under repeated guest exchange is nontrivial and may be system-specific. These are feasibility risks rather than conceptual flaws."
"Solvent-free, redox-programmed mechanosynthesis can lock in a non-equilibrium, percolating mixed-valence semiquinoid network that exhibits higher and temporally tunable electronic conductivity than solution-synthesized analogues, because controlled mechanochemical generation and trapping of semiquinone radicals increases metal–ligand covalency and intervalence charge-transfer (IVCT) pathways while suppressing insulating counterion/solvate trapping. Methodological adaptation: replace conventional ball-milling MOF synthesis with an in situ ‘redox-buffered LAG’ protocol (liquid-assisted grinding with a redox buffer + conductive-matrix milling) that (i) meters electron count during framework formation, (ii) imposes anisotropic microstrain to increase orbital overlap between M(d) and dhbq(π*) manifolds, and (iii) enables time-resolved conductivity tracking during formation to directly correlate electron motion/relaxation with emergent conductivity.","Step 1: Specific system setup or data preparation.
1.1 Select the 2D metal–semiquinoid platform (H2NMe2)2M2(Cl2dhbq)3 as a conductivity benchmark and expand metals to a covalency series (V, Ti, Cr plus Fe, Co) while keeping topology constant; prepare Cl2dhbq ligand and define electron-count targets (quinone:semiquinone:catecholate ratios) via independent chemical titration.
1.2 Design a redox-buffered LAG additive set: (a) mild one-electron reductant (e.g., cobaltocene derivative or tetrathiafulvalene, TTF), (b) mild oxidant (e.g., ferrocenium salt), and (c) ion-pairing modulator (bulky ammonium) to minimize pore-blocking; calibrate redox potentials against dhbq couples in the milling microenvironment using ex situ EPR/UV–Vis–NIR on aliquots.
1.3 Prepare a conductive milling matrix (5–15 wt% carbon black or graphite) to form reproducible pressed pellets directly from the milled powder, enabling in situ/ex situ conductivity without solvent exposure; confirm the matrix does not dominate conduction by running blank matrix controls and percolation-threshold checks.

Step 2: Detailed implementation of the adapted methodology.
2.1 Execute mechanosynthesis under ‘electron-count control’: mill metal precursor + ligand + dimethylammonium source with sub-stoichiometric redox buffer (oxidant/reductant pair) and minimal LAG solvent (DMF or MeCN, η = 0.05–0.20 μL mg−1). Systematically vary (i) redox buffer ratio, (ii) milling frequency/energy, and (iii) η to map formation windows where semiquinone fraction is maximized while crystallinity/topology is retained.
2.2 Couple time-resolved monitoring to synthesis: (a) collect time-resolved PXRD (stroboscopic sampling) to capture phase evolution and crystallite growth, (b) acquire time-resolved EPR to quantify semiquinone radical concentration vs milling time, and (c) collect time-resolved diffuse-reflectance UV–Vis–NIR to track IVCT band emergence (signature of mixed valency and delocalization).
2.3 Implement time-dependent conductivity measurements during and after formation: rapidly press pellets from time-aliquots (e.g., 2, 5, 10, 20, 40, 60 min) under inert atmosphere and measure σ(t) by four-probe DC plus frequency-dependent impedance (10−1–10^6 Hz) to separate electronic vs ionic contributions; repeat σ(t) after controlled aging (minutes to days) to quantify relaxation/reorganization of electron pathways.
2.4 Mechanistic perturbations to isolate the electron-motion origin: (i) isotopic/protic perturbation (dry vs controlled humidity) to rule out protonic conduction, (ii) counterion variation (dimethylammonium vs bulky ammonium) to test pore/charge-compensation effects on IVCT, and (iii) microstrain annealing (gentle thermal anneal below decomposition) to observe whether conductivity decreases as non-equilibrium orbital overlap relaxes.

Step 3: Rigorous validation and analytical framework.
3.1 Structure/composition validation: Rietveld refinement of PXRD for topology retention; XPS/XANES for metal oxidation state distribution; elemental analysis/ICP for stoichiometry; gas sorption to confirm porosity and check pore blocking by additives.
3.2 Quantify delocalization and mixed valency: correlate (a) EPR intensity/linewidth (spin concentration and exchange), (b) NIR IVCT energy and bandwidth (Hush analysis for electronic coupling), and (c) magnetic susceptibility (exchange pathways) with σ and activation energy (Arrhenius/VRH fits).
3.3 Benchmark against solution synthesis: prepare solution-grown analogues with matched composition and compare (i) σ at room temperature, (ii) temperature-dependent transport mechanism (band-like vs hopping/VRH), and (iii) time-dependent σ relaxation. Success criterion: mechanosynthesized, redox-buffered samples show ≥10× higher σ than solution analogues at matched topology, and exhibit controllable σ(t) evolution attributable to semiquinone fraction and IVCT coupling.
3.4 Establish causality: use multivariate models linking milling parameters → microstrain/crystallite size (Williamson–Hall) → IVCT coupling (Hush) → σ(t) and relaxation constants; confirm that removing redox buffer collapses IVCT signatures and reduces σ, demonstrating the adaptation—not merely milling—drives conductivity gains.","1. Theoretical/Empirical Basis: Metal–semiquinoid frameworks already show conductivity strongly dependent on electron delocalization and metal–ligand covalency, with V phases markedly more conductive than Ti/Cr analogues; mixed valency and IVCT bands are established hallmarks of enhanced transport. Time-resolved MOF studies demonstrate that transient states during formation and framework dynamics influence electron motion and measured conductivity, motivating direct time-domain coupling of synthesis and transport.
2. Transfer Logic (How the adaptation fits the domain): Mechanosynthesis provides access to solvent-free, kinetically trapped states; adding a redox buffer converts milling from a purely structural method into an electron-count-controlled assembly route, directly targeting the semiquinone/mixed-valence motif responsible for conductivity. Conductive-matrix milling enables reproducible pellet formation from air-sensitive, non-equilibrium powders for rapid σ(t) acquisition without solution processing.
3. Comparative Advantage: Compared to solution synthesis, the adapted method (i) prevents over-solvation/counterion trapping that can localize charge, (ii) enables deliberate semiquinone fraction tuning during crystallization rather than post-synthetic doping, (iii) creates microstrain-enhanced orbital overlap for stronger electronic coupling, and (iv) uniquely resolves time-dependent conductivity formation/relaxation, allowing mechanism-based optimization rather than endpoint screening.","This is an unusually sophisticated and technically mature proposal that demonstrates deep command of metal–semiquinoid MOF chemistry, mixed-valence physics, and mechanochemical synthesis. The engineering plan is detailed, internally consistent, and largely executable with advanced infrastructure. Minor score deductions arise from two areas: (i) the practical complexity and risk of synchronizing time-resolved EPR, PXRD, and conductivity with milling—while conceptually sound, it may strain throughput and reproducibility; and (ii) the assumption that mechanically induced microstrain will systematically enhance orbital overlap without introducing disorder that counteracts IVCT is plausible but not guaranteed. These are manageable risks, but they temper claims of determinism. Overall, the proposal exceeds the norm in rigor and originality and avoids speculative leaps or irrelevant conceptual imports."
"We hypothesize that a defect-engineered, fluorinated Zn4O-carboxylate framework in the IRMOF/MOF-5 family—targeting Zn4O(F4-bdc)3 (F4-bdc = 2,3,5,6-tetrafluoro-1,4-benzenedicarboxylate) as the primary topology—can be reproducibly tuned to couple (i) CO2-selective transport (aperture constriction to the ultramicropore regime) with (ii) elevated density of chemically verified Lewis-acid Zn sites for CO2 activation, while (iii) maintaining persistent antifouling chemistry via covalently installed hydrophilic/zwitterionic moieties rather than relying on solvent history.

Mechanistic rationale resolving reviewer concerns:
(1) Defect placement is not assumed to “self-localize” at windows by ethanol alone. Instead, we enforce kinetically biased defect formation at external crystal surfaces and near pore mouths via a competitive-ligand/modulator strategy (monocarboxylate + controlled water content) during solvothermal growth, combined with a diffusion-limited post-synthetic treatment that preferentially accesses near-surface regions. This creates a core–shell (defect-rich shell / defect-lean core) architecture that functionally behaves as an “aperture bottleneck” layer without claiming atomically perfect window-only vacancies.
(2) The bottleneck claim is reframed from a narrow, absolute 3.3–3.6 Å window assertion to a quantitatively validated shift in the ultramicropore fraction and transport selectivity. Partial missing-linker defects and Zn–X (X = OH/OR/NO3) termination, plus controlled partial pore narrowing by grafted hydrophilic groups at/near the shell, jointly increase the population of ultramicroporous constrictions detectable by CO2 sorption/NLDFT and by diffusion/uptake kinetics.
(3) CO2 catalysis is attributed only after deconvolution: intrinsic turnover frequency (TOF) will be normalized to independently measured coordinatively unsaturated Zn (CUS) density (XAS/EXAFS + probe-DRIFTS), while transport/sieving contributions will be assessed through size-varied epoxide substrates and diffusion metrics.
(4) Antifouling is made chemically persistent by installing stable PEG/zwitterionic functionality (mixed-linker or post-synthetic grafting onto defect-terminating –OH) and validated under realistic aqueous cross-flow with ionic strength controls. This aligns antifouling to durable surface chemistry (hydrophilic/charge-neutral) rather than transient ethanol templating.

This integrated design leverages established MOF surface area and molecular sieving concepts (Assets 1–3) while grounding catalysis in Zn-derived Lewis acidity and defect-generated active sites (Assets 4–5) and explicitly introducing enforceable synthetic “knobs” (modulator, water activity, nitrate/alkoxide balance, and shell-functionalization) to replace over-claimed defect localization.","Step 0 — Target selection, controls, and study design (DoE):
• Target topology: cubic IRMOF/MOF-5-type Zn4O(L)3 (L = F4-bdc; optional parallel arm with bdc for baseline). Rationale: Zn4O-carboxylate nodes provide a clear platform for CUS generation and comparability to MOF-derived porous materials; pore sizes are in the microporous regime where ultramicropore fractions can be tuned by defects/surface functionalization.
• Controls (minimum set):
  C1: Defect-lean Zn4O(F4-bdc)3 synthesized without modulator and with minimal water.
  C2: Defect-engineered sample(s) with increasing modulator equivalents.
  C3: Functionalized (antifouling) versions of C1 and C2.
  C4: A “transport-only” control where CUS are passivated (pyridine or phosphate treatment) but pore structure retained, to separate acidity from sieving.
• DoE variables (factorial/response surface; at least 2–3 levels each):
  V1 modulator type: formic acid vs acetic acid vs benzoic acid (monocarboxylate competitive ligand).
  V2 modulator:linker molar ratio (e.g., 0, 10, 30, 60 equiv vs linker).
  V3 water activity: added H2O equivalents (e.g., 0, 2, 10 equiv vs Zn) to tune Zn–O(H)/Zn–OR termination.
  V4 ethanol fraction in solvent (EtOH/DMF or EtOH/DEF blends) to modulate kinetics and nitrate/alkoxide balance; ethanol is retained as a variable but not the sole causality.
  V5 activation/anneal protocol: temperature and time to tune termination and stability.
• Primary responses: missing-linker concentration, CUS density, ultramicropore fraction, CO2/N2 and CO2/CH4 kinetic selectivity, intrinsic TOF.

Step 1 — Synthesis of Zn4O(F4-bdc)3 with tunable defects (enforceable defect-control knob):
• Precursors: Zn(NO3)2·6H2O; H2F4-bdc; solvent system DMF/EtOH (or DEF/EtOH) to balance solubility and ethanol-derived alkoxide possibility; monocarboxylate modulator (HCO2H/HAc/HBz).
• Strategy:
  – Competitive coordination: modulator competes with F4-bdc at Zn during nucleation/growth to generate missing-linker defects capped by modulator-derived carboxylates and/or –OH/–OR depending on water/ethanol content.
  – Water dosing controls node hydrolysis/termination (Zn–OH vs Zn–OEt) and influences defect compensation.
• Implementation details (example starting window; finalized by DoE):
  – Zn:linker ≈ 4:3 stoichiometry for MOF-5-type, with modulator 0–60 equiv (vs linker).
  – Reaction at 80–120 °C for 12–24 h in sealed reactors; crystal size tracked (SEM) to support core–shell diffusion arguments later.

Step 2 — Post-synthetic treatments to bias defects toward near-surface “bottleneck shell” (without over-claiming atomic localization):
• Solvent exchange: DMF → ethanol (multiple cycles) to remove high-boiling solvent and set a consistent chemical baseline.
• Diffusion-limited shell enrichment (two options, compared):
  (A) Mild, short-time acid/modulator wash in ethanol (e.g., dilute acetic/formic acid in EtOH) to promote near-surface linker labilization/partial vacancy creation; limited penetration depth yields defect-rich shell.
  (B) Controlled humid-ethanol anneal (EtOH with defined water activity) to re-terminate exposed Zn with –OH/–OEt and stabilize CUS precursors.
• Passivation control: selective capping of CUS (pyridine/phosphate) for transport-only control (C4).

Step 3 — Persistent antifouling chemistry installation (replace “ethanol polarity” claim):
• Route 1 (mixed-linker): incorporate a small fraction (e.g., 2–10 mol%) of functionalized dicarboxylate bearing short PEG chain or zwitterionic group (e.g., sulfobetaine-like) compatible with Zn-carboxylate assembly; confirm incorporation by digestion NMR.
• Route 2 (defect-site grafting): exploit defect-terminating –OH groups for covalent attachment (e.g., silane-PEG if surface silanol can be introduced, or carbonate/urethane coupling if an –OH termination is present and chemistry is compatible). Primary goal is stable, hydrophilic/charge-neutral interface.
• Stability check: repeated aqueous soaking + activation cycle; verify retention of functional groups by FTIR/XPS and digestion NMR where applicable.

Step 4 — Quantitative defect and chemical-state verification (mandatory loop):
• Missing-linker quantification:
  – Acid digestion + 1H/19F NMR (for F4-bdc and modulator counting) to quantify linker/modulator ratios.
  – ICP-OES for Zn content; combine with NMR to obtain Zn:(linker+modulator) and vacancy fraction.
  – TGA to cross-check organic/inorganic ratios and termination species.
• Zn coordination and CUS verification:
  – XAS/EXAFS at Zn K-edge to quantify coordination number changes vs defect-lean control.
  – DRIFTS of probe molecules: CD3CN (Lewis acid sites) and CO (where applicable) to quantify Lewis acidity and distinguish from Brønsted sites.
  – XPS to assess residual nitrate/ethoxide/oxygen environments; ensure ethanol-derived species are measured, not presumed.

Step 5 — Proving ultramicropore/bottleneck behavior by structure + transport (mandatory loop):
• Sorption/Pore analysis:
  – N2 isotherms at 77 K (BET; meso/micropore contributions).
  – CO2 isotherms at 273 K (and 298 K if possible) for ultramicropore sensitivity; NLDFT/QSDFT PSD extraction with explicit reporting of ultramicropore fraction (<7 Å) and any constriction peak.
• Diffusion/kinetics:
  – Uptake kinetics comparison for CO2 vs N2/CH4 at matched pressures; fit to diffusion models to extract apparent diffusivities.
  – Zero-length column (ZLC) diffusion measurements as primary kinetic proof; optional PFG-NMR if feasible.
  – In situ PXRD under CO2 to check adsorption-induced lattice changes and to rule out collapse.
• Success criterion (quantitative, not over-specific): a statistically significant increase in ultramicropore fraction and CO2 kinetic selectivity relative to defect-lean control, correlated with defect metrics.

Step 6 — CO2 catalytic conversion testing with deconvolution of active sites vs transport:
• Reaction: cycloaddition of CO2 with epoxides to cyclic carbonates (solvent-free or defined solvent), using standardized conditions (CO2 pressure, temperature) and ensuring catalyst activation state is controlled.
• Substrate size series: epichlorohydrin < propylene oxide < styrene oxide < bulkier epoxides to test size/sieving contribution.
• Intrinsic activity metrics:
  – Report TON/TOF normalized to measured CUS density (from DRIFTS/XAS quantification), not per gram only.
  – Compare defect-rich vs defect-lean and CUS-passivated controls to isolate Lewis acidity contribution.
  – If Brønsted/basic termination suspected (–OH/–OR), include base/acid poisoning tests and correlate with probe-DRIFTS signatures.

Step 7 — Antifouling evaluation under realistic aqueous flow (mandatory improvements):
• Membrane/coating format: grow MOF layer on porous support (or form composite) to enable cross-flow testing; alternatively, packed-bed particle tests with controlled shear.
• Tests:
  – Protein adsorption (BSA, lysozyme) across ionic strength (e.g., 1–100 mM NaCl) and pH range; quantify via QCM-D or depletion assays.
  – Microorganism adhesion (algae/bacteria) under flow; quantify surface coverage and flux decline.
  – Benchmark: defect-lean and non-functionalized controls to show that antifouling arises from persistent PEG/zwitterion chemistry, not ethanol history.
• Coupled performance: evaluate whether antifouling functionalization compromises CO2 uptake/catalysis; use DoE response trade-off analysis.

Step 8 — Iteration/optimization loop:
• Use DoE model to identify the defect/functionalization window that maximizes (i) CUS-normalized TOF, (ii) CO2 kinetic selectivity, (iii) antifouling performance at constant crystallinity/porosity.
• Gate criteria: crystallinity retention (PXRD), stable porosity after aqueous exposure, and reproducibility (≥3 synthesis replicates at optimum).","Topology realism and stability: Choosing an IRMOF/MOF-5-type Zn4O-carboxylate framework provides a concrete, literature-grounded Zn-MOF node/linker paradigm where missing-linker/termination chemistry can be quantified by digestion NMR + ICP/TGA and where Lewis-acid Zn behavior is chemically testable (probe-DRIFTS, XAS). Using F4-bdc strengthens CO2 affinity and can amplify size/interaction-based selectivity consistent with molecular sieving concepts.

Enforceable defect control (addressing “spatial localization” over-claim): Defect formation is driven by explicit, tunable variables—monocarboxylate modulator identity/loading and water activity—which are known levers for vacancy/termination formation in carboxylate frameworks. Rather than claiming defects form exclusively at windows, the proposal implements a diffusion-limited post-treatment to bias defects toward near-surface regions (core–shell), creating an experimentally defensible bottleneck-shell concept verifiable by kinetics and sorption.

Mechanism validation (active site vs transport): The plan includes mandatory quantification of missing-linker density and Zn CUS by orthogonal methods (digestion NMR/ICP/TGA + XAS/EXAFS + probe-DRIFTS) and explicitly normalizes catalytic TOF to measured CUS density. Size-varied epoxides and CUS-passivated controls separate diffusion/sieving effects from intrinsic Lewis acidity.

Antifouling persistence: Antifouling is no longer attributed to transient “ethanol-templated polarity.” Instead, stable hydrophilic/charge-neutral functionality is introduced via mixed-linker or defect-site grafting and verified after aqueous exposure. Performance is tested under cross-flow and ionic-strength controls to meet realistic fouling conditions.

Alignment with literature assets: High accessible surface area and pore architecture are leveraged for both mass transfer and antifouling-relevant flux behavior (Asset 1), MOF selectivity via molecular sieving and pore tuning is explicitly quantified (Asset 2), and solvent effects (including ethanol) are treated as measurable contributors to porosity/phase behavior rather than assumed causal determinants (Asset 3). Zn-derived active site generation and catalytic relevance are addressed with direct chemical-state proof, consistent with Zn-based MOF-derived catalytic materials and CO2 conversion frameworks (Assets 4–5).","This is an unusually thorough and self-aware proposal that directly addresses common reviewer objections in defect-engineered Zn-MOF chemistry. Engineering resolution is high due to explicit DoE variables, orthogonal characterization loops, and enforceable synthetic knobs. Logical consistency is strong: the proposal carefully retracts over-claims about atomic defect localization and replaces them with a defensible core–shell bottleneck concept validated by kinetics and sorption. Evidence grounding is solid, with the concept chain preserved and no excursions into irrelevant domains; however, ethanol’s role, while treated more rigorously than typical, still occupies a somewhat overloaded position as solvent, kinetic modifier, and termination source, which slightly weakens conceptual sharpness. Rationale quality is high: the work does not merely apply known defect chemistry but structurally re-frames how transport, catalysis, and antifouling are decoupled and then recombined through quantification and controls. Minor score deductions reflect residual ambition risk (complexity and interdependence of variables) rather than conceptual flaws."
"A proton-activity–programmable Janus tandem-photocatalyst can be realized as a bilayer MOF-on-MOF flow-through membrane in which (i) an upstream, permanently cationic dye-gating/bleaching layer concentrates anionic azo dyes and hosts an ultrathin HxMoO3 plasmonic laminate whose free-carrier density (and thus LSPR-assisted ROS yield) is governed by *local* proton activity at the oxide/MOF interface, while (ii) a downstream Au@Zr-oxo MOF nanoreactor selectively oxidizes aromatic alcohols with minimal dye exposure. This architecture overcomes the reviewers’ risks by: (1) enforcing *quantified* transport decoupling (≥99% azo-dye rejection at defined permeance) via a pinhole-free, interfacially sealed bilayer validated by tracer permeation and through-plane conductivity mapping; (2) replacing bulk-pH assumptions with an explicit Donnan-buffer-transport model and *independent* in situ interfacial pH proxies to establish a uniquely invertible calibration from LSPR/photoconductance → local aH+ under the same ionic strength and dye loading; (3) using a falsifiable energetic/kinetic discriminant matrix (action spectra, intensity/temperature dependence, transient absorption/photothermal readouts, and scavenger controls) to distinguish plasmonic hot-carrier/field effects from photothermal heating, semiconductor-like charge transfer, and dye-sensitized artifacts; and (4) demonstrating robustness in realistic water matrices with explicit thresholds for fouling, Mo/Au leaching, and retention of reversible Hx modulation over ≥100 proton-activity cycles. Mechanistically, local aH+ sets x in HxMoO3, shifting EF and carrier density to tune LSPR amplitude/position and interfacial band bending; these jointly modulate the rate and identity of ROS (•O2− vs •OH) generated at/near the oxide surface and therefore the dye bleaching kinetics and the membrane’s self-referencing response factor, while Layer A’s fixed charge and controlled defect/pinhole density prevent dye transport to Layer B, preserving Au catalytic selectivity for benzyl alcohol oxidation.","Step 0 — Pre-registered go/no-go criteria (hard acceptance thresholds)
G0.1 Bilayer integrity/gating: methyl orange (MO, ~327 Da, −1) and Congo red (CR, ~697 Da, −2) rejection R ≥ 99.0% at water permeance ≥ 1.0 L m−2 h−1 bar−1 (LMH/bar) in 10 mM Na2SO4, pH 7, 25 °C; and R ≥ 97.0% in 1–10 mM NaHCO3 + 5 mg/L humic acid.
G0.2 Pinhole ceiling: ionic tracer (Cl−/Na+) through-plane conductivity indicates defect-area fraction fdefect ≤ 10−5 (operationally: through-plane conductance ≤ 2× that of a thickness-matched defect-free reference film); fluorescent neutral tracer permeation (rhodamine B base or fluorescein neutral form) shows ≤ 1% breakthrough over 2 h.
G0.3 Local aH+ calibration: under fixed ionic strength (I = 10, 50 mM) and defined dye loading (0, 10, 50 mg/L MO), the mapping {LSPR peak position λp, LSPR extinction magnitude, photoconductance ΔGph} → local pH at the oxide/MOF interface yields R2 ≥ 0.95 and hysteresis ≤ 0.2 pH units over 10 cycles.
G0.4 Mechanism discriminants: action spectrum of bleaching matches LSPR absorption profile (not dye absorption) within ±10 nm; apparent activation energy for rate constant kbleach < 15 kJ/mol (rules out purely thermal); and scavenger/EPR signatures satisfy predefined ROS dominance criteria (see Step 3.3).
G0.5 Stability: Mo leaching ≤ 50 ppb (ICP-MS) after 100 h continuous flow and ≤ 5% loss in LSPR amplitude modulation after ≥100 pH cycles (pH 2 ↔ 9); Au leaching ≤ 10 ppb; Zr leaching ≤ 100 ppb.

Step 1 — Materials selection with epitaxy/compatibility constraints
1.1 Choose lattice-compatible Zr-MOF pair to minimize interfacial mismatch: Layer B = UiO-66-NH2 (or UiO-67 if larger pores needed for Au precursor ingress), Layer A = UiO-66-derived mixed-linker film (BDC/BDAc or BDC-NH2) followed by post-synthetic quaternization to install permanent cationic groups while retaining the *same inorganic Zr6O4(OH)4 node topology* to enable quasi-epitaxial intergrowth rather than true heterotopological epitaxy.
1.2 Define Layer A fixed-charge density target: ≥ 0.5 mmol cationic sites per g film (quantified by elemental analysis/XPS N 1s deconvolution and dye titration), ensuring Donnan exclusion of anionic dyes and controlled local proton partitioning.

Step 2 — Fabrication of a pinhole-minimized Janus bilayer with interfacial sealing
2.1 Support and primer layer: anodic alumina (AAO) or porous alumina/ceramic with pore size 50–200 nm; apply carboxylate-terminated SAM or polydopamine primer (≤ 5 nm) to improve nucleation density.
2.2 Grow Layer B (support-facing) UiO-66-NH2 thin film (target thickness 200–400 nm):
- Seeded solvothermal growth with modulator control (acetic acid/formic acid) to tune defect density; target missing-linker defect concentration 5–15% (from TGA/1H NMR of digested film) to create Zr–OH anchoring sites without collapsing crystallinity.
- Go/no-go: GIXRD indicates preferred orientation (e.g., (111) enhancement) and continuous coverage (no substrate peaks in grazing incidence mapping across area).
2.3 Confine Au nanoparticles exclusively in Layer B (target 1–3 nm, 0.3–1.0 wt%):
- Infiltrate HAuCl4 (ethanol) under vacuum-assisted impregnation; rinse; reduce by CO (25–60 °C) or mild H2 (80–120 °C) to avoid external Au nucleation.
- Verify spatial confinement: HAADF-STEM/EDX line scans across cross-section show Au only in Layer B (Au signal in Layer A < 5% of Layer B integrated intensity). XPS surface Au < detection limit.
2.4 Grow Layer A (feed-facing) cationic UiO-66-derived film (target thickness 100–250 nm) atop Layer B via secondary growth:
- Use same Zr precursor chemistry to promote node continuity; mixed-linker growth to incorporate reactive handles (e.g., BDC-NH2).
- Post-synthetic quaternization to permanent cationic sites (e.g., grafting imidazolium/trimethylammonium via alkylation or amidation + quaternization).
2.5 Interfacial sealing strategy (activated only if G0.1/G0.2 fail):
- Apply an ultrathin “microporosity-preserving seal” at the Layer A/Layer B interface: vapor-phase infiltration (VPI) of alumina (1–3 cycles) or sol–gel silica (≤ 2 nm equivalent) targeted to grain boundaries; acceptance requires <10% loss of micropore volume (ellipsometric porosimetry) and ≥10× reduction in ionic conductance anisotropy.

Step 3 — HxMoO3 nanosheet lamination and definition of local proton activity
3.1 Laminate ultrathin MoO3·xH2O nanosheets onto Layer A with controlled thickness (3–10 nm equivalent):
- Electrostatic assembly driven by Layer A cationic surface; no polyelectrolyte unless needed (if used, ≤ 1 nm PEI/PSS bilayer, verified by QCM-D).
- Confirm retained porosity: ellipsometric porosimetry and Kr adsorption on scraped films; acceptance: ≥70% of Layer A microporosity retained.
3.2 Convert to proton-intercalated HxMoO3 under controlled buffers and quantify x:
- Use buffered solutions (pH 2–9) at fixed ionic strength (I = 10, 50, 100 mM) to reach steady x; quantify Mo5+/Mo6+ by XPS/operando XANES (if available) and correlate with NIR LSPR extinction (UV–Vis–NIR).
3.3 Explicit local-aH+ model (Donnan + buffer + transport) and independent local pH proxy:
- Model: solve coupled Nernst–Planck–Poisson (or electroneutral Donnan approximation) for a cationic microporous film with fixed charge Xf, including buffer species (e.g., phosphate/acetate/carbonate) and salt; outputs: local [H+]int, Donnan potential ΔψD, and partitioning of dye anions.
- Independent measurement: anchor a ratiometric pH fluorophore (e.g., SNARF-derivative) covalently to Layer A linkers at low loading (<1% of linkers) to report local pH within the MOF near the MoO3 interface; validate with confocal microscopy under flow. Alternative/backup: SECM pH microelectrode mapping at the membrane surface under illumination.
- Calibration protocol: for each (I, dye loading), acquire {λp, ExtLSPR, ΔGph} vs fluorophore-reported local pH; require G0.3.

Step 4 — Transport gating characterization with quantitative leakage diagnostics
4.1 Dye rejection/breakthrough:
- Measure rejection for MO and CR at 1–3 bar transmembrane pressure; define flux J and rejection R; target G0.1.
4.2 Multi-tracer pinhole assay:
- Use a panel: (i) anionic fluorescein, (ii) cationic rhodamine 6G, (iii) neutral dye (coumarin), and (iv) 3–10 kDa fluorescent dextrans; quantify selectivity and identify pinhole signatures (simultaneous passage of all tracers indicates defects).
4.3 Through-plane ionic conductivity mapping:
- Perform scanning electrochemical cell microscopy (SECCM) or micro-4-point mapping across the membrane to spatially resolve high-conductance spots; acceptance: no hotspots exceeding mean + 3σ, consistent with fdefect ≤ 10−5.

Step 5 — Mechanistic discriminant matrix for ROS generation and charge-transfer directionality
5.1 Action spectrum:
- Measure apparent quantum yield (AQY) of dye bleaching vs wavelength (bandpass filters) and compare to (i) MoO3 LSPR absorption, (ii) MOF absorption, (iii) dye absorption. Validation: AQY tracks LSPR, not dye.
5.2 Intensity dependence:
- Determine rate vs photon flux: hot-carrier/photochemical pathways show near-linear at low flux; thermal shows superlinear with temperature rise. Fit k ∝ I^n (n ~ 1 expected for single-photon ROS generation).
5.3 Temperature control / photothermal exclusion:
- Use IR thermography and embedded microthermocouple; run isothermal controls matching any observed ΔT in dark; require G0.4 (Ea and isothermal mismatch).
5.4 ROS identity and location:
- Operando EPR (DMPO for •OH/•O2−, TEMP for 1O2), plus probe assays (terephthalic acid for •OH, NBT for •O2−) under identical conditions.
- Predefined discriminants: 
  (D1) If superoxide is dominant: strong DMPO-OOH signal, NBT reduction correlates with bleaching, SOD suppresses kbleach ≥ 70% while tert-butanol suppresses ≤ 30%.
  (D2) If hydroxyl is dominant: terephthalic fluorescence correlates with bleaching, tert-butanol suppresses ≥ 70%, SOD suppresses ≤ 30%.
5.5 Hot-carrier vs defect-mediated semiconductor-like transfer:
- Transient absorption (TA) or time-resolved photoconductance on MoO3-laminated Layer A: look for sub-ps–ps carrier signatures and their dependence on x (carrier density).
- Photocurrent polarity and Mott–Schottky/Kelvin probe: test band bending direction vs protonation state; require consistency with electron transfer to O2 at the interface.
5.6 Dye-sensitization artifact exclusion:
- Repeat bleaching with (i) colorless anionic pollutant analogs, (ii) dyes with different absorption maxima, and (iii) dark adsorption controls.
- Critical test: excite at wavelengths where dye absorbs but LSPR does not; bleaching should not accelerate significantly if not dye-sensitized.

Step 6 — Tandem operation in flow with orthogonal catalysis
6.1 Device: feed contacts Layer A first; permeate contacts Layer B. Visible illumination 420–700 nm with calibrated photon flux; dissolved O2 monitored (optode).
6.2 Layer A function (dye bleaching + self-referenced sensing):
- Establish kbleach and response factors RFopt = (−dAdye/dt)/C and RFelect = Jph/C under standardized flux; apply pH renormalization using calibrated local pH from {λp, ΔGph}.
6.3 Layer B function (benzyl alcohol oxidation):
- Quantify conversion/selectivity to benzaldehyde; test effect of any dye leakage by deliberate spiking; acceptance: ≤10% loss in activity at dye concentrations corresponding to ≤1% breakthrough.

Step 7 — Realistic water matrices, fouling, regeneration, and durability thresholds
7.1 Matrix challenges: humic acid (2–10 mg/L), carbonate (1–10 mM), chloride (1–100 mM), mixed ions (Ca2+/Mg2+ at 0.5–2 mM), variable O2 (air-saturated vs O2-depleted).
7.2 Fouling metrics and regeneration:
- Track flux decline, rejection loss, and LSPR modulation amplitude. Regeneration protocol: mild alkaline wash (pH 9–10) + low-ionic-strength rinse; optional short H2O2 pulse if organic fouling persists (verify no loss of cationic functionality).
- Acceptance: after 5 fouling/regeneration cycles, retain ≥90% of initial rejection and ≥80% of initial kbleach.
7.3 Stability/retention:
- 100 h continuous operation + ≥100 pH cycles; apply G0.5 leaching thresholds; confirm crystallinity (GIXRD), chemical state (XPS), and preserved Au confinement (post-mortem TEM).","Heteroepitaxial compatibility and pinholes: The revised plan avoids claiming strict epitaxy between different topologies; instead it uses node/topology-matched UiO-66-derived films on both sides (Layer A and B), enabling coherent intergrowth via secondary growth while controlling mismatch through thickness limits (≤250 nm for Layer A) and defect management. Quantitative, spatially resolved leakage diagnostics (multi-tracer breakthrough + SECCM/through-plane conductance mapping) and a pre-defined interfacial sealing contingency (sub-2–3 nm VPI/sol–gel targeted to grain boundaries with <10% porosity loss) directly address the risk that pinholes defeat dye-gating.

Local proton activity under fixed charge: Cationic MOFs create Donnan potentials that can decouple bulk pH from interfacial aH+. The proposal now includes (i) a coupled electrostatic/transport model incorporating fixed charge, buffer equilibria, and ionic strength and (ii) independent measurement of local pH via an anchored ratiometric fluorophore (or SECM), performed under the same ionic strength and dye loading used for catalysis. This creates a falsifiable calibration that tests whether {LSPR, photoconductance} uniquely reports local aH+ (with explicit R2 and hysteresis criteria), thereby making the self-referencing response-factor claim experimentally accountable.

Mechanistic clarity for plasmonic ROS generation: The LSPR-tunable HxMoO3 concept is grounded in degenerately doped MoOx literature showing carrier-density-dependent NIR/visible plasmon resonance and enhanced visible absorption. The revised workplan adds an energetic/kinetic discriminant matrix (action spectra, intensity scaling, isothermal controls, TA/photothermal readouts) plus pre-registered scavenger/EPR outcome criteria to distinguish hot-carrier/field-assisted O2 activation from photothermal heating, defect-mediated semiconductor charge transfer, and dye-sensitization (a known confound for azo dyes). This makes the ROS pathway assignment (•O2− vs •OH) and directionality testable and rejectable.

Transport/performance tradeoffs and real-water robustness: The membrane is treated as a selective reactor with explicit targets for rejection and permeance, measured by flux-based rejection and breakthrough curves, and interpreted with transport modeling (Donnan partitioning + diffusion/convective flow). Realistic matrices (humics, carbonate, hardness ions, chloride, variable O2) are built into the validation with explicit regeneration protocols and stability/leaching thresholds, ensuring the claimed functionality persists beyond ideal laboratory water.

Overall, the revised proposal transforms the prior asserted assumptions (epitaxy quality, local pH control, ROS identity, and dye gating) into quantitative go/no-go criteria with independent measurements, contingency sealing chemistry, and mechanistic discriminants—while preserving the original concept chain: cationic dye capture + proton-tunable HxMoO3 plasmonic bleaching upstream, and Au@Zr-MOF aromatic alcohol oxidation downstream.","This is an unusually rigorous and well-pre-registered proposal that converts nearly every high-risk assumption into a quantified go/no-go criterion. Engineering resolution is very strong: bilayer MOF-on-MOF growth, Au confinement, HxMoO3 lamination, and interfacial sealing are all described with thickness, defect-density, and analytical acceptance thresholds that are realistic for advanced MOF membrane laboratories. Logical consistency is also high; the causal chain from fixed charge → Donnan potential → local proton activity → HxMoO3 carrier density → LSPR modulation → ROS identity → dye bleaching is mechanistically coherent and explicitly tested rather than assumed. Minor logical risk remains in the cumulative complexity: multiple orthogonal calibrations (fluorophore pH, LSPR, photoconductance, XPS/XANES) must remain mutually consistent under flow, dye loading, and illumination, which may strain practical invertibility even if conceptually sound. Evidence grounding is excellent and firmly rooted in known UiO-66 chemistry, degenerately doped MoOx plasmonics, and Au@MOF catalysis; no speculative physics is introduced. Rationale quality is high because the architecture directly addresses recognized bottlenecks (local pH ambiguity, plasmonic vs thermal confusion, dye crossover) with structural and methodological innovations rather than incremental tweaks. Score deductions mainly reflect executional risk from system complexity rather than conceptual weakness."
"Embedding a water-stable, defect-engineered Zn–imidazolate MOF as a continuous “proton highway phase” inside a polymer mixed-matrix membrane, then executing a post-casting, covalent imidazolium tethering reaction exclusively within the MOF pore system, will yield higher and more durable proton conductivity than conventional imidazole-doped MMMs. Methodological adaptation: instead of coordinating or physisorbing imidazole, we will (i) install pore-confined electrophilic handles on Zn–N linkers (via mixed-linker ZIF synthesis containing aldehyde- or chloromethyl-functionalized imidazoles), and (ii) perform a solvent-free, vapor-phase quaternization (Menshutkin-type) to convert infiltrated imidazole into covalently tethered imidazolium groups lining the accessible porosity. Mechanism: (a) the Zn–N coordination network provides rigid, connected micropores that template a percolating hydrogen-bonded water network at moderate RH; (b) tethered imidazolium sites create high local proton activity and strong hydration shells that stabilize continuous water wires and suppress imidazole leaching; (c) proton transport proceeds predominantly by Grotthuss hopping through coupled (H2O)n–H3O+ and imidazolium-associated water chains, with reduced interfacial resistance because the MOF phase itself becomes an internally ion-functionalized, water-structured conductor rather than a passive filler.","Step 1: Specific system setup or data preparation.
1.1 Choose a Zn–imidazolate MOF platform with proven hydrolytic stability and accessible porosity: ZIF-8-derived topology as baseline, then move to more hydrophilic analogs by mixed-linker substitution.
1.2 Synthesize a mixed-linker ZIF where a controlled fraction (5–30 mol%) of linkers carry an electrophile for post-synthetic quaternization:
- Option A: 2-(chloromethyl)imidazole (CMim) + 2-methylimidazole (mIm) to form Zn(mIm)2-x(CMim)x.
- Option B: imidazole-4-carbaldehyde (Im-CHO) + mIm to form Zn(mIm)2-x(Im-CHO)x, followed by aldehyde-to-leaving-group conversion (e.g., chlorination) if needed.
Target: retain crystallinity and pore accessibility while introducing a uniform internal density of reactive sites.
1.3 Create defects (missing-linker) in a controlled manner to increase water uptake without collapse (e.g., modulated synthesis with monodentate imidazole/amine modulators); quantify defect density by TGA/elemental analysis and positron annihilation lifetime spectroscopy (PALS).
1.4 Select polymer matrix emphasizing mechanical integrity and low intrinsic water swelling to isolate filler-driven conduction (e.g., PVDF-HFP or polysulfone as mechanically robust host). Prepare a secondary set with a mildly acidic polymer (low-IEC SPEEK) to test interfacial coupling while avoiding dominance by polymer conduction.

Step 2: Detailed implementation of the adapted methodology.
2.1 Form a percolated MOF microphase within MMM (structural novelty vs dispersed particles):
- Use shear-induced alignment + phase-inversion casting to bias MOF particles into a connected network (target near percolation threshold, typically 15–30 vol% depending on aspect ratio).
- Alternatively, grow a thin, continuous MOF “skeletal network” in situ on a sacrificial nanofiber template (electrospun polymer fibers), then embed the MOF network into the final polymer and remove the template if compatible (yielding an interpenetrating MOF/polymer architecture).
2.2 Preserve accessible porosity during embedding by using a pore-filling, removable neutral guest that does not coordinate Zn (e.g., cyclohexane or perfluorinated small molecules depending on MOF affinity), removed after casting by mild vacuum; verify no polymer intrusion by gas sorption and PALS.
2.3 Pore-confined, vapor-phase imidazolium tethering (core methodological adaptation):
- Load imidazole (Im) into the activated MMM by controlled vapor sorption (mass uptake target set by functional-site stoichiometry).
- Perform solvent-free quaternization inside pores: heat the membrane under Im vapor (or Im + mild base scavenger if required) to drive Menshutkin reaction between Im and –CH2Cl groups on CMim linkers, yielding tethered –CH2–Im+Cl− sites lining the pore walls.
- Optional anion exchange post-step to tune water structure and proton mobility (Cl− → HSO4− or H2PO4−) by exposing the membrane to vapor/solution of the corresponding acid, then drying to remove excess acid while retaining counterions in pores.
2.4 Condition the hydrogen-bonded water network: hydrate under precisely controlled RH steps (e.g., 30→60→90% RH at fixed T) to fill micropores and establish connected water wires around imidazolium sites; lock into operating state by equilibration at target RH.
2.5 Build mechanistic control series:
(A) polymer only; (B) MMM with nonfunctional ZIF (no electrophile) + no Im; (C) MMM with electrophile-ZIF but no Im treatment; (D) MMM with electrophile-ZIF + Im loading but no quaternization (low-T exposure only); (E) full quaternized (tethered imidazolium) MMM; (F) full quaternized MMM after anion exchange (HSO4− / H2PO4−). Keep filler fraction and processing identical.

Step 3: Rigorous validation and analytical framework.
3.1 Verify Zn–N framework integrity and accessible porosity after membrane processing and after quaternization:
- PXRD for crystallinity retention; N2/CO2 sorption on extracted filler and on microtomed MMM pieces; PALS for free-volume connectivity.
3.2 Confirm covalent tethering and quantify functional density (distinguish from coordination/physisorption):
- Solid-state 13C/15N NMR (use 15N-imidazole for unambiguous detection of quaternized N), FTIR/Raman for imidazolium signatures, XPS (N 1s chemical shifts; Cl 2p), and chloromethyl consumption (elemental analysis/ion chromatography of released Cl− during exchange).
- Chemical stability/leaching: exhaustive water soaking and accelerated humidity aging; quantify any released imidazole by HPLC/LC-MS (expect near-zero for tethered samples).
3.3 Map the hydrogen-bonded water network in pores:
- Dynamic vapor sorption (DVS) to obtain RH-dependent uptake and hysteresis; variable-temperature IR of OH stretch to infer H-bond strength distribution; DSC to separate confined vs bulk-like water; if available, quasi-elastic neutron scattering (QENS) for confined water mobility.
3.4 Proton conductivity and mechanism under relevant conditions:
- Through-plane and in-plane EIS from 20–120 °C and 20–95% RH; fit Arrhenius/VTF to extract activation energies.
- Isotope effect: repeat EIS under D2O humidity to quantify Grotthuss contribution (expect significant drop if hopping dominates).
- Transference number and electrode polarization analysis to confirm proton-dominant conduction.
3.5 Microstructure/percolation and interfacial resistance:
- FIB-SEM tomography or nano-CT to confirm connected MOF microphase; SAXS/WAXS to monitor dispersion.
- Spatially resolved conductivity (humid-state conductive AFM or scanning microwave impedance microscopy) to verify conduction localized along MOF network and across polymer–MOF interfaces.
3.6 Success criteria:
- Conductivity: ≥10× improvement over polymer-only and ≥3× over non-tethered Im-loaded MMM at 60–80 °C, 50–95% RH.
- Mechanism: activation energy ≤0.30 eV at high RH with strong H/D isotope effect, consistent with Grotthuss hopping through structured water.
- Durability: <1% loss of tethered Im content after leaching/aging; stable conductivity over ≥300 h at 80 °C/80% RH.","1. Theoretical/Empirical Basis: Imidazole enhances proton transport when immobilized/organized; literature shows large conductivity gains from imidazole inclusion in porous solids under anhydrous conditions, while hydrogen-bonded water networks enable low-barrier Grotthuss transport under humid conditions. Imidazolium groups are known to strongly hydrate and can nucleate continuous water wires in confined pores, increasing proton hopping rates. Zn–imidazolate frameworks provide robust Zn–N coordination backbones with tunable linker functionality and stable microporosity.
2. Transfer Logic (How the adaptation fits the domain): MOF chemistry uniquely enables mixed-linker synthesis and pore-confined covalent functionalization without destroying the coordination network. Converting neutral imidazole into tethered imidazolium inside the MOF transforms accessible porosity into a chemically programmed proton-transport channel. This addresses MMM limitations (additive leaching, interfacial resistance, and uncontrolled water structuring) via molecular-level design rather than composition-only optimization.
3. Comparative Advantage: Compared to free-imidazole MMMs, covalent tethering eliminates volatility/leaching and prevents polymer plasticization. Compared to MOF-filled MMMs without internal ion functionalization, the imidazolium-lined pores actively template hydrogen-bonded water networks and increase local proton activity, lowering activation energy. Compared to approaches relying on reversible coordination, the permanently grafted sites provide reproducible, humidity-tolerant conduction while maintaining Zn–N framework stability and accessible porosity.","This is an exceptionally detailed and technically mature proposal with strong command of MOF chemistry, MMM processing, and proton-transport physics. The engineering resolution is high: mixed-linker ZIF synthesis, defect control, vapor-phase quaternization, and percolation-engineered MMM architectures are all credible and actionable. The logical framework linking tethered imidazolium sites to stabilized water wires and reduced activation energy is sound and well-supported by contemporary understanding of confined proton transport. Minor deductions arise from two areas: (i) the chemical feasibility window of chloromethyl-functionalized imidazolates in Zn–N frameworks under vapor-phase Menshutkin conditions is narrow and may risk partial linker degradation or Zn–N lability, which is acknowledged only implicitly; and (ii) the percolated MOF microphase strategies, while innovative, approach the boundary between MMMs and composite ionomer networks and would benefit from clearer fallback paths if percolation proves irreproducible. Evidence grounding is strong and remains within the chemistry/MOF/proton-conduction domain without speculative excursions. The rationale is creative and directly addresses known MMM bottlenecks (leaching, interfacial resistance) via a nontrivial structural adaptation rather than incremental tuning."
"Bu–MnCr can be converted into an ambient-condition, regenerable co-adsorbent for hydrophobic plasticizers and moderately polar pesticides by mechanically stabilizing its layered galleries with *chemically explicit, carboxyl-preserving interlayer straps* that (a) covalently bridge adjacent organic-ammonium layers to suppress humidity-driven breathing/collapse while maintaining open slit-access under 30–65% RH, and (b) introduce *unconsumed pendant –CO2H/–CO2− sites* to sustain a persistent H-bond/ion–dipole network for pesticide anchoring. The refined strap architecture is a bifunctional aromatic ‘pillar’ comprising: (i) a rigid π-rich aromatic core (dispersion/π capture plane for phthalates), (ii) two terminal coupling groups that react selectively with interlayer nucleophiles (diol/diamine handles) to form stable amide/urethane/carbonate linkages under controlled water activity, and (iii) at least one additional pendant carboxyl group intentionally left unreacted (trimellitic/pyromellitic-derived motifs or protected/deprotected carboxyl strategies) to preserve polar binding sites post-installation. Mechanistically, the straps impose a fixed interlayer registry and reduce the free-energy penalty of guest intercalation under ambient humidity by preventing gallery collapse and by stabilizing a confined water population; simultaneously, the aromatic strap faces create a low-polarity adsorption plane that concentrates plasticizers, while pendant –CO2H/–CO2− plus structured interlayer water cooperatively bind pesticide heteroatoms (e.g., triazine N, phosphoryl/sulfide motifs) through H-bonding and ion–dipole interactions. TGA is retained as a central tool but is repositioned from ‘DTG feature assignment’ to a *calibrated desorption/decomposition framework*: evolved-gas signatures will be validated against standards and intact-guest evolution will be independently quantified (TGA–GC/MS and stepwise isothermal desorption with analytical recovery), enabling defensible confinement-strength distributions and regeneration windows that avoid strap/framework damage.","Step 1 — Baseline material, stability envelope, and pollutant panel
1.1 Synthesize phase-pure layered Bu–MnCr ({Bu3NH}[MnCr(ox)3]·nH2O or the closest reported Bu–MnCr analogue) and confirm: (i) low-angle PXRD interlayer reflections, (ii) composition by ICP-OES (Mn/Cr) + CHN, (iii) interlayer water by DVS (30–90% RH) and TGA (under N2). Establish baseline ‘humidity-breathing’ by variable-RH PXRD (30/50/65/80% RH) to quantify Δd-spacing and reversibility.
1.2 Define adsorbate set spanning hydrophobicity/polarity and distinct MS fragments: plasticizers (DBP, DEHP), pesticides (atrazine, chlorpyrifos), optional polarity controls (2,4-D acid and 2,4-D ester). Prepare aqueous matrices at pH 6–8, ionic strength 1–10 mM, ±5–10 mg/L humic acid; concentrations μg–mg/L.

Step 2 — Chemically defensible strap architecture that preserves pendant acids
2.1 Install *interlayer nucleophile handles* by co-templated growth (not cation exchange) using a minor fraction (5–20 mol%) of functional ammonium templators that are (a) gallery-compatible and (b) provide high-yield coupling in confined media:
- Option A (diol handle): HO–(CH2)3–NH2+R2 (secondary/tertiary ammonium), providing terminal –OH.
- Option B (diamine handle): H2N–(CH2)3–NH3+R2 (one free –NH2 plus one protonated –NH3+), providing a faster acylation site than –OH.
Quantify incorporation by solid-state 13C CPMAS NMR (handle carbons), FTIR (O–H/N–H), and elemental analysis (N/C change vs parent).

2.2 Strap-linker selection explicitly preserving polar sites (reviewer directive)
Design strap molecules where only two positions are coupling-competent and ≥1 carboxyl remains pendant/unreacted after bridging:
- Primary strap motif: 1,2,4-benzenetricarboxylic (trimellitic) platform converted to *di-activated + one free acid*.
  • Route 2.2a (protected acid strategy): Start from trimellitic anhydride; selectively open/derive a mono-protected carboxyl (e.g., tert-butyl ester) leaving two carboxyls activatable. Convert the two to acid chlorides (SOCl2/oxalyl chloride) or activated esters (NHS/EDC) for coupling; after grafting, deprotect to regenerate –CO2H.
  • Route 2.2b (intrinsically mono-acid pendant): Use a pre-made di-functional coupling reagent bearing a pendant carboxyl (e.g., bis(NHS-ester) of trimellitic acid with one acid left free).
- Secondary strap motif (higher density of pendant acids): pyromellitic core where two opposite positions are used for bridging and remaining two remain as acids (via orthogonal protection/activation).
Explicit functional-group map for each strap type will be included in the synthetic plan (before/after coupling), documenting which –CO2H are consumed and which are preserved.

2.3 Diffusion- and selectivity-controlled post-synthetic strap installation (de-risking water/acylation)
2.3.1 Pre-conditioning to control water activity (aw): equilibrate crystals at defined RH (e.g., 30% RH) then solvent-exchange with dry acetonitrile or dry ethyl acetate to reduce free water while retaining structural water required for lattice integrity (verified by mass balance and DVS).
2.3.2 Compare two functionalization modes side-by-side:
- Vapor-phase (preferred for diffusion and low aw): expose crystals to strap reagent vapor (or sublimable activated ester) with catalytic base scavenger in a separated reservoir, minimizing hydrolysis.
- Low-water solution route: dry aprotic solvent with controlled ppm-water (Karl Fischer monitored); add base (2,6-lutidine) and catalytic DMAP for –OH coupling, or mild base for –NH2 coupling.
2.3.3 Use coupling chemistries that are less water-sensitive than acid chlorides when needed:
- For –NH2 handles: activated esters (NHS-esters) to form amides cleanly at low aw.
- For –OH handles: carbonate/urethane formation using di-activated carbonates/isocyanates bearing pendant acid (protected), avoiding direct acid chloride hydrolysis.
2.3.4 Control strap density by stoichiometry relative to quantified handle content (from CHN/NMR). Target low/med/high strap densities (e.g., 10/30/60% of handles reacted), anticipating that sparse bridging can already lock mechanics.

2.4 Removal of residuals and re-generation of pendant acids
Extensive washing (dry solvent) and vacuum activation at mild temperature below any strap cleavage threshold (set by model-compound TGA). If protection was used, deprotect under conditions compatible with Bu–MnCr (e.g., mild acidolysis for tert-butyl esters with minimal water exposure, or catalytic methods in organic media), then re-equilibrate at 30–65% RH.

Step 3 — Decisive structural proof of *covalent interlayer bridging* and functionalization depth
3.1 Structural proof beyond low-angle PXRD (mandatory)
3.1.1 Total scattering/PDF: Collect synchrotron total scattering for parent, handle-bearing, and strapped materials. Fit/compare real-space correlations expected for aromatic strap C–C distances and new interlayer correlations (e.g., handle–strap–handle vectors). A true bridge should introduce reproducible new pair correlations absent in (i) parent and (ii) physically intercalated aromatic controls.
3.1.2 Advanced SSNMR connectivity/distance constraints:
- Prepare 15N-labeled amine handle (for Option B) in a subset.
- Use 13C{15N} REDOR (or related dipolar recoupling) to measure distances between strap carbonyl/aromatic 13C signals and 15N sites. Interlayer bridging predicts consistent short-range 13C–15N proximities not achievable by surface-only adsorption.
- 1H–13C HETCOR to detect spatial proximity between aromatic strap carbons and interlayer water/protons.
3.1.3 Depth profiling to rule out surface-only grafting:
- ToF-SIMS depth profiling (strap-specific fragments, e.g., aromatic + carboxyl fragments) across particle cross-section.
- Complement with microtomed cross-sections + confocal Raman mapping (aromatic band intensity vs depth) and/or XPS depth profiling (gentle sputter) tracking O=C–O components.
Go/no-go for ‘true interlayer’ modification: strap signature must be present through ≥70% of particle thickness (normalized), and REDOR/PDF must support covalent proximity rather than mere intercalation.

3.2 Controls critical for interpretation
- Physical intercalation control: expose parent Bu–MnCr to nonreactive aromatic acids (no coupling group) under identical conditions to quantify mere adsorption/intercalation signatures.
- Intralayer tethering control: handle-bearing material treated with mono-functional acylating agent to form ‘dangling’ groups without bridging; compare mechanics and spectroscopy.

Step 4 — Adsorption performance with humidity-mechanics coupling
4.1 Ambient-condition uptake: kinetics and isotherms for single solutes and mixtures at 30–65% RH-equilibrated solids. Quantify by GC–MS (DBP/DEHP/chlorpyrifos) and LC–MS (atrazine/2,4-D). Report capacity, distribution coefficient (Kd), and selectivity factors in mixed matrices.
4.2 In situ variable-RH PXRD during adsorption to confirm: strapped materials show minimal Δd-spacing across RH and during loading (mechanical lock), whereas parent/control exhibits measurable breathing/collapse.
4.3 Verify pendant acid availability post-strap: titration of accessible acid sites (e.g., vapor-phase base uptake, or potentiometric titration on dispersions where framework is stable), FTIR of –CO2H/–CO2−, and XPS carboxyl speciation.

Step 5 — Mechanism dissection of dual binding physics
5.1 Separate contributions:
- Plasticizers: dependence on aromatic strap identity (tere-/naphthalene-based) and slit size; expect enhanced uptake correlated with aromatic content and constant spacing.
- Pesticides: dependence on pendant acid density and RH; expect maximum uptake at intermediate RH where structured water + –CO2H cooperate.
5.2 Competitive sorption under controlled RH and ionic strength to test ‘stabilized interlayer water’ hypothesis (asset-1 logic extended): compare uptake as a function of pre-equilibrated water content (from DVS) and measure whether strapped materials maintain uptake where parent collapses or excludes.
5.3 Spectroscopic evidence of binding:
- FTIR shifts: atrazine ring modes; chlorpyrifos P–O/P=S region; carboxylate changes upon guest binding.
- SSNMR (where feasible): observe guest-induced perturbations; 1H signatures for H-bonded water.

Step 6 — TGA-centered confinement quantification, calibrated and orthogonal (mandatory)
6.1 Build evolved-gas libraries and separate desorption from decomposition
- Run TGA–MS/FTIR on pure pollutants and on pollutants physically mixed with inert matrix to establish fragmentation vs intact volatilization signatures.
- Add TGA–GC/MS (or interface to trap evolved organics followed by GC/MS) to confirm whether intact DBP/DEHP/chlorpyrifos evolves at specific temperature windows.
- Implement stepwise isothermal desorption (e.g., hold at 40/60/80/100/120 °C under N2) and quantify desorbed intact guests by solvent trapping + GC/LC, generating direct desorption curves independent of DTG peak overlap.
6.2 Apply kinetic analysis only to validated ‘desorption-only’ regions
- Use modulated TGA (MTGA) or multi-rate TGA with isoconversional methods (Friedman/OFW) only on regions proven (by TGA–GC/MS + isothermal trapping) to correspond to intact guest release rather than decomposition.
6.3 Define regeneration windows
- Select regeneration temperature/time where (i) ≥95% guest is recovered/desorbed intact, (ii) strap bands (FTIR/NMR) remain unchanged, and (iii) interlayer spacing/mechanics remain constant (PXRD/DVS).

Step 7 — Environmental robustness, mitigation criteria, and contingency
7.1 Define acceptance thresholds (go/no-go)
- Humidity-mechanical stability: Δd-spacing ≤2% between 30–80% RH over 3 cycles; DVS hysteresis reduced vs parent.
- Adsorption performance targets (initial): Kd ≥10^3–10^4 L/kg for DBP/DEHP and ≥10^3 L/kg for atrazine in mixed matrices; selectivity vs humics maintained within 50% of clean-water performance.
- Leaching thresholds: Mn and Cr each <10 µg/L under pH 6–8 after 24 h contact (or aligned to local regulatory/WHO limits as applicable); TOC leachables from straps below method detection after washing.
7.2 Stress tests
- pH window mapping (pH 5–9), oxidant sensitivity (e.g., residual chlorine), and ionic strength. Track structural retention (PXRD), performance, and leaching (ICP–MS).
7.3 Contingency route if covalent bridging is nonuniform (mandatory)
If ToF-SIMS depth profiling/REDOR indicates surface-only grafting or insufficient penetration:
- Pivot to *noncovalent aromatic pillaring* using dicarboxylate salt-bridges: introduce aromatic dicarboxylates as dianions that ion-pair with interlayer ammonium (Bu3NH+) and/or mixed ammonium handles, creating reversible ‘ionic straps’ that still lock spacing. Validate via variable-RH PXRD (mechanical stabilization) and leaching/robustness tests. This preserves pendant carboxylates inherently and reduces synthetic water-sensitivity.

Deliverables
(i) Strap library with explicit pendant-acid density; (ii) decisive proof of interlayer covalent bridges (PDF + REDOR + depth profiling); (iii) calibrated desorption/decomposition model (TGA–GC/MS + isothermal trapping) with regeneration windows; (iv) adsorption/selectivity maps vs RH and strap parameters; (v) robustness/leaching acceptance report + contingency outcome if needed.","Addresses Reviewer Risk (i): chemistry selectivity/kinetics in hydrated, ion-rich galleries
- The strap architecture is redesigned so that *polar binding sites are not sacrificed*: pendant –CO2H/–CO2− groups remain after coupling via trimellitic/pyromellitic-derived motifs and/or protection/deprotection. Coupling is shifted toward less hydrolysis-prone activated esters (for –NH2 handles) and carbonate/urethane strategies (for –OH handles), with explicit water-activity control (RH pre-equilibration + dry solvent exchange + Karl Fischer monitoring). Vapor-phase functionalization is directly compared to low-water solution routes to maximize penetration and minimize acylation by adventitious water.

Addresses Reviewer Risk (ii): proving true interlayer bridging vs intercalation
- The plan adds *decisive structural proof*: total scattering/PDF to detect new real-space correlations; 15N-enabled SSNMR distance constraints (13C–15N REDOR) to demonstrate covalent proximity; and ToF-SIMS/confocal Raman/XPS depth profiling to confirm modification throughout particles and rule out surface-only grafting. Controls (nonreactive aromatic intercalation; mono-functional dangling graft) isolate mere adsorption effects.

Addresses Reviewer Risk (iii): TGA mechanistic fragility for complex organics
- The TGA approach is upgraded into a calibrated framework: evolved-gas assignments are benchmarked using pure standards and validated by TGA–GC/MS (intact parent detection) plus stepwise isothermal desorption with analytical recovery. Kinetic/isoconversional analysis is restricted to verified desorption-only regimes, explicitly separating desorption from decomposition/oxidation.

Addresses Reviewer Risk (iv): availability/orientation of carboxyl groups after coupling
- Functional-group accounting is built into the strap design: at least one carboxyl per strap is preserved (or regenerated by deprotection), and its accessibility is verified experimentally (carboxyl speciation by FTIR/XPS; acid-site titration/uptake tests). Thus, the pesticide-binding hypothesis remains chemically coherent post-reaction.

Addresses Reviewer Risk (v): environmental robustness and leaching
- The proposal defines explicit go/no-go acceptance criteria for humidity stability, adsorption/selectivity, and Mn/Cr leaching, and includes stress testing across pH/oxidant/ionic strength. A contingency pathway (ionic/noncovalent aromatic pillaring via dicarboxylate salt bridges) is pre-specified if covalent straps are nonuniform, preserving the central concept (mechanically stabilized π-rich slit + pendant acids) while reducing synthetic risk.

Anchor to provided assets
- Asset 1 supports the central role of interlayer water/hydrophilicity under ambient RH and the diagnostic value of TGA for retained volatiles; the revised plan uses this while enforcing structural locking.
- Asset 2 validates the lamellar-spacing control concept and the use of diffraction/TGA to quantify organic content and stability.
- Asset 3 supports dual-interaction adsorption (hydrophobic/π plus H-bonding) for plasticizers/pesticides; the revised architecture explicitly encodes these interactions with preserved pendant acids.","This is an unusually deep and carefully de-risked proposal that demonstrates strong command of layered MOF/coordination polymer chemistry, confined-space reactivity, and adsorption thermodynamics under ambient humidity. The engineering plan is detailed down to coupling chemistry choice, water-activity control, and quantitative strap-density targeting, which significantly reduces feasibility risk. Logical consistency is strong: mechanical stabilization, π-rich concentration planes, pendant carboxyl sites, and structured interlayer water are coherently integrated into a dual-mode adsorption mechanism. The upgrade of TGA from qualitative DTG assignment to a calibrated desorption/decomposition framework is particularly rigorous and directly addresses a known weakness in adsorption studies of complex organics. Minor score deductions arise from (i) the cumulative synthetic and characterization burden, which may strain timeline/resources even with contingency routes, and (ii) reliance on multiple high-end techniques (synchrotron PDF, REDOR, ToF-SIMS) whose access and integration could become a bottleneck rather than a scientific flaw. Overall, the proposal is scientifically sound, innovative, and unusually well-defended against reviewer risks."
"A polar, noncentrosymmetric MOF with reproducible Cc symmetry and enhanced second-order nonlinear optical response can be realized by replacing conventional single-metal SBUs with a **chemically pre-defined, charge-balanced fluorotellurite–alkaline-earth cluster SBU** whose anion order and dipole orientation are fixed prior to framework assembly, and by pairing this node with linker/topology combinations that *predictively* promote J-type excitonic coupling under controlled 7-fold interpenetration. The refined mechanism is threefold: (i) a crystallographically ordered Ae–Te(IV)–(F/OH) cluster, analogous to a fragment of the BaF2TeF2(OH)2 pseudo-Aurivillius layer, embeds a non-statistical mixed-anion dipole directly into the backbone, yielding intrinsic birefringence and a robust microscopic β tensor; (ii) macroscopic χ(2) is preserved by enforcing polar Cc packing through quantified domain-selection and anti-twinning criteria rather than post hoc symmetry assignment; and (iii) interpenetration enhances SHG only when linker transition dipoles adopt a net noncentrosymmetric, head-to-tail arrangement that produces J-aggregate–like coupling—explicitly modeled and experimentally verified across 3→7 interpenetration states—thereby increasing oscillator strength along the polar axis instead of quenching it via H-aggregation. This integrated strategy overcomes the chemical indeterminacy of Te(IV) oxofluoride speciation, the symmetry averaging risks of heavy interpenetration, and the ambiguity between generic π–π coupling and χ(2)-relevant hyperpolarizability.","### Step 1. Definition and validation of a realistic mixed-anion SBU (pre-MOF)
1.1 **Target SBU specification (mandatory precondition):** Isolate a neutral, tetranuclear cluster [Ae2M2(μ3-TeO2F2)(μ2-CO2)4(F/H2O)2] (Ae = Ba2+ or Sr2+; M = Zn2+), designed so that: (i) Te(IV) adopts a disphenoidal TeO2F2 geometry with two *terminal* F ligands fixed trans to the stereochemically active 5s2 lone pair, (ii) μ3-Te bridges two Ae and one M, fixing dipole orientation, (iii) OH groups are excluded from the primary coordination sphere in the F-rich variant to prevent statistical disorder. Charge balance and connectivity are pre-defined to match diamondoid net requirements.
1.2 **Cluster isolation and proof of viability:** Synthesize the cluster under strictly buffered fluoride activity (pH 3.5–4.5, controlled by NH4HF2/NH4F) in water/MeCN. Fully characterize by SCXRD (Te–F vs Te–O site assignment), 19F MAS NMR (single sharp resonance indicating ordered F), Raman (Te–F stretch), and Te K-edge EXAFS. Test stability by re-dissolution in DMF/H2O mixtures used for MOF growth; clusters that scramble F/O distribution are rejected.
1.3 **Built-in anion series (de-risking exchange):** Independently synthesize two cluster variants: (A) F-rich [TeO2F2] and (B) OH-rich [TeO3(OH)] analogues with identical nuclearity/connectivity. These serve as *separate starting nodes* rather than relying on post-synthetic F↔OH exchange.

### Step 2. Framework construction with controlled interpenetration
2.1 **Linker/topology choice guided by exciton model:** Select rigid, dipolar ditopic linkers with large transition dipoles aligned along the linker axis (e.g., push–pull stilbene-dicarboxylates). Periodic TD-DFT on model dimers predicts that face-to-face slip-stacked arrangements yield J-type coupling (red-shift, increased oscillator strength along stacking axis). Only linkers whose transition dipole aligns with the expected polar axis of Cc are advanced.
2.2 **MOF growth:** Assemble the MOF solvothermally using the pre-isolated cluster as a node precursor (no in situ Te chemistry). Concentration and solvent polarity are tuned to deliberately access 3-, 5-, and 7-fold interpenetrated diamondoid nets. Each interpenetration state is isolated as a distinct phase.

### Step 3. Quantitative polar-order enforcement and validation
3.1 **Symmetry control strategy:** Replace generic E-field claims with acceptance criteria: (i) refine against inversion and two-component twin laws; only crystals with twin fractions <0.15 are accepted; (ii) collect statistics over ≥10 independent crystals per phase; (iii) confirm polar order by thickness-scaling SHG (quadratic vs linear), piezoresponse force microscopy, and pyroelectric current measurements, not Flack alone.
3.2 **Chiral biasing:** Introduce 10 mol% enantiopure binaphthyl-dicarboxylate only if needed; quantify enantiomeric excess of domains via circular dichroism microscopy and SHG polar plots.

### Step 4. Mechanistic structure–property mapping
4.1 **Interpenetration vs χ(2) model testing:** For 3-, 5-, and 7-fold phases, extract transition dipole orientations from SCXRD, compute excitonic coupling (Frenkel model), classify H vs J aggregate behavior, and predict d_eff trends. Compare with Maker-fringe–derived dij tensors.
4.2 **Anion-order effects:** Compare F-rich vs OH-rich node series directly. Quantify birefringence (Δn), band gap, and SHG efficiency; correlate with refined Te–F/O occupancies and local order from PDF/EXAFS.

### Step 5. Controls and robustness
5.1 Controls identical to the original plan, but now benchmarked against the validated cluster chemistry.
5.2 Thermal, humidity, and UV stability tests ensure no anion scrambling or centrosymmetrization.","This revised plan directly resolves the reviewers’ concerns. (i) **Chemical realism:** The proposal no longer assumes vague ‘cluster pre-organization’ but defines a specific, charge-balanced Ae–Te(IV)–(F/O) SBU whose existence and solvent compatibility are proven *before* MOF synthesis, using complementary long- and short-range probes. (ii) **Polar symmetry rigor:** Cc assignment is validated by quantitative anti-twinning criteria, multi-crystal statistics, and functional polar measurements (SHG scaling, PFM, pyroelectricity), minimizing false positives from inversion twinning. (iii) **Mechanistic clarity:** Interpenetration is not assumed to help SHG generically; instead, excitonic coupling models distinguish beneficial J-type alignment from detrimental H-aggregation, guiding linker and topology selection and producing falsifiable predictions for dij trends. (iv) **Anion tuning de-risked:** Rather than relying on uncertain topotactic exchange, a built-in F-rich/OH-rich node series provides controlled, crystallographically resolvable anion order. Anchored in Asset 1’s mixed-anion birefringence logic and Asset 2’s interpenetration–oscillator-strength relationship, this refined approach is chemically executable and yields a uniquely rigorous platform for NLO-MOF design.","This is an unusually rigorous and technically mature proposal that demonstrates strong command of mixed-anion Te(IV) chemistry, crystallographic symmetry pitfalls, and nonlinear optical mechanism design. The greatest strength lies in the explicit pre-validation of the fluorotellurite SBU, which directly addresses a known failure mode in MOF-based NLO claims (anion scrambling and pseudo-polar symmetry). The excitonic coupling framework for interpenetration-dependent SHG enhancement is logically coherent and falsifiable, avoiding the common overgeneralization that interpenetration is intrinsically beneficial. Minor deductions arise from residual chemical risk: the isolation and solvent robustness of a neutral Ae–Te–Zn mixed-anion cluster with strict Te–F ordering remains challenging even under buffered fluoride conditions, and the scalability of reproducible Cc domain selection across multiple interpenetration states is ambitious. Nonetheless, these are execution risks rather than conceptual flaws."
"Room-temperature afterglow in Zn–terephthalate MOFs originates from linker-centered (π–π*) or linker–guest charge-transfer triplet states whose radiative/nonradiative balance is exquisitely sensitive to local rigidity and oxygen accessibility rather than metal-centered electronic structure (Zn(II), d10). We hypothesize that afterglow can be rendered stronger, longer-lived, and quantitatively informative of guest-sorption kinetics by an explicitly falsifiable design that couples: (i) nanocrystal surface gating using sterically and electronically programmed pyridine-derived ligands that are *provably confined to the external surface*; and (ii) a rigorously defined, reversible population of Zn-based open coordination sites (OCSs) whose density is independently quantified and held below the framework-instability threshold. In this architecture, surface gatekeepers impose a measurable mass-transfer resistance and modulate oxygen permeability, while transient guest binding at OCSs locally rigidifies terephthalate linkers and suppresses nonradiative decay of linker-centered triplets. Because the same surface barrier controls both guest ingress and O2 quenching, and because OCS–guest locking alters intrinsic triplet decay rates, the phosphorescence lifetime/intensity becomes a dual reporter of (a) transport kinetics and (b) binding-induced excited-state stabilization. By pre-fixing OCS density, gatekeeper coverage, and O2 permeability through orthogonal measurements, we eliminate model degeneracy and enable optical transients to quantitatively encode sorption kinetics rather than framework degradation or nonspecific pore blocking.","Platform selection and go/no-go logic (addresses material-risk critique):
1.1 Primary platform: [Zn(TPA)(L)]-type Zn–terephthalates with solvent-labile axial ligands (L = DMF, DEF) that have demonstrated reversible solvent exchange and afterglow emission (cf. Asset 4). Secondary platform: a defect-engineered, Zn–BDC framework with known missing-linker chemistry and higher moisture tolerance than MOF-5. MOF-5 is included only as a benchmark and is subject to a strict go/no-go criterion.
1.2 Go/no-go criteria (applied after activation and after surface capping): retention of ≥80% BET surface area, unchanged PXRD peak positions/widths, and reversible OCS titration (see below). Failure triggers immediate exclusion of that phase from kinetic–photophysical modeling.

Definition and quantification of OCSs (mandatory orthogonal methods):
2.1 Operational definition: an OCS is a Zn site that (i) can reversibly bind a neutral N-donor (pyridine/CO) at room temperature, (ii) is regenerated upon mild evacuation or solvent re-dosing, and (iii) does not lead to permanent linker loss.
2.2 Quantification methods (applied to every sample used for modeling):
- IR spectroscopy of adsorbed CO and pyridine to quantify coordinatively unsaturated Zn via characteristic ν(CO) and ring modes.
- Volumetric pyridine titration (gas or vapor) combined with TGA/elemental analysis to obtain mmol OCS per g.
- Cross-check by solid-state 15N NMR (for selected samples) to distinguish coordinated vs physisorbed pyridine.
OCS density is fixed at low-to-moderate levels (target: 0.05–0.15 OCS per Zn) to avoid framework destabilization.

Nano-MOF synthesis with controlled size and defect density:
3.1 Prepare 30–150 nm nanocrystals using an acid-modulated growth regime (benzoic or acetic acid), explicitly targeting low local Zn2+ activity to terminate growth (Asset 1 logic).
3.2 Decouple size from defect density by orthogonal modulation: particle size tuned by modulator concentration; OCS density tuned post-synthetically via controlled solvent removal/re-dosing rather than by aggressive modulated synthesis.

Surface-gatekeeper design with decisive spatial-localization proof:
4.1 Gatekeeper library restricted to ligands with known Zn–N binding energies but large steric profiles that preclude pore entry (minimum van der Waals diameter > pore aperture):
- G1: 4-tert-butylpyridine (neutral, steric barrier)
- G2: 4-(trifluoromethyl)pyridine (lower basicity, dynamic binding)
- G3: fluorinated bulky pyridine tracer (e.g., perfluoro-tert-butyl-pyridine) for XPS/F mapping
- G4: ditopic bipyridine clamp with bulky ortho substituents, geometrically incapable of internal coordination.
Highly basic small ligands (DMAP, 4-aminopyridine) are excluded from the primary dataset and used only as failure-mode controls.
4.2 Spatial localization proof (quantitative, mandatory):
- Angle-resolved XPS depth profiling of N 1s and F 1s (for G3) to extract surface vs subsurface distributions.
- ToF-SIMS mapping of characteristic pyridyl fragments to confirm external localization.
- Pore-access sentinels: size-excluded probe guests (e.g., mesitylene) vs pore-fitting probes (CO2, acetone). Unchanged uptake capacity but altered uptake *rates* confirms surface gating rather than pore poisoning.

Photophysics experiments that discriminate mechanisms:
5.1 Oxygen-quenching analysis: Stern–Volmer plots of lifetime vs pO2 under fixed guest loading to separate changes in O2 permeability from intrinsic triplet decay (k0).
5.2 Temperature-dependent phosphorescence (80–300 K): activation energies for nonradiative decay extracted to identify rigidification-driven suppression vs transport-limited oxygen quenching.
5.3 Direct triplet probes: nanosecond–microsecond transient absorption to identify linker-centered triplet signatures; time-resolved EPR (where feasible) to confirm organic triplet character and rule out defect-induced radicals.

Kinetic–photophysical coupling with identifiability control:
6.1 Independently measured/fixed parameters: OCS density (Section 2), gatekeeper coverage (XPS/TGA), O2 permeability (steady-state quenching under N2/O2 mixtures).
6.2 Stepwise fitting protocol: (i) fit uptake transients to extract surface resistance and diffusion coefficients without photophysics; (ii) fix these values and fit phosphorescence decays; (iii) perform profile-likelihood or Bayesian identifiability analysis to ensure unique parameter solutions.
6.3 Validation: predict sorption kinetics from optical transients for unseen gatekeeper/size combinations; accept success only if predictions fall within ±20% of microbalance-derived values.

Controls and failure-mode tests:
7.1 Bulk crystals ± capping, nano-MOFs ± capping, inert non-coordinating surface coatings.
7.2 Water-exposure cycling to explicitly test whether observed photophysics tracks reversible OCS/guest chemistry or irreversible degradation.","This revised plan directly addresses reviewer concerns by narrowing material risk, enforcing mechanistic falsifiability, and eliminating parameter degeneracy. First, the primary Zn–terephthalate platforms are chosen for demonstrated reversible solvent exchange and afterglow emission, while MOF-5 is demoted to a benchmark subject to explicit go/no-go criteria, preventing resource loss to unstable phases. Second, OCSs are no longer treated abstractly: they are operationally defined and quantified by at least two orthogonal methods, ensuring that ‘transient OCS chemistry’ is real, reversible, and bounded below the instability threshold. Third, surface vs internal coordination ambiguity is resolved by design—only sterically excluded gatekeepers are used for core datasets, and spatial localization is proven quantitatively by angle-resolved XPS, ToF-SIMS, and size-exclusion sentinels. Fourth, the photophysical mechanism is reframed correctly for Zn(II) MOFs: linker-centered triplets are directly probed by transient absorption/EPR, while oxygen quenching and rigidification effects are disentangled via Stern–Volmer and temperature-dependent lifetime analyses. Finally, model over-parameterization is prevented by fixing independently measured quantities and applying a stepwise, identifiability-checked fitting protocol. Together, these refinements transform the concept from a plausible correlation into a rigorously testable, self-reporting kinetic platform that leverages the unique coupling between surface chemistry, guest transport, and organic-triplet photophysics in Zn–terephthalate nano-MOFs.","This is a technically sophisticated and unusually well-falsified proposal that demonstrates deep command of Zn(II) MOF photophysics and surface chemistry. The strongest feature is the explicit elimination of common degeneracies: surface vs pore coordination, transport vs intrinsic decay, and defect density vs particle size. The operational definition and bounded use of OCSs is particularly rigorous and directly addresses instability critiques. Minor weaknesses remain. First, angle-resolved XPS depth profiling on 30–150 nm nano-MOFs may offer limited quantitative depth resolution given surface roughness and charging; while acceptable as a convergence-of-evidence approach, its standalone resolving power is overstated. Second, ToF-SIMS and ARXPS provide localization but not strict exclusion of rare internal coordination events, which could still bias kinetics at low OCS densities. Third, the kinetic–photophysical identifiability framework, though well designed, is ambitious and will require exceptionally clean datasets; the ±20% prediction criterion may be optimistic for early-stage systems with coupled oxygen diffusion and guest binding. These issues warrant modest score deductions but do not undermine the core logic."
"If (i) a MIL-68→MIL-68-Br shell is grown under explicitly facet- and supersaturation-controlled seeded conditions that produce a *single-crystal, epitaxial* (or at minimum, crystallographically registered and non-polycrystalline) conformal skin with quantifiable low strain and narrow shell-thickness dispersion, and (ii) a subsequent NDC incorporation step is operated in a reaction–diffusion regime that preserves framework integrity (no crack-induced mesoporosity) while generating a time-predictable, radial MIL-68-Br→MOF-NDC compositional gradient, then glucose oxidase (GOx) can be immobilized with (a) a chemically uniform, quantifiable outer-shell coupling-site density and (b) a reproducible internal partitioning volume/microenvironment—together yielding statistically significant reduction of between-batch and sensor-to-sensor coefficient of variation (CV) in GOx activity and amperometric sensitivity.
Mechanistically, the proposal no longer assumes epitaxy or gradient formation; it *tests and constrains* them. (1) Epitaxial/registered shell growth constrains functional-handle density because the number of exposed linker-derived groups per external area becomes a function of a narrow distribution of shell thickness and facet population rather than uncontrolled polycrystalline overgrowth. (2) A validated reaction–diffusion (shrinking-core) conversion front constrains the internal enzyme-uptake volume and local polarity/π-surface environment by fixing conversion depth as a kinetic state variable (effective diffusion coefficient D_eff and exchange rate k_rxn). (3) A Pd-free, MOF-compatible amine-handle strategy with direct N 1s quantification avoids catalytic-metal contamination and provides a measurable surface-chemistry control knob; together with direct GOx activity assays (not just loading), this establishes a discriminating causal chain: (shell crystallographic coherence + amine-site density) → (GOx active fraction/orientation surrogate) → (electrochemical dispersion).","Step 0. Pre-registered materials/constraints (to enforce interpretability)
0.1 Choose one MIL-68 chemistry (e.g., Al-based MIL-68) and lock metal source, solvent (DMF/H2O ratio), and modulator identity across all experiments. Record and report water content (Karl Fischer) and acid equivalents.
0.2 Define acceptance criteria before proceeding to biosensing: (i) shell thickness CV ≤ 10% across ≥100 particles, (ii) no emergent mesopore peak attributable to cracking (NLDFT PSD), (iii) depth-resolved Br and NDC signals consistent with a monotonic radial gradient.

Step 1. MIL-68 seed synthesis with morphology statistics anchored
1.1 Modulated solvothermal synthesis targeting 1–3 µm rods/hexagonal prisms: vary modulator (e.g., benzoic acid or acetic acid) equivalents to suppress secondary nucleation. Collect ≥3 independent seed batches.
1.2 Morphology metrology: SEM at fixed coating thickness (e.g., 5 nm Au/Pd or carbon), 5 kV, fixed working distance; automated segmentation for length/diameter distributions; report CV and skewness.
1.3 Crystallographic baseline: PXRD + SAED on representative crystals to establish seed orientation and defect baseline.

Step 2. Seeded MIL-68-Br shell growth with facet/supersaturation control and *proof of epitaxy vs polycrystalline shell*
2.1 Growth design (supersaturation-limited): perform seeded solvothermal growth using 2-bromoterephthalic acid (2-Br-BDC) with (a) high seed/precursor ratio and (b) controlled precursor dosing (syringe pump feed into hot mother liquor or stepwise temperature ramp) to stay below secondary nucleation threshold.
2.2 Facet-resolved growth study: run a matrix varying (i) 2-Br-BDC concentration, (ii) modulator concentration, (iii) temperature ramp rate. For each condition quantify: shell thickness distribution, facet roughening, and presence of free MIL-68-Br crystallites (centrifugation + SEM count).
2.3 Decisive epitaxy diagnostics (mandatory):
  - HR-TEM on FIB-lifted lamellae through core–shell interface; acquire lattice fringe continuity across interface.
  - SAED mapping across core and shell to test identical zone axes / crystallographic registry.
  - If available, synchrotron nano-XRD or 4D-STEM orientation mapping to quantify misorientation distribution.
  - Quantify lattice mismatch/strain: measure d-spacings (HR-TEM/SAED) and compare to bulk MIL-68 and MIL-68-Br; report misfit and strain relaxation length vs shell thickness.
2.4 Shell-thickness statistics: for each optimized condition, measure shell thickness on ≥100 particles (TEM or cross-sectional SEM) and report mean±SD and CV.
2.5 Chemical localization: STEM-EDS mapping of Br restricted to shell (but treated as necessary, not sufficient evidence).

Step 3. Controlled NDC incorporation: reaction–diffusion regime design, gradient proof, and porosity integrity checks
3.1 Conversion protocol (mild, diffusion-limited): expose MIL-68@MIL-68-Br to NDC linker solution at controlled acidity (buffered modulator acid equivalents) and temperature chosen to keep framework labile yet intact. Use time series (e.g., 0.5, 1, 2, 4, 8, 16 h).
3.2 Mechanism-discriminating mass balance (mandatory):
  - Time-resolved solution-phase LC-MS/HPLC quantification of released 2-Br-BDC (and any parent BDC if present) and uptake of NDC (by depletion).
  - Confirm metal leaching is minimal (ICP-OES of supernatant). Set a maximum allowable metal loss threshold (e.g., <2% of total metal).
3.3 Depth-resolved gradient verification (mandatory, orthogonal to EDS):
  - ToF-SIMS depth profiling: track Br-containing fragments (shell) and NDC-characteristic fragments as a function of sputter time; calibrate sputter rate on a reference.
  - Angle-resolved XPS (ARXPS): quantify Br 3d attenuation vs take-off angle to derive effective shell thickness and its change after NDC step.
  - TEM-EDS/EELS on lamellae: map C/O ratio changes and aromatic signatures (EELS fine structure if feasible) alongside Br to distinguish true composition change from void formation.
3.4 Porosity/crack exclusion (mandatory):
  - N2 sorption with NLDFT pore size distribution evolution vs time; look specifically for emergence of mesoporosity (2–50 nm) indicative of cracking/etching.
  - Optional: positron annihilation lifetime spectroscopy (PALS) or mercury intrusion (if appropriate) as secondary crack/mesopore probe.
3.5 Kinetic modeling (mandatory): fit conversion-depth vs time to a shrinking-core / reaction–diffusion model. Extract D_eff (NDC through shell/pores) and k_rxn (exchange/growth rate). Use cross-sectional composition profiles (ToF-SIMS/TEM) as the fitting observable. Pre-register which model selection criterion will be used (AIC/BIC) to avoid overfitting.

Step 4. Pd-free, quantifiable coupling-handle strategy + direct GOx activity retention
4.1 Replace Pd-catalyzed amination with two benchmarked Pd-free routes (run in parallel):
  A) Mixed-linker shell (preferred): during shell growth, co-feed a small fraction (e.g., 1–10 mol%) of an amine-bearing linker (e.g., 2-aminoterephthalic acid) together with 2-Br-BDC to embed primary amines directly in the shell while retaining Br handles as needed. This avoids post-synthetic harsh chemistry.
  B) SNAr feasibility test on aryl–Br (contingent): attempt nucleophilic substitution only if the aryl–Br is sufficiently activated; conduct on model compounds first, then on MOF under mild polar aprotic conditions; proceed only if PXRD/porosity indicate no degradation.
4.2 Surface chemistry validation (mandatory):
  - XPS quantification: N 1s (amine), Br 3d (handle), and chemical states; compute amine surface density proxy (N/metal or N/C normalized to adventitious carbon control).
  - ToF-SIMS surface spectra (not depth) to confirm amine-related fragments and absence of Pd.
4.3 GOx immobilization scheme aligned to spatial stratification:
  - Covalent anchoring primarily at shell: activate amines with glutaraldehyde (aqueous, pH controlled) to bind GOx lysines; optimize glutaraldehyde concentration to avoid excessive crosslinking (screen 0.05–1% v/v).
  - Internal entrapment: after covalent step, perform a short secondary incubation under conditions that promote partitioning into NDC-rich interior (ionic strength and pH tuned) but minimize further crosslinking.
4.4 Quantify both loading and *active fraction* (mandatory):
  - Loading: BCA assay and/or fluorescently labeled GOx with calibration; report per gram and per external surface area.
  - Activity retention: Amplex Red/HRP assay (H2O2 production) or dissolved O2 consumption before and after immobilization; report specific activity (U per mg GOx loaded) and active fraction (% relative to free GOx).
  - Leaching: challenge in buffer over time and quantify released protein/activity.

Step 5. Sensor fabrication and reproducibility/causality mapping
5.1 Electrode preparation: standardize mass loading (µg cm−2), binder type, and drying protocol; document film thickness (profilometry) to remove a major dispersion source.
5.2 Electrochemical testing: amperometric glucose response (and if relevant, FET architecture benchmarking against Asset 1 logic); quantify sensitivity, LOD, response time, and interferent selectivity.
5.3 Variance partitioning with mechanistic covariates (mandatory enhancement):
  - Fabricate ≥5 synthesis batches × ≥5 sensors per batch.
  - Report CV for: (i) shell thickness, (ii) amine density (XPS N 1s), (iii) D_eff and k_rxn (from model fits), (iv) GOx loading, (v) GOx active fraction, (vi) electrochemical sensitivity/LOD.
  - Use ANOVA/mixed-effects model where batch is random effect; include mechanistic covariates (shell thickness CV, N 1s level, D_eff, k_rxn) to test mediation: do these variables statistically explain sensitivity dispersion?

Step 6. Controls (expanded to discriminate mechanisms)
6.1 Structural controls: MIL-68 only; MIL-68-Br only; non-seeded MIL-68-Br (secondary nucleation); fully converted MOF-NDC; and a deliberately cracked/etched sample (generated by harsher exchange) to show how mesoporosity falsifies gradient claims.
6.2 Bioconjugation controls: (i) amine-free shell (Br-only) + glutaraldehyde (should show low coupling), (ii) free GOx physisorption only (no glutaraldehyde), (iii) mixed-linker shell vs any SNAr-derived amination (benchmark).
6.3 Activity controls: compare identical GOx loading but different active fraction to demonstrate why activity, not loading, governs sensor dispersion.

Milestones/Go–No-Go
M1: Demonstrated crystallographic registry (HR-TEM/SAED) + shell CV ≤ 10% (≥100 particles).
M2: Depth-resolved gradient validated by ToF-SIMS/ARXPS + LC-MS linker mass balance consistent with exchange, and NLDFT shows no crack-driven mesoporosity.
M3: Pd-free coupling yields quantifiable N 1s signal and retains ≥70% GOx specific activity vs free enzyme.
M4: Mixed-effects model shows significant reduction in between-batch CV of sensitivity and identifies shell CV, N 1s density, and/or D_eff,k_rxn as explanatory covariates.","1) Epitaxy/registered growth is treated as an experimentally testable constraint, not an assumption. Asset 3 shows MIL-68 can template MIL-68-Br growth and supports seeded shell engineering; we will explicitly quantify lattice mismatch/strain and crystallographic registry (HR-TEM/SAED or nano-XRD) and reject conditions that yield patchy/polycrystalline shells. Facet-resolved condition mapping and shell-thickness CV statistics across ≥100 particles directly address the reviewer’s concern about rod/prism facet-dependent growth.
2) The gradient claim is made falsifiable through orthogonal depth-resolved methods (ToF-SIMS, ARXPS, TEM-EDS/EELS) plus solution-phase linker mass balance (LC-MS/HPLC of released/consumed linkers) and independent porosity diagnostics (NLDFT PSD). This combination distinguishes true exchange/growth from etching/cracking scenarios that could also reduce Br signal.
3) The bioconjugation route is made MOF-compatible and Pd-free by prioritizing mixed-linker shell installation of amines (with XPS N 1s quantification) and benchmarking any alternative chemistry only if structural integrity is preserved. GOx performance is evaluated by activity retention (Amplex Red/O2 consumption) in addition to loading, directly addressing the orientation/activity part of the causal chain.
4) The reproducibility mechanism is anchored in measurable kinetic parameters rather than narrative. By fitting reaction–diffusion/shrinking-core kinetics (D_eff, k_rxn) and incorporating these as covariates in variance-partitioning models, we can test whether controlling shell coherence, coupling-site density, and conversion-front kinetics statistically mediates reductions in electrochemical dispersion—thereby meeting the directive to strengthen the causal chain from kinetic controls → surface chemistry → enzyme activity → sensor reproducibility.","This is an unusually rigorous and methodologically mature proposal. Its strongest feature is that it converts historically hand-waved assumptions in MOF core–shell biosensor design (epitaxy, gradient formation, enzyme activity vs loading) into falsifiable, quantitatively constrained variables. The engineering resolution is very high: HR-TEM/SAED, ToF-SIMS depth profiling, ARXPS, LC-MS mass balance, and mixed-effects statistical modeling are all used with clear decision thresholds. Logical consistency is likewise strong—the causal chain from crystallographic coherence and reaction–diffusion kinetics to enzyme active fraction and electrochemical CV is mechanistically defensible and experimentally testable. Minor deductions arise from (i) the practical risk that full epitaxial registry in MIL-68/MIL-68-Br across all facets may prove rare or yield-limited despite the controls, and (ii) the very high experimental burden (FIB, ToF-SIMS, nano-XRD, mixed-effects statistics) which could constrain throughput and statistical power if not carefully staged. Evidence grounding is strong and stays within MOF chemistry and biosensing, though the proposal occasionally leans heavily on idealized shrinking-core assumptions that may break down in anisotropic rod/prism geometries. The rationale is compelling: it does not merely apply MOFs to GOx sensing, but directly targets reproducibility as a materials-kinetics problem rather than a fabrication nuisance."
"Pyridine can be used as a monotopic coordination modulator to bias *anisotropic* (plate-/sheet-like) growth and suppress through-thickness stacking of Ni-based MOF crystallites during in-situ solvothermal deposition on nickel foam, *provided* that the pyridine:metal (Py:Ni) ratio is kept in a bounded window that reduces axial growth without fully poisoning node–linker propagation or inducing competing phases. When combined with a MOF-compatible mesoporogen (selected to survive solvothermal conditions and to decompose cleanly) and a programmed two-step thermal conversion (carbonization under inert gas followed by low-pO2 activation), the resulting MOF-derived Ni/NiOx–N-doped carbon coating will retain interconnected mesopores and macropore accessibility from the foam, translating high gas-accessible BET area into liquid-electrolyte-accessible electroactive area (ECSA) and measurably improved transport (higher effective diffusivity, lower tortuosity). Mechanistically: (i) pyridine caps labile Ni sites and competes with carboxylate coordination to reduce lateral fusion and uncontrolled thickening, increasing external surface and shortening ion diffusion length; (ii) the mesoporogen generates mesoscale voids that persist after calcination only if a carbon scaffold forms early (inert stage) before oxidative activation; (iii) controlling O2 partial pressure and ramp/dwell prevents Ni nanoparticle sintering (preserving dispersion) while avoiding carbon burn-off (preserving percolation and mesoporosity). The hypothesis is tested by linking synthesis parameters to quantifiable structural outputs (sheet thickness, mesopore volume, Ni particle size, N speciation, conductivity) and to transport/catalytic proxies (ECSA metrics corrected for pseudocapacitance, Warburg-derived diffusivity, and limiting-current analysis where applicable).","1) Experimental design (factorial matrix with quantitative targets)
- Factors (minimum 3×3×3; fractional factorial allowed after screening):
  A. Pyridine modulation (Py:Ni molar ratio in precursor): 0, 0.25, 1.0, 2.0 (screen), then refine around the optimum window (e.g., 0.2–1.2) based on phase purity/adhesion.
  B. Mesoporogen (type and loading):
     • Type: Pluronic F127 (nonionic block copolymer) vs CTAB (cationic surfactant) vs no template.
     • Loading: 0, 1, 5 wt% relative to organic linker (or 0, 1, 5 g L−1 in solvothermal mother liquor).
  C. Calcination atmosphere program (controls Ni sintering vs porosity retention):
     • Step-1 carbonization: N2 or Ar, 2–5 °C min−1 to 450–550 °C, dwell 1–2 h.
     • Step-2 activation/partial oxidation: O2/Ar with controlled pO2 = 0 (inert control), 0.1%, 0.5%, 1.0% O2; 1–2 °C min−1 to 300–400 °C, dwell 0.5–1 h.
- Response metrics (predefined acceptance/targets to replace qualitative claims):
  R1 BET SSA (m2 g−1) and R2 mesopore volume (cm3 g−1); target: ≥30% increase vs no-template/no-pyridine baseline while retaining accessible mesopores (2–50 nm).
  R3 Sheet/coating thickness and platelet aspect ratio (SEM/TEM cross-section); target: mean coating thickness 1–10 μm with nanosheet subunits <50–100 nm thick.
  R4 Adhesion (tape test + sonication mass-loss); target: <10% mass loss after 10 min sonication.
  R5 Electrical conductivity (4-point probe on coated foam or pressed film analog); target: ≥2× vs non-calcined MOF.
  R6 Ni particle size distribution post-calcination (TEM; >200 particles counted); target: d50 < 20 nm and minimal coarsening across pO2.
  R7 ECSA metrics with pseudocapacitance separation (see Section 4); target: ECSA increase ≥2× vs no-pyridine or no-template controls.
  R8 Transport metrics: (i) effective diffusivity Deff from EIS finite-length diffusion / transmission line fitting; (ii) tortuosity τ from Deff and porosity; target: Deff increase ≥30% and τ decrease vs controls.

2) Substrate preparation and MOF growth on nickel foam (architectural controls)
- Nickel foam pretreatment: acetone/ethanol/water ultrasonication; mild acid etch (e.g., 1–2 M HCl, 5–10 min) to remove native oxides; rinse; optional seed layer via brief Ni2+ exposure to promote nucleation.
- MOF selection and growth rationale:
  • Primary: Ni2(BDC)2(DABCO)-type (or closely related Ni-carboxylate with pillaring amine) to leverage known pyridine-mediated thickness control in Ni–BDC–DABCO families.
  • Secondary contingency (if phase instability appears under pyridine): switch to a Ni-BDC framework tolerant to monotopic modulators (e.g., Ni-BDC variants without pillaring competition) while keeping the pyridine modulation concept constant.
- Solvothermal recipe (parameterized): Ni salt + BDC + DABCO in DMF/EtOH/H2O mixed solvent; pyridine added at designed Py:Ni; mesoporogen dissolved separately and combined; foam immersed vertically to avoid sedimentation.
- Process controls:
  • Temperature/time: 100–140 °C for 6–18 h.
  • Concentration: keep total metal concentration constant across matrix; vary only the designed factors.
  • Post-growth washing: DMF/EtOH exchange to remove free ligands/mesoporogen; controlled drying (supercritical CO2 drying if severe collapse is observed in early trials).
- Immediate structural check (go/no-go): PXRD for phase; SEM for coverage; if crystallinity collapses at high Py, bracket the Py window downward.

3) Template-assisted calcination with sintering/porosity-retention safeguards
- Rationale: ensure carbon scaffold forms before exposure to O2 to prevent pore collapse and carbon burn-off.
- Programmed calcination:
  • Stage I (inert carbonization): Ar or N2, 2–5 °C min−1 to 500 °C, 90 min dwell. Purpose: convert linker/pyridine to N-doped carbon; immobilize Ni species.
  • Stage II (controlled activation/partial oxidation): switch to Ar/O2 with calibrated pO2 (0–1.0%); 1–2 °C min−1 to 350 °C, 30–60 min dwell. Purpose: tune Ni(0)/NiO/NiOOH-forming propensity and create additional micropore/mesopore openings without extensive carbon loss.
  • Optional Stage III (re-reduction control sample): 5% H2/Ar at 300–400 °C for 30 min to assess the role of Ni oxidation state vs structure.
- Quantify burn-off and shrinkage: TGA/DSC in matching atmospheres; record mass yield; correlate with BET and conductivity.

4) Mechanistic validation: phase/chemistry + ECSA and transport quantification with appropriate controls
- Hard controls (mandatory):
  C1 No pyridine (Py:Ni = 0) with template; C2 no template with pyridine; C3 neither pyridine nor template; C4 MOF on foam without calcination; C5 powder MOF treated identically (no foam) then cast on inert support; C6 bare nickel foam calcined under same programs.
- Structural/chemical verification:
  • PXRD: MOF phase before; Ni/NiO/Ni3N (if present) after.
  • XPS: N 1s deconvolution (pyridinic/pyrrolic/graphitic N), Ni 2p; quantify Ni(0)/Ni(II)/Ni(III) fractions (supported by Auger parameter if available).
  • Raman: ID/IG for carbon disorder/graphitization; track changes with pO2.
  • TEM/HR-TEM + STEM-EDS: Ni particle size distributions pre/post; spatial mapping of Ni, N, O; look for sintering at higher pO2.
  • Porosity: N2 sorption (BET, t-plot microporosity, BJH/DFT pore distributions); mercury intrusion or capillary flow porometry (macropore access) if available.
- Electrochemical metrics with pseudocapacitance separation:
  • ECSA(1): non-faradaic Cdl from CV in a rigorously identified non-faradaic window, multiple scan rates, linear fit of Δj/2 vs scan rate; verify window via absence of Ni redox features.
  • ECSA(2): corroboration via a probe reaction less sensitive to pseudocapacitance where feasible (e.g., reversible outer-sphere redox probe on carbon-dominant surfaces) and/or underpotential deposition if compatible.
  • Report both and reconcile discrepancies; do not equate Cdl directly to absolute area without cross-check.
- Quantitative transport analysis (linking hierarchy → Deff/τ):
  • EIS: fit using transmission line / finite-length diffusion model to extract Warburg-related parameters and effective diffusivity (Deff).
  • If reaction system allows (e.g., ORR/OER or a suitable redox couple): Koutecký–Levich analysis for kinetic vs diffusion separation and limiting-current-derived mass-transfer coefficients.
  • Tortuosity estimate: τ ≈ Dbulk/Deff × ε (with ε from porosimetry/sorption), reported comparatively across the factorial set.

5) Decision rules and iteration
- If pyridine induces phase change or poor adhesion: lower Py:Ni, shorten solvothermal time, or introduce stepwise addition of pyridine (late-stage modulation) to preserve nucleation/anchoring.
- If mesopores collapse after calcination: reduce pO2, reduce ramp, extend inert dwell to enhance carbon scaffold, or switch mesoporogen (F127 → CTAB or vice versa) and consider solvent exchange/supercritical drying.
- If Ni sinters (TEM d50 > 30 nm): reduce max temperature, reduce dwell, increase heating rate modestly in Stage I (to shorten time at sintering-prone temperatures), or introduce a brief pre-oxidation at very low pO2 to anchor Ni as NiO before carbonization (tested as an additional controlled variant).

Deliverables
- A parameter–response map identifying the Py/template/pO2 window that maximizes *accessible* mesoporosity, minimizes τ, and yields stable Ni/NiOx dispersion on conductive N-doped carbon integrated with nickel foam, supported by control-normalized mechanistic evidence rather than absolute claims.","1) Why pyridine is expected to work (and how risk is bounded): Prior Ni–BDC–DABCO systems show pyridine can suppress thickness via competitive coordination; however, over-modulation risks phase change/crystallinity loss. The factorial Py:Ni sweep with early PXRD/SEM go/no-go criteria explicitly identifies the viable modulation window and prevents overclaiming.
2) Template compatibility and pore-retention strategy: Instead of unspecified “polymer micelles,” the plan tests mesoporogens with documented solvothermal tolerance (F127, CTAB) and pairs them with a two-step thermal program where carbon forms under inert conditions before any O2 exposure—addressing the reviewer’s pore-collapse concern.
3) Calcination control variables are tied to mechanistic outcomes: pO2 and ramp/dwell are parameterized to balance (i) Ni nanoparticle sintering (tracked by TEM size distributions), (ii) carbon burn-off vs percolation (Raman ID/IG, mass yield), and (iii) Ni oxidation-state tuning (XPS Ni 2p), rather than being described qualitatively.
4) Causal attribution (structure → ECSA → transport) is made testable: Hard controls (no pyridine/template/foam/calcination) isolate each design element. ECSA is not inferred from a single Cdl metric; pseudocapacitance is managed via non-faradaic windows and corroborative probes. Transport improvements are quantified using EIS finite-length diffusion/transmission-line fitting and (where applicable) limiting-current analyses, enabling direct linkage to Deff and tortuosity rather than generic “enhanced mass transport.”","This is a highly resolved and unusually rigorous proposal for a MOF-derived electrode architecture. Strengths include: (i) explicit bounding of pyridine’s coordination-modulation role to avoid phase poisoning, (ii) a well-justified two-step calcination strategy that mechanistically separates carbon scaffold formation from oxidative activation, and (iii) quantitative transport analysis (Deff, tortuosity) rather than qualitative mass-transport claims. The factorial design is ambitious but logically structured, and the control set is exemplary. Minor deductions arise from two areas: first, the reliance on Ni–BDC–DABCO chemistry assumes transferability of pyridine thickness control under in-situ foam growth, which is plausible but not guaranteed; second, mesoporogen behavior under mixed-solvent solvothermal conditions (DMF/EtOH/H2O) is asserted rather than preliminarily validated, particularly for CTAB. These are manageable risks but still speculative at proposal stage."
"A compositionally random mixed-linker Zn–imidazolate ZIF with node-proximal, atomically dispersed Cu(II/I) sites will enable *predictable* visible-light photocatalysis because (i) linker-electronics mixing shifts the ionization potential (IP) and electron affinity (EA) to straddle water/pollutant redox potentials at defined pH with a target optical gap of 1.9–2.5 eV, while (ii) isolated Cu sites introduce ligand-to-metal charge transfer (LMCT) and redox-trapping states that extend charge-separated lifetimes without creating CuOx clusters or homogeneous Cu pathways. The central mechanistic claim is falsifiable: if (a) the mixed-linker distribution is proven random at the nanometer scale with quantified defect density, (b) IP/EA-derived band edges (not Mott–Schottky alone) are within pre-registered windows vs NHE (pH 0 and 7) with bounded uncertainty, and (c) Cu remains predominantly single-site and non-leaching under illumination, then wavelength-dependent AQY/action spectra and photon-normalized kinetics will track the tuned band structure rather than oxide-skin activity or simple absorption increases. A deliberately ultrathin, discontinuous hydrophilic oxide overlayer (TiO2 or NiOOH; ≤1–3 nm, <~10–15% surface coverage by TEM/XPS) is used only as a kinetic interfacial promoter; selective excitation and absorption-normalized AQY will determine whether catalysis originates from the MOF electronic structure (mixed-linker/Cu) versus the oxide skin.","Stage 0 — Pre-registration of quantitative targets, uncertainty bounds, and go/no-go metrics
0.1 Band-edge targets (defined at 25 °C): convert measured IP/EA to E(VB/CB) vs NHE using vacuum-to-NHE offset (4.44 eV). Pre-register acceptance windows including uncertainty.
• At pH 0: CBM (EA-derived) ≤ 0.0 V vs NHE by ≥0.10 V margin (target: −0.2 to −0.6 V); VBM (IP-derived) ≥ +1.23 V by ≥0.10 V margin (target: +1.4 to +2.0 V). Optical gap 1.9–2.5 eV.
• At pH 7: apply Nernst shift (~−0.059 V·pH−1 for relevant proton-coupled couples): require CBM ≤ −0.41 V (≥0.10 V margin) and VBM ≥ +0.82 V (≥0.10 V margin).
0.2 Photophysics go/no-go: (i) transient absorption (TA) or TRPL indicates ≥5× lifetime increase upon Cu incorporation (same composition) and (ii) measurable trapped-electron signature (EPR) attributable to Cu(I) formation under illumination.
0.3 Stability go/no-go for advancing to overall splitting: after 20 h irradiation in the intended electrolyte: (i) PXRD retains key reflections with <20% loss in integrated intensity; (ii) BET surface area retains ≥70%; (iii) linker loss (solution NMR/LC) ≤5% and metal leaching (ICP-MS) ≤1% of total.
0.4 Performance benchmarks (photon-normalized): sacrificial HER: AQY(420 nm) ≥ 0.5% and TON (per Cu site) ≥ 50 over 20 h; sacrificial OER: AQY(420 nm) ≥ 0.1% with confirmed O2; pollutant mineralization: TOC removal ≥ 50% (not just decoloration) with demonstrated heterogeneous control (see Stage 3).

Stage 1 — Computational downselection anchored to measurable observables (IP/EA, not only band gaps)
1.1 Build a composition library in sodalite (SOD) ZIF topology with Zn nodes and 2–3 imidazolate linkers spanning Hammett parameters (electron donating/withdrawing), e.g., 2-methylimidazolate, 2-aminoimidazolate, 2-nitroimidazolate (and optionally 2-chloroimidazolate if synthetic compatibility holds).
1.2 Generate special quasi-random structures (SQS) for each composition (e.g., 25/75, 50/50, 75/25) to model true randomness; compute (i) IP/EA via slab/vacuum alignment or ΔSCF where feasible, (ii) optical gap (hybrid functional if tractable; otherwise calibrated GGA+U with correction to a reference ZIF measured by UPS/DRS), and (iii) density of states to flag defect-sensitive mid-gap states.
1.3 Model Cu single-site incorporation scenarios: (a) node-proximal substitution/coordination motifs consistent with ZIF chemistry (Cu bound to N sites, charge-compensated), (b) evaluate formation energies vs CuOx clustering propensity; compute LMCT transition signatures (TD-DFT on cluster models) to predict new absorption bands and EPR-relevant Cu(II)/Cu(I) fingerprints.
1.4 Downselect 2–3 lead compositions meeting pre-registered IP/EA windows with predicted minimal mid-gap defect states.

Stage 2 — Synthesis with explicit architectures that enable reliable band-edge measurement and nanoscale mixing verification
2.1 Mixed-linker ZIF synthesis: perform room-temperature or mild solvothermal co-crystallization with controlled linker feed ratios and identical total linker concentration; include modulator control (e.g., base concentration) to minimize defect variability across compositions. Prepare (i) powders for catalysis and (ii) oriented thin films for UPS.
2.2 Thin-film protocol for electronic measurements (replaces reliance on Mott–Schottky): grow ZIF films on conductive substrates with defined work function and minimal roughness (Au/ITO/FTO), using seeded growth to target thickness 50–200 nm (thick enough for UPS signal, thin enough to avoid charging). Verify uniformity by AFM/ellipsometry. Use low-energy electron flood gun if needed to mitigate charging; cross-check with Kelvin probe (work function) where possible.
2.3 Cu incorporation: prioritize routes that favor atomically dispersed Cu and suppress CuOx nucleation.
• Route A (preferred): post-synthetic cation exchange at low concentration (≤1–5 mol% relative to Zn sites), followed by gentle activation (≤150–200 °C under inert) to fix coordination without framework collapse.
• Route B (control): intentionally form CuOx clusters by higher loading or oxidative anneal to create a “cluster-positive” comparator.
2.4 Oxide overlayer (only after establishing MOF-only activity): employ confined hydrolysis/ALD-like limited-growth to generate discontinuous 1–3 nm TiO2 or NiOOH islands. Hard constraints: (i) XPS attenuation and TEM confirm <~10–15% surface coverage; (ii) N2 sorption shows ≤15% loss in pore volume; (iii) DRS shows no dominant new absorption from the oxide in the visible.

Stage 3 — Proving mixed-linker randomness and quantifying defects (mandatory attribution layer)
3.1 Composition and randomness:
• Digestive solution NMR: quantify linker ratios.
• Solid-state 13C/15N CP/MAS NMR: detect multiple local environments; compare to simulated/expected distributions for random mixing; extract evidence of clustering (peak splitting/broadening patterns beyond random expectation).
• Total scattering/PDF: quantify short-range order; fit Zn–N and linker–linker correlations; detect segregated domains or secondary phases.
• (S)TEM mapping: STEM-EDS/EELS (where feasible for N/C/O distributions and Cu) to check nanoscale homogeneity; use low-dose cryo/low-voltage strategies to mitigate beam damage.
3.2 Defect quantification and correlation to sub-gap absorption:
• Quantify missing-linker/unsaturated sites via TGA + elemental analysis + acid titration/IR of probe molecules; correlate with Urbach tail/sub-gap absorption (DRS) and with TA recombination kinetics.
• Establish a defect-performance map: if sub-gap absorption correlates with higher defect density rather than designed composition, that composition is deprioritized.

Stage 4 — Band-edge determination with bounded uncertainty (UPS/IP + optical gap + electrochemical validation)
4.1 UPS: measure secondary electron cutoff (work function) and valence onset (VBM relative to EF) on the defined films; compute ionization potential IP = WF + (EF−VBM). Report uncertainty from repeated samples (n≥3) and charging checks.
4.2 Optical gap: determine Eg,opt from diffuse reflectance (Kubelka–Munk/Tauc consistent method across samples) and cross-check with photothermal deflection spectroscopy if available to resolve Urbach tails.
4.3 Electron affinity and CBM estimate: EA = IP − Eg,opt; convert to E(CB) vs NHE using 4.44 eV offset; propagate uncertainties (ΔIP, ΔEg) and pre-register acceptable ΔE (e.g., ±0.15–0.20 eV).
4.4 Secondary validation (not primary): use redox mediators (outer-sphere couples) in photoelectrochemical measurements on the same films to bracket band positions; treat Mott–Schottky only as qualitative due to porosity/low conductivity.

Stage 5 — Cu speciation and leaching controls to exclude homogeneous/cluster-driven pathways
5.1 Ex situ speciation: XAS (XANES/EXAFS) to confirm Cu–N coordination and exclude Cu–O–Cu signatures; quantify average coordination number; XPS for surface oxidation state.
5.2 Operando/near-operando (if feasible): XAS under illumination in aqueous electrolyte to track Cu(II)↔Cu(I) cycling and detect emergence of CuOx.
5.3 Leaching/time-course: ICP-MS of aliquots during photocatalysis (0, 0.5, 2, 5, 20 h). Define pass criterion: ≤1% Cu loss over 20 h.
5.4 Hot filtration and reusability:
• Remove solid mid-reaction, continue illumination of filtrate; require negligible continued activity.
• Recycle catalyst ≥5 runs with stable rates and unchanged XAS signature.
5.5 Chelator suppression (heterogeneous vs homogeneous): add bathocuproine or EDTA in both light/dark; interpret carefully:
• If activity persists while leached Cu is complexed (and ICP shows no Cu), supports heterogeneous pathway.
• Run “homogeneous positive control”: add Cu2+ salt at measured leached-Cu concentration to a Cu-free ZIF and to a no-solid system to quantify any photo-Fenton-like contribution.
5.6 Cluster-positive comparator: test intentionally CuOx-clustered material; if it shows different action spectrum/ROS profile and stronger chelator sensitivity, supports that the single-site material operates differently.

Stage 6 — Photophysics and action spectra to attribute performance to band tuning (mandatory)
6.1 TRPL/TA: quantify carrier lifetimes and trapping dynamics across (i) single-linker, (ii) mixed-linker, (iii) mixed-linker+Cu, (iv) mixed-linker+oxide skin, maintaining equal absorbance at excitation wavelength.
6.2 EPR spin trapping (DMPO or equivalent): quantify •OH/•O2− generation rates; compare across variants; relate to band-edge alignment (oxidation strength) and Cu trapping.
6.3 Action spectra & wavelength-dependent AQY:
• Measure AQY(λ) at multiple wavelengths (e.g., 365/405/420/450/500 nm) with calibrated photon flux.
• Perform absorption normalization and apparent quantum yield calculations; require that AQY onset/shape tracks the MOF optical edge and shifts systematically with linker composition.
• Selective excitation tests: choose wavelengths where oxide absorbs minimally but MOF absorbs (and vice versa) to deconvolute contributions.

Stage 7 — Catalysis workflow with staged decision tree (half-reactions → overall splitting only if criteria met)
7.1 Sacrificial HER screen (visible light): standardized reactor geometry, photon flux, stirring, catalyst loading, and degassing; measure H2 by GC; report rates normalized by absorbed photons and by mass; determine TON per Cu.
7.2 Sacrificial OER screen: quantify O2 (GC) and confirm stoichiometry; use hole scavenger only in HER stage; for OER stage use electron acceptor as needed but pre-register the transition to unbiased conditions only after stability/photophysics gates are met.
7.3 Overall water splitting attempt (only if Stage 0.3 & 0.2 pass):
• Couple optimized HER/OER surfaces (NiOOH favored for OER; minimal loading) and verify 2:1 H2:O2 with isotopic labeling (H2O/D2O) to confirm source.
• Report STH (even if low) with full photon balance; if STH < pre-set minimal threshold (e.g., 0.01–0.05%) or stoichiometry deviates persistently, stop and revert to mechanistic refinement rather than performance claims.
7.4 Pollutant degradation with heterogeneous attribution:
• Model pollutants: dye + phenol-class; track concentration (HPLC/UV–Vis), intermediates (LC–MS), and mineralization (TOC).
• Run dark controls, no-catalyst controls, oxide-only controls, Cu-leachate homogeneous controls.
• Identify dominant ROS via scavengers and EPR; require that mineralization correlates with ROS generation and with action spectra rather than with dissolved Cu.

Stage 8 — Benchmarking and reporting discipline
8.1 Benchmarks: single-linker ZIF analogs, Cu-free mixed-linker ZIF, Ti-MOF benchmark (e.g., MIL-125-type), and commercial TiO2 under identical photon flux.
8.2 Report photon-normalized metrics (AQY, absorbed-photon rate) and full uncertainty; avoid “outperform” unless statistically significant vs benchmarks and attribution gates are satisfied.","1) Band-edge alignment feasibility without unreliable Mott–Schottky: The plan centers on UPS-derived ionization potentials on well-defined ZIF thin films (50–200 nm on Au/ITO/FTO with charging mitigation) plus optical gaps to obtain EA/CB positions vs NHE with propagated uncertainty (target ±0.15–0.20 eV). Redox-mediator bracketing provides secondary validation. This directly addresses the known unreliability of Mott–Schottky for porous/insulating ZIFs.
2) Mixed-linker randomness and defect rigor: Statistical mixing is not assumed; it is *proven* by convergent evidence (digest NMR for global ratios; solid-state 13C/15N NMR for local environments; total scattering/PDF for short-range order; STEM-EDS/EELS for nanoscale homogeneity) and paired with quantitative defect metrics that are explicitly correlated with Urbach tails/sub-gap absorption and recombination lifetimes.
3) Cu single-site vs cluster/homogeneous exclusion: The proposal implements a stringent speciation/leaching attribution stack: ex situ and (if possible) operando XAS, time-resolved ICP-MS, hot-filtration, chelator suppression in light/dark, and homogeneous Cu spike controls at the measured leached concentration. An intentionally cluster-rich comparator provides a mechanistic contrast. These controls are designed to falsify the claim if activity arises from CuOx clusters or dissolved Cu rather than MOF-embedded single sites.
4) Attribution to band tuning rather than absorption/oxide dominance: Wavelength-dependent AQY/action spectra with absorption normalization and selective excitation are mandatory decision points. The oxide overlayer is constrained to an ultrathin, discontinuous morphology with explicit porosity/coverage caps and is introduced only after establishing MOF-only trends; thus, any apparent gains can be deconvoluted.
5) Credible staging toward overall water splitting: A go/no-go decision tree with hard thresholds (stability, lifetime enhancement, AQY and TON targets, and ≥20 h integrity constraints) prevents over-claiming and focuses effort on conditions where ZIF stability and charge transport are adequate before attempting overall splitting. This makes the endpoint ambitious but logically gated and reviewer-aligned.","This is an unusually rigorous and reviewer-aware proposal with explicit falsifiability, pre-registered go/no-go criteria, and a deep understanding of known failure modes in MOF photocatalysis (band-edge misassignment, Cu leaching, defect-dominated activity, and oxide skin artifacts). Engineering resolution is exceptionally high: the plan specifies concrete thicknesses, uncertainty bounds, control architectures, and comparator materials, going well beyond generic photocatalysis workflows. Logical consistency is strong, with a coherent mechanistic chain linking mixed-linker electronic tuning to IP/EA shifts, Cu-induced LMCT/trapping, and measurable lifetime and AQY changes; however, the assumption that statistically random linker mixing will yield smoothly tunable band edges may underestimate the sensitivity of ZIF electronic structure to local coordination motifs and correlated disorder, which could introduce non-monotonic behavior even in true SQS models. Evidence grounding is solid and stays within chemistry/materials physics, though the water-splitting ambition remains marginal given known ZIF stability and conductivity limits. Rationale quality is high: the proposal directly addresses a recognized bottleneck (unreliable band-edge assignment and misattribution of activity) with a structurally novel, discipline-correct solution rather than incremental performance chasing. Minor deductions reflect the high execution risk and the possibility that Cu–N site energetics may not be sufficiently decoupled from defect chemistry to allow clean attribution in all compositions."
