Hypothesis,Plan,Feasibility,Critique
"We hypothesize that time-resolved X-ray spectral–temporal features observed by the Neil Gehrels Swift Observatory encode a measurable imprint of magnetospheric twist evolution anchored at the neutron star surface in magnetars. Specifically, we posit that crust-driven magnetic twisting modifies surface return currents and resonant cyclotron scattering optical depths in a causally constrained manner, producing predictable correlations between X-ray pulse morphology, spectral hardening, and spindown torque. To test this, we propose a methodological adaptation: a physics-constrained inversion framework that couples force-free magnetospheric twist evolution to surface-emission boundary conditions, explicitly enforcing Maxwell equations, energy conservation, and neutron star equation-of-state (EoS)–consistent surface gravity. This adapted framework will allow Swift X-ray data to be inverted into quantitative twist-angle and current-density profiles, outperforming phenomenological spectral models that treat the magnetosphere as a black box.","Step 1: Data curation and physical priors.
Compile a sample of magnetar outbursts and torque anomalies observed by the Neil Gehrels Swift Observatory (XRT and BAT), selecting events with dense temporal coverage. Construct surface boundary priors using neutron star mass–radius relations consistent with modern EoS constraints and surface redshift corrections.

Step 2: Adapted methodological implementation.
Develop a hybrid forward–inverse model that couples (i) force-free electrodynamics simulations of twisted magnetar magnetospheres to (ii) a modified resonant cyclotron scattering (RCS) radiative transfer solver. The key adaptation is embedding twist angle as a dynamical field variable constrained by crustal shear energy and current closure at the neutron star surface, rather than as a static spectral parameter. A constrained optimization engine (e.g., adjoint-based or physics-regularized Bayesian inference) will be implemented, with loss terms enforcing Maxwell consistency, torque–twist relations, and causality-limited Alfvén speeds.

Step 3: Validation and mechanistic tests.
Validate the inferred twist evolution by cross-checking predicted spindown torque variations against timing data and by testing whether inferred surface current densities remain below thresholds for crustal yielding. Perform null tests using non-magnetar neutron stars to confirm that the inversion does not spuriously infer twist where magnetar-strength fields are absent.","1. Theoretical/Empirical Basis: Twisted magnetospheres are theoretically well established and supported by numerical simulations linking twist to reconnection, torque spikes, and X-ray flares. Swift has demonstrated sensitivity to precisely the X-ray timescales and luminosities relevant to these processes.
2. Transfer Logic (How the adaptation fits the domain): By explicitly coupling surface physics, magnetospheric electrodynamics, and radiative transfer under strict physical constraints, the adaptation respects conservation laws and neutron star EoS limits, aligning with high-energy astrophysics and nuclear physics requirements.
3. Comparative Advantage: Unlike standard spectral fitting or unconstrained machine-learning approaches, this framework yields physically interpretable twist and current profiles, enabling direct tests of magnetar mechanisms and reducing systematic biases in magnetic field and energy budget estimates.","This is a strong, technically ambitious proposal that demonstrates deep familiarity with magnetar theory, Swift observational capabilities, and the limitations of current spectral–timing models. The central hypothesis is logically well motivated: crust-anchored twist evolution should causally influence surface currents, magnetospheric optical depth, X-ray pulse morphology, and torque. The main deductions arise from execution risk rather than conceptual weakness. The proposal does not yet specify the dimensionality reduction or parametrization strategy that will make the inverse problem tractable given Swift’s limited spectral resolution and signal-to-noise, nor does it quantify computational feasibility of adjoint or Bayesian inference coupled to force-free simulations. Additionally, while the enforcement of Maxwell equations and causality is laudable, it remains unclear how strongly these constraints will regularize degeneracies between geometry, twist amplitude, and scattering optical depth. These issues do not undermine the logic, but they slightly weaken the engineering resolution score."
"Runaway compact objects born in supernova remnants (SNRs) generate a temporally evolving bow shock whose stand-off distance and morphology encode the object's true space velocity (via proper motion + radial component) and the local ambient density; these same quantities set the hadronic/leptonic gamma-ray emissivity through shock-accelerated particle distributions. We hypothesize that enforcing this shared mechanism—momentum-flux balance at the bow shock plus conservation-law-governed particle acceleration and transport—within a single physics-constrained inference architecture will (i) break the density–acceleration-efficiency degeneracy in SNR gamma-ray modeling, and (ii) yield a predictive prior for TeV afterglow detectability from Advanced LIGO/Virgo/KAGRA merger environments by mapping “bow-shock-inferred density” to the SSC blast-wave gamma-ray yield. Methodological adaptation: replace standard multi-wavelength SNR fitting (separate, weakly coupled modules for astrometry, hydrodynamics, and spectral fitting) with a coupled, differentiable Bayesian forward model that hard-codes (a) bow-shock thin-shell momentum balance and (b) cosmic-ray transport under energy and particle-number conservation, and uses proper-motion likelihoods as dynamical constraints on the gamma-ray emission model.","Step 1: Specific system setup or data preparation.
1.1 Assemble a target sample of SNR systems with candidate runaway neutron stars/pulsars or HMXBs showing bow shocks (Hα/IR) and measurable proper motions (VLBI/Gaia where applicable), plus GeV–TeV gamma-ray detections or deep upper limits (Fermi-LAT, VERITAS/HESS/MAGIC/CTA pathfinders).
1.2 For each system, compile: (i) bow-shock images (Hα, 24 μm), (ii) proper motion vectors with covariance, (iii) SNR geometry/age priors (expansion measurements, Sedov solutions, historical constraints), (iv) gas tracers (CO/HI for target density fields), and (v) gamma-ray spectra and spatial templates.
1.3 Precompute instrument response operators for gamma-ray datasets (PSF, exposure, energy dispersion) and astrometric image registration uncertainties for bow-shock morphology.

Step 2: Detailed implementation of the adapted methodology.
2.1 Build a coupled forward model with shared latent physical parameters θ = {v_3D, d, n(r), B(r), \dot{E}_w or \dot{M}v_w, acceleration efficiencies ε_e, ε_p, diffusion coefficient D(E), injection index p, maximum energy E_max, SNR age t}.
2.2 Bow-shock constraint module (structural adaptation): implement the thin-shell momentum-flux balance and geometry as differentiable operators: R0(θ) = sqrt(\dot{M} v_w / (4π ρ v_rel^2)) (or PWN analog with \dot{E}/c), plus Wilkin-type shell shape with projection effects. This is adapted by treating proper motion as a kinematic prior on v_rel and by explicitly propagating distance and inclination uncertainties into the predicted 2D morphology likelihood.
2.3 Particle acceleration/transport module (functional adaptation): implement shock acceleration and transport with conservation-law constraints: (i) energy budget: ε_p + ε_e + ε_B ≤ 1; (ii) hadronic gamma-rays from pp interactions using n(r) from the bow-shock-inferred ISM; (iii) leptonic IC/synchrotron with B(r) constrained by compression and MHD jump conditions; (iv) causality and maximum-energy bounds via t_acc(E) < t and r_L(E) < ξ R_shock. This replaces standard free-form spectral fits by enforcing physically admissible parameter manifolds.
2.4 Joint likelihood: L = L_gamma(data | forward_gamma(θ)) × L_bow(image | forward_bow(θ)) × L_pm(μ | v_3D,d) × L_SNR(priors). Perform inference with Hamiltonian Monte Carlo or variational inference on the differentiable simulator.
2.5 Multi-messenger transfer to Advanced LIGO: construct a density-informed prior p(n | θ_bow) and feed it into an SSC blast-wave afterglow model for compact binary merger outflows. Predict TeV detectability regions as functions of n and outflow energy, producing an observing-trigger ranking metric for CTA follow-up of future LIGO events.

Step 3: Rigorous validation and analytical framework.
3.1 Synthetic recovery tests: generate mock systems with known θ, including realistic PSF and astrometric systematics; verify unbiased recovery of n and v_3D and correct coverage of posterior intervals.
3.2 Cross-validation on known benchmarks: apply to a system with strong empirical anchoring (e.g., PSR/SNR association with measured displacement) and check consistency between kinematic age from proper motion and SNR age from expansion.
3.3 Model comparison: compute Bayes factors for hadronic-dominated vs leptonic-dominated gamma-ray production under the shared density constraints; quantify reduction in degeneracies (posterior volume shrinkage) relative to conventional independent fits.
3.4 Physical consistency checks: enforce and report energy closure (nonthermal + thermal ≤ explosion energy), test sensitivity to ISM clumping by hierarchical modeling of n(r), and verify robustness under alternative diffusion prescriptions.
3.5 Deliverables: (i) posterior catalogs of n, v_3D, ε_p, ε_e for the sample; (ii) predictive TeV afterglow detectability curves parameterized by LIGO-inferred distance and bow-shock-derived density; (iii) open-source differentiable forward-model code with documented physical constraints.","1. Theoretical/Empirical Basis: Bow-shock stand-off distances are governed by momentum-flux balance and are empirically linked to runaway velocities when combined with proper motion measurements; SNRs are established sites of GeV–TeV gamma-ray production via shock-accelerated particles, with hadronic emission scaling with ambient density. Existing detections (e.g., TeV emission spatially correlated with molecular gas) demonstrate density as a dominant uncertainty driver in gamma-ray interpretation.
2. Transfer Logic (How the adaptation fits the domain): The key adaptation is to couple astrometric/structural bow-shock information to the gamma-ray emission model through shared latent parameters (v_rel, n), while enforcing conservation laws, jump conditions, and acceleration timescale bounds. This directly targets the principal limitation of standard practice—treating morphology/kinematics and spectra as loosely connected—by embedding the causal mechanism that ties them.
3. Comparative Advantage: Compared with unconstrained spectral fitting or independent hydrodynamic/morphological analyses, the proposed physics-constrained joint inference (i) uses proper motion to anchor v_rel, (ii) uses bow-shock morphology to infer n with controlled projection systematics, and (iii) forces gamma-ray models to respect energy budgets and acceleration/causality limits, thereby sharply reducing parameter degeneracies (n–ε_p–D(E) and B–ε_e) and producing transport parameters that are physically admissible. The same density posterior provides an actionable, quantitatively justified prior for TeV afterglow searches associated with Advanced LIGO events, improving multi-messenger follow-up efficiency.","This is a technically ambitious and largely coherent proposal that targets a real bottleneck in SNR gamma-ray interpretation: the density–acceleration-efficiency degeneracy. The strongest aspect is the explicit enforcement of physical constraints (momentum balance, energy closure, acceleration timescales) within a joint inference framework, which is well matched to the stated goals. However, several deductions are warranted. First, the thin-shell bow-shock formalism may not be universally valid for PWNe or HMXBs embedded in complex, clumpy SNR interiors, and the proposal underestimates the systematic bias this could introduce into density inference. Second, the transfer to LIGO/Virgo/KAGRA environments, while creative, is logically weaker: the environmental densities around compact-object mergers are not clearly drawn from the same parent distribution as SNR bow-shock systems, making the proposed prior mapping somewhat speculative. Finally, computational feasibility—particularly HMC over a high-dimensional, stiff forward model with radiative transport—is asserted but not stress-tested with scaling estimates."
"A joint, physically-constrained Bayesian hierarchical model that explicitly couples (i) FRB microstructure (narrow components) and their implied brightness temperatures to magnetospheric coherence constraints and (ii) neutron-star equation-of-state (EOS) constraints from NICER mass–radius posteriors will reduce degeneracies in neutron-star interior composition and simultaneously improve inference of cosmological parameters and cosmological source rates from neutron-star binary/FRB populations. Mechanism: the narrow-component width and spectral-shape-dependent brightness temperature set an emission-region size and minimum bulk Lorentz factor, which imposes a lower bound on magnetospheric plasma frequency and current density; these in turn depend on surface gravity/compactness (M/R) that is EOS-controlled. Methodological adaptation: replace standard independent-likelihood pipelines with a constraint-injected Bayesian factor graph in which (a) the FRB likelihood is reparameterized in terms of invariants (brightness temperature, coherence length, emission altitude) and (b) NICER constraints enter as EOS-regularizing priors that propagate through GR-consistent compactness into the FRB emission model and into selection-corrected cosmological rate inference; the graph enforces causality and thermodynamic stability via TOV-integrated EOS priors rather than treating radius, emission physics, and cosmology as separable latent blocks.","Step 1: Specific system setup or data preparation.
1.1 Compile NICER mass–radius posteriors for PSR J0030+0451 and PSR J0437−4715 (and any updated NICER targets), keeping full posterior samples and instrument response systematics.
1.2 Compile FRB dynamic spectra with resolved narrow components (e.g., FRB 20200120E-like events) including time–frequency structure, fluence, bandwidth, and host redshift (or redshift priors). Derive per-component observables: width w, decorrelation bandwidth, spectral centroid and curvature descriptors (spectral shape), and peak flux density S_nu.
1.3 Assemble neutron-star binary (BNS) catalog data relevant to cosmology/rates: GW luminosity distances with calibration uncertainties, inclination priors where applicable, host redshifts, and detector selection functions; additionally assemble FRB survey selection functions (fluence threshold, temporal resolution, frequency coverage).

Step 2: Detailed implementation of the adapted methodology.
2.1 Build a hierarchical Bayesian factor graph with latent variables: EOS parameters θ_EOS; neutron-star population hyperparameters (mass distribution, spin distribution); compactness C=M/R inferred via TOV integration; FRB emission parameters (emission altitude r_em, bulk Lorentz factor Γ, plasma density n_e, coherence scale ℓ_coh, beaming factor f_b); cosmology (H0, optionally q0) and source-rate evolution parameters (local rate R0 and redshift evolution index κ).
2.2 Methodological adaptation (constraint injection):
- EOS block: parameterize the cold EOS with a causality- and stability-preserving representation (e.g., piecewise polytrope or spectral expansion) and hard-enforce dp/dε ≤ c^2 and dp/dε ≥ 0; solve TOV to map θ_EOS → M–R and tidal deformability, yielding a compactness prior p(C|θ_EOS) consistent with NICER.
- FRB microstructure block: re-express the likelihood of narrow components using brightness-temperature invariants. Compute T_B ∝ S_nu D_L^2 /(ν^2 w^2) with relativistic corrections; impose coherence and induced-Compton/opacity constraints as differentiable likelihood penalties: (i) source-size constraint R_src ≤ c w Γ^2, (ii) plasma-frequency/curvature-radiation consistency ν ~ ν_p or ν_c(Γ, ρ_curv), (iii) transparency constraints (τ_induced < 1) that bound n_e and Γ. Crucially, link these bounds to compactness C through surface gravity and magnetospheric field scaling (e.g., B(r) ~ B_* (R/r)^3 with B_* allowed to correlate with C through spin-down-inferred priors when available).
- Cosmology/rate block: implement a selection-corrected population likelihood for FRBs and BNS using inhomogeneous Poisson processes. For BNS, include the viewing-angle bias hypermodel (as in Asset 2) as nuisance parameters β and marginalize; for FRBs, include survey completeness in fluence–width space to avoid Malmquist-like bias. Couple both to the same (H0, q0) through D_L(z; cosmology).
2.3 Inference engine adaptation: use constrained Hamiltonian Monte Carlo / NUTS with embedded TOV solver and automatic differentiation, but modify the parameterization to sample in unconstrained coordinates mapped to physically allowed EOS and emission parameters (e.g., softplus transforms for monotonicity; logistic transforms for causality margins). This avoids boundary-sticking pathologies typical of naive priors and ensures efficient exploration of the physically admissible manifold.

Step 3: Rigorous validation and analytical framework.
3.1 Simulation-based calibration: generate synthetic universes with known EOS, FRB emission parameters, and cosmology; forward-model NICER-like pulse profiles and FRB dynamic spectra with narrow components, then verify posterior coverage for θ_EOS and H0 under selection functions.
3.2 Ablation tests: (i) remove compactness–emission coupling; (ii) remove causality/TOV constraints; (iii) treat FRB spectral shape as nuisance rather than mechanistic input. Quantify degradation in EOS credible regions and H0/R0 uncertainties.
3.3 Cross-consistency checks: compare inferred EOS against independent tidal deformability constraints from GW events; verify that inferred FRB emission parameters satisfy independent magnetospheric energetics (spin-down power) and that brightness-temperature constraints do not require unphysical beaming beyond priors.
3.4 Posterior predictive checks: reproduce distributions of narrow-component widths, spectral-shape statistics, and observed rate versus fluence for FRB surveys; reproduce BNS distance–redshift residuals and detection-rate scaling with SNR.
3.5 Deliverables: (a) joint posterior on EOS parameters and derived R1.4; (b) cosmological parameter constraints (H0, optional q0) with systematic-marginalized uncertainties; (c) cosmological source-rate evolution for FRBs/BNS with selection-corrected credible bands; (d) open-source constraint-injected inference code with documented physical priors.","1. Theoretical/Empirical Basis: NICER provides empirical mass–radius posteriors suitable for EOS inference via Bayesian methods (Asset 1). Narrow FRB components provide extreme brightness-temperature measurements and emission-region size constraints (Asset 6). Bayesian hierarchical methods already reduce systematic bias in GW standard-siren H0 inference by marginalizing viewing-angle bias (Asset 2) and link cosmological parameters to BNS detection rates (Asset 3).
2. Transfer Logic (How the adaptation fits the domain): The adaptation replaces separable analyses with a GR- and microphysics-consistent generative model: TOV-enforced EOS priors propagate to compactness, which mechanistically influences magnetospheric conditions required to generate narrow, ultra-high-TB components. Embedding selection-corrected Poisson rate models ensures cosmological source-rate inference is not confounded by instrumental thresholds.
3. Comparative Advantage: Compared to standard pipelines that (i) fit NICER radii independent of emission physics, (ii) treat FRB microstructure as descriptive statistics, and (iii) estimate H0/rates with partially ad hoc systematics, the proposed constraint-injected factor graph leverages additional physics (coherence/transparency plus GR compactness) to break degeneracies, yields better-calibrated posteriors under physical bounds (causality, stability, opacity), and reduces bias from selection effects and nuisance-angle systematics through unified marginalization.","This is an unusually ambitious and technically sophisticated proposal with clear command of modern neutron-star EOS inference, FRB microphysics, and hierarchical cosmology. The engineering plan is largely concrete, including explicit latent variables, priors, constraints, and inference machinery. The main deductions arise from (i) residual uncertainty in the strength and universality of the claimed coupling between compactness (M/R) and observable FRB microstructure—magnetospheric plasma conditions depend sensitively on poorly constrained local field geometry and pair cascades, which may dilute EOS leverage—and (ii) practical feasibility concerns regarding joint convergence of such a stiff, high-dimensional constrained HMC problem with limited FRB samples possessing resolved microstructure and secure redshifts. While not logically inconsistent, the causal chain from EOS → compactness → plasma density/current → observable narrow-component properties is partially model-dependent and may not reduce degeneracies as strongly as implied without strong prior assumptions."
"A measure-aware, physically constrained multi-messenger hierarchical Bayesian model—built from (i) an intrinsically causal/stable EOS parameterization with explicit prior measure control, (ii) GW tidal/phase information, and (iii) GRB+UV cocoon breakout/cooling emission with a hierarchical model-discrepancy layer—will produce demonstrably tighter and *provably less biased* constraints on R1.4 and pressure at 2–3 nsat than factorized GW-only or GW+EM pipelines under realistic EM systematics and selection effects. Mechanistically, the revised approach removes two dominant bias pathways identified by the reviewers: (A) it eliminates prior/measure distortion and non-differentiabilities from “hard projection” by parameterizing the EOS directly on a guaranteed-physical manifold (or via smooth interior barriers) so HMC/NUTS explores a differentiable posterior with known Jacobian; and (B) it prevents the UV/GRB channels from spuriously dominating EOS inference by introducing an explicit, heavy-tailed hierarchical discrepancy model for the NR-informed ejecta mapping (with suite-to-suite calibration hyperparameters and EOS-dependent uncertainty), so that mismodeled microphysics (neutrino transport, MHD, remnant lifetime effects not captured by Λ and q alone) is absorbed as calibrated uncertainty rather than incorrectly attributed to EOS pressure/radius. Identifiability is achieved not by assumption but by design: we (i) enforce population-regularized structure on inclination bias and jet/cocoon parameters, (ii) use partial-identification diagnostics (Fisher/PCI and simulation sweeps) to determine which observable combinations constrain EOS beyond GW, and (iii) require, via an end-to-end misspecification injection campaign with acceptance criteria, that joint inference reduces bias in R1.4 relative to GW-only across controlled EM model failures and realistic joint selection.","Step 0 — Define inference targets and success metrics (pre-registered).
0.1 Targets: posterior for R1.4, Λ1.4, and pressure P(2 nsat), P(3 nsat), plus derived Mmax. 
0.2 “Less biased” acceptance criteria (to be used in injections): (i) absolute bias of posterior mean in R1.4 reduced by ≥30% relative to GW-only under EM misspecification families; (ii) SBC rank statistics consistent with uniformity for GW-only and joint runs; (iii) coverage: 90% credible intervals contain truth ≥88% of the time across injections with selection.

Step 1 — Data assembly and uniform event representation.
1.1 GW: event-level posterior samples plus (where possible) reduced-order likelihoods / likelihood approximation objects for CBC parameters {m1,m2,χ1,χ2,DL,ι,sky}, tidal {Λ1,Λ2}; include calibration nuisance parameters if provided by LVC.
1.2 GRB/afterglow: prompt γ observables (fluence, Epeak, T90 where relevant), afterglow light curves (radio/X-ray) with instrument response; encode analysis-ready likelihoods rather than point estimates whenever possible.
1.3 UV/soft-X: early-time photometry and upper limits (<1 day) with per-epoch exposure, limiting magnitude/flux, filter curves; explicitly record follow-up latency and cadence gaps.
1.4 Host redshift and peculiar-velocity model for low-z; incorporate redshift uncertainty.

Step 2 — Replace hard EOS projection with measure-aware constrained parameterization.
2.1 EOS basis A (preferred): causal spectral representation in terms of adiabatic index Γ(x) or sound speed cs^2(ε) parameterized by unconstrained coefficients θ, mapped through a bijective transform that guarantees: 
  • thermodynamic stability: dP/dε>0; 
  • causality: 0<cs^2<c^2 enforced by logistic map cs^2/c^2 = sigmoid(fθ(ε)); 
  • monotonic P(ε) built by integrating cs^2(ε) with boundary condition at a matching density ε0.
This yields a differentiable mapping θ → P(ε) with a known Jacobian of the transform (included in the prior measure). 
2.2 EOS basis B (fallback/ablation): piecewise-polytrope with differentiable interior barriers instead of projection. Implement soft constraints via log-barrier penalties added to log posterior:
  Lbar = Σk [αc log(1 - cs^2/c^2) + αs log(dP/dε)] + αM log( Mmax(θ)/2.0Msun - 1 )
with α tuned so barrier is inactive away from boundaries but prevents sampling at/over the boundary; ensure differentiability. Compare to basis A to quantify sensitivity.
2.3 Prior anchoring and measure control:
  • Low-density anchoring: impose a likelihood/penalty matching to chiral EFT bands up to ~1–2 nsat; represent as Gaussian-process band likelihood in P(ε) with correlated errors.
  • High-density: impose broad prior consistent with pQCD constraints at very high density via asymptotic bounds on cs^2 and P/ε.
  • Explicitly compute/track induced prior on (R1.4,Λ1.4) by prior predictive sampling; iterate prior until it is scientifically intended (not an artifact).
2.4 TOV+Love numbers: integrate TOV + tidal perturbation ODEs inside the model using differentiable ODE solvers (adjoint sensitivity) so NUTS gradients are stable. Validate gradients against finite differences for random θ.

Step 3 — Joint likelihood with explicit discrepancy and identifiability safeguards.
3.1 GW likelihood block:
  • Use likelihood reweighting from posterior samples with correct priors, or ROQ/relative binning likelihood if available.
  • Keep (DL,ι) degeneracy explicit; do not collapse inclination using EM point constraints.
3.2 Structured jet + afterglow block:
  • Use a parameterized angular energy profile (e.g., Gaussian or power-law structured jet) with population hyperpriors; include circumburst density n with hierarchical prior.
  • Likelihood uses forward-synthesized light curves (or emulator) with calibration nuisance parameters.
3.3 UV/soft-X cocoon cooling emission block:
  • Forward model: semi-analytic shock/cocoon cooling with parameters {Mc, v(m) gradient index, breakout radius Rbo, opacity κ, thermalization efficiency} predicting multi-band light curves and soft-X luminosity. 
  • EOS-to-ejecta mapping: do *not* assume deterministic mapping from (Λ,q)→(Mej,vej). Instead implement hierarchical surrogate with model discrepancy:
     Mej = μ_NR(Λ,q,…) + δ_suite + δ_event,
     vej = ν_NR(Λ,q,…) + δ’_suite + δ’_event,
    where μ_NR, ν_NR are trained emulators (separately for multiple NR suites if available), δ_suite captures suite-dependent offsets/slopes, and δ_event is heavy-tailed (Student-t with ν dof learned) to absorb unmodeled microphysics.
  • EOS-dependent uncertainty: allow emulator noise scale to depend on remnant regime proxy (e.g., threshold mass relative to Mthresh(Λ)) so uncertainty inflates where NR physics is less reliable.
  • Validation: k-fold cross-validation within and across NR suites; posterior predictive checks for (Mej,vej) against held-out NR runs.
3.4 Inclination/viewing-angle bias as population latent process (regularized).
  • Define EM-inferred inclination proxy 
      ι_EM = ι_true + Δι,
    with Δι drawn from a flexible but regularized family: a zero-mean mixture of Normals or spline-based density with shrinkage prior. Hyperparameters β are shared across events, with partial pooling.
  • Couple Δι to GRB/afterglow inference (where inclination enters brightness and jet break features) while GW provides amplitude-distance degeneracy.
  • Regularization/identifiability constraints:
     – Centering constraint E[Δι]=0 unless data strongly supports otherwise; 
     – Penalize excessively wide Δι distributions unless required by evidence (hierarchical half-normal prior on scale);
     – Use informative but not overly restrictive priors on jet-structure population learned from external GRB samples where available (optional sensitivity run).

Step 4 — Formal identifiability plan (mandatory).
4.1 Fisher/Information analysis on simplified forward model:
  • Compute Fisher matrix / expected information gain for parameters {R1.4, Λ1.4, DL, ι, jet-core angle, cocoon mass/velocity parameters} under representative noise/cadence scenarios (e.g., Swift-like sparse UV vs ULTRASAT-like dense cadence). 
  • Report which linear combinations are constrained and where degeneracies persist; use this to set prior/hyperprior strength and to decide which UV summary statistics (t_peak, L_peak, early slope) are informative.
4.2 Practical identifiability via simulation sweeps:
  • Grid over data quality regimes (GW SNR, afterglow sampling, UV cadence/latency) and true angles; quantify posterior contraction in R1.4 vs GW-only.
  • Compute posterior correlation structure among {ι, DL, cocoon parameters}; define thresholds where joint inference is under-identified and must revert to GW-dominant updates (implemented by discrepancy inflation and/or downweighting through learned heavy tails).

Step 5 — Joint selection function tied to instrument operations (mandatory).
5.1 Factorize selection into operational components but keep coupling through shared latent variables (sky position, distance, inclination):
  S = S_GW(ρ; sky, duty cycle) × S_GRB(Fγ, sky exposure, trigger pipeline) × S_UV(FUV(t), localization area, latency, cadence, limiting mag).
5.2 GW selection:
  • Use detection probability vs network SNR with duty-cycle model; incorporate distance and inclination dependence.
5.3 GRB selection:
  • Use detector sky exposure maps and trigger threshold on peak flux/fluence; incorporate viewing-angle dependence through jet model.
5.4 UV selection:
  • Model follow-up as a stochastic process conditioned on localization area and latency: probability of observation at time ti with exposure Ei and limiting flux f_lim,i.
  • Encode cadence gaps explicitly from mission planning rules (for forecasts) or from actual observation logs (for real data).
5.5 Implement selection in the hierarchical likelihood via standard truncated-population likelihood (including the detection efficiency integral) evaluated by Monte Carlo over population hyperparameters.

Step 6 — End-to-end injection campaign with intentional misspecification (mandatory).
6.1 Create synthetic universes:
  • Draw EOS from known generating family; simulate BNS populations with realistic mass distribution; generate GW strain likelihood approximations.
  • Generate EM from a “truth” model that includes physics *not* present in inference model: e.g., neutrino-driven wind component altering Mej, magnetar energy injection affecting UV, or alternative opacity evolution.
  • Apply operational selection from Step 5.
6.2 Inference under misspecification families:
  • Run (i) GW-only EOS, (ii) GW+GRB with fixed Δι, (iii) GW+UV with deterministic NR mapping, (iv) full discrepancy-aware joint model.
  • Quantify bias/coverage on R1.4 and P(2–3 nsat); identify failure modes.
6.3 Define model adequacy triggers:
  • If posterior predictive checks on UV/afterglow fail beyond threshold (e.g., tail probability <0.01), automatically inflate discrepancy scales (robustification) and report reduced EM weight; document how this affects EOS constraints.

Step 7 — Computation and deliverables.
7.1 Inference engine: implement in a differentiable PPL (e.g., NumPyro/Stan-like autodiff + JAX/torch ODE solver) with NUTS for continuous blocks; use nested sampling only for explicitly discrete mixture components if needed.
7.2 Diagnostics: energy-BFMI, R-hat, effective sample size, divergent transition monitoring; gradient checks for ODE blocks.
7.3 Deliverables:
  • Public code with EOS basis A+B, selection module, and discrepancy-aware NR emulator interface.
  • Catalog-level constraints on R1.4 and P(2–3 nsat) for scenarios with/without early UV.
  • Forecast curves: information gain vs UV latency/cadence for ULTRASAT/Einstein Probe-like missions; observing strategy recommendations maximizing EOS utility while minimizing selection bias.","1) Measure-preserving physical constraints (addresses critique i): Replacing hard projection with an intrinsically causal/stable EOS basis (sound-speed/logistic construction) keeps the parameter-to-EOS map differentiable and avoids boundary non-smoothness that breaks HMC/NUTS. The transform’s Jacobian is explicit and included in the prior, eliminating hidden prior deformation; prior predictive checks on (R1.4,Λ1.4) ensure the induced measure matches scientific intent rather than numerical artifacts.

2) Robust EOS↔UV coupling without spurious dominance (addresses critique ii): The UV channel enters only through an NR-informed ejecta mapping equipped with hierarchical discrepancy and heavy-tailed residuals, explicitly acknowledging missing microphysics (neutrino/MHD/remnant effects). Suite-to-suite calibration hyperparameters and EOS-dependent uncertainty prevent overconfident surrogates from dragging EOS posteriors. Cross-suite validation and posterior predictive checks ensure the mapping is empirically anchored; when mismatch is detected, the model inflates discrepancy (robustification), effectively reverting toward GW-dominated constraints rather than producing biased EOS updates.

3) Identifiability and degeneracy control (addresses critique iii): The proposal includes a formal identifiability program (Fisher/expected information + simulation sweeps) to determine when GRB/UV data genuinely constrain EOS beyond GW. Population-level regularization of inclination-bias (Δι) and jet/cocoon hyperparameters, plus partial pooling across events, reduces event-by-event degeneracy among (DL,ι), jet structure, and cocoon parameters. Acceptance criteria are defined in terms of coverage and bias under injections, not qualitative claims.

4) Implementable joint selection function (addresses critique iv): Selection is modeled end-to-end using operational quantities—GW duty cycle/SNR thresholds, GRB sky exposure and trigger thresholds, and UV follow-up probability conditioned on localization area, latency, cadence, and limiting flux—implemented via a truncated-population likelihood with Monte Carlo efficiency integrals. This ties directly to real observation logs (for existing events) and mission planning rules (for forecasts), preventing population-level bias from unmodeled follow-up heterogeneity.

5) Empirical alignment with the provided literature assets: The approach builds on data-driven Bayesian inference linking observational constraints to neutron-star radii (Asset 1), hierarchical treatment of viewing-angle systematics in standard sirens (Asset 2), and a mechanistic cocoon-cooling UV/soft-X model connected to merger outflows (Asset 3). The key elevation is methodological rigor: measure-aware EOS constraints, discrepancy-aware NR surrogates, formal identifiability proofs, and selection modeling tied to instrument operations—enabling defensible “less biased” claims.","This is a technically mature and largely coherent proposal with unusually strong attention to known failure modes (prior-measure distortion from constrained EOS projections; EM-driven bias from overconfident ejecta mappings; joint selection). Score deductions arise from several remaining nontrivial gaps: (i) The claim of “provably less biased” is overstated—SBC/coverage under a finite set of misspecification families is strong empirical evidence but not a proof; the acceptance criteria also depend on the chosen injection ensemble and may not generalize. (ii) The discrepancy model is sensible but risks becoming a catch-all: heavy-tailed event-level residuals plus suite offsets can absorb real EOS information as well as microphysics error, and the proposal does not specify quantitative identifiability conditions guaranteeing EM contributes net information rather than just inflating uncertainty; the proposed Fisher/PCI work helps but needs clearer decision rules that map diagnostics to model simplification/locking. (iii) The EOS parameterization via cs^2(ε) logistic mapping and integrated P(ε) is plausible, but the practical details that often dominate (choice of knot placement/basis resolution, handling phase transitions/discontinuities, matching at ε0, and how to ensure coverage of sharp softening/stiffening) are not yet fully specified; the fallback barrier approach may still produce challenging geometry (near-boundary curvature, step-size pathologies) and can reintroduce implicit prior deformation via penalty tuning. (iv) Selection modeling is ambitious; implementing S_UV conditioned on localization/latency/cadence is correct in principle, but the integral for detection efficiency in a high-dimensional EM forward model may be computationally prohibitive without a clear approximation (e.g., learned detection-probability surrogate) and validated error bounds—otherwise feasibility and reproducibility suffer."
"The neutron-star Equation of State (EOS) imprints a measurable, state-dependent signature on the Fourier power spectrum break frequency by fixing (via the mass–radius relation and surface gravity) the boundary-layer/spreading-layer scale height, sound speed, and viscous/inflow timescales that set the transition from correlated to decorrelated variability. Methodological adaptation: replace standard phenomenological broken-power-law fitting with a physically constrained, EOS-parameterized forward model of the boundary-layer transfer function (a causal linear-response kernel whose timescales are computed from GR surface gravity and radiation-pressure-supported spreading-layer structure), jointly fitted to timing (power spectra, cross-spectra) and the Comptonized spectral component (temperature/optical depth) so that inferred break frequencies map to EOS-consistent M–R solutions under Tolman–Oppenheimer–Volkoff (TOV) and causality constraints.","Step 1: Specific system setup or data preparation.
1.1 Select a sample of atoll/Z LMXBs with high-quality timing+spectral coverage spanning states where a clear broadband noise break and a dominant Comptonized component are present (e.g., RXTE archival for 4U 1728-34; add NICER for soft coverage; include IXPE epochs where polarization isolates the boundary-layer Comptonized component when available).
1.2 Reduce event-mode data to energy-resolved light curves; compute Fourier power spectra and (where S/N allows) lag-energy spectra and coherence between soft (disk-dominated) and hard (Comptonized) bands to isolate the boundary-layer variability channel.
1.3 Perform spectral decomposition to obtain Comptonization parameters (kTe, tau or y-parameter, seed temperature, normalization) and uncertainties per state; for IXPE, use spectropolarimetry to constrain the fraction of hard photons attributable to boundary/spreading layer vs corona/wind.

Step 2: Detailed implementation of the adapted methodology.
2.1 Build a boundary-layer/spreading-layer structural model that takes (M,R, spin, accretion rate, alpha-viscosity prior) as inputs. Compute GR-corrected surface gravity and local orbital frequency; derive scale height H, sound speed cs, and radiative diffusion time in the spreading layer, including radiation pressure where appropriate.
2.2 Construct a causal transfer function for boundary-layer luminosity fluctuations: represent mass-accretion-rate perturbations propagating from inner disk to spreading layer with a frequency-dependent damping term. Parameterize the kernel as a physically motivated Green’s function whose characteristic timescale is the maximum of (i) inflow/viscous time across the spreading layer, (ii) thermal time, and (iii) photon diffusion/Compton cooling time; these timescales are explicitly functions of (M,R) through g and compactness.
2.3 Forward-model the observed Fourier power spectrum as |T(f)|^2 times a physically motivated driver spectrum (e.g., propagating fluctuations model in the disk) plus Poisson noise; ensure the break emerges from the kernel rather than an ad hoc broken power law. Jointly model energy-resolved power and cross-spectra by letting the Comptonized component respond through T(f) while disk photons have a separate, less filtered channel; enforce energy-dependent response using the spectral decomposition.
2.4 Impose EOS priors via a differentiable TOV solver embedded in the inference loop: sample EOS parameterizations (e.g., spectral representation or piecewise polytropes) and map to (M,R) under constraints (causality: cs<c; thermodynamic stability; maximum mass consistent with observations). Use Bayesian inference (e.g., Hamiltonian Monte Carlo) with likelihood combining timing (power/cross spectra) + spectra (+ polarization constraints when available).

Step 3: Rigorous validation and analytical framework.
3.1 Internal validation: posterior predictive checks on full broadband timing products (power spectra shape, break evolution with state, phase lags) and on the Comptonized spectral component evolution; verify that inferred kernel timescales reproduce observed break-frequency vs hardness correlations without state-dependent phenomenological re-tuning.
3.2 External validation/cross-calibration: compare inferred (M,R) posteriors against independent constraints when available (burst spectroscopy, pulse-profile modeling, known spin); test robustness to alternative driver spectra and to inclusion/exclusion of dipping intervals (where scattering/winds may add extra filtering).
3.3 Mechanism tests: exploit polarization-selected epochs (IXPE) to show that the hard Comptonized component’s variability exhibits the predicted filtering (break shift consistent with kernel) while disk-dominated bands do not; demonstrate that allowing unphysical EOS (violating causality or TOV stability) fails to fit the joint timing+spectral data at comparable evidence.
3.4 Population inference: combine multiple sources/states in a hierarchical model to constrain EOS parameters while marginalizing over source-specific accretion parameters (alpha, magnetic truncation nuisance), quantifying how much the break-frequency channel tightens EOS constraints beyond existing methods.","1. Theoretical/Empirical Basis: Empirically, break frequencies (1–50 Hz) track accretion state and correlate with other timing features in neutron-star LMXBs (Asset 2). Independently, polarimetric/spectral evidence links the hard Comptonized component to the boundary/spreading layer on the neutron-star surface (Asset 1). Theoretically, boundary-layer thickness, cooling, and viscous/inflow times depend on surface gravity and compactness, which are EOS-controlled via M–R through TOV.
2. Transfer Logic (How the adaptation fits the domain): Standard broken-power-law fits discard physics and cannot map timing observables to EOS. Embedding a differentiable TOV-constrained (M,R)->(timescales)->(transfer function)->(power spectrum) forward model converts timing breaks into EOS-sensitive parameters while strictly enforcing GR structure, causality, and conservation-driven timescale ordering; polarization and spectral decomposition identify the emitting/variable component so the timing model targets the correct physical region.
3. Comparative Advantage: Compared with unconstrained phenomenology or black-box regressors, the adapted method (i) guarantees physically admissible M–R solutions (TOV + cs<c), (ii) reduces degeneracies by jointly using timing+spectra(+polarization) to separate boundary-layer filtering from disk/corona variability, and (iii) yields interpretable mechanistic parameters (inflow, diffusion, Compton cooling times) that can be falsified and cross-validated across sources and accretion states, enabling EOS constraints complementary to burst/pulse-profile approaches and relevant to neutron-star engine modeling (Asset 3).","This is an ambitious and largely well-constructed proposal that targets a genuine bottleneck in neutron-star EOS inference from timing data. The engineering plan is detailed and modern (joint timing–spectral–polarimetric Bayesian inference with differentiable TOV solvers), and the logical chain linking EOS to boundary-layer timescales to power-spectrum breaks is physically plausible. However, several risks temper the score: (i) identifiability—multiple timescales (viscous, thermal, radiative diffusion, Compton cooling) may produce similar break features, leading to degeneracies with accretion-rate, alpha-viscosity, and driver-spectrum assumptions; (ii) boundary-layer/spreading-layer structure under radiation pressure and rapid rotation remains uncertain and may dominate systematics over EOS effects; (iii) the reliance on IXPE polarization to isolate the boundary layer is powerful but limited in sample size and S/N, potentially reducing practical leverage; and (iv) correlations between timing breaks and state may partly arise from disk–corona geometry changes rather than surface-gravity-controlled physics, requiring especially strong model discrimination. These are not fatal flaws, but they reduce confidence that EOS constraints will be competitive without very careful control experiments."
"In post-merger remnants that temporarily form a supramassive neutron star (SMNS) before collapsing to a black hole, the time-dependent neutrino irradiation history imprints a measurable, non-monotonic signature on both (i) baryon pollution along the polar funnel and (ii) the r-process mass-number distribution in neutrino-driven wind ejecta. The core mechanism is that SMNS spin-down and differential rotation set the neutrino luminosity/mean-energy evolution and electron fraction (Ye) via charged-current captures, while the same neutrino heating and magneto-centrifugal mass loading regulate baryon entrainment into the jet funnel; collapse to a black hole abruptly terminates neutrino irradiation, freezing Ye and quenching wind mass loss. We will test this with a methodological adaptation: a conservation-law-preserving, GR-consistent coupled neutrino–wind–nucleosynthesis solver in which an implicit nuclear reaction network is co-evolved with relativistic (GR) neutrino radiation hydrodynamics using a constrained operator-splitting scheme that enforces lepton-number conservation (including neutrino source terms) and causal EOS limits at every substep, eliminating the common inconsistency where Ye(t) used by the reaction network violates the transport/hydro lepton budget and artificially biases final mass numbers.","Step 1: System setup and priors from multi-messenger constraints.
1.1 Construct remnant trajectories spanning SMNS lifetimes (10–10^4 s) through collapse, parameterized by initial mass, angular momentum, magnetic field, and EOS; enforce causality and maximum mass constraints from TOV solutions and GW-informed tidal deformability.
1.2 Generate time-dependent neutrino emission boundary conditions (L_{nu_e}, L_{\bar{nu}_e}, spectra) consistent with energy and lepton budgets for SMNS cooling/spin-down and post-collapse black-hole torus states.
1.3 Define polar-funnel and equatorial outflow regions with initial baryon-loading profiles informed by merger dynamical ejecta models; specify observational targets: sGRB viability via Lorentz factor requirement (baryon pollution threshold) and kilonova abundance diagnostics (lanthanide fraction, A-peak locations).

Step 2: Implement the adapted coupled methodology (key adaptation: lepton/energy-consistent co-evolution).
2.1 Base solver: relativistic axisymmetric (2D) radiation hydrodynamics with energy-dependent neutrino transport (e.g., M1 or two-moment with analytic closure), including neutrino absorption/emission and pair annihilation heating.
2.2 Adaptation A (constraint-preserving operator splitting): Replace standard sequential hydro→transport→network updates with a Strang-like split where Ye, internal energy, and neutrino moments are updated in a single implicit microphysics solve per cell, constrained by (i) local baryon number conservation, (ii) lepton number conservation including neutrino source/sink terms, and (iii) energy conservation including Q-values from nuclear reactions and neutrino heating/cooling. Implement as a coupled nonlinear solve over {T, rho, Ye, neutrino source terms, dominant NSE variables}.
2.3 Adaptation B (network stiffness and freeze-out handling): Embed an implicit-explicit (IMEX) nuclear reaction network (r-process up to A~300) that switches consistently between NSE, alpha-rich freeze-out, and full network regimes using a thermodynamically consistent criterion; propagate weak interaction rates using the transported neutrino spectra (not parameterized fits), ensuring Ye evolution is consistent with transport.
2.4 Adaptation C (baryon pollution metric tied to dynamics): Define a funnel baryon-loading functional \(\eta^{-1}=\dot{M}_{\rm funnel} c^2/\dot{E}_{\rm dep}\) using simulated mass flux and neutrino-annihilation/magnetic energy deposition; track its time evolution across SMNS spin-down and collapse.
2.5 Run suites comparing (i) SMNS→BH collapse vs prompt BH cases and (ii) varied EOS stiffness; record ejecta Ye(t), entropy, expansion timescales, funnel \(\eta\), and final isotopic yields/mass-number distributions.

Step 3: Validation, falsification tests, and inference.
3.1 Code-level validation: Verify exact conservation in controlled problems (beta-equilibration in a box with prescribed neutrino bath; adiabatic expansion with network Q-value coupling; recovery of analytic lepton-number evolution).
3.2 Physics validation: Reproduce benchmark neutrino-driven wind results (e.g., sensitivity of A-distribution to outer-boundary pressure/temperature) and known BH-torus neutrino-wind behaviors; ensure asymptotic Ye and entropy match published regimes when run under identical assumptions.
3.3 Falsifiable predictions: (i) Identify a collapse-time threshold where termination of neutrino irradiation shifts the third-peak (A~195) production efficiency and actinide yield; (ii) derive a joint criterion for successful ultrarelativistic jet formation (low baryon pollution) and heavy r-process production, showing whether they are mutually exclusive or compatible in SMNS scenarios.
3.4 Multi-messenger comparison: Map simulated yields to kilonova opacities/light curves and compare to events with inferred lanthanide fractions; map funnel \(\eta\) evolution to sGRB energetics/variability constraints; explore whether observed diversity can be explained by SMNS lifetime distribution.
3.5 Sensitivity and uncertainty quantification: Propagate uncertainties in key nuclear rates (e.g., beta-decay, neutron capture near closed shells) and neutrino spectral systematics; quantify their impact on mass-number peaks and on the inferred baryon pollution thresholds.","1. Theoretical/Empirical Basis: Neutrino-driven winds are a plausible r-process site with yields sensitive to boundary conditions and Ye evolution; BH-torus systems show strong dependence of jet viability on baryon pollution and neutrino annihilation energy deposition. SMNS spin-down followed by collapse provides a physically motivated, time-dependent neutrino source that naturally introduces a cutoff in irradiation, which should affect both wind nucleosynthesis and polar mass loading.
2. Transfer Logic (How the adaptation fits the domain): Current pipelines often couple neutrino transport, hydrodynamics, and nuclear networks inconsistently (Ye and energy updated in disjoint steps), violating conservation and biasing mass-number outcomes—especially under rapid changes near collapse. The proposed constrained implicit microphysics coupling directly enforces conservation laws and causality-limited EOS constraints, aligning the numerics with fundamental physics rather than treating Ye/history as an external parameter.
3. Comparative Advantage: The adapted solver should outperform standard post-processing or loosely coupled schemes by (i) preventing unphysical Ye drift that shifts r-process peaks, (ii) capturing collapse-triggered freeze-out self-consistently, and (iii) linking baryon pollution and energy release to the same neutrino-driven mechanism in a single predictive framework. This enables sharper, falsifiable joint predictions for sGRB viability and mass-number distributions than models that treat jet formation and nucleosynthesis separately.","This is a technically sophisticated and conceptually well-integrated proposal that addresses a real and recognized bottleneck in merger-remnant modeling: inconsistent Ye and energy evolution across transport, hydrodynamics, and nucleosynthesis. The physical logic linking SMNS spin-down, time-dependent neutrino irradiation, wind Ye freeze-out, and polar baryon pollution is sound and well motivated. The main weaknesses are practical and methodological rather than conceptual. (i) The feasibility of a fully implicit, GR-consistent neutrino–hydro–network solve in 2D over SMNS lifetimes extending to 10^4 s is questionable given current computational limits; this risks undercutting deliverability. (ii) Reliance on axisymmetry and M1/two-moment closure may systematically bias polar-funnel baryon loading and neutrino angular distributions, precisely where the key observables reside. (iii) Magnetic fields are invoked in the physical narrative (magneto-centrifugal loading) but are not clearly integrated into the solver description, leaving an inconsistency between mechanism and numerics. These issues warrant score deductions despite the proposal’s high scientific merit."
"Accretion-powered X-ray pulsars encode magnetospheric geometry and truncation physics not primarily in time-averaged spectra but in the *energy-dependent complex harmonic structure* of their pulse profiles. We hypothesize that, once the angular emission pattern is parameterized by a minimal, physically derived radiative-transfer model (rather than ad hoc fan↔pencil mixing), the joint evolution of harmonic amplitudes and phases across luminosity uniquely constrains the magnetospheric truncation radius r_m(L), dipole moment μ, and viewing geometry—even with RXTE PCA’s modest spectral resolution. The mechanism is that optical-depth– and column-height–controlled angular emissivity simultaneously determines (i) harmonic ratios/phase lags via GR light-bending and rotational geometry and (ii) phase-resolved spectral curvature via resonant scattering and bulk Comptonization. By embedding this emissivity in a closure-consistent accretion-column + magnetosphere model and explicitly propagating PCA instrumental systematics into harmonic space, the remaining degeneracies (spot shape, two-pole asymmetry, τ–T_e tradeoffs) collapse into identifiable parameter combinations that are testable with Fisher and simulation-based calibration. Independent torque or cyclotron-B measurements are not used to drive inference but serve as blinded cross-checks, ensuring that r_m is data-constrained rather than prior-imposed.","Step 0: Target and data definition (tightened sample)
0.1 Target restriction: limit to confirmed RXTE PCA accreting X-ray pulsars with (a) coherent pulsations, (b) detectable fundamental + ≥1 harmonic over ≥3 luminosity states, and (c) documented harmonic evolution. Initial sample: X0726−260, 4U 0115+63, V 0332+53, A 0535+26, GRO J2058+42 (excluding non-pulsating transients such as XTE J1739−302).
0.2 Data scope: PCA GoodXenon/Event modes only; PCU-wise separation retained. Epoch-specific response matrices (gain epochs 1–5) tracked explicitly.

Step 1: PCA-specific data preparation and systematics modeling
1.1 Event processing: barycentric correction, PCU-dependent deadtime correction using the RXTE deadtime transfer function (Zhang et al. formalism), removal of dropouts at >10^4 c/s.
1.2 Background treatment: propagate background model uncertainty (Bright/Faint models) as an additive complex-noise term in harmonic space rather than subtracting a fixed background.
1.3 Harmonic data cubes: for each segment (128–256 s, chosen by coherence time), compute complex Fourier coefficients C_n(E,PCU) with full covariance including Poisson + deadtime-modulated noise; retain n=1–4 where S/N>5.

Step 2: Physically parameterized emission and radiative-transfer model
2.1 Angular emissivity law (replacing fan↔pencil mixing): adopt a minimal slab/column radiative-transfer solution with angular intensity
I(E,μ_e) ∝ exp[−τ(E)/|μ_e|] + α(h/R,B)·|μ_e|,
where μ_e is the cosine of the emission angle, τ(E)=τ_0(E/E_0)^{−s} encodes resonant scattering/Comptonization, and α(h/R,B) is derived from column height and magnetic field strength (capturing fan dominance at high τ and pencil dominance at low τ). No free interpolation parameter is allowed.
2.2 Spectral curvature: electron temperature T_e and τ_0 are tied by local dissipation: σ_SB T_e^4 ∝ (L/A_cap)·(1−ε_adv), ensuring that the same parameters predict both energy spectra and harmonic evolution.
2.3 Two-pole geometry: allow asymmetric poles with a single asymmetry parameter ΔA/A constrained globally across luminosity, preventing harmonic absorption into arbitrary spot offsets.

Step 3: GR ray tracing and forward model
3.1 Ray tracing: Schwarzschild spacetime with exact light-bending; phase-dependent mapping preserves I_ν/ν^3 invariance. Compactness M/R enters explicitly and is constrained by harmonic phase shifts.
3.2 Prediction: generate model C_n(E,PCU) by integrating I(E,μ_e) over visible surface for each phase bin, then Fourier-transforming.

Step 4: Magnetospheric closure with identifiability safeguards
4.1 Closure equations: r_m = ξ(μ^4/GM\dot{M}^2)^{1/7}, A_cap ∝ R^3/r_m, L = f_rad GM\dot{M}/R.
4.2 Identifiability test: perform Fisher-matrix and simulation-based calibration (SBC) on synthetic PCA datasets with injected μ, geometry, τ_0, h(L), including realistic systematics. Quantify which linear combinations of parameters are constrained by {C_n(E)} and report posterior contraction relative to priors.
4.3 Hierarchical inference: μ, geometry, asymmetry are global; r_m(L), τ_0(L), h(L) are segment-level but constrained by closure relations. Nested sampling with explicit evidence comparison against models with relaxed closure.

Step 5: Instrumental validation
5.1 Calibration sources: apply pipeline to Crab (null pulsation test) and Her X-1 (known geometry) to validate harmonic likelihood and deadtime handling.
5.2 Epoch cross-check: demonstrate consistency of inferred parameters across PCA gain epochs and PCU subsets.

Step 6: Independent, blinded cross-checks
6.1 Torque comparison: where spin-up/down data exist, compare inferred r_m(L) to torque-predicted trends without feeding torque into the fit.
6.2 Cyclotron-B comparison: if CRSFs are reported from other missions, compare inferred μ posteriors to B_CRFS estimates.

Step 7: Falsifiable predictions
7.1 Predict L_switch scaling: L_switch ∝ μ^{2/3} P_spin^{−7/3} from τ(h/R,B) scaling; test across sample.
7.2 Population test: absence of predicted scaling falsifies magnetosphere-controlled beaming hypothesis.","The proposal directly addresses reviewer concerns by converting qualitative claims into quantitative, testable structures. Identifiability is not assumed but demonstrated via Fisher and SBC analyses using PCA response matrices and deadtime-modulated noise. Degeneracies between geometry, beaming, and microphysics are reduced by enforcing a single radiative-transfer–derived angular emissivity law whose parameters simultaneously govern harmonic content and spectral curvature, preventing phenomenological absorption of model error. Instrumental systematics—PCU-dependent responses, deadtime nonlinearity, background uncertainty, and gain drifts—are explicitly embedded in the harmonic likelihood and validated on calibration sources. Magnetospheric closure is safeguarded by evidence comparison against relaxed models and by blinded cross-checks with torque and cyclotron-B observables, ensuring r_m inference is data-driven. RXTE PCA’s exceptional timing precision and count rates make complex harmonic coefficients statistically robust even where spectral resolution is limited, turning a historical limitation into the core strength of the methodology. The refined target list focuses exclusively on canonical RXTE pulsars with known harmonic variability, ensuring empirical viability.","The proposal is technically ambitious and unusually well-structured for RXTE-era data, with a clear end-to-end forward model (instrument → harmonic observables → GR ray tracing → emissivity/column physics → magnetospheric closure) and explicit identifiability validation. The largest weakness is that the “minimal radiative-transfer” angular emissivity law is still effectively phenomenological: I(E,μ_e) ∝ exp[−τ/|μ_e|] + α|μ_e| is not demonstrated to be a controlled approximation to a magnetized, energy- and angle-dependent scattering atmosphere/column across the relevant B, τ, and bulk-velocity regimes, and it is unclear whether the mapping from (τ_0,s,T_e,h) to harmonic phases/amplitudes is sufficiently unique once realistic complexities enter (energy-dependent cyclotron resonance angular redistribution, bulk velocity gradients, multipolar fields, phase-dependent absorption/occultation, and column self-shielding). The claim that compactness M/R can be constrained primarily through harmonic phase shifts with PCA data is not convincingly supported; M/R often remains highly degenerate with beam pattern and spot/column height, and PCA’s limited energy resolution reduces leverage to disentangle microphysics-driven phase lags from purely geometric ones. Additionally, the magnetospheric closure r_m ∝ μ^{4/7} \.dot{M}^{−2/7} plus A_cap ∝ R^3/r_m is model-dependent (ξ, field geometry, disk-threading, radiation-pressure effects near critical luminosity) and may bias inference if treated too rigidly; evidence comparison against relaxed closure helps, but the parameterization of “relaxation” is not specified. Finally, some critical practical details are underspecified: treatment of red noise/aperiodic variability leaking into harmonic estimates, energy-channel covariance induced by response and background modeling, and the extent to which segmenting at 128–256 s preserves phase coherence for each source/state without selection bias."
"Lanthanide-rich ejecta in compact-object mergers is not governed by a single CE-imprinted monotone pathway, but by a **channel-resolved energy–leptonization bottleneck** whose admissible phase space is indirectly sculpted by CE evolution through its statistically robust impact on the joint distribution of (mass ratio q, total gravitational mass M_tot, remnant lifetime). The refined hypothesis is: *CE evolution does not deterministically increase lanthanide-rich ejecta, but shifts the population into merger configurations where the **combined dynamical + disk-wind neutron-rich channels** can satisfy simultaneously (i) tight energy-unbinding inequalities, (ii) Y_e suppression constraints set by remnant lifetime, and (iii) disk binding-energy release limits.* Identifiability arises because, once ejecta channels are separated and all major energy reservoirs are explicitly accounted for, the remaining feasible space for producing the observed red ejecta mass collapses to a narrow subset of CE binding-energy histories that reproducibly bias mergers toward asymmetric, non–prompt-collapse systems without violating neutrino-driven leptonization bounds. This converts CE evolution from a speculative monotone driver into a statistically testable *population-level enabler* whose imprint survives supernova kicks and selection when evaluated under energy- and Y_e–tight constraints.","Step 1: Channel-resolved ejecta and energy ledger construction.
1.1 Separate red ejecta into two physically distinct channels: (a) **dynamical tidal/shock ejecta** and (b) **disk-driven ejecta** (viscous + MHD winds). For each observed kilonova, perform a two-component red inversion using radiative-transfer models with channel-specific priors: tidal ejecta constrained to low Y_e (<0.25), high velocity (v > 0.1c), equatorial geometry; disk winds allowed higher Y_e (0.25–0.4), lower velocity, quasi-isotropic geometry. The inversion outputs posteriors on (M_red^dyn, v_red^dyn) and (M_red^disk, v_red^disk), explicitly marginalizing over opacity–composition degeneracies using r-process heating-rate priors.

1.2 Extend the energy ledger to include **all first-class energy reservoirs**:
E_avail = η_orb ΔE_orb + η_shock E_shock + η_disk ΔE_bind^disk + E_rec,
where ΔE_bind^disk is the gravitational binding-energy release of the accretion disk (computed from EOS-dependent ISCO energies and disk mass estimates calibrated to NR), and E_rec is nuclear recombination energy with a conservative upper bound (≈8 MeV per baryon). Each term carries channel-specific coupling efficiencies with hard upper limits from NR/MHD simulations; no free normalization parameters are introduced.

Step 2: EOS- and remnant-conditioned constraints.
2.1 Use the EOS atlas to map (M_tot, q) to remnant fate (prompt collapse / short-lived HMNS / long-lived HMNS). For each fate, impose **channel-specific Y_e ceilings**: dynamical ejecta mass limited by neutrino irradiation duration; disk-wind ejecta limited by disk lifetime and viscous timescales. These bounds are encoded as inequalities, not tunable functions.

2.2 Translate channel-resolved masses into required energies:
E_req^dyn = (1/2)M_red^dyn v^2 + Φ_dyn(EOS, q),
E_req^disk = (1/2)M_red^disk v^2 + Φ_disk(EOS, remnant fate),
with Φ_dyn and Φ_disk drawn from precomputed EOS-atlas potentials and disk structure models. Enforce E_req^dyn ≤ E_avail^dyn and E_req^disk ≤ E_avail^disk separately.

Step 3: CE → merger causal modeling (addressing reviewer point ii).
3.1 Run controlled population-synthesis experiments in which **only CE envelope binding energy prescriptions are varied** (e.g., rejuvenated vs non-rejuvenated accretors), while supernova kicks, wind mass loss, and stable mass transfer are fully marginalized. Quantify the induced shifts in (q, M_tot, remnant lifetime) and test for sign stability across metallicity and kick models.

3.2 Demonstrate robustness by propagating these populations through GW selection functions and showing that the CE-induced shifts persist in the detectable sample.

Step 4: Constrained optimal transport with identifiability tests.
4.1 Define the OT source measure over CE states (E_bind^CE, a_post) and the target over **channel-resolved energy requirements** (E_req^dyn, E_req^disk, M_tot, q). The cost functional is physically grounded: (i) delay-time mismatch penalty from GW inspiral theory, (ii) remnant-mass likelihood penalty from supernova remnant models. No cost term depends directly on ejecta mass.

4.2 Impose hard constraints from Steps 1–2. Perform sensitivity analysis by (a) tightening/loosening NR-calibrated bounds and (b) swapping admissible cost function variants. Quantify identifiability by the reduction in the feasible CE binding-energy entropy relative to priors.

Step 5: Validation and falsification.
5.1 Synthetic-universe tests with injected CE–ejecta correlations and null-hypothesis cases (no CE imprint) to show when the method recovers or correctly rejects a CE signal.
5.2 Event-level posterior predictive checks for both ejecta channels.
5.3 Falsification if: (i) feasible OT couplings remain broad under the tightest physically allowed inequalities, or (ii) inferred CE binding energies conflict with independent MESA envelope-binding calculations.","This revised framework directly addresses reviewer concerns by (i) **explicitly separating red-ejecta channels** and including disk binding-energy release, MHD winds, and recombination energy as bounded, first-class contributors, eliminating misattribution of energetics; (ii) replacing the asserted CE→ejecta monotonicity with a **quantitative causal population experiment** that isolates CE binding-energy effects while marginalizing over known confounders; (iii) demonstrating identifiability through entropy reduction and null tests under **NR-tight inequalities**, ensuring constraints—not calibration freedom—drive inference; and (iv) physically justifying the OT cost and stress-testing it against alternatives to show robustness. Empirically, multi-component kilonovae (Asset 1), EOS-dependent ejecta energetics (Asset 2), binding-energy control of compact-object masses (Asset 3), and CE-driven binding-energy modification (Asset 4) jointly support the feasibility. The approach remains conservative: if CE evolution does not leave a detectable imprint once all channels and uncertainties are included, the method will explicitly fail, yielding a strong null result rather than an overfit correlation.","The proposal is technically ambitious and largely well-structured, but several key elements remain under-specified at the level needed for strict identifiability. (1) The central observational inversion—separating “red” light into dynamical vs disk-wind components—may be only weakly identifiable from kilonova photometry/spectra because opacity–geometry–heating degeneracies can mimic the same color/temporal evolution; the stated priors (velocity, geometry, Y_e ranges) risk becoming the de facto separator rather than the data. (2) The “no free normalization” claim is too strong: coupling efficiencies (η_orb, η_shock, η_disk) and the mapping from observables to disk mass and ISCO energetics effectively introduce model dependence; hard bounds help, but without demonstrating that the bounds are sufficiently tight, the inequalities may not collapse the feasible set as asserted. (3) The Y_e constraints tied to remnant lifetime are presented as inequalities, but the dependence of Y_e on neutrino transport, HMNS lifetime, magnetic fields, and viewing angle is complex; the proposal does not specify the concrete functional form of these ceilings/floors nor the provenance/uncertainty budget for them, leaving room for hidden tuning. (4) The OT step risks absorbing residual model mismatch: even with a “physically grounded” cost, OT couplings can remain non-unique in high dimensions; entropy reduction is a good diagnostic, but the proposal does not state what level of reduction constitutes detection vs underconstraint, or how sensitive this is to the chosen state space and regularization. (5) Population-synthesis isolation of CE effects is well-motivated, yet “vary only CE binding energy prescriptions” is not fully credible because CE outcomes correlate with prior mass transfer, core-envelope structure, and rejuvenation physics; the claimed isolation needs explicit counterfactual design and diagnostics demonstrating that induced shifts in (q, M_tot, lifetime) are not dominated by other binary-evolution submodels.

Net: strong conceptual integration and a serious attempt at falsifiability, but the practical identifiability of channel separation and the tightness/traceability of the inequality constraints are the main risks."
"A measurable fraction of pulsar timing red noise and low-frequency cross-correlations currently attributed to a stochastic gravitational wave background (GWB) is instead produced by dark-matter–induced acceleration and/or torque transients (e.g., primordial black hole fly-bys and neutron-star encounters), and this contribution can be separated from a true tensor GWB by a methodological adaptation: replacing the standard PTA power-law red-noise + Hellings–Downs model with a physics-constrained, multi-channel likelihood that (i) jointly fits Earth-term and pulsar-term impulse responses for compact dark-matter events, (ii) enforces neutron-star interior torque dynamics via a causality-respecting (TOV/EoS-bounded) glitch–timing-noise state-space prior, and (iii) performs model selection in the space of correlation kernels (tensor HD vs dipolar/monopolar/impulsive DM kernels). Mechanistically, DM compact objects generate localized, non-stationary accelerations with a calculable time-domain template and a correlation structure distinct from the stationary tensor GWB; simultaneously, neutron-star superfluid angular-momentum exchange generates relaxation spectra that can mimic red noise but must obey microphysical bounds tied to the EoS. Embedding these constraints breaks the degeneracy between (a) intrinsic timing noise, (b) DM impulses, and (c) a stochastic tensor background, yielding unbiased GWB inference and new constraints on DM abundance and neutron-star EoS-consistent torque noise.","Step 1: Data curation and physics inputs.
- Assemble multi-band PTA timing residuals and timing-model design matrices for a curated subset of stable millisecond pulsars plus known noisy/glitch-prone pulsars; include metadata: cadence, backend changes, DM (dispersion measure) variations, and solar-system ephemeris alternatives.
- Build priors for neutron-star parameters (mass, radius, moment of inertia ranges) from nuclear-physics EoS families constrained by causality (cs<=c) and TOV stability; map these to allowable torque-noise and glitch-recovery timescale ranges.
- Specify compact-DM event models: (a) PBH fly-by of Earth/pulsar causing acceleration impulses; (b) PBH capture/NS interaction channel producing a step-like spin perturbation consistent with angular-momentum conservation.

Step 2: Implement the methodological adaptation (physics-constrained multi-kernel, multi-channel inference).
- Replace the standard stationary red-noise Gaussian-process (GP) alone with a hybrid generative model:
  (i) Tensor GWB channel: stationary GP with HD spatial correlation and flexible spectral shape (power-law plus optional turnover).
  (ii) Compact-DM impulse channel: a transdimensional (reversible-jump) component whose latent variables are event times, impact parameters, and PBH masses; impose deterministic time-domain templates for induced residuals (Earth-term coherent impulse across pulsars; pulsar-term impulses with sky-position-dependent projection) and the corresponding non-HD correlation kernel.
  (iii) Neutron-star torque/noise channel: a state-space model for spin frequency and derivative with jump (glitch) operators and relaxation; constrain its parameters (e.g., recovery amplitudes, relaxation times, noise PSD slopes) by EoS-derived moment-of-inertia bounds and superfluid coupling timescale priors, ensuring conservation of angular momentum at each jump.
- Couple radio-frequency-dependent propagation effects (chromatic DM variations) as a separate constrained GP to avoid leakage into achromatic channels.
- Perform joint Bayesian inference (e.g., Hamiltonian Monte Carlo for continuous parameters + reversible-jump moves for event counts) with explicit evidence computation for competing hypotheses: {GWB only, GWB+intrinsic, GWB+DM impulses, intrinsic+DM, full model}. Use posterior predictive checks in both time and frequency domains.

Step 3: Validation, identifiability, and nuclear-physics/astrophysics outputs.
- Inject-and-recover campaigns on realistic PTA cadences: simulate (a) pure HD GWB, (b) PBH impulses at rates consistent with local halo densities, (c) micro-glitches and torque noise consistent with EoS priors, and (d) mixtures; quantify bias in inferred GWB amplitude/slope under standard pipelines vs the adapted pipeline.
- Kernel identifiability tests: verify that the adapted model distinguishes HD correlations from monopolar (clock), dipolar (ephemeris), and impulse-like DM correlations using Bayes factors and null tests (sky scrambles, epoch shuffles).
- Produce constraints: (i) upper limits or posterior on PBH DM fraction in the relevant mass window from non-detection of coherent/pulsar-term impulses; (ii) EoS-consistent constraints on internal coupling timescales and glitch microphysics from the torque-noise state posterior; (iii) corrected GWB amplitude and spectral shape with reduced contamination from timing-noise/DM channels.
- Cross-check with external multi-messenger information: compare inferred NS interior parameters with NICER mass-radius posteriors and with GW constraints from compact-binary inspirals; verify consistency with nuclear-theory priors.","1. Theoretical/Empirical Basis: PTA analyses already rely on explicit correlation kernels (e.g., Hellings–Downs) and detailed noise models; PBH fly-bys produce calculable pulse-like accelerations in timing residuals, and micro-glitches demonstrate that intrinsic neutron-star processes can introduce non-stationary timing structure. Nuclear-physics EoS families provide physically bounded moment-of-inertia and coupling-timescale priors, enabling causality- and stability-respecting constraints.
2. Transfer Logic (How the adaptation fits the domain): The adaptation directly addresses a known limitation—degeneracy between red timing noise and a low-frequency common process—by adding mechanistically distinct, physically constrained latent channels (DM impulses and EoS-bounded torque dynamics) instead of ad hoc flexible red-noise terms. This respects conservation laws (angular momentum in glitches), relativistic structure constraints (TOV/causality), and uses correlation physics (HD vs non-HD) rather than black-box fitting.
3. Comparative Advantage: Compared with standard power-law red-noise + HD searches, the adapted framework (i) reduces bias in GWB parameter inference under realistic non-stationary contaminants, (ii) provides simultaneous, interpretable constraints on compact DM (PBH fraction/event rate) and neutron-star interior dynamics, and (iii) increases detection robustness by enforcing physically allowable timing-noise behavior, preventing overfitting that can mimic a stochastic tensor background.","This is a technically sophisticated and largely well-justified proposal that directly targets a known PTA bottleneck: degeneracy between low-frequency red noise and a common GWB signal. The engineering plan is unusually detailed for a conceptual proposal, with explicit likelihood structure, inference machinery, and validation strategy. The logical chain linking DM impulses, neutron-star torque dynamics, and timing residual phenomenology is mostly sound and grounded in known physics. Score deductions arise from two main weaknesses: (i) identifiability risk—despite kernel distinctions, the practical separability of rare DM impulses from pulsar-term glitches under real PTA cadence and S/N is not convincingly bounded with quantitative forecasts; and (ii) scope creep—the simultaneous ambition to constrain PBH abundance, neutron-star EoS-consistent torque noise, and correct GWB inference may overextend statistical power, especially given transdimensional inference complexity. The proposal occasionally assumes that physically motivated priors will decisively break degeneracies without fully demonstrating that the data are informative enough once those priors are imposed."
"A jointly modeled nanohertz gravitational-wave background (GWB) from massive black hole binaries (MBHBs) and supermassive neutron-star populations will produce a uniquely constrained, frequency-integrated gravitational-wave energy density that is recoverable by combining (i) an astrometric Hellings–Downs correlation built from quasar proper motions and (ii) PTA cross-power spectra, provided the sky response is represented in a shared vector-spherical-harmonic (VSH) basis with an explicit E-mode dipole marginalization. The core mechanism is that a stochastic tensor GW field induces a quadrupolar, transverse-traceless (spin-2) correlated proper-motion pattern (E/B quadrupoles) and an equivalent timing-residual correlation; expressing both data sets in a common VSH/SWSH operator formalism forces consistency under rotational symmetry and GR polarization structure, while the adapted method—E-mode-dipole–conditioned multi-tracer VSH inference with nuclear-physics-informed priors on neutron-star contributions—breaks degeneracies between true GW quadrupoles and instrument/kinematic dipoles, yielding tighter and physically interpretable posteriors on Omega_GW(f) and on the possible neutron-star/EOS-driven sub-population contribution.","Step 1: Specific system setup or data preparation.
1.1 Assemble Gaia quasar proper motions (latest release) with full covariance, scanning-law systematics maps, and known large-scale dipoles (solar acceleration/aberration drift) templates.
1.2 Assemble PTA strain/cross-correlation products (frequency-binned cross-power spectra or timing-residual covariance) from major PTAs; ingest noise models and solar-system ephemeris uncertainty representations.
1.3 Build a shared sky pixelization and harmonic convention: define a VSH basis for vector fields on S^2 for astrometry (proper-motion field) and a spin-weighted spherical harmonic (SWSH) basis for PTA response; construct an explicit linear operator mapping the underlying stochastic tensor field to each observable.

Step 2: Detailed implementation of the adapted methodology.
2.1 Methodological Adaptation — E-mode-dipole–conditioned multi-tracer VSH inference:
- Modify standard quadrupolar VSH fitting by augmenting the design matrix with an explicit E-mode dipole subspace (and optional higher-order low-l systematics modes) and impose orthogonality constraints via constrained generalized least squares (CGLS) so that quadrupole estimators are conditionally unbiased given dipole uncertainties.
- Implement a hierarchical Bayesian model where astrometric coefficients a^E_{lm}, a^B_{lm} (l=1..Lmax) and PTA anisotropy coefficients c_{lm}(f) share a common latent GW field parameterization; enforce GR tensor-mode structure by tying astrometric E/B quadrupoles to PTA correlations through a shared polarization kernel.
2.2 Physical constraints and domain coupling (High-Energy Astrophysics + Nuclear Physics):
- Decompose Omega_GW(f) into MBHB + neutron-star population components: Omega_GW(f)=Omega_MBHB(f; theta_MBHB)+Omega_NS(f; theta_EOS, theta_pop).
- For Omega_NS, incorporate EOS-informed bounds and population synthesis priors: enforce causality (c_s<=c), maximum mass constraints, and tidal deformability constraints by parameterizing the EOS with a piecewise-polytrope or spectral representation and sampling only physically admissible regions; propagate to neutron-star binary merger/remnant demographics that shape the nanohertz background slope/turnovers.
- For Omega_MBHB, use simulation-informed priors (e.g., dynamical-friction-dependent scaling and turnover) calibrated to ASTRID-like predictions; allow environmental coupling parameters that alter spectral index.
2.3 Likelihood construction:
- Astrometry likelihood: multivariate Gaussian in proper-motion space with full covariance; forward model uses VSH coefficients plus nuisance dipole and scanning-law modes; include robust downweighting for outliers.
- PTA likelihood: frequency-binned Gaussian (or Student-t) likelihood for cross-power with full inter-pulsar covariance; include common red-noise and ephemeris systematics.
- Joint inference: perform Hamiltonian Monte Carlo or variational inference with exact linear-Gaussian marginalization over nuisance systematics subspaces (dipole, calibration modes), leaving Omega_GW parameters sampled.

Step 3: Rigorous validation and analytical framework.
3.1 End-to-end simulations: inject known isotropic and mildly anisotropic GWB (with controllable dipole/quadrupole content), plus realistic Gaia-like scanning systematics and PTA clock/ephemeris errors; verify recovery of Omega_GW and anisotropy under the constrained model.
3.2 Null tests: (i) rotate quasar positions (scramble sky) to destroy correlations, (ii) split Gaia sample by magnitude/redshift/sky region, (iii) PTA jackknife over pulsars; require consistency of recovered quadrupole spectra.
3.3 Model comparison: compute Bayes factors for (a) GW-only vs GW+dipole-systematics, (b) MBHB-only vs MBHB+EOS-conditioned NS component; quantify improvement in posterior volume and bias relative to standard VSH-only astrometric HD and standard PTA-only power-law fits.
3.4 Deliverables: (i) joint posterior on h_c(f_ref) and h^2 Omega_GW(f) with anisotropy coefficients, (ii) constraints on MBHB environmental parameters, (iii) upper limits (or detection) of any EOS-consistent neutron-star nanohertz contribution, reported as constraints on EOS hyperparameters and allowed population channels.","1. Theoretical/Empirical Basis: GR predicts that a stochastic tensor GW background induces a quadrupolar correlated proper-motion field (astrometric HD curve) and the PTA Hellings–Downs timing correlation; both are projections of the same sky tensor field, naturally expressible via (vector/spin-weighted) spherical harmonics. Existing astrometric HD analyses already reach competitive upper limits and demonstrate that VSH fitting is operational at >10^6-source scale, while PTAs have reported strong evidence for a common-spectrum process consistent with a nanohertz GWB.
2. Transfer Logic (How the adaptation fits the domain): High-energy astrophysics requires separating MBHB astrophysical foregrounds from potential additional components; nuclear physics enters through physically admissible neutron-star EOS parameterizations that bound any NS-driven contribution. Conditioning on (and marginalizing over) the E-mode dipole and other low-l systematics is essential because Gaia proper-motion dipoles (aberration drift, calibration) can leak into quadrupole estimates; the adapted constrained estimator directly targets this limitation while respecting rotational symmetry and GR polarization structure.
3. Comparative Advantage: Compared to (i) astrometry-only quadrupolar VSH fits and (ii) PTA-only isotropic power-law models, the proposed joint multi-tracer VSH framework (a) reduces bias from dipole leakage by construction, (b) tightens Omega_GW constraints by enforcing cross-consistency of two independent observables of the same field, and (c) yields physically interpretable separation between MBHB and EOS-consistent neutron-star components, replacing ad hoc spectral fits with causality- and observation-bounded nuclear-physics priors.","This is an unusually sophisticated and internally consistent proposal that demonstrates deep familiarity with astrometric GW detection, PTA analysis, and harmonic representations of tensor fields on the sphere. The engineering plan is detailed and largely executable, particularly the shared VSH/SWSH operator formalism and constrained marginalization over dipole systematics, which addresses a real and recognized bias channel in Gaia-based astrometric HD analyses. The logical chain linking a common stochastic tensor field to both observables is sound and well justified by GR symmetry arguments. However, the proposal slightly overreaches in the treatment of a neutron-star–driven nanohertz background: while EOS-informed priors are physically admissible, the astrophysical plausibility of a detectable NS contribution in the PTA band remains marginal and is not quantitatively defended (e.g., expected amplitude relative to MBHBs). This weakens the evidentiary grounding of that subcomponent, though it does not undermine the core joint-inference framework. Additionally, computational scalability and numerical conditioning of the large coupled harmonic system are acknowledged only implicitly, not addressed explicitly."
"GRB 170817A–like events can exhibit (i) a physically distinct, low-fluence precursor and (ii) a hard short pulse with a ~seconds-scale waiting time when the jet is launched into a baryon-rich, angle-dependent post-merger wind whose optical depth and breakout conditions evolve on the same timescale as r-process heating changes the ejecta temperature/composition and hence opacity. Mechanistically, the precursor arises from shock breakout / photospheric emission of a mildly relativistic cocoon or jet head when the wind optical depth first drops below unity along the observer’s line of sight, while the hard short pulse is produced only after a cleaner, higher-Γ channel forms (or the jet core emerges) and internal dissipation becomes visible. A single physics-constrained, differentiable multi-messenger inverse model (GW tidal deformability + jet–ejecta hydrodynamics + radiative transfer + kilonova microphysics) overcomes the key limitation of sequential fits by forcing the same small set of ejecta/engine parameters to simultaneously satisfy: (1) GW-inferred tidal parameters and distance/inclination, (2) the GRB fluence and two-component temporal structure (precursor + hard pulse, plus soft-tail/afterglow upper limits), and (3) the optical kilonova luminosity/color evolution set by r-process heating and Ye-dependent opacity. This shared-parameter closure removes otherwise unconstrained degeneracies (viewing angle vs. baryon loading vs. jet structure vs. opacity evolution) that can fit any one dataset in isolation but not all three at once.

The previously proposed intermediate-mass black hole (IMBH) environmental perturbation is restricted to a narrowly defined, testable configuration space: an IMBH with M_L ∈ [10^2,10^4] M⊙ acting as a gravitational lens with small impact parameter (b comparable to the Einstein radius) along the GW/γ-ray line of sight, which can produce a detectable, frequency-dependent amplification and phase/time-delay perturbation in the GW signal (wave-optics regime) and/or a measurable relative arrival-time perturbation between GW and γ-rays only if the lensing geometry is near-aligned. We pre-register a null hypothesis (no detectable IMBH lensing; report upper limits on lensing strength and translate to constraints on M_L and b) because generic tidal/tertiary effects from such masses at astrophysically plausible separations are expected to be below LIGO/Virgo systematic floors. The IMBH channel is therefore treated as a targeted, falsifiable lensing test—not as a free ‘complexity absorber’—and is only activated in inference if (a) Bayes factors exceed a pre-specified threshold against a no-lens model and (b) injection–recovery tests show controlled false-positive rates under waveform/calibration systematics.","Step 0 — Pre-registration (guards against unfalsifiable complexity)
0.1 Define two model classes and decision rules before analysis:
  • M0 (baseline multi-messenger model): no IMBH lensing.
  • M1 (IMBH lensing): includes only line-of-sight lensing parameters (M_L, y=b/R_E, lens redshift ≈ host, no arbitrary waveform ‘patch’ terms).
0.2 Pre-specify detection/claim criteria:
  • Require log Bayes factor ln B10 > 5 AND posterior on y confined to the near-aligned regime (e.g., y<1.5) AND successful simulation-based calibration (SBC) false-positive rate <1% under M0.
0.3 If criteria not met: report upper limits on lensing strength; do not interpret residuals as IMBH evidence.

Step 1 — Quantitative order-of-magnitude detectability calculations (mandatory)
1.1 IMBH lensing time-delay scale (geometric optics upper bound):
  • For a point-mass lens, the characteristic lensing time scale is t0 = 4GM_L/c^3 ≈ 19.7 μs (M_L/M⊙).
  • Thus t0 ≈ 2 ms (10^2 M⊙), 20 ms (10^3 M⊙), 0.2 s (10^4 M⊙).
  • A relative GW–γ arrival-time perturbation due to lensing requires near alignment; otherwise the effective delay is far smaller than t0.
  • Compare to GW170817 γ delay (~2 s): an IMBH lens cannot explain the bulk delay unless M_L ≳ 10^5 M⊙ or extreme alignment; hence we do NOT model the 2 s delay as lensing.
1.2 Wave-optics regime relevant for LIGO band:
  • Dimensionless frequency parameter w = 8πGM_L f / c^3.
  • At f=100 Hz: w ≈ 0.12 (100 M⊙), 1.2 (10^3 M⊙), 12 (10^4 M⊙).
  • Therefore M_L ~ 10^3–10^4 M⊙ can produce frequency-dependent interference (amplitude/phase modulations) across 30–500 Hz, but only for small y.
1.3 Systematics floor comparison:
  • We will benchmark detectability against (i) published LIGO amplitude/phase calibration uncertainty envelopes for O2 and (ii) waveform-model systematics assessed by comparing at least two independent BNS waveform families.
  • If injected lensing signatures at (M_L,y) are not recoverable above these floors in SBC, that region is removed from the claimed testable space.

Step 2 — Data assembly (anchored to the provided assets)
2.1 GW: public LIGO/Virgo strain for GW170817; include calibration uncertainty marginalization.
2.2 γ-rays: Fermi-GBM + INTEGRAL time-tagged events / binned light curves and spectra; enforce instrument response (DRM) in-likelihood. Use INTEGRAL fluence constraint (75–2000 keV) and upper limits on soft γ afterglow explicitly as censored-data likelihood terms.
2.3 Optical: kilonova photometry/spectra time series for AT2017gfo; incorporate bandpasses and extinction.
2.4 Control sample for precursor regularization: Fermi/GBM short GRBs with statistically significant precursors (from systematic searches) with response matrices retained; use only to learn population-informed priors (not to “train away” GW170817 specifics).

Step 3 — Forward model architecture (differentiable, physics-constrained, with calibrated uncertainty)
3.1 Global parameter vector θ (core):
  • BNS: chirp mass, mass ratio, spins (restricted), tidal deformabilities (Λ1,Λ2) via an EoS parameterization.
  • Remnant/engine: prompt BH vs. hypermassive NS lifetime τ_rem (parametrized), jet power L_j(t), launch delay, baryon pollution parameter.
  • Ejecta: dynamical + wind components with M_ej, v_ej, angular structure, Ye distribution parameters.
  • Radiative: microphysical opacity κ(T,Ye), thermalization efficiency, r-process heating normalization.
  • Viewing geometry: inclination/θ_v consistent with GW constraints.
3.2 Module A (GW + EoS):
  • EoS parameterization: piecewise-polytrope or spectral EoS with explicit constraints: causality (c_s≤c), thermodynamic stability, and M_max ≥ 2.0 M⊙.
  • Waveforms: evaluate at least two BNS waveform models; marginalize waveform-systematic uncertainty by model averaging.
  • Output: GW likelihood with gradients for HMC/NUTS.
3.3 Module B (Jet–ejecta interaction + radiation surrogate):
  • High-fidelity simulator set: special relativistic (or GR-informed) hydrodynamics (RHD) of jet propagation through anisotropic wind + Monte Carlo radiative transfer (RT) for emergent γ spectra.
  • Surrogate type: Bayesian neural operator or emulator ensemble (e.g., deep ensemble + heteroscedastic head) that outputs both mean and predictive variance for time-resolved spectra and light curves.
  • Hard constraints via penalties and parameterizations:
    – Energy-momentum conservation enforced as integral constraints on the surrogate outputs (e.g., penalty on ∂_μ T^{μν} residuals aggregated over the domain).
    – Optical depth positivity and causal propagation (no superluminal breakout front).
    – Baryon-loading/Γ consistency: enforce Γ(θ,t) bounded by available energy per baryon.
  • Outputs: precursor timing/fluence/spectrum (thermal vs non-thermal likelihood mixture), hard pulse properties, and predicted soft γ afterglow flux for comparison to upper limits.
3.4 Module C (Nuclear microphysics closure for kilonova):
  • Heating rate: calibrated analytic r-process heating law with uncertainty hyperparameters; opacity κ(T,Ye) from tabulated fits; two-component (blue/red) ejecta parameterization with Ye-linked opacities.
  • Radiative transfer (optical/IR) either via (i) a fast validated semi-analytic transport solver with uncertainty term, or (ii) an emulator trained on kilonova RT grids.
  • Output: multi-band light curves and color evolution tied to the same (M_ej,v_ej,Ye,geometry) used in Module B.

Step 4 — Emulator training design (mandatory specificity)
4.1 Simulation campaign design (RHD+γ RT):
  • Parameter ranges (initial):
    – Jet luminosity L_j: 10^49–10^52 erg/s; duration 0.05–2 s.
    – Jet opening/core angle: 2°–15°; structured wings slope range.
    – Wind/ejecta mass: 10^-4–10^-1 M⊙; velocity 0.05–0.3c; angular stratification parameters.
    – Opacity control via Ye: Ye ∈ [0.05,0.4] mapped to κ(T,Ye) priors.
    – Viewing angle θ_v: 0°–40°.
  • Sampling strategy:
    – Stage I: Latin hypercube / Sobol space-filling (≈300 RHD runs) to cover global behavior.
    – Stage II: adaptive refinement (≈200 additional runs) targeting regions of high posterior mass and high emulator error (active learning based on expected information gain).
  • RT post-processing: for each RHD run, compute emergent spectra/light curves in GBM/INTEGRAL bands with at least two microphysics settings to span opacity/heating uncertainty.
4.2 Emulator uncertainty model:
  • Use a Bayesian/ensemble emulator returning predictive variance σ_em^2(t,E) and propagate it into the likelihood as an additive model discrepancy term: C_total = C_obs + C_em(θ) + C_cal.
  • Calibrate C_em using out-of-sample validation (≥20% held-out runs) and coverage diagnostics (e.g., 90% predictive intervals contain truth ~90% of the time).

Step 5 — Identifiability and simulation-based calibration (mandatory)
5.1 Identifiability metrics:
  • Compute local sensitivities (Fisher-information proxies) of (precursor delay, hard-pulse fluence, optical colors) to (θ_v, M_ej, L_j, Ye, τ_rem).
  • Require that posterior contraction is not driven solely by priors: enforce a “data informativity” threshold (e.g., KL divergence from prior) for key parameters.
5.2 SBC protocol:
  • Generate ≥500 synthetic multi-messenger datasets drawn from the prior, with realistic noise: GW noise consistent with O2 PSD + calibration uncertainty; GBM/INTEGRAL Poisson counts with DRM; optical photometric errors and cadence.
  • Fit with the full pipeline; verify rank statistics uniformity for θ_v, baryon loading proxy, breakout time, and τ_rem.
  • Model-mismatch tests: inject from (a) semi-analytic cocoon model and (b) alternative jet structure not in training set; quantify bias and inflate C_em if needed.

Step 6 — Baseline model comparison (mandatory)
6.1 Implement simpler physical baselines:
  • Baseline B1: semi-analytic cocoon shock breakout + structured jet prompt emission with parametric spectra.
  • Baseline B2: structured jet prompt + independent kilonova fit (sequential) representing standard practice.
6.2 Compare M0 to B1/B2 using Bayes factors with identical priors on shared parameters; require measurable evidence (pre-registered) that M0 improves joint predictive performance without overfitting (e.g., ln B(M0/B1) > 5).

Step 7 — IMBH lensing test (restricted, falsifiable)
7.1 IMBH model (M1) includes only:
  • Point-mass lens parameters: M_L ∈ [10^2,10^4] M⊙; y ∈ [0,3]; lens redshift fixed near host; no arbitrary phase polynomials.
  • Wave-optics amplification factor applied to GW frequency-domain waveform; compute induced amplitude/phase modulations.
7.2 Detectability map:
  • Injection–recovery across (M_L,y) grid; compute detection probability at fixed false-positive rate under M0.
  • Publicly report the “testable region” where recovery is robust above systematics floors; outside this region, the proposal commits to upper limits only.
7.3 Coupling to EM is limited to geometry consistency checks (not free anisotropy knobs):
  • We do NOT add an IMBH-driven ejecta anisotropy parameter unless it is independently required by data; any claimed coherence must come from the inferred θ_v/distance and lensing-consistent magnification constraints.

Step 8 — Deliverables
8.1 Posterior predictive reconstructions: INTEGRAL fluence; γ hard-pulse timing; soft γ afterglow upper limits; optical light curves/colors.
8.2 Published, calibrated emulator with documented coverage; SBC report; and (if applicable) IMBH lensing upper limits/detection statement under pre-registered criteria.","1) Why the joint differentiable model is feasible and improves identifiability: GW170817 has high-SNR GW data plus uniquely rich EM constraints (γ fluence and stringent afterglow limits; well-sampled kilonova). The proposal’s core advantage is not “more flexibility” but fewer degrees of freedom: r-process heating/Ye-dependent opacity fixes the thermal state and diffusion time that also sets the wind optical depth encountered by the jet, tying optical colors and γ breakout timing to the same ejecta parameters. Enforcing conservation/causality and instrument-response–level likelihoods prevents the surrogate from fitting unphysical light curves that would otherwise mimic viewing-angle or baryon-loading effects.

2) Emulator credibility and uncertainty propagation: The surrogate is treated as an approximate forward solver with a calibrated predictive error model carried into the likelihood. A two-stage (space-filling + active learning) simulation design plus held-out validation and coverage diagnostics ensures emulator errors are quantified rather than ignored. Simulation-based calibration under realistic noise and under controlled model mismatch provides a concrete, reviewer-required guarantee that key parameters (viewing angle, baryon loading proxy, breakout time) are recovered without bias within stated uncertainties.

3) IMBH claim is narrowed to a demonstrably testable lensing configuration space: Order-of-magnitude estimates show that generic IMBH tidal/tertiary effects are far below detectability, and that only near-aligned lensing in the wave-optics regime (M_L ~10^3–10^4 M⊙, small y) can produce potentially measurable frequency-dependent GW modulations. The analysis is therefore pre-registered as a lensing hypothesis test with strict Bayes-factor and false-positive controls. If the signal is absent (expected outcome), we still obtain robust upper limits on lensing strength that translate to constraints on (M_L,y) in the host environment. This prevents the IMBH channel from acting as an unfalsifiable nuisance term and directly addresses the board’s concern about absorbing residual systematics.

4) Added complexity is justified only if it beats simpler physical baselines: By implementing semi-analytic cocoon/structured-jet baselines and requiring pre-specified Bayes-factor gains, the proposal ensures the differentiable multi-physics model is adopted because it increases explanatory/predictive power, not because it is more flexible. This aligns the methodology with the limited photon statistics and selection effects of GRB 170817A.","The proposal is methodologically sophisticated and unusually disciplined in its treatment of complexity, particularly through pre-registration, simulation-based calibration, and explicit systematics floors. The jet–ejecta–opacity coupling that ties precursor timing to kilonova color evolution is physically well motivated. Minor weaknesses stem from feasibility risk rather than conceptual flaws: the scale of the RHD+RT simulation campaign and emulator validation is ambitious for a single event, and the enforceability of conservation/causality penalties in neural surrogates, while plausible, is not yet demonstrated at the required fidelity. The IMBH lensing component is logically consistent and appropriately narrowed, but its scientific payoff is likely limited to upper limits, reducing its marginal impact on the core hypothesis."
"Coherent ms radio bursts from X-ray–bright, historically radio-quiet neutron stars (e.g., 2XMM J104608.7-594306) and a subset of FRBs arise when transient particle loading into the Y-point/current-sheet region reduces the local outflow magnetization into a narrow, PIC-calibrated “emission-and-escape window” in (σ, κ, composition), enabling a synchrotron-maser–like instability at a relativistic, magnetized shock while simultaneously permitting GHz photons to escape induced scattering and plasma suppression. The trigger is not global magnetospheric compression but a short-lived increase in charge supply (pairs and/or ions) that (i) increases κ and inertia in the sheet/outflow, (ii) modifies reconnection/shock conditions (Γsh, obliquity, upstream distribution), and (iii) forces σ(t) to cross a bounded interval where coherent efficiency is high and the transparency condition τind(ν)≲1 holds.

Methodological rationale (explicitly addressing reviewer concerns):
1) The magnetosphere/current-sheet system is not assumed Hamiltonian. We use a well-posed port-Hamiltonian / metriplectic reduced model: an energy-based formulation that cleanly separates conservative transport (structure-preserving) from non-Hamiltonian source/sink channels representing reconnection dissipation, pair creation, and radiative losses. This retains numerical stability and a controlled energy/charge budget without claiming unphysical invariants.
2) The maser+escape module is not left to uncalibrated “literature scaling.” Its efficiency, spectral peak, bandwidth, and polarization predictions are treated as an emulator with physical priors but are calibrated to a targeted grid of PIC (or PIC-reduced) results across σ–κ–composition, producing explicit error envelopes that are propagated through the Bayesian likelihood.
3) EoS/compactness effects are treated with a pre-registered identifiability criterion. We quantify (via Fisher + simulation-based calibration) whether GR compactness-induced changes in nGJ, Φpc, and current-sheet geometry produce observable differences beyond degeneracies with B, inclination, and loading. If criteria are not met, EoS is demoted to a consistency check (not an inference target), preventing non-identifiable claims.

Falsifiable core claim: bursts occur only when the inferred posterior on σ(t) enters the PIC-calibrated emission window AND the contemporaneous transparency constraints are satisfied; outside this window, either maser growth is inefficient or induced scattering suppresses detectability, yielding sharp predictions for (a) low-frequency turnovers, (b) fluence–duration–bandwidth relations, and (c) conditional polarization behavior with bounded RM/DM excursions whose detectability thresholds and failure modes are explicitly modeled.","Step 0 — Data scope and feasibility gate (pre-registered)
0.1 Define a “Tier-1” sample requiring minimal but sufficient observables for identifiability: (i) coherently dedispersed or channelized dynamic spectra with ≤100 μs native resolution (or raw voltages where available); (ii) full-Stokes with absolute polarization calibration or calibratable reference scans; (iii) at least one X-ray epoch within Δt≤30 days of the burst with spectral state (thermal parameters or luminosity proxy). Start with 2XMM J104608.7-594306 (MeerKAT), 1–3 transient magnetar burst datasets with public voltages/Stokes, and 3–5 FRBs with published full-Stokes + reliable calibration.
0.2 Define “Tier-2” sample (relaxed polarization/X-ray simultaneity) used only for population-rate and turnover tests, not RM/DM-trigger inference.
0.3 Implement an observing augmentation plan: propose simultaneous MeerKAT/GBT/FAST + low-frequency (uGMRT/LOFAR/MeerKAT UHF if available) follow-up on candidate X-ray neutron stars, with a calibration block (polarization leakage, absolute PA) and contemporaneous Swift/XMM snapshot triggers.

Step 1 — Physics-native observables and uncertainty bookkeeping
1.1 Build event-level products: I(ν,t) dynamic spectra; Q/U/V(ν,t); coherent dedispersion where possible; polarization calibration solutions with uncertainty propagation.
1.2 Extract physics-native observables with uncertainties: component decomposition (RJ-MCMC), sub-burst drift dν/dt, instantaneous bandwidth Δν/ν, microstructure statistics, PA swing rate, circular fraction, and time-resolved RM(t) with a windowed RM-synthesis / QU-fitting approach that reports posterior widths.
1.3 DM/RM decomposition: hierarchical model with (DM,RM) = (ISM + host/nebula + local), where “local” is allowed to vary across epochs/events; priors anchored by Galactic electron-density models and nearby sightline RMs, but widened to avoid overconfidence.

Step 2 — Deliverable (1): Non-Hamiltonian reduced model derivation, well-posedness, and benchmarks
2.1 Reduced state variables: open-flux tube and sheet/outflow controls {Ψopen, I(t), \dot{N}(t), \dot{E}_P(t)} plus sheet thickness δ(t) and effective resistivity ηeff(t). These represent (i) net current closure, (ii) particle flux including pair creation and external loading, and (iii) partition of spin-down power into Poynting vs particle/radiative channels.
2.2 Port-Hamiltonian / metriplectic form:
- Hamiltonian H = electromagnetic + kinetic energy in reduced variables (calibrated to match force-free spin-down scaling for given obliquity and Ψopen).
- Conservative transport: \dot{x} = J(x)∇H where J is skew-symmetric (structure-preserving).
- Dissipative channels: + R(x)∇S with R positive semidefinite (entropy/irreversibility proxy), and explicit source terms u(t) representing external loading.
2.3 Explicit non-Hamiltonian terms (admitting real physics):
- Reconnection dissipation: Qrec = ηeff Jsheet^2 Vsheet; modeled as sink in \dot{E}_P and source in radiation/particle heating; ηeff allowed to vary with σ, κ based on PIC-informed reconnection rates.
- Pair creation: \dot{N}_± = fpair(E\parallel, B, curvature radius, photon field); implemented as a closure that increases \dot{N} and reduces σ; parameterized with a bounded efficiency prior but calibrated against magnetospheric cascade models (used as prior, not as a “fit-all”).
- Radiative losses: Lrad = Lcurv + Lsyn + LinvCompt (if applicable), implemented as energy sinks that affect particle energy budget and thus shock conditions.
2.4 Well-posedness and error budget:
- Prove (numerically) energy accounting: \Delta(\dot{E}_spin) = \dot{E}_P + \dot{E}_part + Lrad + Qrec within tolerance ε(t).
- Charge continuity: enforce along characteristics; allow controlled non-conservation only via explicit pair/source terms.
2.5 Verification against benchmarks near Y-point:
- Synthetic comparisons to published force-free / resistive solutions: reproduce open flux fraction vs inclination, current-sheet location, and spin-down power within ≤10% in steady state.
- Time-dependent tests: inject a loading pulse Sload(t) and compare resulting Poynting/particle partition and sheet thickening against resistive/GRMHD toy setups (or publicly available runs) at matched dimensionless parameters. Deliverable is a verification report with pass/fail metrics, not just plots.

Step 3 — Deliverable (2): Maser+escape calibration/validation with PIC and explicit error envelopes
3.1 Parameter grid (targeted, not massive): σ ∈ [10^{-2}, 10^{2}] sampled log-uniform (e.g., 12 points), κ mapped to upstream plasma frequency and inertia (e.g., 6 points), composition cases: pairs-only, ion-loaded (mi/|q| as a parameter), and shock obliquity cases relevant to current sheet.
3.2 Calibration data sources:
- Use published PIC results where available for synchrotron maser in magnetized relativistic shocks (efficiency, νpk/νp, polarization mode content) and reconnection-driven plasmoid/shock formation.
- Where coverage is missing, run a minimal in-house PIC campaign (2D as baseline; limited 3D spot-checks) focusing only on the emission-window boundaries and polarization systematics; outputs reduced to summary statistics with uncertainties.
3.3 Calibrated surrogate (not black-box):
- Fit a constrained functional form for maser efficiency εmas(σ,κ,comp,θB) and peak frequency νpk(σ,κ,Γsh) with monotonicity/limiting-behavior constraints from theory.
- Produce error envelopes: Δlog εmas, Δlog νpk, polarization fraction distribution p(Π|·), and mode ratio priors, each as a function of parameters.
3.4 Escape module with uncertainty:
- Compute τind(ν), Razin cutoff, and free-free absorption using the reduced model’s density and path-length predictions, but include nuisance “geometry/path” factors with priors set by magnetospheric scale uncertainties.
- Validate escape predictions by ensuring that in regions of parameter space where PIC predicts strong emission, the propagation module does not spuriously over-suppress (and vice versa), within stated uncertainties.
3.5 Deliverable output: a public calibration table + versioned model card giving validity ranges, extrapolation penalties, and how envelopes enter the likelihood.

Step 4 — Deliverable (3): Formal sensitivity/degeneracy study and pre-registered EoS criterion
4.1 EoS→TOV library: piecewise-polytrope or spectral expansion constrained by causality and Mmax≥2 M⊙; compute (M,R,z,I) and derived GR corrections to nGJ and Φpc, including frame-dragging corrections at leading order.
4.2 Define measurable targets impacted by compactness: baseline nGJ normalization, potential drop scaling, and light-cylinder mapping that sets characteristic plasma frequency and transparency margins.
4.3 Fisher + simulation-based calibration (SBC):
- Generate synthetic bursts from the full forward model across realistic S/N, time resolution, and polarization-calibration errors.
- Fit them with the inference engine while varying nuisance parameters (B, α, viewing angle, loading profile).
- Quantify posterior contraction for compactness C=GM/(Rc^2) and/or I relative to priors.
4.4 Pre-registered identifiability criterion:
- EoS inference permitted only if (i) the Bayes factor for models with varying compactness vs fixed compactness exceeds a threshold (e.g., ln K > 5) in ≥80% of SBC trials at Tier-1 data quality, AND (ii) posterior on compactness is not dominated by B/geometry degeneracy (e.g., corr(C,B) < 0.7 and effective prior volume shrinkage > 3×).
- If not met, EoS is treated strictly as a consistency check (posterior predictive compatibility with NICER/GW), and all proposal claims are updated accordingly.

Step 5 — Event-level inference and falsification with explicitly stated thresholds/failure modes
5.1 Likelihood: forward-model dynamic spectra + Stokes using the calibrated maser+escape module with error envelopes; include nuisance parameters for calibration leakage and bandpass.
5.2 Trans-dimensional component modeling (RJ-MCMC / nested sampling): infer number of subcomponents (“shots”), their times, and their local σ-window crossings.
5.3 RM/DM excursion tests with thresholds and failure modes:
- Detection threshold: require ΔRM detectable at >3σ given QU S/N and calibration; report minimum detectable |ΔRM| per event.
- Failure modes explicitly modeled: B∥ sign reversals/cancellation in the loaded region; adiabatic walking/mode coupling that reduces observed RM sensitivity; geometry where local path length is short.
- Therefore falsification is conditional: “no RM variability” only falsifies loading if model predicts |ΔRM| above event-specific detection threshold with high posterior probability (>90%). Otherwise it is recorded as non-diagnostic.
5.4 Low-frequency turnover falsification: pre-register simultaneous-band predictions; if bursts are predicted to be transparent at νlow but are absent in sufficiently sensitive νlow coverage, the escape module/σ-window is rejected.

Step 6 — Cross-class synthesis (zoo unification) with realistic claims
6.1 Hierarchical inference over Tier-1 sources: infer population distribution of σ-window boundaries and loading duty cycles; test whether X-ray neutron stars and FRBs share overlapping calibrated emission windows.
6.2 Apply to FRBs with scalable energetics: check that required loading does not violate induced-scattering constraints at inferred radii; if it does, unify-claim is restricted to a subset (explicitly characterized by inferred σ, κ, and environment).

Milestones (mapped to non-negotiable deliverables)
M1 (Months 1–6): Reduced model derivation + benchmark verification report (Deliverable 1).
M2 (Months 4–12): PIC-calibration table + error envelopes + validation note (Deliverable 2).
M3 (Months 8–14): Fisher/SBC identifiability report + pre-registered EoS criterion decision (Deliverable 3).
M4 (Months 12–24): Tier-1 event inference, falsification tests, and population synthesis; publish code + calibration artifacts.","Addresses (i) non-Hamiltonian validity: We explicitly abandon the claim that a reconnection/pair-producing sheet is Hamiltonian. The reduced model is formulated as port-Hamiltonian/metriplectic with explicit dissipation and source terms, plus a quantified energy/charge accounting error budget. Well-posedness is demonstrated via synthetic loading tests and benchmark comparisons to force-free/resistive/GRMHD solutions near the Y-point with predefined accuracy metrics.

Addresses (ii) microphysics optimism: The maser+escape predictions are calibrated to a targeted PIC grid spanning σ, κ, and composition, yielding explicit uncertainty envelopes on efficiency, νpk, bandwidth, and polarization. These envelopes propagate into the Bayesian likelihood, preventing prior-driven over-interpretation where PIC sensitivity is high. Extrapolation beyond the PIC-calibrated domain is penalized and flagged.

Addresses (iii) weak EoS coupling/identifiability: We implement a formal degeneracy analysis (Fisher + SBC) that directly compares compactness-driven GR corrections in nGJ/Φpc/geometry to uncertainties in B, inclination, and loading. A pre-registered Bayes-factor/posterior-contraction criterion governs whether EoS is inferred or only used for consistency checks against NICER/GW. This converts a potential weakness into a controlled decision point.

Addresses (iv) RM falsification limitations: We treat RM/DM excursions as a probabilistic diagnostic with event-specific detection thresholds and explicit failure modes (B∥ cancellation, mode coupling/adiabatic walking, short path lengths). Falsification is conditional on predicted detectability; non-detections are not overclaimed.

Addresses (v) data feasibility: The program is tiered. Tier-1 restricts mechanistic inference to datasets with sufficient time resolution, polarization calibration, and nearby X-ray state information; Tier-2 supports partial tests (turnovers, rates) without overextending. Asset 1 provides a concrete anchor object with complex burst morphology motivating trans-dimensional component inference and intermittent activation. Asset 2 supports the broader concept that external/environmental interactions can trigger coherent emission; we refine this to a particle-loading control parameterization directly tied to σ–κ and to observable escape constraints, rather than to global magnetospheric compression.

Overall, the revised proposal replaces optimistic structural claims with a dissipative, verifiable reduced model; replaces uncalibrated microphysical scaling with PIC-calibrated uncertainty-aware inference; and limits EoS statements to what identifiability analysis can genuinely support.","The program is unusually explicit about well-posedness, calibration, uncertainty propagation, and pre-registered identifiability gates—this is a major strength and places it above “generic modeling.” The principal scientific risk is not the internal bookkeeping, but whether the hypothesized control parameter (transient particle loading into the Y-point/current-sheet region) can be independently constrained from radio data strongly enough to yield a sharp posterior on σ(t) rather than an effectively reparameterized fit to dynamic spectra. In particular: (1) The mapping from reduced variables {Ψ_open, I(t), Ṅ(t), δ(t), η_eff(t)} to the local upstream shock parameters that PIC cares about (Γ_sh, obliquity, upstream distribution function, and the emitting radius) is asserted but not yet demonstrated to be identifiable; it is easy for geometry/path-length nuisance factors in τ_ind and for shock-radius freedom to absorb the same observables used to infer σ and κ. (2) The PIC-calibration plan is credible, but the intended grid (σ, κ, composition, obliquity) is still under-specified in dimensional terms: κ must be tied to a concrete upstream ω_p/Ω_c (or equivalent) at the shock, and the proposal does not yet state how the emitting plasma frequency and shock radius are anchored observationally rather than floated. (3) The “emission-and-escape window” is physically plausible, but it risks becoming a posterior-selected band unless the proposal locks down a priori which observables predominantly constrain emission efficiency (microphysics) versus transparency (propagation). (4) Cross-class unification (X-ray NS bursts and cosmological FRBs) remains ambitious because environments differ dramatically; the proposal sensibly hedges to a subset, but the criteria for subset membership and the energetic/radius scaling required to keep induced scattering under control are not yet stated as hard quantitative preconditions. Overall: strong methodological structure; moderate-to-high mechanistic/identifiability risk at the interface between reduced magnetospheric variables, PIC shock parameters, and propagation geometry."
"A physically constrained, joint spectral model that explicitly couples (i) neutron-star atmosphere thermal emission, (ii) weak inverse-Compton upscattering in a semi-transparent magnetospheric/coronal electron layer producing the observed >2.5 keV power-law tail, and (iii) burst-driven heavy-element (Fe) levitation signatures in the photosphere can break the long-standing degeneracy between true surface thermal parameters and non-thermal contamination, thereby yielding tighter and less biased constraints on neutron-star mass-radius and the dense-matter equation of state. Methodological adaptation: replace standard additive phenomenological components (blackbody + free power law) with a single energy- and phase-dependent radiative-transfer/Comptonization forward model whose parameterization is hard-constrained by General Relativity (redshift + light bending), energy conservation, and causality-enforced EoS priors (TOV solutions with c_s<=c), and is fit via hierarchical Bayesian inference to combined NICER (0.2–12 keV) and XMM-Newton (high-resolution line diagnostics) datasets. Mechanism: because the power-law tail is generated by scattering of the same seed thermal photons that encode compactness via spectral shape and pulsation, enforcing photon-number/energy consistency between the tail and the seed thermal spectrum restricts the allowed electron optical depth/temperature and prevents the fit from spuriously trading off compactness against an unconstrained non-thermal component; simultaneously, Fe line/edge constraints tie atmospheric composition and opacity to the inferred color-correction, reducing systematic biases in radius estimates.","Step 1: Specific system setup or data preparation.
- Assemble a target sample with overlapping phenomenology: (a) rotation-powered MSPs with thermal polar-cap emission and faint hard tails (NICER + XMM-Newton where available), and (b) accreting bursters with photospheric radius expansion (PRE) observed by NICER plus XMM-Newton burst spectroscopy with Fe features (e.g., EXO 0748-676-like datasets).
- Reprocess NICER event lists with standard screening; construct phase-resolved spectra for pulsars and time-resolved spectra for bursts (PRE phases separated: strong expansion, moderate expansion, touchdown, cooling tail).
- Reprocess XMM-Newton RGS/EPIC data to extract high-resolution line/edge constraints (Fe Hα, Fe edges), including time selection matched to burst phases when feasible; quantify instrumental cross-calibration via simultaneous fit of stable sources or cross-normalization priors.

Step 2: Detailed implementation of the adapted methodology.
- Build a unified forward model M(E,phi,t) with three coupled modules:
  (i) GR atmosphere emission: use a hydrogen/helium/metal-enriched neutron-star atmosphere grid (LTE where valid, augmented with non-LTE correction factors during bursts) with parameters {T_eff, g, composition, emitting-area geometry}. Map local intensity to observer frame with full GR ray tracing: redshift 1+z=(1-2GM/Rc^2)^(-1/2), light bending, Doppler boosting and aberration for rotating hotspots, and time delays where needed.
  (ii) Self-consistent Comptonization: replace an additive power law by an inverse-Compton scattering kernel applied to the seed atmosphere photons. Parameterize the scattering medium with {kT_e, tau, geometry factor f_geom} and enforce energy/photon conservation so that the scattered tail luminosity is drawn from the seed photon field (no independent normalization). Use Kompaneets-based or Monte Carlo-calibrated kernels valid in the weak-Comptonization regime to reproduce faint power-law tails.
  (iii) Heavy-element levitation/line formation: incorporate a parametric radiative-levitation column model for Fe with column density N_Fe(t), ionization balance, and Stark broadening; compute predicted equivalent widths/edges folded through XMM response. Couple N_Fe(t) to burst flux relative to local Eddington limit and surface gravity g(M,R), enforcing that levitation/settling timescales remain physical.
- Embed dense-matter physics by sampling EoS parameters and solving TOV to produce (M,R) priors; impose causality (c_s<=c) and thermodynamic stability constraints. Map (M,R) to redshift, surface gravity, and maximum spin-consistent configurations.
- Perform hierarchical Bayesian inference across sources and epochs: global hyperparameters for scattering-medium physics (e.g., tau distribution), per-source (M,R), and per-epoch atmosphere/composition states. Use MCMC/NUTS with emulator acceleration: train a surrogate (e.g., sparse Gaussian process or normalizing-flow emulator) on the expensive GR+atmosphere+Comptonization forward evaluations but constrain it to preserve monotonicity/energy conservation by construction (e.g., emulate only residuals on a physically valid baseline).

Step 3: Rigorous validation and analytical framework.
- Internal consistency checks: verify that inferred tail energy flux equals the energy removed from the seed spectrum within uncertainties; reject fits violating conservation by posterior predictive checks.
- Instrumental/systematic validation: run injection–recovery studies using simulated NICER+XMM spectra with known (M,R), composition, and scattering parameters; compare against standard blackbody+power-law fits to quantify bias reduction in R and M.
- Physical validation: test whether inferred tau,kT_e correlate with magnetospheric expectations (spin-down power for MSPs; accretion state for bursters) without requiring unphysical values.
- EoS impact: propagate posteriors to pressure–density constraints; quantify how adding Fe-line-informed composition and conservation-tied Comptonization narrows credible regions versus thermal-only modeling.
- Cross-messenger consistency: where applicable, compare EoS posteriors with gravitational-wave tidal deformability constraints (e.g., GW170817-style priors) as an external check (not as a fit driver).","1. Theoretical/Empirical Basis: NICER has demonstrated high-S/N thermal burst spectroscopy with evolving Comptonization (Asset 1), and MSP hard tails can be explained by weak Comptonization of thermal emission rather than an independent non-thermal component (Asset 2). XMM-Newton has resolved Fe absorption features during bursts enabling direct composition diagnostics (Asset 3). These collectively motivate a coupled, physically constrained model.
2. Transfer Logic (How the adaptation fits the domain): The adaptation replaces phenomenological additivity with a single radiative process chain that enforces GR photon propagation, scattering physics, and atmosphere composition—directly aligning the inference architecture with conservation laws and relativistic structure equations (TOV), which is essential for reliable EoS constraints.
3. Comparative Advantage: Standard blackbody+power-law decompositions allow degeneracies where the power-law normalization absorbs residuals from atmosphere/GR mismodeling, biasing compactness and radius. By forcing the power-law tail to be generated from the same seed thermal photons (energy/photon accounting) and anchoring opacities via Fe diagnostics, the model sharply reduces parameter covariance (tail vs. temperature vs. emitting area) and yields demonstrably less biased (M,R) posteriors in injection tests, improving EoS inference credibility and precision.","This is a technically sophisticated and largely coherent proposal that squarely targets a known degeneracy in neutron-star mass–radius inference. The strongest aspect is the explicit enforcement of photon/energy conservation between the thermal atmosphere and the hard tail, which is a real weakness of current phenomenological modeling. The coupling to Fe levitation diagnostics is also physically well motivated and, if successful, would meaningfully reduce composition-driven systematics. Score deductions arise from feasibility and risk concentration: (i) the heavy-element line modeling during PRE bursts relies on marginal and source-specific detections that may not generalize across the proposed sample; (ii) the simultaneous inference of EoS parameters, Comptonization physics, and atmosphere composition across heterogeneous source classes risks overparameterization even with hierarchical priors; and (iii) the surrogate/emulator strategy, while necessary, is underspecified in terms of validation guarantees against bias in inferred compactness. These issues do not invalidate the logic, but they introduce execution risk that is not fully mitigated in the current plan."
"A joint, physics-constrained inference that co-fits the astrometric Hellings-Downs correlation (from quasar proper motions) and the PTA timing Hellings-Downs correlation (from pulsar residuals) will yield tighter and less systematics-biased constraints on the Stochastic Gravitational Wave Background (SGWB) energy density and its spectral slope than either channel alone, and will enable discrimination between an SMBHB-driven background and early-Universe/high-energy sources relevant to neutron-star nuclear physics. The core mechanism is that both astrometry and timing probe the same transverse-traceless GW metric perturbations but with different response functions and distinct noise/systematic subspaces; enforcing the GR-predicted tensor-mode angular correlation structure (E/B quadrupolar VSH in astrometry and HD quadrupole in PTA) as a shared latent field breaks degeneracies between correlated noise (e.g., Gaia scanning-law patterns, PTA clock/ephemeris errors) and true tensor correlations. The methodological adaptation is a multi-messenger ‘power-law–integrated cross-likelihood’ that replaces single-experiment power law-integrated analysis with a frequency-integrated, positivity-preserving energy-density parameterization Omega_GW(f) mapped consistently to characteristic strain h_c(f) and to each instrument’s angular/temporal covariance, while simultaneously promoting experiment-specific white-noise parameters to hierarchical, direction-dependent nuisance fields constrained by symmetry (no tensor-like quadrupole leakage).","Step 1: Specific system setup or data preparation.
1.1 Assemble astrometric dataset: Gaia quasar proper motions with full covariance, sky positions, and scanning-law/systematics templates; construct pairwise angular separations and precompute vector spherical harmonics (VSH) design matrices up to at least l=4 to monitor leakage beyond quadrupole.
1.2 Assemble PTA dataset: public NANOGrav-like timing residuals (or equivalent) with design matrices for timing model, per-pulsar white noise parameters (EFAC/EQUAD/ECORR or analogous), and red-noise models; compute overlap reduction function (Hellings-Downs) for each pulsar pair.
1.3 Define a shared SGWB spectral model in energy-density space: piecewise power-law (broken power law) for Omega_GW(f) across the union of sensitivities (nHz band), explicitly enforcing Omega_GW(f) >= 0 and mapping to characteristic strain via h_c(f) = [ (3 H0^2)/(2 pi^2) * Omega_GW(f) / f^2 ]^{1/2}. Include optional components: (i) SMBHB-like power law; (ii) early-Universe component; (iii) a high-frequency-tail prior informed by nuclear/NS physics via merger-rate constraints (not directly in-band, but as informative prior on allowed amplitudes when combined with multi-messenger rates).

Step 2: Detailed implementation of the adapted methodology.
2.1 Build the astrometric likelihood using an explicit tensor-mode correlation operator: express the proper-motion field in E/B VSH; impose that the SGWB contributes only to the GR tensor quadrupolar correlation predicted by the astrometric Hellings-Downs curve. Adaptation: instead of fitting quadrupole VSH coefficients independently per frequency surrogate, integrate over frequency analytically (power law-integrated) to produce a closed-form covariance term proportional to integral df Omega_GW(f) * R_ast(f), where R_ast is the astrometric response; this matches Asset 1’s frequency-integrated constraints but upgrades it to a shared latent SGWB spectrum.
2.2 Build the PTA likelihood with full noise hierarchy: implement per-pulsar white noise parameter blocks and red-noise blocks, but introduce a constraint that any common-process correlation must project onto the HD overlap reduction function (tensor mode). Adaptation: replace the standard PTA power law-integrated sensitivity curve with the same shared Omega_GW(f) parameterization used in astrometry, and compute the induced cross-covariance C_ij = integral df S_h(f) Gamma_ij R_pta(f), with S_h(f) derived from Omega_GW(f), Gamma_ij the HD curve, and R_pta the timing response.
2.3 Couple the two channels through a common latent SGWB spectrum: define a joint posterior p(Omega_GW(f), theta_ast_noise, theta_pta_noise | data_ast, data_pta) with independent noise priors but shared Omega_GW(f). Enforce physical constraints as hard/soft priors: (i) GR tensor correlation shape fixed; (ii) positivity of Omega_GW(f); (iii) spectral smoothness/causality-motivated priors (e.g., limit extremely sharp features absent phase transitions); (iv) optional priors connecting SMBHB amplitude to galaxy merger rates and, for nuclear physics relevance, connect NS merger rate constraints and EoS-dependent maximum mass to allowed merger populations used as external priors.
2.4 Systematics-separation module (key adaptation to address distinct limitation): introduce ‘null spaces’ that capture non-GW correlated patterns: for Gaia, scanning-law and low-l systematics templates (dipole, spin, frame-rotation) that are orthogonalized against the tensor quadrupole VSH; for PTA, clock and ephemeris monopole/dipole templates orthogonalized against HD quadrupole. Mechanism: because true tensor SGWB has a specific quadrupolar angular structure, enforcing orthogonality prevents white-noise parameter inflation from absorbing GW-like correlations and prevents systematics from masquerading as SGWB.
2.5 Inference engine: use Hamiltonian Monte Carlo or nested sampling with custom linear algebra exploiting low-rank updates (tensor quadrupole plus a small number of systematics templates) to scale to ~10^6 quasars by working in harmonic space (VSH coefficients) and using pair-compressed estimators for the correlation function.

Step 3: Rigorous validation and analytical framework.
3.1 Injection-recovery: simulate sky catalogs and PTA residuals with injected SGWB spectra (single power law and broken power law), plus realistic Gaia scanning-law correlated errors and PTA clock/ephemeris systematics; test bias and coverage of Omega_GW(f), h_c(f_ref), and integrated energy density.
3.2 Cross-channel consistency tests: compute posterior predictive checks separately for astrometric HD curve and PTA HD curve; demand consistent Omega_GW(f) under the shared model. Quantify Bayes factors for (i) tensor SGWB vs (ii) systematics-only vs (iii) alternative polarizations (vector/scalar) as robustness checks.
3.3 Power law-integrated performance metric: produce joint power law-integrated sensitivity curves and compare to single-channel curves; report improvement in upper limits (or detection significance) at f_ref = 1/yr and across the band.
3.4 Nuclear/high-energy astrophysics deliverables: translate the joint Omega_GW constraints into constraints on SMBHB population models and on early-Universe components; incorporate multi-messenger NS merger rate priors (from high-energy transients and GW catalogs) to bound any additional SGWB contribution and discuss implications for NS formation channels and EoS-consistent merger populations.","1. Theoretical/Empirical Basis: Asset 1 demonstrates that an astrometric Hellings-Downs curve from Gaia quasar proper motions can set competitive limits on h_c and Omega_GW using quadrupolar VSH and angular correlations; Asset 2 shows that PTA analyses can robustly model white noise parameters and use power law-integrated analysis to characterize SGWB sensitivity. GR provides a fixed tensor-mode angular correlation structure in both domains, enabling a shared-latent-field formulation.
2. Transfer Logic (How the adaptation fits the domain): The adaptation unifies two established detection formalisms (astrometric HD and PTA HD) by expressing both as projections of the same TT metric perturbation field onto different observables, with a shared Omega_GW(f) that is mapped to characteristic strain and to each instrument response. The hierarchical white-noise parameter treatment is transferred from PTA practice to astrometric catalogs (where ‘white’ measurement noise is heteroscedastic and direction/time dependent), while enforcing symmetry/orthogonality constraints to prevent leakage into tensor quadrupole modes.
3. Comparative Advantage: Compared to separate analyses, the joint, physics-constrained cross-likelihood (i) reduces false positives by segregating systematics templates from tensor quadrupole structure, (ii) reduces degeneracies between SGWB amplitude/slope and experiment-specific noise (especially white noise parameter inflation), (iii) enables model selection between SMBHB-like and early-Universe spectra using the same Omega_GW(f) basis, and (iv) yields more stringent, robust constraints on gravitational wave energy density and characteristic strain in the nHz band—directly advancing high-energy astrophysics population inferences and providing consistent multi-messenger priors relevant to neutron-star nuclear physics.","The central mechanism—shared TT metric perturbations producing fixed GR tensor-mode angular correlations in both astrometric proper motions and PTA timing residuals—is sound, and the joint latent-spectrum formulation is a genuinely valuable way to break experiment-specific degeneracies. However, several key elements are under-specified at the level required for a high engineering score: (i) the astrometric response R_ast(f) and its frequency integration are asserted but not derived or referenced in a form that makes the covariance term implementable (e.g., exact mapping from Omega_GW to proper-motion correlation including Gaia cadence/averaging and finite mission duration effects); (ii) the scaling claim to ~10^6 quasars via “harmonic space + pair-compressed estimators” lacks a concrete computational plan (matrix dimensions, low-rank structure, and how full Gaia covariances are handled without O(N^2) memory/time); (iii) the orthogonality constraints (“no tensor-like quadrupole leakage”) are conceptually right but not operationally defined—real systematics can project onto l=2, so strict orthogonalization risks either removing signal or leaving residual bias unless the template set and projection operator are precisely justified; (iv) the PTA side treats clock/ephemeris separation in a simplified monopole/dipole language, but in practice ephemeris errors and SSE model uncertainty induce more structured spatial correlations and can partially covary with HD, so the null-space argument needs a more careful identifiability analysis; (v) the proposal overreaches in claiming discrimination of SMBHB vs early-Universe/high-energy sources “relevant to neutron-star nuclear physics” from nHz-band constraints—connections to NS EoS are at best indirect and prior-dominated, and the specific pathway from Omega_GW constraints to nuclear-physics inferences is not technically demonstrated. Net: strong conceptual synthesis with credible benefit, but missing derivations, identifiability proofs, and a realistic computational/implementation specification for Gaia-scale data and for robust PTA systematics handling."
"EP240408a’s multi-day soft X-ray plateau and subsequent rapid power-law decline are produced by a relativistic Blandford–Znajek (BZ) jet whose power is regulated by magnetically arrested disk (MAD) flux saturation and a flux-loss transition (limit-cycle–like) near the black hole horizon. The plateau corresponds to a phase in which the dimensionless horizon-threading magnetic flux φ(t) is pinned near the MAD critical value (φ≈φ_MAD), causing jet power to track a slowly varying accretion rate Ṁ(t) while the X-ray radiative efficiency in the NICER band remains quasi-stationary; the fast post-plateau drop occurs when φ(t) falls below φ_MAD due to interchange/reconnection-driven flux escape, sharply reducing BZ power at nearly unchanged viewing geometry. The proposal overcomes the reviewers’ underdetermination concern by (i) committing to an explicit reduced dynamical system with a specified MAD switch/instability criterion; (ii) defining a concrete observation operator mapping state→(NICER count-rate, NICER hardness ratio, Swift/XRT photon index) that includes bandpass response, absorption evolution, beaming, and light-travel-time smoothing; and (iii) quantifying identifiability before assimilation via Fisher/adjoint sensitivity and nullspace analysis to determine which parameter combinations (e.g., φ^2·Ṁ vs φ and Ṁ separately, η_X vs beaming) are recoverable from the available data. The central discriminant is a coupled temporal–spectral signature predicted by MAD-regulated jets: during the plateau, φ≈const forces L_X(t) to follow Ṁ(t) with weak curvature, while the Compton y-parameter (set by compactness and pair/thermal balance tied to jet power) induces a systematic hardening trend that terminates at the MAD exit with a near-achromatic luminosity crash. Competing engines (magnetar spin-down, smooth fallback TDE jet without MAD saturation, and external-shock afterglow) cannot simultaneously reproduce (a) the plateau duration, (b) the sharpness of the break under realistic response/absorption systematics, and (c) the joint evolution of count-rate + hardness + Swift spectral index under the same physically constrained observation operator, once cross-calibration and model error are propagated.","Step 0 — Astrophysical context and priors (explicitly separated scenarios)
0.1 Adopt two mutually exclusive physical contexts and treat them as competing forward models rather than mixed priors: (A) compact-object engine (BH+disk; e.g., BH–NS merger remnant disk) and (B) jetted TDE (e.g., WD–IMBH as suggested in the EP240408a study). Both share the same reduced jet/MAD dynamical core, but differ only in the mass-supply term Ṁ_sup(t) and characteristic scales (M_BH, distance/redshift prior).
0.2 Redshift/distance handling: treat z as a nuisance parameter with a prior informed by the faint host constraint (z>0.5) and propagate its effect on luminosity and k-corrections. Carry analyses both in flux space (instrumental counts) and in luminosity space (marginalizing over z).

Step 1 — Data products and calibration (state vector in observable space)
1.1 NICER: produce time-binned spectra and light curves spanning the full ~5-day evolution. Use a multi-resolution binning scheme: dense bins during the plateau onset and break, coarser bins elsewhere, preserving ≥S/N thresholds.
1.2 Define observable vector y_k at each time bin k:
   • C_N,k = NICER net count-rate in 0.5–10 keV.
   • H_N,k = NICER hardness ratio = C(2–10 keV)/C(0.5–2 keV).
   • If S/N permits: NICER inferred photon index Γ_N,k from forward-folded spectral fits with a minimal absorbed power-law model to provide an additional constraint beyond hardness.
1.3 Swift/XRT: reprocess with current CALDB; extract contemporaneous spectra to obtain Γ_S,k and flux F_S,k in 0.3–10 keV with systematic cross-calibration term δ_cal between NICER and Swift.
1.4 Absorption: fit for time-dependent neutral absorption N_H(t) with a hierarchical prior (slowly varying) to prevent absorption evolution from masquerading as intrinsic hardening. Include Galactic N_H fixed and intrinsic N_H,int(t) as a model component.
1.5 Systematics: include nuisance parameters for background, pile-up checks, and cross-calibration (δ_cal) with explicit priors; store full covariance of (C, H, Γ) per bin from spectral fitting.

Step 2 — Fully specified reduced forward dynamical model (state, equations, MAD criterion)
2.1 State vector (time-dependent):
   x(t) = [Ṁ(t), Φ(t), E_res(t)] where
   • Ṁ(t): inner accretion rate at the BH horizon (g s^-1).
   • Φ(t): signed poloidal magnetic flux threading the horizon (G cm^2).
   • E_res(t): magnetic/thermal “reservoir” controlling reconnection/flux leakage (erg), enabling a finite-time crash instead of a smooth saturation.
   (Optional extension, only if identifiability supports it): add θ_j(t) (jet opening) or Γ_j(t) (bulk Lorentz), otherwise keep geometry fixed.

2.2 Dimensionless MAD flux:
   φ(t) = Φ(t) / [ (Ṁ(t) r_g^2 c)^{1/2} ],  r_g=GM/c^2.
   MAD threshold φ_MAD is a parameter with prior informed by GRMHD results (order tens); treat as estimable only if data support it, otherwise fix within a plausible range and propagate uncertainty.

2.3 ODE system (explicit):
   (1) Accretion supply to inner disk:
       dṀ/dt = (Ṁ_sup(t) - Ṁ)/t_visc
       where t_visc is an effective viscous time of the inner flow (parameter).
       Ṁ_sup(t) is scenario-specific:
         • (A) merger fallback: Ṁ_sup(t)=Ṁ_0 (t/t0)^(-5/3) smoothed at early times.
         • (B) TDE fallback: Ṁ_sup(t)=Ṁ_0 (t/t_min)^(-5/3) with t_min set by disrupted object + BH mass; treat t_min as a parameter with priors from WD–IMBH scaling.

   (2) Horizon flux evolution (accumulation vs leakage):
       dΦ/dt = a_Φ Ṁ^{1/2} - Φ / t_leak(φ, E_res)
       with a_Φ an effective flux-advection coefficient.
       Leakage timescale decreases sharply in MAD:
       t_leak(φ,E_res) = t0_leak / [1 + exp((φ-φ_MAD)/Δφ)]  ×  [1 + (E_res/E0)]^{-1}
       where Δφ controls transition sharpness; E_res coupling allows a rapid, finite-time drop.

   (3) Reservoir evolution (build-up and catastrophic release):
       dE_res/dt = ε_build P_BZ(Ṁ,Φ) - E_res/t_diss
       with ε_build in (0,1) and t_diss a dissipation timescale.
       This provides a physically motivated hysteresis/limit-cycle ingredient without introducing arbitrary broken power laws.

2.4 Jet power (BZ prescription with spin and saturation):
   P_BZ(t) = κ (a_*^2) (Φ^2 c) / (16π^2 r_g^2)
   with κ a known-order coefficient (prior from GRMHD; treat as nuisance with uncertainty). BH spin a_* is parameterized with a prior depending on scenario.
   Enforce energy consistency by requiring P_BZ ≤ η_max Ṁ c^2, with soft saturation via a penalty term in J rather than a hard clip.

Step 3 — Observation operator: state→instrumental observables (counts, hardness, Γ)
3.1 X-ray emission model (minimal, explicit, forward-folded):
   Assume NICER/XRT band emission is a jet-linked Comptonized component with a power-law photon index set by a compactness-controlled relation:
     L_X(t) = f_b^{-1} η_X(t) P_BZ(t)
     where f_b is beaming factor (≈2/θ_j^2 for small θ_j; treated as nuisance, constant unless data support evolution).
   Spectral shape: absorbed cutoff power law:
     N(E,t) ∝ E^{-Γ(t)} exp(-E/E_cut)
     with E_cut fixed (or weak prior) because bandpass is limited; Γ(t) is linked to instantaneous compactness ℓ(t) ∝ L_X/R_em via
       Γ(t) = Γ0 + α_Γ log[ P_BZ(t)/P_ref ] + β_NH log[N_H,int(t)/N_H,ref]
     where α_Γ captures hardening with increasing compactness (to be estimated), and β_NH is included but constrained by independent N_H fits to prevent degeneracy.

3.2 Absorption and response:
   Apply photoelectric absorption exp[-σ(E) N_H,tot(t)] with N_H,tot(t)=N_H,Gal + N_H,int(t).
   Compute predicted count-rate and hardness via forward folding through instrument response matrices:
     C_N,k = ∫ R_N(E) N(E,t_k) dE,
     H_N,k = C_N(2–10)/C_N(0.5–2)
   Similarly for Swift/XRT observables (Γ_S,k derived from forward-folded spectra).

3.3 Time-delay / smoothing:
   Account for finite emission-region response with a convolution kernel K(Δt; t_sm):
     L_X,obs(t) = ∫ L_X(t') K(t-t'; t_sm) dt'
   where t_sm represents light-travel/propagation and radiative response time; estimated with prior favoring t_sm ≪ plateau duration but allowing t_sm to affect break sharpness.

Step 4 — Pre-assimilation identifiability and degeneracy plan (mandatory)
4.1 Structural identifiability (noise-free):
   Use differential algebra / input–output analysis on the ODE+observation operator to determine identifiable parameter combinations given outputs {C_N(t), H_N(t), Γ_S(t)} and known instrument responses.
   Expected outcome: separate identifiability of Φ(t) and Ṁ(t) is limited because P_BZ∝Φ^2 while φ couples Φ and Ṁ; thus identify (at minimum) the time history of P_BZ(t) and φ(t) crossing φ_MAD, plus a constrained family of [Φ(t), Ṁ(t)] consistent with that crossing.

4.2 Practical identifiability (with noise):
   Compute Fisher information matrix (FIM) for parameters θ = [a_Φ, t0_leak, φ_MAD, Δφ, t_visc, η_X normalization, f_b, a_*, α_Γ, N_H hyperparameters, t_sm, δ_cal] using adjoint sensitivities.
   Quantify:
     • parameter correlation structure (e.g., η_X vs f_b vs distance),
     • near-null directions, and
     • which derived quantities are robust (e.g., time of MAD exit t_break, ratio P_BZ,post/P_BZ,plat, and whether φ(t) exceeded φ_MAD during plateau).
   Predefine success metrics: e.g., t_break identifiable to <0.2 day; log-drop amplitude identifiable to <0.3 dex; posterior probability that φ>φ_MAD during plateau >0.95.

4.3 Nullspace characterization:
   Perform singular value decomposition of the sensitivity operator mapping δx(t), δθ → δy(t). Report the dominant null modes (e.g., coupled scaling of Φ and beaming) and design additional constraints (Step 5) to break them.

Step 5 — Degeneracy-breaking independent constraints (explicit additions)
5.1 Broadband SED constraints:
   Incorporate upper limits in optical/radio as constraints on afterglow/external-shock contribution and on jet energy budget. Use them to penalize models requiring large kinetic energy inconsistent with non-detections.
5.2 Absorption evolution constraint:
   Include a smoothness prior on N_H,int(t) (Gaussian process or spline with curvature penalty) and require consistency between NICER- and Swift-inferred absorption. This prevents attributing hardness evolution to arbitrary N_H swings.
5.3 Energetics with redshift prior:
   Use host-galaxy magnitude to set a probabilistic z prior; propagate to luminosity. Penalize solutions with implausible E_iso given engine scenario.
5.4 Optional jet proxy:
   If any contemporaneous radio stacking or late-time follow-up exists/possible within the project: include a minimal synchrotron afterglow module to constrain f_b and kinetic energy; otherwise treat as a planned external dataset request and show how it collapses η_X–f_b degeneracy in the FIM.

Step 6 — Variational data assimilation (VDA) implementation (now well-posed)
6.1 Define the cost functional:
   J = Σ_k (y_k - H[x(t_k),θ])^T R_k^{-1} (y_k - H[x(t_k),θ])
       + ∫ ||x(t)-x_b(t)||_{B^{-1}}^2 dt
       + regularization/physics penalties (energy bound, smooth N_H, bounded parameters).
   Here H is the explicit observation operator (Step 3); R_k includes cross-calibration and spectral-fitting covariance.

6.2 Adjoint method:
   Derive adjoint equations for the ODE system (Step 2) with the explicit H Jacobians obtained by automatic differentiation through the response-folding integrals (tabulated responses + differentiable interpolation).

6.3 Optimization/inference:
   Use gradient-based optimization (L-BFGS) to obtain MAP trajectories and parameters; then perform local Laplace approximation (or limited ensemble around MAP) to quantify uncertainties along identifiable directions revealed by the FIM.

Step 7 — Validation with model error (non-circular synthetic experiments)
7.1 Generate synthetic datasets from a higher-fidelity “truth” model that intentionally mismatches the assimilation model:
   • Allow time-varying η_X(t) with moderate stochasticity,
   • include modest jet-geometry evolution,
   • incorporate realistic absorption variability,
   • forward fold through NICER/XRT responses with Poisson noise and background.
7.2 Assess recovery of only the pre-declared identifiable derived quantities (t_break, drop amplitude, probability of φ>φ_MAD during plateau), not every latent state.
7.3 Perform posterior predictive checks: simulate withheld time bins (out-of-sample) and verify predictive coverage.

Step 8 — Discriminating power against competing engines (out-of-sample failure)
8.1 Build three alternative forward models with their governing dynamics and the same observation operator machinery:
   • Magnetar spin-down: L(t)=L0/(1+t/τ)^2 with spectral evolution tied to compactness and absorption similarly.
   • Smooth fallback jet without MAD: Φ evolves without threshold/leakage acceleration (Δφ→∞), producing no abrupt crash.
   • External shock: synchrotron afterglow with closure relations for Γ and temporal slopes; include microphysics priors and absorption.
8.2 For each engine, fit on a training subset (e.g., plateau) and test on the break+decay (or vice versa). Report Bayes factors/likelihood ratios where applicable, and information criteria plus posterior predictive loss as primary decision metrics.
8.3 Require statistically significant predictive failure: e.g., inability to reproduce both (C_N,H_N) trajectories across the break within systematics, not merely a higher in-sample J.

Deliverables
D1: Publicly documented forward model (ODEs + observation operator + response folding).
D2: Identifiability report (FIM, nullspace modes, recoverable derived quantities).
D3: Engine discrimination results with out-of-sample predictive validation.
D4: Reconstructed probability of a MAD-phase (φ>φ_MAD) and timing of MAD exit for EP240408a, with full uncertainty budget.","Forward-model specificity (addresses core critique): The proposal now specifies (i) an explicit reduced dynamical system x(t)=[Ṁ,Φ,E_res] with a MAD threshold φ_MAD and a leakage law that produces a rapid post-plateau crash; (ii) an explicit BZ jet-power mapping P_BZ(Φ,a_*); and (iii) a concrete, forward-folded observation operator from intrinsic spectra to NICER/XRT count-rate, hardness, and photon index including absorption, beaming, cross-calibration, and time-smoothing.

Identifiability realism (removes unjustified “unique identification”): We no longer claim full uniqueness of Φ(t) and Ṁ(t) from luminosity+hardness alone. Instead, we predefine and test which combinations are identifiable (e.g., P_BZ(t), t_break, φ crossing of φ_MAD, drop amplitude) via structural identifiability plus practical FIM/SVD nullspace analysis before running the full VDA on EP240408a.

Degeneracy breaking (adds independent constraints): Optical/radio non-detections, absorption evolution regularization jointly constrained by NICER+Swift, and a probabilistic redshift prior supply the missing information to reduce η_X–f_b–distance and hardness–N_H degeneracies. Systematics (cross-calibration, bandpass effects) are explicitly propagated in R_k and nuisance priors.

Non-circular validation (model error included): Synthetic experiments are generated from a deliberately mismatched higher-fidelity truth (variable η_X, modest geometry/absorption variability), and success is defined on robust derived quantities plus out-of-sample predictive checks.

Discriminating power (beyond in-sample J): Competing-engine forward models are fit and then tested out-of-sample across the plateau/break boundary. The decisive claim is not “lower J,” but statistically significant predictive failure to reproduce the coupled (count-rate, hardness, Γ) evolution under a shared instrument-aware observation operator.

Empirical motivation and physical basis: EP240408a’s multi-day plateau followed by a rapid decline and lack of a classical GRB gamma-ray counterpart (EP240408a study) demands a central-engine-regulated mechanism. GRMHD results for compact mergers show jet power can decline as the disk becomes MAD, motivating a flux-regulated transition rather than purely smooth fallback. This proposal operationalizes that physics into a testable, instrument-aware inverse problem with quantified identifiability limits.","The work is technically strong in specifying an end-to-end inverse problem (dynamics → radiation → instrument counts) and, importantly, treating identifiability as a first-class deliverable. However, several key physics–statistics couplings remain under-justified or at risk of being effectively phenomenological despite the formalism: (i) the flux-leakage law and reservoir variable E_res are not derived from, or tightly constrained by, GRMHD scalings; many functional forms could reproduce a sharp break, so the mechanism’s uniqueness is not yet demonstrated. (ii) The spectral–temporal discriminant hinges on an assumed monotonic link between P_BZ (compactness) and photon index/hardness via a log-linear relation, but pair/thermal Comptonization can produce non-monotonic behavior and strong dependence on poorly constrained emission size R_em and heating partition; without a physically closed Comptonization model (even simplified), hardness evolution may be too malleable. (iii) Core degeneracies (η_X–f_b–z, Φ–Ṁ through φ, N_H(t)–Γ(t) in-band) are acknowledged, but the proposed external constraints (optical/radio upper limits, host magnitude redshift prior) may be too weak to yield decisive Bayes factors; the discrimination claim could collapse to comparing flexible parametric families. (iv) The competing models are not matched in flexibility: a magnetar model with a simple spin-down law is far less expressive than the bespoke flux-loss transition; unless model complexity is rigorously controlled (e.g., equalized effective degrees of freedom and shared spectral/absorption systematics), out-of-sample failure could reflect capacity mismatch rather than physics. Overall, this is a well-engineered inference pipeline with a plausible MAD/BZ narrative, but the causal linkage from MAD exit to a near-achromatic NICER/XRT crash and the promised spectral signature needs tighter microphysical closure and complexity control to be logically compelling as a discriminant."
"We hypothesize that the precursor emission and the observed quasi-periodic oscillations (QPOs) in GRB 211211A are produced by discrete, tidal-stress–driven yielding episodes in the crust of a magnetar component during the last ~10^2–10^3 s of inspiral, and that the QPO frequencies trace excitation of a specific magneto-elastic mode family (torsional crustal modes hybridized with core Alfvén continua) whose eigenfrequencies and damping are controlled by the internal magnetic field and equation of state (EoS). The proposal resolves the reviewers’ identified bottlenecks by replacing the ill-posed notion of “nonlinear Love-number modification” with a rigorously closed forward-modeling stack: (i) an explicitly stated inspiral/trajectory framework (PN/EOB orbital driver) matched to (ii) a GR perturbation calculation on a TOV background to compute the time-dependent tidal stress field inside an elastic, dissipative crust up to a physically defined yield criterion, which then seeds (iii) a reduced magneto-elastic excitation and magnetosphere-coupling model that predicts both the timing/energetics of precursor energy release and the QPO frequency evolution. This architecture produces falsifiable, phase-resolved predictions linking orbital phase → crustal failure cadence → released energy → mode frequencies, and yields discriminants against non-tidal alternatives (e.g., accretion-powered precursors or jet-instability QPOs) through the predicted chirp-like evolution and orbital-phase locking of the QPOs and failure episodes.","1) Choose a single, internally consistent spacetime/trajectory framework and matching conditions.
   1.1 Inspiral driver: use an EOB (effective-one-body) or 3.5PN TaylorT4 orbital phase evolution including standard adiabatic tides (linear) and spin-orbit terms up to a stated order (baseline: 3.5PN point-mass + leading-order tidal phase corrections). This provides r(t), Ωorb(t), and the companion’s tidal field multipoles as functions of time.
   1.2 Stellar background: construct a non-rotating (or slow-rotation Hartle–Thorne at O(χ)) TOV magnetar model for each candidate EoS. Fix M, R, and crust thickness from the EoS; treat the internal magnetic field as a parameterized axisymmetric configuration that enters the magneto-elastic step (below) rather than the background metric.
   1.3 Matching: compute the external quadrupolar tidal field from the PN/EOB trajectory and match it to the GR even-parity l=2 metric perturbation boundary condition at the stellar surface (standard tidal perturbation matching). Deliverable: a verified r(t), Ω(t) pipeline consistent with the GR perturbation boundary conditions.

2) Compute a time-dependent tidal stress/strain field in the crust (abandon “Love-number modification”).
   2.1 Linear GR tidal response (pre-yield): solve the static/low-frequency GR perturbation equations for the l=2 tidal deformation on a TOV background to obtain the strain/stress tensor distribution in the crust as a function of instantaneous tidal field amplitude Eij(t). Use the “instantaneous equilibrium” approximation while explicitly validating it against the orbital timescale (Ωorb) and crustal shear-wave crossing time; state the regime of validity (late inspiral but before strong dynamical tide resonance).
   2.2 Elastic constitutive law: implement an isotropic Coulomb solid crust with shear modulus μ(ρ, T, Z, impurity) using standard microphysical fits; include temperature dependence through a prescribed thermal profile and include a Maxwell visco-elastic element (Kelvin–Voigt or standard linear solid) to model dissipation and stress relaxation on a timescale τvisc.
   2.3 Yield criterion and dissipation: adopt a von Mises yield criterion with breaking strain εbreak(T, impurity) (baseline range 0.01–0.1) and implement plastic flow/heating when σVM exceeds σyield. Parameterize plastic dissipation via an effective plastic viscosity ηpl and compute local heating ΔT from dissipated work, updating μ(T) self-consistently (magneto-thermal feedback at reduced order).
   2.4 Output: a time series of yielding events defined by when/where σVM crosses threshold, yielding episode duration, dissipated energy Eheat, and a “failure patch” size and location on the crust. Deliverable: orbital-phase–tagged failure catalog and energy budget.

3) Specify the magnetic coupling pathway with a concrete reduced magneto-elastic model and QPO identification.
   3.1 Mode family selection (operational QPO mapping): identify the QPOs with torsional (axial) magneto-elastic oscillations: crustal torsional shear modes coupled to core Alfvén continua in the presence of an internal B-field (Bint). This is the only mode family carried forward in the baseline model.
   3.2 Eigenmode computation (reduced model): compute torsional magneto-elastic eigenfrequencies and damping using a 1D/2D axisymmetric model: (i) elastic crust with μ(ρ,T), (ii) magnetized fluid core with Alfvén speed vA(B,ρ), and (iii) coupling at the crust-core boundary. Use established magneto-elastic wave equations in the Cowling approximation (δgμν=0) as the baseline; justify this approximation for frequency predictions (QPOs) versus GW phase modeling.
   3.3 Excitation by failure: map each failure patch to an impulse/forcing term that injects energy into the torsional displacement field (initial condition Δξφ localized to the patch, amplitude set by released elastic + magnetic stress energy). Compute resulting mode amplitudes and the expected QPO spectrum and its time evolution as Ωorb increases and the failure patch distribution changes.
   3.4 Magnetosphere and radiation channel: couple surface torsional motion to a force-free magnetosphere using a boundary driving prescription (twist angle Δψ(t) proportional to surface shear). Parameterize the conversion from injected magnetospheric energy to observable gamma-ray precursor fluence with an efficiency εrad and beaming factor fb; treat these as nuisance parameters in inference.
   3.5 Output: predicted QPO frequencies (and their drift), quality factors (damping), and precursor light-curve morphology (timing/fluence) tied to orbital phase and failure episodes.

4) Forward model: explicit mapping from orbital phase → failures → emission/QPOs, plus discriminant predictions.
   4.1 Scaling relations (deliverable-ready): derive and numerically validate scalings:
       • Failure cadence: Δt between failures decreases with increasing tidal field ∝ r(t)^{-3}; predict a monotonic acceleration of event rate approaching merger.
       • Failure timing/phase locking: events cluster near specific orbital phases if the stress pattern is dominated by l=2 geometry; predict correlation with orbital phase (modulo precession if included).
       • QPO frequency set: fQPO ≈ f_torsional(Bint,EoS,crust thickness) with weak dependence on orbital frequency, but with possible stepwise changes when heating/plasticity changes μ(T).
       • Energy per event: Eevent ≈ ∫(σ:Δε)dV over failure patch plus magnetic untwisting energy; predict a bounded distribution with a high-end cutoff controlled by εbreak and patch size.
   4.2 Discriminants vs competing scenarios:
       (D1) Orbital-phase locking: tidal model predicts precursor sub-structure/QPO onset times tied to Ωorb(t); accretion/jet-instability models generally do not predict phase-locked repetition tied to a calculable inspiral chirp.
       (D2) Frequency clustering: torsional magneto-elastic QPOs should appear in discrete bands tied to EoS/Bint, rather than broadband or drifting purely with jet dynamics.
       (D3) Precursor-to-merger timing relation: predicted window of activity begins when σVM first reaches yield at a calculable separation; this provides a falsifiable relation between precursor lead time and binary parameters.

5) Inference framework with explicit likelihood, nuisance parameters, and identifiability tests.
   5.1 Data model: use observed precursor light curve (event times, durations, fluences) and QPO measurements (frequencies, uncertainties, quality factors, time stamps). Optionally incorporate constraints on distance and host environment as priors.
   5.2 Likelihood:
       • Timing: Poisson (or clustered point-process) likelihood for failure events with rate λ(t|θ) predicted by the stress/yield model.
       • Fluence: lognormal likelihood for event fluences given Eevent with nuisance parameters εrad and fb; marginalize over (εrad, fb).
       • QPOs: Gaussian likelihood in measured fQPO(t) with model frequencies from eigenmode solver; include a mixture model for multiple mode identifications if needed.
   5.3 Priors: EoS prior from maximum mass and causality; Bint prior broad log-uniform (10^14–10^16 G internal), εbreak prior informed by crust simulations; distance/beaming priors from GRB population constraints.
   5.4 Synthetic recovery / identifiability: generate mock datasets from the forward model across a grid of (EoS, Bint, εbreak, τvisc) and perform Bayesian recovery to demonstrate which parameters are identifiable and which are degenerate with εrad/fb. Deliverable: identifiability report and required data quality thresholds.

6) Validation and robustness checks.
   6.1 Consistency checks: verify stress field against Newtonian elastic limits in weak-field regime; verify energy conservation between tidal work, dissipated heat, and injected mode energy.
   6.2 Sensitivity tests: vary thermal profile, impurity parameter, and viscosity model; quantify impact on predicted failure cadence and QPO damping.
   6.3 Extension path (optional, not baseline): incorporate dynamical tide resonances if the orbital frequency approaches relevant mode frequencies; include slow rotation and precession only after baseline closure.

Deliverables (explicit): (A) a phase-resolved failure catalog as a function of EoS/Bint; (B) a QPO frequency atlas tied to magneto-elastic mode family with damping predictions; (C) a precursor forward model generating light curves conditioned on inspiral parameters; (D) a full Bayesian inference code with synthetic recovery demonstrating identifiability; (E) at least one falsifiable discriminant (orbital-phase locking + frequency banding) benchmarked against non-tidal alternatives.","1) Closed, approximation-driven modeling stack (addresses internal inconsistency).
   The proposal now commits to a single coherent architecture: PN/EOB provides the inspiral trajectory and tidal field; GR perturbations on a TOV background provide the interior tidal stress field; nonlinearity enters only through a physically defined yield/plasticity law, not through redefined Love numbers. Magnetic/radiative complexity is confined to a reduced magneto-elastic + force-free coupling model whose assumptions are stated (Cowling approximation for mode frequencies; parameterized radiative efficiency), avoiding gauge inconsistencies from mixing “fully relativistic” claims with under-defined PN dynamics.

2) Love-number issue resolved (addresses critique ii).
   Love numbers remain in their proper role (linear response descriptor) and are not modified to represent nonlinear failure. Instead, the key computed quantity is σVM(t,r,θ) in the crust and its crossing of a specified yield surface, including dissipation and heating—an executable route to failure predictions.

3) Magnetic coupling made operational (addresses critique iii).
   Crust failure is mapped to a concrete excitation mechanism for a specified QPO-producing mode family: torsional magneto-elastic oscillations (crustal torsional modes hybridized with core Alfvén continua). The proposal explicitly computes eigenfrequencies/damping and uses a boundary-driving prescription to connect surface shear to magnetospheric twist and radiative output, with εrad and beaming treated as nuisance parameters rather than assumed constants.

4) Observables operationalized with falsifiable predictions (addresses critique iv).
   The forward model provides explicit outputs: (i) event timing distributions and their orbital-phase dependence; (ii) precursor fluence distributions with a calculable high-end cutoff; (iii) QPO frequency bands and stepwise evolution tied to μ(T) changes from dissipation. Discriminants are stated: orbital-phase locking and discrete frequency banding are expected in the tidal-failure model but not generically in accretion-powered or jet-instability scenarios.

5) Inference defined and testable (addresses critique v).
   A likelihood is specified for timing, fluence, and QPO frequencies with clear nuisance parameters (distance, beaming, radiative efficiency) explicitly marginalized. Identifiability is not assumed; it is demonstrated via synthetic recovery tests to show which combinations of (EoS, Bint, εbreak, viscosity) can be constrained by the available observables.

6) Empirical and literature anchoring.
   The physical pathway is directly grounded in the established tidal-force–induced crust breaking framework for magnetars in compact binaries (Asset 2) and the broader motivation to connect compact-object interaction dynamics to periodic or quasi-periodic high-energy/radio phenomenology (Asset 1 provides contextual support that compact binaries can imprint periodic activity). The proposed deliverables are therefore not speculative extensions but controlled refinements that convert the concept chain into a quantitative, falsifiable, and computationally tractable program.","This is an unusually well-resolved proposal that directly addresses prior conceptual bottlenecks and demonstrates strong control over both relativistic inspiral physics and neutron-star microphysics. The engineering plan is detailed, executable, and avoids category errors (e.g., conflating linear tidal response with nonlinear failure). Logical consistency is high: the causal chain from orbital phase to stress accumulation, yielding, mode excitation, and observable QPOs is explicitly constructed and closed. Minor deductions arise from residual idealizations that may limit quantitative accuracy: (i) reliance on the instantaneous-equilibrium approximation deep into late inspiral without a clearly quantified breakdown threshold, (ii) Cowling-approximation magneto-elastic mode calculations that may bias damping/Q predictions, and (iii) substantial degeneracy risk between internal magnetic-field geometry and effective crustal heating in the inference stage. Evidence grounding is strong and remains anchored to compact-object tidal physics and magnetar phenomenology, though observational anchoring to the specific GRB 211211A dataset (signal-to-noise limits, QPO significance, and selection effects) could be more explicit. The rationale is creative and nontrivial, reframing an ill-posed idea into a falsifiable forward model, but still builds on a known theoretical pathway rather than introducing a fundamentally new physical mechanism."
"Coherent radio bursts (including nanoshots associated with pulsar Type II emission) are produced when plasmoid mergers in the magnetospheric current sheet just beyond the light cylinder trigger fast-magnetosonic wave packets whose phase coherence is preserved by a reconnection-driven, charge-starved parallel electric field (E||) that also initiates hadron-loading and subsequent secondary-particle cascades. We hypothesize that the joint occurrence and timing of (i) plasmoid-merger electromagnetic precursors and (ii) nuclear/secondary-particle signatures are controlled by a single dimensionless control parameter, \(\Pi \equiv \sigma_{LC}\,\tau_{rec}\,\Omega\) (magnetization at the LC times reconnection timescale times spin), which sets the plasmoid hierarchy and the radiative coherence bandwidth. Methodological adaptation: extend standard PIC reconnection simulations to a physically constrained, multi-species radiation-kinetic PIC framework by (a) embedding a relativistic resistive-force-free (RFF) global magnetosphere solution as a dynamically consistent boundary/driver for local PIC patches across the LC current sheet, and (b) adding a baryon/meson production + decay module implemented as a conservative Monte-Carlo collision operator that enforces exact energy-momentum and charge conservation at each event, enabling self-consistent coupling between reconnection microphysics, coherent radio emission, and Type II-like secondary particle production.","Step 1: Specific system setup or data preparation.
1.1 Build a global rotating magnetosphere solution (RFF / GRFFE) for a set of pulsar/magnetar-like parameters spanning \(B_{LC}\), \(\Omega\), and inclination; extract time-dependent boundary fields, currents, and plasma injection prescriptions at and beyond the light cylinder.
1.2 Select observational targets with known coherent bursts (e.g., Crab-like nanoshots; intermittent coherent bursts from radio-quiet/X-ray-bright neutron stars) and compile contemporaneous constraints (spin, \(\dot\nu\), distance, X-ray luminosity). Define prediction metrics: burst energy distribution, nanoshot duration, polarization swings, and phase alignment with high-energy emission.

Step 2: Detailed implementation of the adapted methodology.
2.1 Patch-based coupled simulation: deploy multiple local PIC domains tiled along the equatorial current sheet beyond the LC, each driven by the global RFF boundary conditions (fields + Poynting flux + injected pair density). Implement a two-way coupling by feeding back coarse-grained effective conductivity/particle loading from PIC to the global model on timescales \(\gtrsim\Omega^{-1}\) while preserving causality (no superluminal information transfer; explicit time-lagged updates).
2.2 Conservative radiation-kinetic extension: augment PIC with (i) curvature/synchrotron radiation reaction for leptons and (ii) a nuclear/secondary module: baryon injection tied to reconnection heating (parameterized initially by an ion fraction \(f_i\) but evolved by local charge-starvation criteria), followed by inelastic p-\(\gamma\) and p-p channels producing mesons; implement meson decay into secondary leptons/photons as a Monte-Carlo operator that exactly conserves 4-momentum and charge per interaction and respects threshold kinematics.
2.3 Coherent emission extraction without black-box assumptions: compute far-field radio emission from the simulated current density \(\mathbf{J}(\mathbf{x},t)\) using retarded potentials; isolate fast-magnetosonic wave packets launched by plasmoid mergers and quantify phase coherence via cross-spectral density across the emitting region. Enforce numerical constraints: divergence cleaning for \(\nabla\cdot\mathbf{B}=0\), charge conservation via current deposition schemes, and resolution studies to ensure plasmoid hierarchy convergence.
2.4 Mechanism tests: deliberately control \(\Pi\) by varying \(\sigma_{LC}\), reconnection rate (via guide field and effective resistivity), and \(\Omega\); quantify how the plasmoid merger rate, secondary-sheet formation, and wave-packet coherence scale with \(\Pi\). Run counterfactual suites: lepton-only vs lepton+ion; suppressed E|| vs self-consistent E||; to isolate the causal role of charge starvation and hadron-loading.

Step 3: Rigorous validation and analytical framework.
3.1 Validation against known Type II emission phenomenology: compare simulated nanoshot duration distributions and GHz-band brightness temperatures to Crab-like constraints; test predicted phase relation between radio nanoshots and high-energy pulses (from simulated curvature/synchrotron emissivity maps folded by rotation).
3.2 Multi-messenger/nuclear physics linkage: compute predicted neutrino spectra and secondary gamma-ray components from meson decay; derive joint constraints on ion fraction \(f_i\) and magnetospheric potential drops consistent with nuclear thresholds. Use these to place bounds on magnetospheric baryon loading that feed back to neutron-star surface composition/EOS inferences (via allowed outflow mass loading and pair multiplicity requirements).
3.3 Uncertainty quantification: perform Bayesian calibration over \(f_i\), injection multiplicity, and reconnection parameters using physically constrained priors (causality, energy budget from spin-down, and charge/current closure). Report posterior predictive distributions for burst rates and energetics, and identify falsifiable signatures: (i) a tight scaling of coherence bandwidth with \(\Pi\); (ii) correlated enhancement of secondary signatures when E||-driven charge starvation is strongest; (iii) polarization angle swings tied to secondary current-sheet formation during plasmoid mergers.","1. Theoretical/Empirical Basis: Asset 2 provides first-principles evidence that plasmoid mergers in the current sheet beyond the light cylinder generate coherent radio emission (nanoshots) via fast-magnetosonic waves; Asset 1 establishes that coherent bursts can arise even from historically radio-quiet neutron stars, motivating a mechanism that can switch on intermittently. Reconnection, plasmoid instability, and retarded-potential radiation extraction are mature techniques; radiation-reaction PIC is established; conservative Monte-Carlo collision operators with exact 4-momentum conservation are standard in high-energy transport.
2. Transfer Logic (How the adaptation fits the domain): The key limitation of existing PIC studies is incomplete closure between global magnetospheric electrodynamics and local kinetic reconnection, and the omission of nuclear/secondary channels that can become relevant when charge starvation produces large E|| and hadron loading. The proposed RFF-to-PIC patch coupling preserves Maxwell constraints and causal information flow while allowing microphysics to modify effective conductivity and particle loading. The nuclear module is implemented as a conservation-law-preserving operator consistent with threshold kinematics, maintaining strict adherence to physical laws.
3. Comparative Advantage: Compared with stand-alone local PIC or purely global force-free models, the adapted multi-scale, multi-species framework can (i) predict absolute burst energetics from the spin-down-fed Poynting flux, (ii) generate directly comparable observables (radio waveforms, spectra, polarization) from first principles, and (iii) produce falsifiable multi-messenger correlations (secondary gamma/neutrino components) that constrain magnetospheric baryon loading and, indirectly, neutron-star surface composition/EOS. This turns coherent radio bursts from phenomenological signatures into quantitative probes of magnetospheric current closure and high-energy/nuclear processes near the light cylinder.","This is a technically ambitious and largely well-constructed proposal that targets a genuine bottleneck in pulsar/magnetar radio-burst theory: the lack of closure between global electrodynamics, kinetic reconnection, and observable coherent emission. The engineering plan is unusually explicit, particularly regarding causal two-way coupling, charge conservation, retarded-potential emission extraction, and controlled counterfactual suites. The introduction of a dimensionless control parameter \(\Pi = \sigma_{LC}\tau_{rec}\Omega\) is conceptually attractive and testable, though its uniqueness and scaling justification are asserted rather than derived. The largest weakness lies in the nuclear/secondary-particle component: while technically feasible in isolation, its necessity and expected rate in light-cylinder conditions are not quantitatively justified, and the link between hadron-loading, Type II-like radio coherence, and detectable multi-messenger signatures risks being overextended. The proposal occasionally conflates plausibility with inevitability (e.g., charge starvation generically leading to significant hadron loading). Nonetheless, the logical chain from plasmoid mergers to coherent fast-magnetosonic emission is internally consistent and grounded in contemporary reconnection literature."
"We hypothesize that equation-of-state (EoS)–dependent angular-momentum redistribution in binary neutron star (BNS) remnants imprints a *coupled, measurable* signature on (i) the post-merger gravitational-wave (GW) spectral morphology and (ii) the composition–enthalpy evolution of the remnant disk and winds through neutrino-regulated electron fraction (Ye) and nuclear statistical equilibrium (NSE) freeze-out, thereby controlling r-process heating and kilonova observables. Mechanistically: (1) EoS stiffness sets the remnant’s compactness and differential-rotation profile, which fixes the efficiency and timescale of magnetic braking/MRI-driven angular momentum transport from the core to the disk. (2) That angular-momentum flux controls the disk’s mass reservoir, accretion rate onto the remnant (or BH if collapse occurs), and the strength/geometry of neutrino irradiation from the hot remnant+inner disk. (3) Neutrino irradiation and weak interactions set Ye and entropy in the outflowing material; together with the expansion timescale, they determine whether matter remains in NSE, undergoes alpha recombination, or freezes out into heavy-element nucleosynthesis (r-process), which sets the radioactive heating rate and hence the kilonova luminosity, color evolution, and late-time decline. The proposal overcomes the reviewer-identified mismatch with H/He Type-I burst phenomenology by replacing ‘surface thermonuclear burning’ with *compositionally appropriate post-merger nuclear heating/cooling channels* (NSE ↔ freeze-out, alpha recombination, r-process heating) that are unavoidable in BNS disks and are directly tied to observable kilonova spectra/light curves. The core chain remains intact—rotation profile → GW post-merger features → angular-momentum transport → disk accretion/outflows—while the second observational branch is revised to a physically consistent post-merger nucleosynthesis/opacity/heating diagnostic that is EoS-sensitive through the same angular-momentum and neutrino-irradiation pathways.","Step 1 — Controlled GR initial data and EoS suite (rotation-profile control):
1.1 Generate constraint-satisfying BNS initial data (same total gravitational mass, mass ratio, and initial orbital angular momentum) for ≥3 finite-temperature, composition-dependent tabulated EoSs spanning soft/intermediate/stiff.
1.2 Include consistent temperature and composition variables required by each EoS table (ρ, T, Ye) and ensure causal sound speed and thermodynamic consistency checks (Maxwell relations where applicable).

Step 2 — GRMHD with stated microphysics set (what is added, explicitly):
2.1 Evolve in full GRMHD including magnetic-field amplification (winding + MRI). Use a divergence-cleaning or constrained-transport scheme; specify target quality factors for MRI: Qθ, Qφ ≥ 10 in the disk (or document where unmet).
2.2 Neutrino treatment: implement a grey (energy-integrated) leakage scheme as baseline for cooling *plus* an M1 moment scheme (or approximate two-moment closure) for irradiation in follow-up runs to quantify systematics. Track νe, ν̅e absorption/emission rates.
2.3 Ye evolution: evolve a conservative Ye advection equation with source terms from charged-current weak interactions consistent with the neutrino scheme; enforce Ye ∈ [0,1] and couple to the EoS table.
2.4 Nuclear thermodynamics: include an NSE module valid at high T (e.g., T ≳ 5–6 GK) providing composition, binding energy, and pressure contributions consistent with the EoS; implement a switch/bridge to non-NSE as T drops, carrying nuclear binding energy consistently.
2.5 Non-NSE network for heating: in outflows (identified by Bernoulli/escape criteria) integrate a reduced r-process–capable heating prescription (calibrated to representative full networks) that returns time-dependent radioactive heating ẋ(t, Ye, s, τexp). Include alpha recombination energy release when transitioning from free nucleons to α-particles at relevant T/ρ.
2.6 Photodisintegration: include endothermic dissociation at high temperatures (inner disk shocks) by coupling to NSE/binding-energy bookkeeping, preventing spurious net heating.

Step 3 — Diagnostics: define the mapping rotation → GW → angular momentum flux → disk state (explicit, reviewer-requested):
3.1 Extract GW strain and compute post-merger spectral features: dominant f2 peak (and secondary peaks where resolved), time-dependent instantaneous frequency, and damping time proxies.
3.2 Compute remnant rotation profile Ω(r,θ) and differential-rotation measure (e.g., ΔΩ between core and outer layers). Quantify angular momentum transport via Maxwell + Reynolds stresses and compute the angular-momentum flux into the disk J̇disk(t).
3.3 Measure accretion rate Ṁ(t) through a control surface around the remnant (or BH horizon if collapse) and relate Ṁ(t) to neutrino luminosities Lν(t) and mean energies (if available in M1).
3.4 Track disk/outflow state variables: Ye, entropy s, expansion time τexp, and when/where NSE breaks. Record mass histograms in (Ye, s, τexp) for each EoS.

Step 4 — Predict observables tied to kilonovae (replace Type-I bursts with measurable targets):
4.1 From outflow properties, compute lanthanide/actinide fraction proxies using Ye thresholds (e.g., Ye ≲ 0.25 lanthanide-rich) and estimate opacity regimes (high-κ vs low-κ components).
4.2 Use the simulated radioactive heating rate and ejecta parameters (Mej, vej, composition classes) to generate kilonova light-curve/spectral predictions via radiative-transfer post-processing (or calibrated semi-analytic models as a first pass).
4.3 Quantify EoS-dependent differences in: total ejecta mass, velocity distribution, blue/red component ratio, and heating rate normalization/temporal slope.

Step 5 — Validation targets that are actually measurable (per directive):
5.1 GW: do not claim current LIGO/Virgo post-merger peak detections; instead, produce predictions for 3G detectors (Einstein Telescope/Cosmic Explorer) and develop ‘proxy’ correlations between inspiral-measured parameters (tidal deformability) and post-merger spectral morphology within this framework.
5.2 EM: compare predicted disk masses and ejecta properties to multi-messenger constraints from observed kilonovae (e.g., ejecta mass/velocity/color evolution classes), and to short-GRB afterglow energy budget consistency where relevant.
5.3 Remnant lifetime: infer EoS-dependent collapse time distributions and map to expected neutrino irradiation duration and resulting Ye shifts; compare with observationally inferred presence/absence of a long-lived remnant in events with well-characterized kilonova components.

Step 6 — Numerical credibility and convergence (explicit criteria):
6.1 Perform resolution studies demonstrating stability of: GW spectral peaks (within stated tolerance), disk mass, ejecta mass, and Ye distributions. Report MRI quality factors and document regions where subgrid modeling may be required.
6.2 Systematics sweep: bracket uncertainties by (i) leakage vs M1 neutrinos, (ii) alternative viscosity/subgrid prescriptions if MRI under-resolved, and (iii) alternate reduced-heating calibrations. Propagate these to kilonova predictions to show robustness of EoS trends.","1) Physical appropriateness (addresses the key critique): Post-merger disks are neutron-rich and hot; the dominant, inevitable thermonuclear/nuclear channels are NSE ↔ freeze-out, alpha recombination, and r-process radioactive heating in outflows under neutrino-regulated Ye evolution—not H/He Type-I bursting. The revised proposal targets these channels and links them to kilonova observables (luminosity, color, spectra), which are the established EM counterparts to BNS mergers.

2) Microphysics completeness (avoids ‘numerical artifact’ risk): The proposal explicitly includes neutrino cooling/irradiation (leakage baseline + M1 follow-up), conservative Ye evolution with weak-interaction source terms, temperature/composition-dependent tabulated EoS coupling, binding-energy-consistent NSE treatment including photodisintegration and alpha recombination, and a domain-appropriate r-process heating prescription for outflows. These are the controlling terms for thermal balance and composition in the immediate post-merger environment.

3) Coherent mechanistic chain (preserves original concept): The EoS controls remnant compactness and differential rotation → sets angular momentum transport efficiency (MRI/winding stresses) → sets disk mass and accretion history → sets neutrino irradiation and Ye evolution → sets nucleosynthesis/heating/opacity → sets kilonova observables. In parallel, the same rotation profile governs the post-merger GW spectral morphology. This yields a coupled GW+EM discriminator of the EoS that does not rely on inappropriate LMXB burst phenomenology.

4) Observational credibility (revised validation): The plan aligns with what is currently measurable (kilonova ejecta properties) and what is plausibly measurable with near-future detectors (3G post-merger GW features), avoiding claims about current LIGO/Virgo post-merger spectroscopy.

5) Computational feasibility: GRMHD merger simulations with leakage neutrinos and Ye evolution are established; adding an NSE module plus reduced r-process heating for outflows is a tractable extension. The plan includes explicit convergence/MRI-quality diagnostics and a systematics program (leakage vs M1; resolution) to ensure inferred EoS trends are not artifacts.","The proposal is methodologically ambitious and largely well-specified, with an unusually clear causal chain from EoS-dependent rotation profiles to stresses/J̇ into the disk, to Ṁ and neutrino irradiation, to Ye/entropy/freeze-out and kilonova heating/opacity—while simultaneously predicting post-merger GW spectral morphology for 3G detectors. The main weaknesses are (i) quantification risk: the central claim of a *coupled, measurable* GW–EM signature is not backed by an explicit statistical identifiability plan (e.g., how degeneracies with total mass, mass ratio, initial B-field topology, neutrino-transport systematics, and viewing angle will be separated from EoS effects), and (ii) numerical risk: resolving MRI (Q≳10) in global BNS remnants/disks at feasible cost is often not achieved; without a concrete fallback (calibrated effective viscosity informed by shearing-box or high-res local studies) the angular-momentum-redistribution pillar may become resolution-dependent. A secondary consistency issue is that the proposal’s correction away from Type-I bursts is scientifically appropriate, but the target concept chain still explicitly includes 'thermonuclear burning'; the current narrative should either explicitly redefine that node as neutron-rich nuclear recombination/heating or justify the terminology in-discipline. Overall, the plan is strong but would benefit from sharper falsifiable metrics and a clearer strategy for uncertainty propagation to the claimed EoS-discriminating observables."
"Neutron-star binaries dynamically assembled and retained in globular clusters (GCs)—with enhanced retention supplied by low-kick accretion-induced collapse (AIC) progenitors—form a multi-messenger subpopulation whose early-time X-ray emission is frequently dominated by a mildly relativistic cocoon/wind component whose observed time–energy morphology is strongly modulated by special-relativistic Doppler boosting. The central claim is not that the neutron-star equation of state (EoS) deterministically fixes the outflow, but that the EoS induces *statistical* shifts in (i) the remnant fate (prompt collapse vs hypermassive vs supramassive NS), (ii) the disk/wind mass and velocity distribution, and (iii) the baryon-pollution/enthalpy budget that controls the attainable Lorentz-factor angular structure Γ(θ). These EoS-dependent shifts imprint a recognizable Doppler signature—joint spectral blue-shift and time compression (E→δE′, t→t′/δ) plus the beaming-induced hardness–intensity covariance—that is separable from intrinsic spectral evolution when modeled through instrument responses and absorption. We overcome the reviewers’ identifiability and overconfidence concerns by (a) replacing near-deterministic remnant→disk/B→Γ links with an uncertainty-marginalized, discrepancy-aware remnant/outflow emulator calibrated to NR/GRMHD simulation suites; (b) explicitly propagating emulator uncertainty and model discrepancy as hierarchical nuisance structure so EoS posteriors remain conservative under misspecification; (c) proving (via mutual information/Fisher and injection campaigns including upper limits) that Doppler-induced time–energy signatures remain identifiable against plausible alternatives (afterglow, fallback/accretion, magnetar nebula) across realistic observing conditions; and (d) aligning the amortized inference training distribution to the *observed* selection-biased distribution through a full yield forecast (LVK horizon × GC spatial distribution × follow-up completeness). This turns Doppler boosting from a nuisance into a partially identifiable latent variable that *probabilistically* couples to EoS through remnant/outflow statistics rather than through brittle deterministic prescriptions, enabling robust EoS constraints specifically for a GC-enhanced subpopulation.","Step 1 — GC-anchored population prior + yield forecast (selection-aware)
1.1 Build a GC catalog and spatial prior:
  - Construct a GC database for the Milky Way + nearby galaxies out to D_max=200 Mpc (not limited to ≤5 Mpc), including: sky position, distance, GC specific frequency S_N (host-dependent), GC system mass, and (where available) proxies for escape speed and central density.
  - For the Milky Way, ingest per-cluster escape velocities, core densities, metallicities, and pulsar/X-ray-binary inventories (Chandra/XMM), as in Asset 1, but use them to constrain hyperparameters rather than define hard event selection.

1.2 AIC-retention hypermodel (Asset 1 → NS retention prior):
  - Define hyperparameters Θ_AIC={f_AIC, σ_k,AIC, σ_k,CC, μ_NS,ret(M_gc), α_dyn} where σ_k,AIC is the natal-kick dispersion for AIC, σ_k,CC for core-collapse NSs, and μ_NS,ret is a retention scaling with GC potential depth.
  - Likelihood: use observed GC pulsar counts (and completeness-corrected millisecond pulsar and LMXB counts) with a hierarchical Poisson–lognormal model; map Θ_AIC to expected retained NS counts using an escape-speed-dependent retention integral over the kick distribution.
  - Output: a GC-conditioned prior on the number of retained NSs and a dynamical-assembly prior for BNS properties (mass ratio q, component masses, possible eccentricity at formation), with uncertainty.

1.3 Multi-messenger yield forecast (mandatory):
  - Define an *observed-event rate* for GC-origin BNS mergers:
    R_obs,GC = ∫ dV(z) [R_BNS(z) × π_GC(z|S_N) × p_det,GW(θ_GW) × p_follow,X(t_start, F_lim) × p_detect,X(model, θ_X)]
  - Implement p_det,GW using LVK detection efficiency surfaces (chirp mass–distance–inclination) from injection campaigns; implement p_follow,X via a cadence model (time-to-first-XRT/NICER pointing distribution, exposure distribution, sky-visibility constraints); implement p_detect,X by forward-folding model light curves through instrument response and absorption and applying detection thresholds.
  - Deliverables:
    (i) expected number of GC-origin events per LVK run (O4/O5) with credible intervals; 
    (ii) fraction of informative X-ray non-detections (upper limits) as a function of follow-up latency;
    (iii) sensitivity of EoS information gain to follow-up strategy (optimize cadence/exposure).
  - Crucially: use this forecast to define the *training distribution* for amortized inference (Step 4), ensuring it matches the expected observed distribution, not the astrophysical intrinsic one.

Step 2 — Data layers and GW handling (avoid lossy compression)
2.1 GW likelihood interface (mandatory rigor):
  - Primary path (preferred): ingest strain-level likelihoods through public LVK infrastructure where feasible (e.g., relative binning / reduced-order quadrature likelihood evaluations) to avoid summary-statistic loss, especially for (Λ1,Λ2)–inclination–distance correlations.
  - Secondary path (if strain-level access is infeasible for some events): use a validated *sufficient-statistic compression* via conditional density estimation:
    • Train a conditional normalizing flow q(θ_GW | d_strain) on LVK injection sets to emulate the full posterior over θ_GW={m1,m2,χ1,χ2,DL,ι,Λ1,Λ2}.
    • Validate by comparing Bayes factors and posterior moments against strain-level analyses for a held-out set.
  - Selection effects: incorporate p_det,GW(θ_GW) explicitly in the hierarchical likelihood and propagate its uncertainty.

2.2 X-ray dataset assembly (Assets 2–4 relevant):
  - Curate time-tagged event data (Swift/XRT, NICER, NuSTAR, Chandra) for confirmed counterparts and for targeted follow-ups yielding upper limits.
  - Standardize: absorption model N_H with host+MW components; consistent response matrices; background treatment; log-time binning with Poisson likelihood on counts (not fluxes).
  - Construct feature representation y_X that preserves time–energy morphology: binned count spectra over multiple epochs + hardness ratios + detection/upper-limit indicators.

Step 3 — Replace deterministic remnant/outflow mapping with a calibrated emulator + discrepancy
3.1 Remnant/outflow emulator (mandatory replacement of near-deterministic links):
  - Target outputs: latent physical quantities controlling early X-rays:
    ζ = {M_disk, M_wind(θ), v_wind(θ), Y_e(θ), baryon-loading proxy B(θ), Γ(θ) distribution parameters, engine lifetime τ_eng, radiative efficiency ε_X}
  - Inputs: θ_phys={EoS parameters, m1,m2, spins, mass ratio, remnant fate class, magnetic-field prior hyperparameters}.
  - Emulator type: multi-output heteroscedastic Bayesian neural network (BNN) or deep Gaussian process (DGP) with monotonic/positivity constraints where needed (e.g., M_disk≥0) and calibrated predictive uncertainties.
  - Training data: curated NR/GRMHD simulation suites spanning EoS variety and binary parameters; include multiple codes where possible to estimate code/systematic scatter.

3.2 Explicit model discrepancy layer:
  - Introduce δ_model as an additive/multiplicative stochastic process on emulator outputs, e.g. log M_disk = log M_disk,emu + δ_disk, with δ_disk ~ Normal(0, σ_disk^2) and σ_disk given a weakly informative hyperprior informed by inter-code scatter.
  - For Γ(θ): avoid deterministic B→Γ. Parameterize Γ(θ) with a flexible angular profile (e.g., core+sheath: Γ(θ)=1+(Γ_c−1)exp(−(θ/θ_c)^2) + (Γ_s−1)exp(−(θ/θ_s)^2)) and learn (Γ_c, θ_c, Γ_s, θ_s) from emulator outputs with uncertainty; allow δ_Γ to capture unresolved physics.
  - Propagate δ_model through the inference so EoS constraints broaden appropriately under outflow uncertainty.

Step 4 — Forward emission family: expressive, multi-model, selection-aligned
4.1 Competing early-time X-ray models (prevent misspecification → EoS bias):
  - Model A (cocoon/wind; Doppler-dominated): comoving spectral template (cutoff power law or synchrotron) with evolving normalization and cutoff; Doppler mapping analytic.
  - Model B (external-shock afterglow): standard synchrotron afterglow with energy E_k, circumburst density n, microphysics (ε_e, ε_B, p), structured jet parameters; includes off-axis geometry.
  - Model C (fallback/accretion X-rays; Asset 2): fallback rate ∝ t^{-5/3} with r-process heating modulation; luminosity capped near Eddington/super-Eddington with efficiency parameter; predicts plateau-to-decay behaviors.
  - Model D (magnetar spin-down nebula): spin period P0, B_dip, ejecta optical depth evolution controlling X-ray leakage; predicts delayed brightening in some regimes.
  - Implement as a mixture-of-models with per-event discrete label k and population mixing fractions allowed to depend on GC vs field channel.

4.2 Physics-embedded Doppler layer (retain, but now within mixture model):
  - For Model A, implement exact invertible SR transforms:
    E = δ E′, t = t′/δ, F_E(t)=δ^3 F′_{E′}(t′), δ=[Γ(1−β cosθ_local)]^{-1}.
  - Couple θ_local to viewing angle and outflow angular structure.
  - Forward-fold through instrument response and absorption to predicted counts.

Step 5 — Identifiability proof-of-principle (mandatory)
5.1 Mutual information / Fisher separability study:
  - Define parameter blocks: φ_Doppler={viewing angle ι, Γ-profile params}, φ_intrinsic={intrinsic spectral-evolution params, fallback/afterglow params}, and θ_EoS.
  - Compute (via simulation) the mutual information I(φ_Doppler; y_X | instrument, N_H) and the conditional MI I(φ_Doppler; y_X | φ_intrinsic) across instruments and realistic follow-up cadences.
  - Complement with Fisher-information calculations on simplified count models to show that the joint presence of (i) spectral shift and (ii) time dilation creates an identifiable direction in parameter space distinct from intrinsic cooling/fallback scalings.

5.2 Injection campaign with upper limits included:
  - Generate injections spanning: N_H distributions, response matrices, follow-up start times (0.1–10^5 s), exposures, distances.
  - Include scenarios where only upper limits exist in early epochs; quantify how upper limits constrain δ via exclusion of boosted high-flux solutions.
  - Metrics: posterior contraction on δ and Γ-params; bias on R_1.4 and Λ_1.4 under controlled misspecification; coverage tests stratified by model label k.

Step 6 — Inference architecture: CIMF upgraded with emulator/discrepancy and correct GW usage
6.1 Constrained Invertible Multi-messenger Flow (CIMF v2):
  - Latent variables z include: EoS c_s^2(ε) knot parameters; GW source parameters; remnant fate; emulator-driven outflow parameters ζ with discrepancy δ_model; X-ray model label k; GC-origin indicator g.
  - Structure: z → (emulator + discrepancy) → outflow parameters → (Doppler layer if k=A) → instrument-folded counts.
  - Training objective: amortized posterior p(z|d_GW, d_X) with explicit selection correction using the yield-forecasted observed distribution; include categorical k via Gumbel-softmax during training for differentiability.

6.2 EoS manifold with exact physical constraints (retain, but now uncertainty-aware):
  - Parameterize c_s^2(ε) with bounded transforms enforcing 0≤c_s^2≤c^2 and monotonic thermodynamic stability; impose maximum-mass constraint with a soft prior that reflects observational uncertainty.
  - Propagate EoS uncertainty through remnant thresholds used by the emulator; avoid hard remnant-class boundaries by using probabilistic remnant-fate outputs (e.g., P_prompt, P_HMNS, P_SMNS) inferred from emulator/NR fits.

6.3 Hierarchical population model linking GC channel and EM model mix:
  - π_GC depends on host GC specific frequency and Θ_AIC; allow GC channel to shift the prior on spins/eccentricities and on model label fractions P(k|g).
  - Joint likelihood includes GW detection selection and X-ray follow-up selection (cadence-dependent censoring).

Step 7 — Validation, robustness, and deliverables
7.1 Simulation-based calibration (SBC) for EoS and Doppler parameters under each emission model and under model mismatch; require near-uniform rank statistics.
7.2 Posterior predictive checks in time–energy space (counts domain) and cross-instrument consistency.
7.3 Sensitivity analysis: quantify EoS posterior widening when (i) discrepancy variances inflated, (ii) model mix broadened, (iii) GC-rate prior weakened.
7.4 Deliverables: public code for (a) yield forecast, (b) emulator interface with uncertainty, (c) CIMF v2 inference; release trained weights and documentation for correct selection handling.","Physics/astrophysics feasibility (addresses systematics): The revised design removes the proposal’s main over-identifiability risk by treating remnant→disk/wind→baryon-loading→Γ(θ) as an uncertainty-marginalized mapping calibrated to NR/GRMHD suites, with an explicit discrepancy layer capturing inter-code and unresolved-physics scatter. This ensures conservative EoS posteriors when the outflow physics is imperfectly known—directly addressing the dominant EM-side systematic identified by reviewers. The Doppler layer remains analytic and exact (SR), but Γ(θ) is no longer near-deterministic; it is inferred with calibrated uncertainty.

Model adequacy feasibility (addresses non-uniqueness of X-ray origin): Early-time X-rays in BNS mergers plausibly arise from multiple channels (cocoon/wind, afterglow, fallback/accretion, magnetar nebula). Instead of relying on a single comoving template plus a lightweight classifier, the proposal now uses an explicit mixture-of-models forward family with physically interpretable parameters and per-event model marginalization. This prevents structural misspecification from being absorbed into EoS parameters and allows conservative inference when the data do not discriminate.

Identifiability feasibility (addresses Doppler vs intrinsic evolution): The proposal now includes a mandatory, quantitative proof-of-principle: mutual-information/Fisher studies and large injection campaigns with realistic absorption, response folding, cadence, and upper limits. The separability claim is tested in the *counts domain* (not idealized flux space), ensuring it reflects actual instrument constraints. Upper limits are treated as informative censoring that can exclude strongly boosted solutions at early times.

Yield feasibility (addresses rate limitation): Rather than assuming a nearby (≤5 Mpc) GC-anchored sample, the plan provides a selection-aware yield forecast combining LVK sensitivity, GC spatial distribution (including host GC specific frequency), and realistic X-ray follow-up completeness. This forecast determines (i) whether the GC-origin subpopulation can be constrained in O4/O5 and (ii) the correct observed-distribution training set for amortized inference. The proposal also explicitly leverages non-detections and heterogeneous follow-up as constraining data, increasing effective sample size.

GW-feeds feasibility (addresses posterior recycling/summary loss): The proposal upgrades GW ingestion to either strain-level likelihood evaluation (preferred) or a validated conditional density-estimation surrogate trained and tested against strain-level analyses, explicitly preserving the tidal–inclination–distance degeneracy structure. Selection effects are incorporated in the hierarchical model rather than approximated by ad hoc efficiencies. This prevents the flow from learning artifacts due to lossy GW summaries.

Overall, the revised program remains ambitious but is now defensible: the EoS constraints arise from (a) rigorously preserved GW information, (b) Doppler-identifiable time–energy signatures tested under instrument realism, and (c) conservative marginalization over outflow-emulator uncertainty and emission-model ambiguity, with a selection-matched yield forecast ensuring the amortized training regime corresponds to what will actually be observed.","Methodologically, the proposal is unusually well-engineered: it directly addresses prior identifiability and overconfidence failure modes through (a) a calibrated emulator with discrepancy, (b) mixture-model marginalization over competing X-ray mechanisms, (c) counts-domain response folding, and (d) explicit selection modeling for both GW detection and EM follow-up. However, two core scientific risks remain insufficiently resolved. First, the central separability claim—Doppler-induced joint blue-shift/time-compression producing a hardness–intensity covariance distinguishable from intrinsic evolution—may be substantially weakened by realistic spectral-shape flexibility, evolving absorption/partial covering, and cross-calibration systematics between XRT/NICER/NuSTAR; the plan mentions N_H handling but does not specify robustness tests against time-variable absorption or calibration drift, both of which can mimic hardness evolution. Second, the EoS leverage through early X-rays is still indirectly mediated (EoS → remnant fate/disk/wind statistics → Γ(θ) distribution → Doppler signature). Even with discrepancy terms, it is not demonstrated that the remaining conditional dependence of X-ray observables on EoS is strong enough to survive marginalization over (i) model label k, (ii) Γ(θ) flexibility, (iii) radiative efficiency ε_X, and (iv) ambient density/microphysics in afterglows. The mutual-information/Fisher and injection campaigns are the right remedy, but the proposal does not pre-commit to quantitative go/no-go thresholds (e.g., minimum expected information gain on Λ1.4 or R1.4 per event and required event counts under the yield forecast). Finally, the GC-enhanced subpopulation premise hinges on several uncertain steps (GC catalog completeness to 200 Mpc; host S_N inference; mapping pulsar/LMXB counts to retained NS numbers; translating retention to BNS merger yield). These are framed hierarchically, but the compound uncertainty may dilute the claimed “GC-specific” advantage unless the forecast shows a demonstrably higher informative-event fraction than the field channel under the same follow-up constraints."
"FRB 20201124A’s (a) time-variable RM—including a periodic geometric component—and (b) apparent broken power-law burst-energy statistics can be jointly and *identifiably* explained by a single magneto-ionic environment if, and only if, we adopt a concrete forward model in which a 3D MHD turbulent screen simultaneously determines Faraday rotation *and* multipath propagation observables, while the intrinsic burst-energy distribution is governed by starquake-like statistics but is mapped to detected energies through a rigorously separated (nested) intrinsic–extrinsic selection operator.

Mechanistic core (what is new and why it fixes identifiability):
1) **Single-field forward model**: We posit a statistically homogeneous, anisotropic 3D magneto-ionic turbulence field with specified joint spectra of electron-density and magnetic-field fluctuations. From this *same field*, we derive both (i) RM(t) along the line-of-sight (LoS) and (ii) scattering/ depolarization metrics (τ_sc(ν), scintillation bandwidth, and bandwidth depolarization) via the *phase* and *Faraday-depth* structure functions. This directly answers the critique that RM is a LoS integral and cannot, without additional assumptions, predict transverse scattering: we make the assumptions explicit (cross-spectra, anisotropy, inner/outer scales), include additional propagation observables in the likelihood, and demonstrate via synthetic recovery when RM-only is insufficient.
2) **Nested E–RM operator with separable intrinsic vs screen effects**: We pre-register a minimal E–RM operator with two nested hypotheses: H0 (no intrinsic dependence of polarization coherence on energy; only screen-driven completeness) vs H1 (intrinsic energy modulates an internal depolarization parameter). We require multi-band held-out prediction to select H1. This prevents the operator from absorbing arbitrary selection effects and producing a spurious energy break.
3) **Formal identifiability and cadence aliasing study**: We explicitly test whether the proposed ‘cascade-consistency’ separation between geometry and turbulence is identifiable under the real cadence/gaps by simulation-based calibration (SBC), including adversarial cases where intermittent turbulence mimics quasi-periodicity.
4) **Demoted nuclear-physics claim**: We refrain from inferring EoS weights from radiated FRB energy. Instead, we produce conservative constraints on the *available elastic energy* (upper limits / consistency checks) under explicitly parameterized radiative efficiency and beaming priors; without independent anchors, we report posterior ranges conditional on those priors, not EoS model selection.

In this refined framework, the broken power law in observed burst energies is allowed to be partially intrinsic (starquake-like) but is *falsifiably* predicted to shift in apparent break scale with observing band/time-resolution if extrinsic turbulence-driven coherence loss dominates; the periodic RM component is predicted to be phase-coherent yet *non-cascade-consistent*, enabling separation from the intermittent turbulent component using diagnostics validated under realistic sampling.","A. Data construction (unchanged in spirit, tightened in specification)
A1. Unified burst-level catalog for FRB 20201124A across all available telescopes/bands:
- Inputs per burst: TOA, dynamic spectrum I(ν,t), Stokes Q/U/V(ν,t), fluence and S/N, time/frequency resolution, detection threshold model, calibration metadata.
- Include non-detections via survey sensitivity curves to avoid survivorship bias.
A2. RM remeasurement with a forward Q/U measurement model:
- Likelihood: (Q+iU)(ν) = (Q0+iU0) exp[2i(χ0 + RM·λ^2)] convolved with channel response; additive Gaussian noise per channel; allow for nπ ambiguity.
- Output: full posterior p(RM | data) + reliability score r_RM = 1 − P(multimodal or nπ ambiguous).
A3. Propagation observables per burst:
- Scattering: fit τ_sc(ν) from pulse broadening (where resolvable) using one-sided exponential tail or more general thin-screen kernel; otherwise upper limits.
- Scintillation: estimate Δν_d when spectral resolution permits.
- Depolarization metrics: (i) bandwidth depolarization across sub-bands, (ii) polarization angle coherence C_χ(Δν), (iii) frequency-dependent linear polarization fraction L/I(ν).

B. Mandatory Directive (1): Concrete joint forward model from a single 3D turbulence field
B1. Screen geometry and kinematics:
- Thin or thick screen parameterization with depth L and distance fraction s (source–screen–observer).
- Effective transverse velocity v_eff(t) = |(1−s) v_src(t) + s v_obs − v_scr| with priors: binary-orbital contribution for v_src(t) if geometry is present; bounded by plausible screen motions.
- Convert time lag Δt to transverse separation r = v_eff Δt.
B2. 3D anisotropic MHD turbulence specification (explicit spectral model):
- Fluctuations: δn_e(x), δB_∥(x), δB_⊥(x). Mean field B0 sets anisotropy axis.
- Power spectra (in 3D k-space):
  • P_ne(k_⊥,k_∥) = C_n^2 (k_⊥^2 + a^2 k_∥^2)^{−β/2} exp[−(k/k_i)^2] for k_o < k < ∞
  • P_B∥(k_⊥,k_∥) = C_B^2 (k_⊥^2 + a^2 k_∥^2)^{−β_B/2} exp[−(k/k_i)^2]
  • Cross-spectrum: P_{nB∥}(k) = ρ_{nB} [P_ne P_B∥]^{1/2}, with |ρ_{nB}|≤1.
- Parameters to infer (minimal set): (C_n^2, C_B^2, ρ_{nB}, β, a, l_o=2π/k_o, l_i=2π/k_i, L, s). Priors enforce physical ranges; β near 11/3 but not fixed.
B3. Derived observables from the same field (explicit links):
- RM along LoS: RM(t) = K ∫_0^L [n_0 + δn_e(x)] [B0,∥ + δB_∥(x)] dz + RM_geo(φ_orb(t))
  where K is the Faraday constant; RM_geo is the periodic geometric component (see Section C).
- Faraday-depth fluctuations and depolarization:
  • Faraday depth φ(θ) = K ∫ n_e B_∥ dz as a function of sky angle θ across the scattered image.
  • Bandwidth depolarization predicted from Var(φ) across the effective beam/image: p(λ) ≈ p0 exp[−2 λ^4 σ_φ^2] for external Faraday dispersion (Burn law), with σ_φ^2 derived from the φ structure function at the image scale.
- Scattering from electron-density fluctuations:
  • Phase structure function: D_ϕ(r;ν) = 8π^2 r_e^2 λ^2 ∫_0^L dz ∫ d^2q [1−cos(q·r)] P_ne(q, k_∥ integrated)
  • Define diffractive scale r_diff by D_ϕ(r_diff;ν)=1; then τ_sc(ν) ≈ (D_eff/c) (λ/2π r_diff)^2 with D_eff = s(1−s)D.
  • Predict Δν_d ≈ (2π τ_sc)^{-1}.
- RM time increments:
  • Use r = v_eff Δt to map temporal increments to transverse separations through the screen.
  • Predict RM structure function D_RM(r) from the spectra of n_e and B_∥ (including cross-term) under the same anisotropic power laws.
B4. Validation on synthetic turbulence cubes (required):
- Generate 3D random fields δn_e, δB with the above cross-spectra (FFT-based spectral synthesis), include anisotropy and inner/outer scales.
- Ray-trace or phase-screen propagate to produce synthetic I(ν,t), τ_sc(ν), and polarization with external Faraday rotation/dispersion.
- Sample synthetic data on the *actual* observing cadence/gaps and channelization.
- Demonstrate parameter recovery under three data regimes:
  (i) RM-only: quantify which parameters are non-identifiable (expected: C_n^2 and l_i poorly constrained).
  (ii) RM + τ_sc: show recovery of C_n^2 and β improves and enables τ_sc prediction.
  (iii) RM + τ_sc + depolarization: show recovery of ρ_{nB} and σ_φ improves.
- Pre-register success criteria: calibrated posteriors (SBC rank statistics near uniform), and out-of-sample predictive coverage for τ_sc and depolarization.

C. Mandatory Directive (3): Identifiability of geometric vs turbulence separation
C1. Geometric component model (explicit, low-dimensional):
- RM_geo(t)= Σ_{m=1}^{M} [A_m cos(mΩ t)+B_m sin(mΩ t)] with Ω=2π/P_orb; M≤3 unless data demand.
- Alternative: orbital-phase basis using known/fit P_orb with prior from Asset 1-like periodicity.
C2. Turbulence component model (increment hierarchy, now tied to forward spectra):
- Instead of an abstract multiplicative cascade alone, we use a hybrid:
  • Large-scale statistics constrained by the spectral forward model (Section B),
  • Intermittency captured via log-Poisson modulation of local RM increments: ΔRM(r) = ΔRM_Gauss(r) × exp(I_r), where I_r is a scale-dependent intermittent field with She–Leveque parameters (to be inferred) but constrained not to alter second-order scaling implied by β.
C3. Simulation-based calibration (SBC) for geometry–turbulence separability:
- Generate ensembles under: (i) pure turbulence, (ii) turbulence+geometry, (iii) turbulence with intermittent bursts that create pseudo-periodic runs, (iv) irregular cadence with seasonal gaps.
- For each ensemble, fit the full model and compute:
  • Geometry detection power: P(select geometry | geometry true)
  • False positive rate: P(select geometry | no geometry true)
  • Bias in inferred turbulence β, anisotropy a, and intermittency parameters.
- Pre-register acceptance thresholds (example): false-positive rate <5% at matched cadence; geometry amplitude recovered within 1σ for injected S/N≥X; and turbulence slope bias <0.1.

D. Mandatory Directive (2): Minimal, falsifiable E–RM operator with nested models
D1. Intrinsic energy model (starquake-like but not overinterpreted):
- True radiated energy distribution: p(E_rad) = broken power law with parameters (α1, α2, E_b), or tapered power law; fitted hierarchically with per-instrument completeness.
D2. Separation of intrinsic vs extrinsic polarization/RM measurability:
- Define a latent intrinsic polarization coherence parameter κ_int per burst.
- Nested models:
  • H0 (screen-only): κ_int independent of E_rad; p(κ_int) is stationary (or depends only on measured width/spectrum).
  • H1 (energy-coupled intrinsic): log κ_int = c0 + c1 log(E_rad/E0) with c1≠0.
- External screen predicts κ_ext(ν,t) from σ_φ and scattering predicted by Section B.
- RM measurability probability:
  P(RM reliable | burst) = sigmoid( a0 + a1 S/N + a2 κ_int + a3 κ_ext(ν,t) )
- Observed fluence/energy model includes detection threshold and scattering broadening loss.
D3. Falsification via multi-band break shift:
- If extrinsic coherence loss dominates the apparent break, then the inferred completeness turn-over energy E_turn(ν) must scale with ν according to the predicted τ_sc(ν) and depolarization scaling (approximately a power law tied to β and inner scale).
- Pre-register held-out tests: fit using one band, predict E_turn in another; compare H0 vs H1 by Bayes factors / predictive log-score.

E. Mandatory Directive (4): Nuclear-physics deliverable reframed
E1. Replace EoS-weight inference with elastic-energy consistency bounds:
- Model available elastic energy E_el ≤ (1/2) μ u_break^2 V_crust, with μ and V_crust ranges from representative EoS families but treated as broad priors.
- Introduce radiative efficiency and beaming: E_rad = η f_b E_el, with priors on η and f_b (log-uniform or literature-informed bounds).
- Output: posterior on η f_b required to reconcile observed E_rad distribution with plausible E_el; report whether extreme efficiencies are required (tension test), not EoS selection.

F. Inference engine and computation
F1. Joint likelihood includes: RM posteriors, τ_sc(ν) measurements/limits, depolarization metrics, and burst detection process.
F2. Sampling: SMC / particle MCMC with gradient-free kernels for non-Gaussian latent fields; use amortized surrogates (emulators) trained on synthetic forward-model grids for expensive phase-screen predictions, validated against direct simulations.
F3. Model comparison: (i) geometry only, (ii) turbulence only, (iii) turbulence+geometry, each crossed with H0/H1 E–RM operator; evaluate on held-out epochs/bands.

G. Deliverables and success metrics
- Demonstrated synthetic identifiability boundaries (where RM-only fails; where adding τ_sc/depol succeeds).
- Posterior predictive agreement for RM increment PDFs, τ_sc(ν), depolarization trends, and energy distribution across bands.
- Falsifiable conclusion on whether the observed energy break is intrinsically set (H1) or propagation/completeness-driven (H0) via multi-band predictive tests.
- Conservative elastic-energy/efficiency bounds rather than EoS weights.","1) Addressing the RM→scattering underdetermination (reviewer point i): We do not claim RM uniquely determines scattering. We explicitly parameterize the joint spectra/cross-spectra of n_e and B (including anisotropy and inner/outer scales) and *include τ_sc(ν) and depolarization in the likelihood*. We then demonstrate with synthetic turbulence cubes that RM-only cannot recover key scattering parameters (expected), but RM+τ_sc(+depol) can—thereby converting an identifiability risk into a tested requirement on the dataset. This directly meets the mandate to “write down and validate a concrete forward model” and to show when RM-only sampling is insufficient.

2) Preventing the E–RM operator from absorbing selection effects (reviewer point ii): The nested H0/H1 operator makes intrinsic energy→polarization dependence optional and testable. By forcing model selection on held-out multi-band data—especially the predicted frequency dependence of the apparent completeness break—we prevent a flexible latent intrinsic term from mimicking propagation-induced breaks. This is a pre-registered falsification pathway, not a post-hoc explanation.

3) Geometry–turbulence separability under sparse cadence (reviewer point iii): We elevate ‘cascade-consistency’ from an intuition to a quantified identifiability statement using SBC under the real cadence/gaps and adversarial intermittent-turbulence scenarios. The outcome will explicitly state the parameter regimes (cadence, amplitude, intermittency strength) where geometry can/cannot be reliably detected, preventing overclaiming.

4) Nuclear-physics deliverable realism (reviewer point iv): We demote EoS inference to elastic-energy consistency bounds conditioned on explicit efficiency/beaming priors. This reframing ensures outputs are not prior-dominated EoS weights; instead, the proposal yields robust constraints of the form “required η f_b is within/outside plausible ranges,” which is scientifically valuable and defensible.

5) Alignment with Assets 1 and 2: Asset 1 motivates the presence of a periodic geometric RM component coexisting with stochastic turbulence; we preserve that concept but replace non-identifiable additive SF decomposition with a validated forward model plus SBC-tested separation. Asset 2 motivates a starquake-like broken power law in energies; we retain it while making the propagation-induced break hypothesis falsifiable via band-dependent predictions tied to the same turbulence field that explains RM, τ_sc, and depolarization.","The proposal is technically ambitious and materially improved in identifiability discipline, but several key links remain under-specified or risk being non-identifiable in practice. (1) The ‘single 3D turbulence field’ is parameter-rich (C_n^2, C_B^2, ρ_{nB}, β, β_B, a, l_o, l_i, L, s, plus intermittency parameters and v_eff(t)), and the mapping from these to the joint set {RM(t), τ_sc(ν), Δν_d, depolarization} is not demonstrated to be uniquely constraining for FRB 20201124A-like datasets; in particular, L–C_n^2–l_o degeneracies in scattering, and n_e–B_∥ cross-term degeneracies in RM increments vs mean RM, are likely to survive even with τ_sc unless you impose informative priors or external constraints (e.g., screen distance, DM partition, independent velocity constraints). (2) The depolarization modeling mixes multiple mechanisms (external Faraday dispersion, bandwidth depolarization, scattering-induced PA decorrelation) but the proposal does not clearly separate what is predicted from φ(θ) statistics versus what is absorbed into κ_int/κ_ext; without a strict measurement model for PA coherence and L/I that accounts for intrinsic spectral/polarization variability, κ_int may remain a flexible absorber and weaken the H0/H1 falsification. (3) The geometric RM term is low-dimensional, but the ‘cascade-consistency’ separation hinges on correct turbulence scaling over the sampled time lags; real cadence gaps and limited dynamic range in Δt may make periodic vs intermittent discrimination fragile, and acceptance thresholds (e.g., bias <0.1 in β) are stated without tying them to required number of bursts, S/N distribution, or cadence window function. (4) The plan relies heavily on emulators for phase-screen predictions; however, emulator validity for tail statistics (intermittency, rare high-RM excursions, non-Gaussian depolarization) is not assured and could undermine SBC conclusions if the emulator smooths extremes. Overall, the mechanism is coherent, but the proposal still risks being underconstrained unless it commits to concrete external anchors and a tighter, testable measurement model for polarization/scattering observables beyond RM."
"Binary neutron star (BNS) inspiral data in the Virgo–LIGO network can yield *calibrated* (not prior-dominated) probabilities for post-merger remnant outcome—long-lived NS (hypermassive/supramassive) versus prompt collapse—when (i) spin-orbit and spin-induced quadrupole information is extracted with waveform models that explicitly include the relevant PN structure, and (ii) the mapping from inspiral parameters to remnant stability is implemented as a *probabilistic generative model* that marginalizes over EOS and over *model-error hyperparameters* (universal-relation scatter, NR-threshold-fit scatter, waveform systematics, and angular-momentum loss/redistribution uncertainty).

Mechanistic rationale addressing identifiability: while BNS aligned spins are typically small and degenerate with mass ratio and tides, enforcing EOS-consistent co-variation among {Λ(m), I(m), Q(m,χ)} does not act as a hard restriction but as a *correlated prior/likelihood augmentation* that reduces the effective dimension of the intrinsic-structure sector. This increases the mutual information between inspiral data and the remnant class by turning weak spin-induced quadrupole signatures (entering at higher PN order) into a *multi-parameter consistency test* against tides and masses. Crucially, the proposal does not assume the universal relations or NR threshold mass relations are exact; instead, it introduces explicit scatter parameters and checks posterior calibration (coverage) on NR injections across EOS and thermal prescriptions. The hypothesis is therefore: inspiral-only remnant classification becomes both informative and well-calibrated in a quantifiable SNR/parameter regime, because the pipeline (a) measures a constrained combination of spin–mass–tidal structure that is better determined than any single small effect, and (b) propagates all dominant modeling uncertainties so that P(prompt|data) changes only when demanded by the data (validated via prior-to-posterior information gain and coverage tests).","Step 0 — Define models, domains, and data products (pre-registered before analysis)
0.1 Events & injections: use public LIGO/Virgo BNS events (e.g., GW170817-class) plus a controlled injection grid spanning: chirp mass 1.0–1.4 M☉, mass ratio q∈[0.6,1], aligned spins χ1,χ2∈[−0.1,0.1] with additional stress-tests up to 0.2, and tidal deformabilities consistent with candidate EOSs. Include realistic PSDs across observing epochs; analyze both 2-detector and 3-detector configurations.
0.2 Waveform families (systematics control): analyze with at least two inspiral-capable models that include spin–spin and quadrupole-monopole (QM) effects: 
  • Primary: a PN/EOB inspiral model with explicit QM terms (e.g., an EOB family with tidal + spin-spin/QM support) using consistent PN order across comparisons.
  • Secondary (robustness): an alternative approximant with different resummation/implementation of tides/spin-spin (and, where feasible, an NR-hybrid injection truth model). 
Predefine the PN content to be included (spin-orbit up to the highest order available in the chosen model; spin-spin including QM; tidal up to NLO/NNLO as implemented).
0.3 Remnant labels for validation: for NR injections, define ground truth remnant class via simulation outcome (prompt collapse vs not), plus a standardized proxy for “long-lived” (e.g., survival beyond a threshold time) when available.

Step 1 — EOS ensemble and structure computation with explicit uncertainty
1.1 EOS bank: assemble hadronic + hybrid EOSs filtered by: Mmax≥2.0 M☉, thermodynamic stability, and causal sound speed c_s≤c (piecewise-polytrope or spectral parameterization). Maintain a *mixture prior* over EOSs (discrete bank weights or continuous hyperprior over spectral coefficients).
1.2 Precompute structure tables per EOS: TOV sequences giving R(m), Λ(m), I(m), and spin-induced quadrupole coefficient κ(m) (or equivalent parameterization used by the waveform). Provide interpolation with quantified numerical error.
1.3 Universal-relation model with hyperparameters: implement I–Love–Q / Love–Q relations as *probabilistic* constraints, not identities. Define hyperparameters σ_UR controlling relation scatter and possible bias terms b_UR (to absorb known approximation error at the relevant compactness/spin range). Calibrate (informative priors) using published residuals where applicable; allow posterior updating.

Step 2 — Likelihood acceleration with physics-coupled parameterization (relative binning + constrained transforms)
2.1 Relative binning backbone: implement relative binning for rapid likelihood evaluation seeded from matched-filter outputs (per Asset 1). Ensure it supports the chosen waveform families and the augmented parameter transform.
2.2 Parameterization: sample in (m1,m2,χ1,χ2, EOS or EOS-parameters, extrinsics). Deterministically map to (Λ1,Λ2,I1,I2,Q1,Q2) using EOS tables plus UR stochasticity: e.g., Q_i = Q_EOS(m_i,χ_i) × exp(δ_Qi), with δ_Qi ~ Normal(b_UR, σ_UR).
2.3 Replace hard “rejects” with soft generative factors:
  • Causality/Mmax: implement as prior support for EOS parameters/bank membership (hard only at EOS-parameter level), avoiding sharp boundaries in event-level intrinsic parameters.
  • Spin breakup: implement a smooth penalty/prior p(χ|m,EOS) that transitions near χ_K(m,EOS) with width w_K to avoid discontinuities.

Step 3 — Probabilistic remnant surrogate model (explicit definition + uncertainty propagation)
3.1 Remnant surrogate target: model the probability of prompt collapse given intrinsic parameters and EOS:
  p(prompt | M_tot, q, χ_eff, χ_a, EOS, θ_rem)
where θ_rem are surrogate hyperparameters.
3.2 Functional form: implement a calibrated probabilistic classifier tied to NR-inspired threshold mass structure:
  • Latent threshold: M_th = M_th,fit(q, χ_eff, EOS; a) + ε_th, with ε_th ~ Normal(0, σ_th).
  • Prompt indicator via smooth link: p(prompt)=sigmoid[(M_tot − M_th)/Δ], where Δ captures transition width due to thermal support, angular-momentum transport, and NR classification ambiguity.
3.3 Calibration/training data: train a and (σ_th,Δ) on an NR dataset spanning q, spin, and multiple EOS/thermal prescriptions (as in Asset 2’s logic, but extending to treat EOS/thermal differences as contributors to σ_th and potential EOS-dependent terms). Split into train/validation; report domain of validity explicitly (q range, χ range, mass range).
3.4 Angular-momentum/energy budget as a latent-variable model (no hard feasibility cut):
  • Introduce latent post-merger losses/redistribution parameters η = {f_J,GWpost, f_J,wind, f_J,mag} with priors from NR/EM-informed ranges.
  • Use inspiral-inferred J at merger proxy J_merg (computed from the inspiral model at a reference frequency/contact proxy) with an uncertainty term σ_J,model capturing waveform/systematic error.
  • Condition M_th (or Δ) on an effective support parameter depending on J_merg and η, but keep this as a probabilistic modulation, not a veto.
3.5 Output per event: posterior over remnant class with full marginalization:
  P(prompt|d)=∫ p(prompt|θ,EOS,θ_rem,η) p(θ,EOS,θ_rem,η|d) dθ dEOS dθ_rem dη.

Step 4 — Quantitative identifiability / information plan (mandatory)
4.1 Injection grid experiment: for each point in (SNR, q, χ_eff, EOS) grid, compute:
  • Prior-to-posterior KL divergence for χ_eff and for the remnant class probability (or the latent margin M_tot−M_th).
  • Mutual information I(data; remnant) estimated via Monte Carlo across the injection distribution.
  • Bayes factors comparing models with/without EOS–Q coupling (i.e., σ_UR→∞ as “decoupled” limit) to quantify when the data prefers the coupling.
4.2 Prior-dominance diagnostic: define a criterion such as |E[P(prompt|d)] − E[P(prompt)]| > k·SD[P(prompt)] with k preset, and require that this occurs alongside a minimum information gain threshold (e.g., KL(P||prior) exceeding a preset value). Report the SNR and parameter regimes where the criterion is met.
4.3 Sensitivity to spin magnitude: explicitly map performance as a function of injected χ_eff (including realistic small spins) to show whether gains persist at χ_eff~0.01–0.03 or only at higher spins.

Step 5 — Waveform-systematics control and robustness (mandatory)
5.1 Multi-approximant inference: run the full pipeline with at least two waveform families (Step 0.2). Treat waveform choice as a discrete nuisance parameter or perform model comparison; propagate differences into systematic uncertainty on P(prompt).
5.2 Synthetic waveform error model: introduce a hyperparameterized phase-error term δφ(f)=∑_k c_k (f/f0)^{α_k} in a controlled basis (small set of coefficients) with priors informed by known model discrepancies. Marginalize over c_k in a subset of analyses to bound bias in χ_eff and the remnant probability.
5.3 “Universal relation bias” stress test: repeat inference on injections where Q–Love relations are intentionally perturbed beyond nominal scatter (simulate EOS-dependent deviations) and verify calibration/coverage remains acceptable when σ_UR is allowed to expand.

Step 6 — Calibration and coverage validation (mandatory)
6.1 Posterior coverage: on NR(-hybrid) injections across EOS and thermal prescriptions, evaluate:
  • Coverage of credible intervals for χ_eff, q, Λ̃.
  • Reliability diagrams for P(prompt) and P(remnant=NS), plus Brier score and expected calibration error.
6.2 Compare against baselines:
  • Baseline A: standard relative binning with independent tidal/spin priors and no remnant coupling.
  • Baseline B: remnant map applied in post-processing with hard-threshold M_th (to demonstrate calibration failures from hard cuts).
Report whether the proposed probabilistic model improves calibration and/or sharpness without overconfidence.

Step 7 — Hierarchical population layer with uncertainty propagation
7.1 Joint model: infer event parameters plus hyperparameters for the spin distribution and EOS weights/parameters, *and* remnant-surrogate hyperparameters (σ_th,Δ,σ_UR) with informative priors from NR residuals.
7.2 Selection effects: incorporate Virgo–LIGO detection efficiency as a function of masses/spins/tides; propagate into hyperposteriors.
7.3 Output products: for each event and in low latency, deliver (i) EOS-constrained posteriors for masses/spins/tides, (ii) P(prompt) with credible intervals, (iii) calibration-aware “informativeness flag” indicating whether the remnant probability is data-driven (per Step 4.2).

Step 8 — Low-latency implementation deliverable
8.1 Compute budget: preserve the Asset-1-style rapidity by: precomputing EOS structure tables; using relative binning; limiting the dimensionality of waveform-error basis in low latency; and using dynamic nested sampling with pre-tuned settings. Target: O(10–30) minutes for an initial remnant-probability product; deeper systematic-marginalized products within hours.
8.2 Release: a reproducible pipeline (containerized), with pre-registered validation metrics and automated calibration reports.","Identifiability is explicitly addressed quantitatively: the proposal commits to an injection-grid + information-theory forecast (KL/mutual information) and Bayes-factor comparisons between coupled vs decoupled EOS–Q models, producing a phase diagram of when inspiral-only data can move P(prompt) beyond the prior. This directly answers the concern that small BNS spins and degeneracies could render outputs prior-dominated.

Systematic-error risk is controlled by design: (i) at least two waveform approximants are used, (ii) an explicit, low-dimensional phase-error marginalization bounds bias from waveform modeling uncertainty, and (iii) the EOS–Q “universal relation” is treated with hyperparameters for scatter/bias rather than enforced exactly—allowing the data (and injections) to expand σ_UR if the relation is not adequate.

The remnant mapping is not a qualitative rule but a probabilistic surrogate with defined inputs/outputs, trained on NR outcomes and equipped with calibrated uncertainty (σ_th, Δ) capturing EOS/thermal/transport variability. This avoids overconfident or discontinuous posteriors. The angular-momentum budget is incorporated via latent loss/redistribution parameters and uncertainty on J at merger inferred from inspiral, eliminating hard feasibility cuts and the associated calibration pathologies.

Finally, feasibility in low latency is retained: the computational core remains relative binning + dynamic nested sampling (Asset 1), while EOS structure and surrogates are precomputed. The NR-based threshold-mass logic (Asset 2) is retained but upgraded into a statistically consistent component with model-error propagation. The result is a coherent end-to-end inference pipeline whose remnant probabilities are validated by coverage and reliability on NR injections across EOS and thermal treatments, ensuring scientific interpretability for EM follow-up and EOS inference.","Methodologically, the proposal is unusually well-resolved: it pre-registers domains, uses multi-approximant inference, includes an explicit waveform-error marginalization, and defines calibration/coverage metrics for the remnant probability itself. The central identifiability claim—weak spin-induced quadrupole information becomes useful when tied into EOS-consistent multi-parameter structure (Λ–I–Q) rather than estimated in isolation—is logically plausible, and the commitment to Bayes-factor tests (coupled vs decoupled limit) plus information-gain diagnostics is a strong safeguard against prior-dominated outputs.

Main deductions come from two scientific-risk areas that are not fully pinned down. First, the practical measurability of QM/spin-spin contributions for realistic BNS spins (|χ| ~ 0.01–0.05) at GW170817-like SNR is likely extremely limited; even with correlated structure constraints, the data may not meaningfully update the relevant constrained combination unless the proposal specifies (and demonstrates via Fisher/IMRPhenom/EOB mismatch studies) the expected magnitude of the identifiable phase contribution relative to calibration/noise and tidal terms. Second, the remnant surrogate hinges on NR-derived threshold fits and an approximate mapping through J_merg and latent angular-momentum losses; without an explicit statement of NR dataset coverage (spin, q, thermal treatment, resolution systematics) and without a demonstrated invariance of the surrogate across waveform definitions of “merger/contact proxy,” the σ_th/Δ hyperparameters may simply absorb model inadequacy in a way that preserves calibration but yields low sharpness (i.e., probabilities remain near prior except at extremes). Overall, the proposal is scientifically coherent and careful about uncertainty, but it may overestimate where inspiral-only data can be genuinely informative for remnant fate in the small-spin regime."
"Intermittent Roche-lobe overflow in compact binaries can generate (or suppress, via burial) a time-dependent large-scale poloidal magnetic component on a neutron star by advecting magnetized plasma and driving reconnection at the magnetospheric interface; when the injected twist/current exceeds kink-stability thresholds in a *specified domain* (magnetospheric flux rope / jet-launching column rather than the deep interior), the ensuing non-axisymmetric reconfiguration produces anisotropic mass and Poynting-flux outflows that carry net linear momentum. We further hypothesize that the *integrated* recoil from repeated episodes over the system’s characteristic age can reach a detectable fraction of the present transverse velocity only in a constrained region of parameter space (high duty-cycle, sufficiently magnetized stream, and sustained anisotropy), and that this parameter space is falsifiable by a pre-specified momentum-and-timescale closure: (i) a maximum recoil velocity from anisotropic ejection and electromagnetic (Poynting) rocket terms that exceeds the post-correction proper-motion uncertainty of specific targets, and (ii) correlated secondary observables (spin-down torque changes and/or orbit-timing signatures consistent with episodic outflows). This refined mechanism overcomes the reviewers’ concerns by (a) separating internal field rearrangement (no net momentum) from external outflows (momentum-carrying), (b) fixing where the kink occurs and therefore which dynamical equations apply (resistive GRMHD + force-free exterior), (c) providing a flux budget and explicit null hypothesis (field burial/ohmic diffusion) that predicts no measurable recoil, and (d) tying detectability to quantified uncertainties after Shklovskii and Galactic-acceleration corrections rather than treating proper motion as a vague ‘prior’.","Step 0 — Momentum-and-timescale closure (mandatory pre-coding gate; produces a go/no-go region).
0.1 Select 2–3 concrete target systems with published timing + proper motion constraints (primary: PSR J2051−0827; secondary: a black-widow/redback with tight µ constraints). Compile: distance d (parallax or DM model with uncertainty), proper motion µ±σµ, orbital period Pb, observed Pdot_b and its uncertainty, eclipse properties (proxy for outflow), and characteristic age/spin-down parameters.
0.2 Correct the observed orbital period derivative for kinematic biases to isolate intrinsic terms: apply Shklovskii correction Pdot_shk ≈ (v_t^2/cd)P and Galactic acceleration correction along the line of sight. Propagate uncertainties to obtain a conservative residual Pdot_b,int±σ.
0.3 Define detectability threshold for recoil-driven proper-motion imprint:
- Convert proper-motion uncertainty into transverse-velocity uncertainty: σ(v_t)=4.74 d(kpc) σµ(mas/yr) km/s.
- Require predicted accumulated recoil Δv_rec to satisfy Δv_rec ≥ max[3σ(v_t), 0.1 v_t] (the latter prevents claiming significance when natal/systemic velocity dominates).
0.4 Explicit momentum budget (upper bounds and realistic bounds), distinguishing momentum carriers:
(A) Anisotropic mass ejection (wind/jet): for each episode i with ejected mass Δm_i and asymmetry factor η_m (0–1), momentum impulse Δp_m,i ≤ η_m Δm_i v_out. Adopt v_out ∈ [v_esc, 0.3c] depending on launch model (magneto-centrifugal vs relativistic pair wind).
(B) Electromagnetic rocket (anisotropic Poynting flux): Δp_EM,i = (η_EM E_EM,i)/c with η_EM parameterizing hemispheric anisotropy of Poynting flux (validated from simulation; conservative prior η_EM≤0.1). E_EM,i is integrated outgoing EM energy during the instability/outflow episode.
(C) Total recoil after N episodes over time T: Δv_rec = |Σ_i(Δp_m,i+Δp_EM,i)|/M_sys; include random-walk vs coherent-bias cases by bracketing: (i) coherent anisotropy (upper bound ∝N), (ii) stochastic sign flips (∝√N).
0.5 Duty-cycle and episode count constraints from binary evolution: tie N and Δm_i to mass-transfer rate Ṁ(t) and duty cycle f_d using Δm_i ≈ Ṁ Δt_on and N ≈ f_d T/Δt_on. Use plausible Ṁ from LMXB/black-widow ablation constraints and eclipse-derived column densities to set priors.
0.6 Flux budget & topology closure:
- Stream/companion flux available per episode: Φ_inj ≈ f_Φ B_comp A_stream, where B_comp is companion surface field (prior range 1–10^3 G for low-mass; up to 10^6–10^8 G for magnetic WD channel), A_stream is cross-section at L1/magnetopause, and f_Φ is the fraction of coherent net polarity that survives reconnection/turbulence.
- Compare Φ_inj to NS open flux Φ_NS ≈ π R_NS^2 B_p,NS and to flux needed to form a magnetospheric rope with twist > kink threshold.
- Null hypothesis (field burial): for high Ṁ and low f_Φ, accreted plasma advects/buries the pre-existing dipole; predict reduced external B_p and suppressed outflows/anisotropy ⇒ Δv_rec below detectability.
0.7 Output of Step 0: a falsifiable “allowed wedge” in (Ṁ, f_d, B_comp, f_Φ, η_m, η_EM) where Δv_rec exceeds detectability for at least one target; otherwise the project pivots to predicting *non-detectability* and focusing on secondary observables.

Step 1 — Specify kink domain and physics modules (closing reviewer item ii).
1.1 Domain decision (primary): magnetosphere/launch region, not deep interior. Model comprises: (a) resistive GRMHD in the dense accretion stream + boundary layer near the magnetopause; (b) force-free electrodynamics (FFE) in the low-inertia exterior magnetosphere; (c) matched interface with consistent E·B≈0 in FFE and finite conductivity in resistive layer.
1.2 Field-line anchoring: inner boundary is a conducting, rotating NS surface with prescribed crustal conductivity; lines are anchored at the star and loaded by injected plasma at the magnetopause. Outer boundary is absorbing/outflow to avoid artificial reflection of Poynting flux.
1.3 Reconnection handling: implement a resistive MHD module with conductivity σ(ρ,T) and a controlled numerical resistivity audit. Validate reconnection rate against Sweet–Parker/plasmoid scaling in test problems; ensure ∇·B control via constrained transport.
1.4 Kink growth-rate diagnostic (validated against linear theory):
- Track twist parameter along candidate flux ropes: Ψ ≡ ∫ (B_φ / r B_p) dl; define kink threshold Ψ>Ψ_c ~ O(1–10) depending on line-tying.
- Measure mode amplitude A_m=1 of non-axisymmetric displacement/current (Fourier decomposition around magnetic axis). Fit exponential growth A∝exp(γt) to extract γ.
- Compare measured γ to analytic estimates for line-tied kink in magnetized columns (γ ~ v_A/R * F(Ψ,β,rotation)), with v_A computed locally including relativistic corrections.

Step 2 — Mass-transfer–driven injection model with explicit topology (closing reviewer item iii).
2.1 Construct binary inflow at Roche-lobe overflow: use a semi-analytic stream solution to set density/velocity at an L1 injection nozzle; propagate to magnetopause.
2.2 Magnetic topology cases (two competing branches + null):
Case A (flux-seeding): impose magnetized stream with net poloidal flux of controlled polarity coherence length; Φ_inj(t) and sign are inputs motivated by companion field geometry (dipolar or multipolar).
Case B (flux-poor accretion): inject effectively unmagnetized matter; any poloidal field evolution is from shearing the pre-existing NS magnetosphere.
Null (burial/diffusion): add a subgrid burial prescription: advect field into high-ρ layer + ohmic diffusion timescale τ_ohm; predict reduced external dipole moment and weaker outflows.
2.3 Quantify injected flux: calibrate Φ_inj to Step-0 budget; enforce divergence-free injection via vector potential boundary specification and constrained transport.

Step 3 — Simulation campaign and concrete outputs (closing reviewer item iv).
3.1 Parameter sweep guided by Step-0 allowed wedge: vary (Ṁ, f_d, Φ_inj, polarity coherence, σ, NS spin Ω, baseline B_p,NS). For each run, record: kink onset time, γ, saturated non-axisymmetry, and outflow properties.
3.2 Momentum accounting (primary deliverable):
- Compute instantaneous momentum flux through large-radius surfaces: (i) matter term ∮ ρ h Γ^2 v (v·dA), (ii) EM term ∮ (S/c^2) dA where S is Poynting vector; integrate over time to get Δp_m and Δp_EM per episode.
- Build a recoil-velocity distribution for each target by convolving episode impulses with duty-cycle statistics (coherent vs stochastic anisotropy).
3.3 Secondary observables to break degeneracies:
- Spin-down torque modulation: compute time-dependent electromagnetic torque N_EM from simulation; predict correlated changes in 
  dot{ν} (or timing noise) during/after episodes.
- Pulse-profile / polarization proxy: quantify predicted magnetospheric asymmetry (e.g., hemispheric current density imbalance) that could map to profile changes.
- Orbital-timing signature: relate episodic mass loss to changes in Pb (beyond GR), and compare to measured Pdot_b,int.
3.4 Observational comparison protocol:
- For each target, compare predicted Δv_rec to σ(v_t) after bias corrections and to the expected natal-kick dominated baseline; report whether the model predicts detectability.
- Use joint constraints: require consistency with observed eclipse/outflow indicators (electron column density) and with absence/presence of strong torque variability.

Step 4 — Validation, robustness, and falsification.
4.1 Code verification tests: standard GRMHD/FFE benchmarks + kink instability in a line-tied column with known γ.
4.2 Sensitivity to resistivity and resolution: demonstrate γ and recoil impulses converge.
4.3 Falsification criteria (pre-registered): if for all flux/topology cases consistent with empirical Φ_inj bounds the model yields Δv_rec < 1σ(v_t) and no distinctive torque signatures, conclude that proper-motion imprint is not measurable and rule out the proposed channel for these systems (while quantifying upper limits on η_m and η_EM).","Momentum-and-timescale closure makes the project methodologically closed before expensive simulations: it either identifies a physically plausible, observable wedge (Δv_rec above corrected proper-motion uncertainties) or yields a falsifying non-detection prediction with quantitative upper limits. The proposal now distinguishes (a) internal magnetic reconfiguration (momentum-neutral) from (b) external outflows and anisotropic Poynting flux (momentum-carrying), directly addressing the center-of-mass concern.

The kink physics is no longer generic: the instability is explicitly placed in the magnetosphere/launch column where line-tying at the NS surface and reconnection at the magnetopause are physical, and the correct equation set is adopted (resistive GRMHD coupled to FFE). A concrete, testable growth-rate diagnostic (Fourier-mode growth of m=1 and twist threshold Ψ) is specified and will be validated against linear theory in controlled setups.

Flux injection is justified (or rejected) via an explicit Φ_inj budget tied to companion/stream field strength and coherence, with a competing, equally implemented null model (field burial + ohmic diffusion) that predicts suppressed external poloidal field and therefore negligible recoil. This prevents the project from depending on an assumed outcome.

Finally, proper motion is treated correctly: it is compared only after Shklovskii and Galactic-acceleration corrections, with a pre-defined detectability threshold and at least one independent observable (spin-down torque modulation and magnetospheric asymmetry proxies) to break degeneracies between recoil, natal kicks, and long-term Galactic dynamics.","This is a technically ambitious and unusually well-specified proposal that directly addresses common conceptual failures in neutron-star recoil and magnetic-instability arguments. The strongest element is the pre-registered momentum-and-timescale closure, which forces falsifiability before computational investment and cleanly resolves the center-of-mass objection by isolating external momentum fluxes. The placement of the kink instability in the magnetosphere/launch column is physically appropriate and the diagnostics (twist parameter, m=1 growth rate, momentum-flux integrals) are well chosen.

Score deductions are primarily due to residual uncertainty in two areas: (i) the realism of achieving sustained hemispheric anisotropy (η_m, η_EM) over many episodes without stochastic cancellation, which is acknowledged but still speculative; and (ii) the limited empirical grounding for companion-field coherence and flux survival (f_Φ), especially in black-widow systems where turbulent stripping may strongly suppress net poloidal injection. While the null (burial) model is properly implemented, the proposal still leans toward optimistic corners of parameter space that may be astrophysically rare. These are not logical flaws, but they limit expected yield."
"Common-envelope (CE) evolution sets both (a) the post-CE orbital separation/energy that determines the gravitational-wave delay-time distribution and Galactic coalescence rate and (b) the mass-transfer geometry and timescales that regulate how much angular momentum can be delivered to a neutron star (NS) during subsequent recycling. This creates a measurable, coupled imprint on the joint observable distribution of compact-binary orbital parameters (Porb, e), kick tracers (proper motions/scale heights), and pulsar spin observables (P, Pdot) that propagate to survey-detectable flux densities (Sν) after beaming/luminosity selection.

Mechanistic rationale addressing reviewer gaps: we will replace hard “feasibility projectors” with explicitly parameterized, falsifiable physical submodels at the two critical interfaces—(i) CE orbital evolution and (ii) recycling torque/field evolution—implemented as a mixture of competing prescriptions whose weights are inferred by Bayesian model comparison. The CE phase is treated as intrinsically dissipative and non-Hamiltonian; therefore we will not impose symplectic/volume-preserving constraints during CE. Instead, we will (1) forward-model post-CE separations under at least two CE prescriptions with explicit parameters and measurable closure residuals and (2) propagate those post-CE outcomes into a torque model that includes accretion-regime transitions (accretor ↔ propeller) controlled by magnetospheric physics. Nuclear-physics information enters only through externally constrained envelopes for I(M) and mass-shedding frequency fK(M), which cap attainable spin and set torque saturation in a way that is directly relevant to the millisecond tail without embedding a TOV solver.

Why this overcomes degeneracies: (1) Competing CE prescriptions make envelope-structure and angular-momentum-partition degeneracies explicit rather than hidden in a learned projector; posterior predictive checks on (Porb, e), companion masses, and delay times will discriminate prescriptions. (2) A torque law with fastness-dependent spin-up and propeller gating produces distinct correlations among (P, Pdot), inferred accreted mass, Porb, and companion type—correlations that are not replicable by adjusting beaming/luminosity alone. (3) Orthogonal observables (proper motions/scale heights for kicks, eccentricity distributions, companion-mass functions, independent distance constraints from parallax/DM with uncertainties) are incorporated to break the known CE–kick–selection degeneracies. (4) Heterogeneous source classes (recycled binaries, young pulsars/PWNe, magnetars) are modeled with class-conditional emission and selection likelihoods and explicit contamination/misclassification, preventing biased calibration from mixing incompatible emission physics.","Step 1 — Data model and curated multi-population dataset (survey-aware, class-conditional)
1.1 Assemble three explicitly separated populations with their own likelihood/selection submodels:
  A) Recycled pulsars in compact binaries (primary CE–recycling calibration set): include systems like PSR J1157-5112 and PSR J1757-5322 with measured Porb, e, mass function, P, Pdot; where available include Shapiro delay/optical constraints on companion type/mass.
  B) Young rotation-powered pulsars / PWN-inferred periods (spin-down/emission calibration at young ages): include sources like PSR J1124-5916 and PWN-inferred pulsars (e.g., G0.9+0.1) with timing/PWN constraints, SNR association, and flux densities/upper limits.
  C) Magnetars / AXP-like transients (distinct torque and luminosity physics): include XTE J1810-197-class objects, treated as a separate population to avoid contaminating radio-luminosity–spin relations.
1.2 For each object, store: (P, Pdot, sky position, Porb, e, mass function/companion constraints, DM and its uncertainty, parallax if available, proper motion if available, flux densities by band with epochs, upper limits, scattering/DM model priors, survey metadata). For binaries also store acceleration-search detectability parameters per survey.
1.3 Build a unified survey-selection layer: radiometer equation + scattering/dispersion smearing + red-noise + acceleration-search response. Compute per-survey detection probability p(det | intrinsic, survey) and likelihood contributions for detections and non-detections.

Step 2 — Generative physics: explicit CE prescriptions (mixture), explicit torque + field evolution, and post-CE orbital GW evolution
2.1 Hyperparameters and latent variables (interpretable, shared across submodels)
  - Formation hyperparameters θform: initial mass function and binary distributions (broad priors, not the novelty focus).
  - Kick hyperparameters θkick: natal kick distribution (e.g., Maxwellian σk with optional two-component mixture), plus fallback-dependent scaling.
  - CE hyperparameters θCE,k for each CE model k (see 2.2).
  - Recycling hyperparameters θtorque: accretion efficiency η, disk-magnetosphere coupling parameters, propeller efficiency, and field-evolution parameters (see 2.3).
  - Emission hyperparameters θrad for each population class: radio luminosity law + beaming model (recycled/young), and separate X-ray/radio model for magnetars.
2.2 Replace CE feasibility projector with competing CE submodels and Bayesian mixture weights
We implement at least two CE prescriptions inside the generator and infer mixture weights wk via Bayesian model comparison (∑k wk=1). Each model produces a post-CE separation af (hence Eorb,f and Jorb,f) and an explicit residual diagnostic capturing model failure modes.
  CE model k=1: α–λ energy formalism with calibrated λ(M, R, Z)
    - Equation: αCE [ (G Mcore M2)/(2af) − (G M1 M2)/(2ai) ] = −Ebind
    - Ebind = G M1 Menv/(λ R1) with λ = λtab(M1, R1, Z) from precomputed stellar-structure grids (e.g., fits over (M,R,Z) with uncertainty bands). Treat αCE as a parameter (prior broad, e.g. log-uniform over ~0.1–5 with truncation).
    - Failure/residual: “energy closure residual” rE = αCE ΔEorb + Ebind; track posterior predictive distribution of rE normalized by |Ebind|.
  CE model k=2: γ-formalism (angular-momentum prescription)
    - Equation: ΔJ/J = γ ΔM / (M1+M2), where ΔM is ejected envelope mass. Solve for af given ai and masses.
    - Parameter γ prior broad (e.g. 0.5–3). Includes explicit mass loss and its impact on J.
    - Failure/residual: “J closure residual” rJ comparing predicted J-loss to that implied by the realized (ai→af) mapping.
  Optional CE model k=3 (if feasible within timeline): drag-based inspiral timescale model
    - Use a parametric drag prescription for da/dt with envelope density profile summaries; parameters encode drag coefficient and envelope co-rotation fraction. This provides a physically distinct dissipative path and a check against purely algebraic α/γ closures.
  Post-CE viability checks (not a learned projector): ensure af exceeds Roche limit and yields a detached post-CE binary where appropriate; if not, the system is classified as merger-in-CE with an explicit probability.
2.3 Replace recycling projector with a concrete torque + regime-transition model and field evolution
For NS recycling episodes (Roche-lobe overflow / disk accretion), we use a fastness-parameter torque model with propeller transitions:
  - Magnetospheric radius: r_m = ξ (μ^4/(2 G M \.M^2))^{1/7}, with μ=B R^3, ξ ~ O(0.5–1) as a parameter.
  - Corotation radius: r_co = (G M/Ω^2)^{1/3}.
  - Fastness parameter: ω_s = Ω/Ω_K(r_m) = (r_m/r_co)^{3/2}.
  - Accretion condition: if r_m < r_co (ω_s<1) → accretor; else → propeller with reduced/zero net accretion and spin-down torque.
  - Torque law (Ghosh–Lamb-like): N = \.M (G M r_m)^{1/2} n(ω_s), where n(ω_s) is parameterized (e.g., n≈1−(ω_s/ω_c) for ω_s<ω_c, and negative beyond; infer ω_c).
  - Spin evolution: I(M) dΩ/dt = N + Ndip, with Ndip included only outside active accretion.
  - Field evolution alternatives (model-compared or mixture):
      (B1) constant B during recycling;
      (B2) accretion-driven burial/decay: B(ΔM) = B0 exp(−ΔM/Mb) + Bfloor, with Mb and Bfloor inferred.
  - EoS constraints: I(M) and fK(M) are not solved from TOV; instead sample I from precomputed universal-relation envelopes I∈[Imin(M), Imax(M)], and enforce Ω < 2π fK,max(M). This sets a hard cap on achievable spin and defines a measurable saturation boundary.
2.4 Post-CE to merger mapping and coalescence rate
  - For NS–NS (and relevant compact) binaries, compute t_delay using Peters equations from (af, e). This yields a delay-time distribution p(t_delay | θCE, θkick, θform).
  - Convolve with a Milky-Way-analog star formation history (with metallicity bins) to infer a Galactic coalescence rate; include model uncertainty from SFH and metallicity.
2.5 Emission + beaming + flux density, class-conditional
  - Recycled/young radio pulsars: adopt a parametric radio luminosity law Lν = L0 (\.E/\.E0)^a (P/P0)^b with lognormal scatter; beaming fraction fb(P) with standard period dependence. Infer (L0,a,b,scatter) jointly with selection.
  - Young/PWN objects: allow different (a,b,scatter) from recycled; incorporate PWN-inferred period likelihoods as noisy constraints rather than exact values.
  - Magnetars: separate likelihood using X-ray luminosity/variability model; do not force them onto the radio luminosity law.

Step 3 — Inference: simulation-based, mixture-model comparison, and identifiability-focused design
3.1 Use simulation-based inference (SBI) with explicit model index k for CE and field-evolution alternatives
  - Train conditional density estimators for p(θ | data) while marginalizing over latent populations and selection.
  - Include CE-model indicator k with inferred mixture weights wk via Bayes factors/stacking.
3.2 Summary statistics and direct-likelihood components (avoid summary-induced non-identifiability)
  - Use a hybrid likelihood: exact timing likelihoods where available (P, Pdot, Porb, e), plus selection likelihoods for detection/non-detection and flux densities.
  - Key constraints added for identifiability:
      • Proper motions / transverse velocities / Galactic heights (kick diagnostics).
      • Eccentricity distributions for post-SN binaries (kick–CE coupling diagnostic).
      • Companion constraints: mass function + WD/He-star/NS classification (break CE vs recycling degeneracy).
      • Distance constraints: parallax where available; otherwise DM distance with uncertainty and alternate electron-density models as nuisance.
3.3 Synthetic-truth campaigns targeted at reviewer-flagged degeneracies
  - Inject datasets under each CE model (α–λ vs γ; optional drag) and each B-evolution model (B1/B2), with realistic survey selection; test recovery of wk and θtorque.
  - Degeneracy-breaking diagnostics: show which added observables (proper motion, eccentricity, companion mass) move posteriors from prior-dominated to likelihood-dominated.
  - Stress tests: intentionally mis-specify beaming/luminosity and evaluate whether CE weights remain identifiable.
3.4 Contamination and misclassification robustness
  - Implement mixture over population labels (recycled/young/magnetar) for ambiguous sources with inferred class probabilities; propagate to CE/torque posteriors.
  - Perform leave-one-class-out and reweighting tests to verify CE–recycling inferences are not driven by magnetar/young-pulsar physics.

Step 4 — Validation, auditing, and deliverables (with measurable failure modes)
4.1 Posterior predictive checks (PPCs)
  - Recycled binaries: joint PPC in (Porb, e, P, Pdot, Sν) and companion-mass function.
  - Young pulsars: PPC in (P, Pdot, Sν) conditional on SNR association age where available.
  - Magnetars: PPC in (P, Pdot, X-ray flux evolution) under their separate model.
4.2 Measurable failure-mode metrics for CE and recycling
  - CE: distributions of rE (α–λ) and rJ (γ) residuals; rate of predicted CE mergers; mismatch in af distribution compared to observed close-binary populations.
  - Recycling: fraction of time spent in propeller regime; predicted equilibrium spin distribution conditional on companion type; mismatch in millisecond-tail slope under different B-evolution models.
4.3 Cross-messenger consistency
  - Compare inferred Galactic NS–NS coalescence rate and delay-time distribution against GW-inferred local rates scaled to Milky Way analogs.
  - Derived merger-site diagnostics (in-galaxy vs outside) from kick + delay distributions, connecting to literature expectations for in-galaxy merger predominance.
4.4 Deliverables
  (i) A calibrated, survey-aware forward model (formation → CE via α–λ/γ mixture → recycling torque with propeller transitions and B-evolution → spin-down/emission → detection).
  (ii) Bayes factors/mixture weights quantifying support for CE prescriptions and B-evolution models.
  (iii) Joint predictions for coalescence rate/delay-time and observable spin/flux distributions; plus a survey-specific candidate-prioritization product (p(det|source class, parameters)).","Physical specificity and testability: The revised design replaces non-identifiable “projectors” with explicit CE and torque equations whose parameters have interpretable failure modes (energy residual rE, angular-momentum residual rJ, propeller fraction, equilibrium-spin predictions). Competing CE prescriptions (α–λ with λ(M,R,Z) grids vs γ formalism; optionally drag-based) ensure we do not conceal envelope-structure and angular-momentum-partition degeneracies inside a learned constraint. Bayesian model comparison/mixture weights provide a quantitative statement about which CE channel is supported by the combined orbital + spin data.

Correct handling of dissipative phases: Symplectic/volume-preserving structure is not imposed during CE or mass-loss phases, addressing the critique that such constraints are physically misaligned with dissipation. The only “Hamiltonian-like” evolution used is the post-CE gravitational radiation inspiral (Peters), where canonical orbital evolution is well-defined; elsewhere we use non-volume-preserving generative transforms and explicit physical closures.

Torque physics adequacy for the millisecond tail: A fastness-parameter disk torque with magnetospheric radius, corotation, and explicit propeller transitions directly targets the reviewer-flagged sensitivity of the millisecond tail to accretion-regime changes. Field evolution is treated as an explicit alternative (constant vs burial/decay), enabling synthetic-truth discrimination rather than assuming an interval cap. EoS constraints enter robustly through externally bounded I(M) and fK(M) envelopes (universal relations consistent with ≥2 M⊙ and causality), which is sufficient for spin saturation/breakup constraints without embedding a TOV solver.

Identifiability strengthened by orthogonal observables: Proper motions/scale heights constrain kicks independently of beaming/luminosity; eccentricities constrain post-SN dynamics; companion-mass functions constrain evolutionary pathways and mass transfer histories; distance constraints (parallax or DM with uncertainties) reduce degeneracy between intrinsic luminosity and detectability. These additions directly respond to the critique that (P, Pdot, Sν) alone can be fit by flexible selection/luminosity assumptions.

Heterogeneous populations handled without bias: Young pulsars/PWN-inferred periods and magnetars are modeled as distinct populations with separate emission/selection likelihoods and explicit misclassification handling, preventing contamination of the recycling calibration. This preserves the original concept chain while ensuring that only the physically appropriate subsets drive CE–recycling coupling constraints.

Empirical anchoring to provided literature assets: The plan centers recycled binaries (e.g., PSR J1157-5112, PSR J1757-5322) as direct CE/recycling probes; uses young pulsars with measured flux densities and timing (e.g., PSR J1124-5916) to anchor emission/selection at short characteristic ages; and treats magnetar-like candidates (e.g., XTE J1810-197) as a separate class rather than forcing them into radio-pulsar emission laws. The coalescence-rate linkage follows established population-synthesis insights that CE phases strongly shape NS–NS merger channels and merger-site distributions, while explicitly testing CE prescriptions rather than assuming a single closure.","The proposal is scientifically well-motivated and substantially improves interpretability by making CE and recycling physics explicit with diagnostic residuals (rE, rJ) and regime transitions (propeller gating). However, several core elements remain under-specified at the level needed for strict identifiability and engineering confidence: (i) the mapping from observed binary samples to CE-channel inference is potentially dominated by formation priors and post-SN survival filters; without a quantified information budget (e.g., Fisher/SBI calibration across realistic sample sizes), mixture weights wk may be weakly identified and sensitive to prior volume and latent-class assumptions. (ii) The α–λ and γ prescriptions are known to be partially phenomenological and can emulate each other over restricted regions of parameter space; the proposal does not yet specify which observables (and their expected measurement precision/selection completeness) create decisive Bayes factors, nor how closure residuals are statistically linked to data rather than being internal bookkeeping. (iii) The recycling model adds realism (fastness, propeller) but still collapses complex mass-transfer histories into a small parameter set; it is not shown that Porb/companion-type constraints and P–Pdot correlations uniquely separate CE physics from later LMXB/IMXB evolutionary variability (e.g., duty cycles, transient accretion, donor evolution) once survey selection and luminosity scatter are marginalized. (iv) The survey-selection layer is ambitious (acceleration searches, red noise, scattering), but the proposal does not commit to a concrete survey list, validation benchmarks against published yield curves, or computational scaling/latency for SBI with non-detections—raising execution risk. Overall, the mechanism is coherent and the methodological substitutions are meaningful, but the end-to-end inference hinges on demonstrable identifiability and calibration that are not yet rigorously quantified."
"NS–WD merger outflows whose nucleosynthesis is limited to A<90 imprint a measurable, time-dependent soft-X-ray opacity/ionization stratification that is identifiable (not merely plausible) when constrained by a multi-observable O/Ne diagnostics vector: {O VII triplet + RRC / O VIII Lyα + edge, Ne IX Heα / Ne X Lyα, plus 0.3–3 keV continuum curvature and bound–free edges}. Mechanism: A<90 composition yields a characteristic distribution of L-shell/M-shell bound–free edges and line blanketing between 0.5–2 keV that reshapes the local ionization parameter ξ(r,t) and electron temperature Te(r,t) through radiative filtering; this produces a predictable, coupled evolution of (i) the O VII↔O VIII and Ne IX↔Ne X ion fractions, (ii) the apparent line-formation depths, and (iii) edge/continuum curvature. Crucially, identifiability arises because (a) ion ratios primarily constrain ξ and Te, while (b) continuum/edge curvature constrains the frequency-dependent opacity normalization and slope, jointly breaking the composition–SED–clumping degeneracies that render two-line tomography underdetermined. The inversion is therefore reformulated as a physics-constrained, Bayesian experimental-design-validated opacity–ionization tomography in which composition is inferred through a reduced SkyNet-informed opacity basis, while uncertainties in atomic data, spectral energy distribution (SED), and clumping are explicitly parameterized and propagated. General-relativistic redshift constraints are only retained if Fisher/Bayesian design shows measurable leverage beyond Doppler/geometry; otherwise, the approach treats observed shifts via a geometric Doppler/wind model and uses GR only as a weak prior on the launch radius when justified by data quality.","Step 1 — Build a forward-complete, uncertainty-aware generative model (enables identifiability tests, not just inversion).
1.1 Ejecta/wind structure parameterization (composition-agnostic baseline): adopt a homologous expansion + accelerating wind hybrid with explicit geometry: density ρ(r,t)=ρ0(t)(r/r0)^{-n}, velocity law v(r)=v∞(1−r0/r)^β (or homologous v∝r after a transition radius), temperature either from adiabatic + photoheating balance or a parametric Te(r,t)=T0(t)(r/r0)^{-m}. Include clumping/porosity via volume filling factor fV and porosity length h (effective opacity κeff=κ/(1+κρh)), plus microturbulence vturb for line broadening.
1.2 SkyNet-informed composition compression with explicit basis design: run SkyNet yields over Ye–entropy–expansion timescale hypercube relevant to NS–WD mergers (as in Asset 1), but compress to a minimal opacity basis that is identifiable in 0.3–3 keV:
  • B1: α-elements (C–Ca) 
  • B2: iron-group (Ti–Ni) 
  • B3: sub-iron heavy (Z≈30–40; 30<A<90; e.g., Zn–Zr/Sr–Mo dominated mixtures)
  • B4 (stress-test contaminant): lanthanide/actinide-like high-opacity component (proxy mixture) to represent modest r-process contamination.
For each basis Bj precompute frequency-dependent bound–free opacity κbf,j(E,Te,ξ) and line opacity “pseudo-continuum” κline,j(E,Te,vturb) using a consistent atomic package (e.g., XSTAR/Cloudy/AtomDB), storing interpolation grids in (Te, ξ).
1.3 Ionization and emissivity engine: compute ionic fractions for O and Ne (O VII/O VIII; Ne IX/Ne X) with photoionization + collisional ionization balance; enforce limiting consistency with Saha/LTE at high density/low ξ, but default to non-LTE photoionized equilibrium appropriate for outflows. Output predicted line EWs, RRC strengths, and edge depths for O and Ne, and continuum curvature/edges across 0.3–3 keV.
1.4 Atomic systematic uncertainty model (mandatory): represent uncertainties as nuisance hyperparameters that perturb key rates/oscillator strengths/edge energies within priors (e.g., multiplicative factors for recombination rates, line emissivities, and small energy-scale offsets). Propagate through to posteriors and evidence.

Step 2 — Expand the observable vector and define the data products explicitly.
2.1 Observables used in the likelihood (time-resolved):
  • Line centroids, widths, and EWs for O VIII Lyα and Ne IX Heα (as originally).
  • Ion ratio constraints: O VII/O VIII (using O VII triplet and/or O VII RRC vs O VIII), Ne IX/Ne X.
  • Continuum and edge diagnostics: curvature parameters from 0.3–3 keV continuum (e.g., broken power-law or Comptonized continuum with photoelectric absorption), and explicit detection/upper limits on O K-edge and Ne K-edge depths as functions of time.
  • Optional: Fe-L complex strength around ~1 keV if present (motivated by Asset 2), treated as additional constraint on Fe-group vs A<90 mixtures.
2.2 Instrument handling: include instrument response forward-folding; for NICER-like data use moderate resolution but high throughput; for grating calorimeter-class (Athena/XRISM-class) use high resolution. Define time bins by count-rate to keep SNR per bin approximately constant.

Step 3 — Inference architecture: from “two-line tomography” to jointly constrained opacity–ionization tomography with explicit degeneracy controls.
3.1 Parameter vector θ includes: basis weights wj(r) (non-negative; optionally smoothness-regularized), SED parameters (e.g., L(t), spectral index/temperature, high-energy cutoff), geometry (inclination i, opening angle Ω, velocity law parameters), clumping (fV, h), microturbulence vturb, and atomic hyperparameters.
3.2 Constraints:
  • Non-negativity and normalization for composition weights: Σj wj(r)=1.
  • Charge neutrality and baryon conservation enforced through basis construction + Ye-consistent priors from SkyNet (priors on wj linked to Ye via learned mapping from SkyNet yield sets).
  • Smoothness priors on wj(r) and ξ(r) to prevent unphysical shell-to-shell oscillations.
3.3 Likelihood: joint likelihood over the expanded observable vector across time bins; incorporate correlated calibration uncertainties (effective area, energy scale) as nuisance parameters.
3.4 Sampling and evidence: use nested sampling (for robust Bayesian evidence in model selection between {A<90-only} vs {A<90+lanthanide contaminant} vs {Fe-group-dominated}) and HMC/VI for fast posterior exploration in design loops.

Step 4 — Mandatory identifiability demonstration via Fisher/Bayesian experimental design.
4.1 Synthetic dataset suite: generate ensembles spanning realistic ranges of SNR/resolution, SED variability, clumping/porosity, and geometry. Include adversarial cases:
  • (C1) Fe-group-rich but A<90-poor composition that mimics 1 keV features.
  • (C2) modest lanthanide contamination (B4 nonzero) to test uniqueness of A<90 signature.
  • (C3) central-engine SED changes that can masquerade as opacity changes.
4.2 Identifiability metrics:
  • Fisher-information forecasts for key parameters (integrated basis weights for B3 vs B2/B4) as a function of resolution (R), SNR, and cadence.
  • Posterior contraction targets: require (example criterion) σ(wB3)<0.15 and Bayes factor ln K>5 in favor of correct class in ≥80% of simulations.
  • Ablation tests demonstrating that adding O VII/O VIII, Ne IX/Ne X, and continuum/edge curvature reduces degeneracy compared to the two-line-only case.
4.3 Output: a “requirements table” specifying minimum counts per time bin and resolution needed to discriminate A<90-only from alternatives under worst-case clumping/SED uncertainty.

Step 5 — Treat GR consistently: justify retention or drop based on measurable leverage.
5.1 Dominance test: compute expected gravitational redshift zGR(r) for plausible launch radii and compare to Doppler shifts from v(r) and projection; quantify with Fisher analysis whether zGR is measurable given instrument energy calibration and line widths.
5.2 Decision rule:
  • If zGR is not identifiable (posterior dominated by priors), drop GR as a constraint in the primary inversion and retain only a weak physical prior on launch radius.
  • If identifiable in high-resolution cases, include a GR term but only within a full geometric model (inclination/opening angle) to avoid attributing Doppler to GR.

Step 6 — Observational strategy with credible targets, triggers, and flux expectations.
6.1 Target classes (near-term, realistic):
  • Candidate kilonova/GRB-like transients suspected to be NS–WD (motivated by Asset 1’s discussion of GRB 211211A-like events) with rapid ToO X-ray spectroscopy.
  • Nearby, fast optical/IR transients with unusually blue early emission and long-duration prompt emission candidates where NS–WD is plausible; prioritize those with low host extinction and distance ≲300 Mpc.
  • Use existing analog systems (Assets 2–3) for method validation only (burst-driven winds; EXO 0748-676) while explicitly flagging geometry mismatch; these are calibration/verification datasets for atomic+ionization modules, not merger analogs.
6.2 Triggering and cadence:
  • Trigger: optical/γ-ray alert + rapid localization; initiate X-ray within <0.5–1 day to capture high-ξ phase; follow with 3–5 epochs over ~1 week to track recombination to O VII/Ne IX.
  • Define exposure per epoch from design requirements table (Step 4.3). Include contingency for non-detections, using upper limits on edges/ratios as constraints.
6.3 Rate/achievability statement (bounded claims): rather than asserting a populous class, quantify expected yield under conservative assumptions: number of ToOs per year feasible, fraction with sufficient soft-X flux, and the distance horizon for detecting O/Ne features. Provide a go/no-go threshold based on predicted 0.3–3 keV flux and required counts.

Step 7 — Validation and deliverables.
7.1 Validation A (atomic/ionization): reproduce O/Ne line ratio evolution and inferred ξ changes in known neutron-star systems (Assets 2–3), with atomic systematics posteriors reported.
7.2 Validation B (forward-model closure): generate full radiative-transfer synthetic spectra (independent code/configuration from the inversion engine where possible) and verify unbiased recovery of basis weights under the expanded observable vector.
7.3 Deliverables: (i) open opacity-basis library from SkyNet yields for 0.3–3 keV, (ii) design/requirements curves for future missions, (iii) Bayesian evidence-based composition constraints for any observed candidate events.","Addresses underdetermination: The inversion no longer relies on only O VIII and Ne IX. Adding O VII/O VIII and Ne IX/Ne X ratios anchors ξ and Te, while continuum curvature and edge depths constrain frequency-dependent opacity—together breaking the main composition–SED–clumping degeneracies identified by reviewers. Clumping/porosity and microturbulence are explicit parameters rather than hidden failure modes.
Identifiability is demonstrated, not asserted: The project includes Fisher and Bayesian experimental design with adversarial synthetic cases (Fe-group-rich mixtures, modest lanthanide contamination, variable SED) and quantitative success criteria (posterior contraction and Bayes factors) under realistic SNR/resolution and calibration/atomic uncertainties.
GR treatment is conditional and defensible: A dedicated leverage test compares zGR to Doppler/geometry and instrument calibration; GR is dropped from the primary constraint set if it does not measurably improve identifiability, preventing over-claiming.
Observational credibility: The plan explicitly separates (i) using existing NICER/XMM datasets for module validation (Assets 2–3) from (ii) ToO searches for genuine merger candidates. It provides a triggering cadence matched to the expected ionization evolution and will publish a requirements table (counts/resolution vs discrimination power) to ensure the proposed observations are achievable within mission capabilities and allocated ToO budgets, with go/no-go flux thresholds and non-detection utility (upper limits on edges/ratios).","The proposal is methodologically ambitious and, unusually for this topic, explicitly treats identifiability rather than assuming it. The forward model is reasonably complete (geometry, clumping/porosity, SED, atomic systematics, response folding) and the experimental-design loop is a strong engineering feature. The main technical risk is whether the claimed A<90 ‘signature’ in 0.5–2 keV is sufficiently unique once realistic degeneracies are included: (i) continuum curvature and edges are heavily entangled with uncertain intrinsic SED shape, dust/ISM absorption, and calibration residuals in the same band; (ii) line blanketing/pseudo-continuum from Fe-L/IGEs can mimic broad curvature at NICER-like resolution, so identifiability may require calorimeter/grating resolution more often than implied; (iii) the mapping from SkyNet yields to an opacity basis is nontrivial because opacity depends on detailed charge-state distributions and level populations, not just elemental grouping—basis compression may erase the very discriminants you need unless validated with a ‘no-compression’ control. Additionally, the inference architecture introduces many flexible degrees of freedom (wj(r), SED(t), fV, h, vturb, geometry, atomic hyperparameters); without a clearly defined parameter-count vs data-count regime and a demonstrated ability to recover radial structure (not just integrated weights), the tomography could collapse to effectively fitting time-variable absorption with weak composition specificity. Finally, the observational feasibility is underdeveloped quantitatively: there are no explicit flux/countrate forecasts for plausible NS–WD candidates in soft X-rays, nor demonstrated detectability of O/Ne edges/RRCs at the required cadence, which is essential given that ‘identifiability’ is instrument- and SNR-limited."
"In compact binaries approaching Roche-lobe overflow (RLOF), the stability of the first mass-transfer episode is set by a coupled competition between (a) gravitational-radiation-driven inspiral, (b) stream angular-momentum processing (shock/circularization/plunge), and (c) dynamical-friction drag/heating in surrounding gas (common-envelope-like material, tidal tails, or outflows). We hypothesize a falsifiable feedback switch: when the transferred stream can circularize into a dissipative structure outside the accretor’s effective plunge boundary (for BHs: Kerr ISCO; for NSs only when an external ISCO exists beyond the stellar surface), the flow supports sustained angular-momentum redistribution and produces a net torque that can partially feed back onto the orbit, delaying runaway. When circularization is forced inside the plunge boundary, the stream is directly captured, removing angular momentum without comparable orbital feedback; the resulting faster inspiral deepens overflow and increases local wake drag power, accelerating a common-envelope-like runaway.

This proposal explicitly resolves the reviewers’ closure and identifiability concerns by (i) replacing “disk forms/does not form” logic with a transport-explicit, calibratable mean-field angular-momentum closure (α/Reynolds-stress) whose impact on torque sign/magnitude is systematically bracketed and tested for robustness; (ii) deriving the envelope drag/heating closure from a stated wake model (Bondi–Hoyle–Lyttleton / Ostriker-type gravitational wake) in specified Mach-number and stratification regimes, with an entropy-production limiter used only as a discretely conservative constraint that prevents unphysical source-term updates (not as the physical closure itself); (iii) restricting the primary science case to BH accretors where the ISCO is large, well-defined, and strongly spin-dependent, and treating NS-ISCO effects only in the subset of (EOS, spin) space where r_ISCO > R_NS by a quantified margin; (iv) validating the gravitational-wave (GW) phase modification in controlled tests that reproduce vacuum PN/EOB phasing to stringent accuracy and then recover injected fluid-torque signals without bias; and (v) narrowing multi-messenger claims to a single data-available, well-posed scenario: BH–NS systems near the tidal-disruption boundary, where ISCO-vs-circularization competition determines torus formation and produces a measurable GW phase residual and (conditionally) an EM counterpart.

Mechanistic rationale for why the refined approach overcomes limitations: the method does not claim to “resolve MRI” in reduced geometry; instead it (a) parameterizes unresolved angular-momentum transport through an explicit, testable stress tensor whose plausible range is calibrated/benchmarked against published 3D results and bracketed in uncertainty propagation, and (b) identifies observables and inference targets (e.g., existence of a plunge-dominated branch and its impact on inspiral phasing) that are robust to transport details within that bracket. Similarly, the envelope interaction is not determined by entropy positivity; it is determined by a specific gravitational-wake momentum/energy flux model, with the entropy limiter enforcing thermodynamic admissibility of the discrete coupling. Under these constraints, the hypothesis is falsifiable by the presence/absence of a plunge-triggered GW phase acceleration (relative to vacuum) near the disruption boundary across events and by the inferred preference for the plunge vs disk-mediated branch as a function of BH spin and mass ratio.","Step 0 — Narrowed target scenario and scope control (mandatory narrowing)
0.1 Primary scenario (only): BH–NS binaries in the mass ratio range q = M_NS/M_BH ≈ 0.05–0.3 with BH dimensionless spin χ ∈ [0, 0.95], where the competition between (i) stream circularization radius R_circ and (ii) Kerr r_ISCO controls torus formation and mass-transfer stability. 
0.2 Secondary (optional, clearly labeled exploratory): NS accretors only if r_ISCO,NS (Hartle–Thorne) exceeds R_NS by ≥ 10% (quantified in Step 3); otherwise NS accretors are excluded from EOS claims.
0.3 No CE-luminous transient/nova-shell multi-class inference in the main deliverable. Envelope/wake drag is modeled only as gas drag from tidal tails/outflows around the binary in BH–NS disruption (a “CE-like” drag channel in the sense of dynamical friction in ambient gas), not as a general stellar common envelope.

Step 1 — Define state variables, geometry, and conservative coupling
1.1 Dynamical variables: orbital separation a(t), orbital frequency Ω(t), component masses (M_BH, M_NS), BH spin χ, and fluid fields for a reduced geometry transfer/outflow region.
1.2 Reduced-geometry fluid domain: axisymmetric 2D (r, θ) around the BH in a Kerr effective potential, with an equatorial refinement zone resolving stream impact/circularization; include a separate “ambient/outflow” component representing tidal debris density/velocity near the orbit for drag calculation.
1.3 Conservation architecture: finite-volume update with explicit bookkeeping of (i) orbital energy/angular momentum, (ii) fluid energy/angular momentum, and (iii) GW-carried energy/angular momentum, with an orbit-averaged consistency check (Step 4).

Step 2 — Stream–disk–plunge module with explicit transport closure (mandatory item 2)
2.1 Governing equations: relativistic hydrodynamics in a Kerr background in conservative form (mass, momentum, energy), using a shock-capturing Godunov scheme (e.g., HLLC/HLLE variant) with positivity preservation.
2.2 Angular-momentum transport closure (explicit, calibratable):
  - Implement two interchangeable closures to bracket uncertainty:
    (A) α-stress mean-field: τ_{rφ} = α P (with α ∈ [10^{-3}, 10^{-1}]) and viscous heating consistent with energy dissipation.
    (B) Reynolds-stress closure tied to shear: τ_{rφ} = ν ρ r^2 |dΩ/dr|, with ν = α c_s H and H computed from vertical hydrostatic balance.
  - Transport is applied only where bound rotational flow exists (identified by negative Bernoulli parameter and near-Keplerian angular momentum) to avoid contaminating ballistic stream regions.
2.3 Disk-formation metric and robustness criterion:
  - Define R_circ from conserved stream invariants at L1 overflow mapped to Kerr geodesic-equivalent specific angular momentum l and energy e, but allow shocks and transport to evolve l(r, t). Disk formation is declared when a persistent region satisfies: (i) v_φ/v_K > 0.7, (ii) |v_r|/v_φ < 0.3, and (iii) boundness (Bernoulli < 0) over ≥ 5 local orbital periods.
  - Orbital torque sign robustness: compute net torque on orbit from fluid angular momentum flux across a control surface enclosing the BH and the stream injection boundary. Require that the sign of the time-averaged torque (over ≥ 10 Ω^{-1}) is invariant across (i) factor-of-2 resolution changes and (ii) closure choice between α-stress and Reynolds-stress for at least one subrange of α; otherwise flag as “transport-dominated” and exclude from inference.
2.4 Plunge/capture modeling:
  - For BH: capture boundary defined by Kerr r_ISCO(χ) and horizon; matter crossing a radius r_cap = max(r_ISCO, r_horizon + Δ) with inward radial four-velocity is removed from the active domain and added to BH mass/spin via conservative sinks.
  - The resolved bifurcation is quantified by f_plunge = (mass flux captured without joining the disk) / (total transferred mass flux).

Step 3 — Quantify the ISCO lever arm and identifiability (mandatory item 3)
3.1 BH ISCO range: compute r_ISCO(χ) for χ ∈ [0, 0.95]; note r_ISCO spans ~6M to ~1.94M (prograde), providing a large lever arm relative to typical R_circ variations.
3.2 NS accretor screening (secondary only):
  - Build EOS grid (piecewise polytrope or spectral) satisfying: causality, dP/dε > 0, M_max ≥ 2 M_sun.
  - For each EOS and NS spin (ν_spin ≤ 700 Hz), compute R_NS and Hartle–Thorne r_ISCO,NS.
  - Define “external ISCO exists” region where r_ISCO,NS − R_NS ≥ 0.1 R_NS. Only in this region is an r_ISCO-mediated plunge boundary meaningful; otherwise, treat the stellar surface/boundary layer as the inner edge and do not claim r_ms leverage.
  - Deliverable: a plot/table of the fraction of EOS–spin space that satisfies the external-ISCO criterion; if < 20% under realistic spin priors, formally remove NS-ISCO EOS claims from the main proposal.

Step 4 — Envelope/wake drag closure derived from a specific wake model + entropy limiter as constraint (mandatory item 1)
4.1 Physical wake model (closure source): use Ostriker (1999)-type gravitational wake drag in a gaseous medium, matched to Bondi–Hoyle–Lyttleton (BHL) focusing in the supersonic limit.
  - Regimes explicitly covered:
    (i) Uniform medium, Mach M ≡ v_rel/c_s in [0.3, 5].
    (ii) Stratified medium with density scale height H_ρ where ε ≡ R_a/H_ρ ∈ [0, 0.5], with R_a = 2GM_acc/(v_rel^2 + c_s^2).
  - Drag force form:
    F_df = 4π ρ (G M_acc)^2 / (v_rel^2 + c_s^2)^{3/2} × I(M, b_max/b_min, ε),
    where I is the Coulomb-log-like factor with specified b_min ~ max(r_cap, softening length) and b_max ~ min(H_ρ, local radius).
4.2 Implementation as momentum/energy exchange:
  - Apply F_df as an equal-and-opposite momentum exchange between orbit (point-mass motion) and ambient gas field in a control volume, with heating rate 
    Q = F_df · v_rel,
    deposited locally into gas internal energy.
4.3 Entropy-production limiter (role precisely stated):
  - Compute proposed Δu (internal energy update) from QΔt; enforce discrete non-negative entropy production by limiting Q such that u^{n+1} yields s^{n+1} ≥ s^n given the EOS.
  - This limiter is not used to determine F_df; it only prevents negative-temperature/negative-pressure states and enforces thermodynamic admissibility of the coupling.
4.4 Controlled validation tests + convergence targets:
  - Test A (uniform medium): reproduce analytic/subanalytic F_df(M) curve in subsonic and supersonic regimes to ≤ 10% relative error for M ∈ [0.5, 4] at resolutions where R_a is resolved by ≥ 20 cells.
  - Test B (stratified medium): reproduce expected suppression/enhancement trend with ε up to 0.5; convergence target: drag coefficient changes by < 5% upon doubling resolution.
  - Test C (energy consistency): verify that orbital energy lost to drag equals gas kinetic+thermal energy gain within ≤ 1% over many dynamical times.

Step 5 — GW backreaction and phase validation with unbiased recovery (mandatory item 4)
5.1 Vacuum baseline validation:
  - Implement orbit evolution using PN/EOB fluxes for Ė_GW and J̇_GW in the absence of matter, integrating to generate φ(t).
  - Requirement: match a reference EOB waveform phase to ≤ 0.1 rad accumulated phase error over the frequency band relevant for BH–NS (e.g., 20–800 Hz, parameter-dependent).
5.2 Matter-coupled validation with analytic toy torque:
  - Add a prescribed analytic fluid torque model (e.g., J̇_fluid = −A Ω^n with known A, n) and verify that the recovered phase residual Δφ(t) matches the analytic expectation to ≤ 5% and yields unbiased parameter recovery in synthetic inference.
5.3 Non-Keplerian/orbit-averaged consistency:
  - Use orbit-averaged energy-angular momentum balance checks: verify that (dE_orb/dt) − Ω (dJ_orb/dt) equals residual gauge terms consistent with PN order, and that adding fluid terms preserves consistency to the same tolerance as in vacuum.

Step 6 — Identifiability study: quantify phase-shift magnitude vs systematics (mandatory item 5)
6.1 Define a concrete detection criterion (GW-only primary):
  - Parameter of interest: presence of plunge-dominated branch quantified by f_plunge and its induced additional inspiral rate δΩ(t).
  - Observable: accumulated GW phase residual Δφ_matter relative to best-fit vacuum BH–NS template over a specified band (e.g., from 30 Hz to disruption/contact).
  - Detection criterion: Bayes factor or likelihood ratio favoring matter-coupled model over vacuum with Δφ_matter ≥ max(0.5 rad, 3σ_sys), where σ_sys is the calibrated waveform-systematic phase uncertainty for the chosen model family.
6.2 Expected magnitude mapping:
  - Run a design grid over (M_BH, χ, M_NS, NS compactness) near the disruption boundary; compute Δφ_matter and identify where Δφ_matter ≥ 0.5–1 rad.
  - Tie identifiability primarily to BH spin leverage on r_ISCO: show monotonic trend of f_plunge and Δφ_matter with χ holding other parameters fixed.
6.3 Data availability and event selection:
  - Use LVK public data and injection campaigns; focus on detectability in O4/O5-like sensitivities.
  - State explicitly that EM counterparts are conditional: only predicted when the solver yields a persistent disk/torus mass above a threshold (e.g., M_disk > 10^{-2} M_sun), but inference does not require EM.

Step 7 — Deliverables, falsification, and scope-limited EOS statement
7.1 Primary deliverable: a validated, reduced-geometry, transport-explicit simulator producing a robust classification boundary in (q, χ, NS compactness) space between plunge-dominated vs disk-mediated outcomes, with quantified uncertainty due to α-transport bracketing.
7.2 Falsification tests:
  - If across the χ-lever-arm grid the model cannot produce a robust (closure-insensitive) separation between f_plunge→1 and f_plunge→0 regimes, the “ISCO-mediated feedback switch” is falsified in reduced geometry.
  - If inferred Δφ_matter required for detection is consistently below calibrated waveform systematics for plausible events, the proposal’s observational test is not feasible and the science claim is restricted to theoretical classification only.
7.3 EOS claim restriction:
  - Main EOS sensitivity claim is not via NS r_ISCO; it is via NS compactness/tidal disruption threshold affecting debris density (drag) and circularization conditions.
  - Any r_ISCO,NS-based EOS leverage is only claimed in the externally-ISCO-verified subset (Step 3.2), otherwise excluded.","Closure feasibility (addressing (i) and (ii)): The stream module does not overclaim MRI resolution. It introduces an explicit, interchangeable angular-momentum transport prescription (α-stress and Reynolds-stress closure) and defines robustness criteria (torque sign invariance under resolution and closure changes) that determine when conclusions are transport-insensitive. The envelope/wake interaction is not “chosen” by entropy positivity; it is derived from an Ostriker/BHL wake model in stated Mach/stratification regimes, with controlled tests that must reproduce known drag scalings and converge at specified resolution. The entropy limiter is narrowly scoped as a thermodynamic admissibility constraint on discrete coupling.

GW bookkeeping feasibility (addressing (iii)): The plan requires reproducing vacuum PN/EOB phasing to ≤ 0.1 rad over the analysis band and performing a toy-model torque injection/recovery test to demonstrate unbiased phase-residual recovery. This directly addresses gauge/consistency concerns by anchoring the coupled update to a validated vacuum baseline and verifying recovery of known non-vacuum signals.

ISCO lever-arm and identifiability (addressing (iv)): The main science case is restricted to BH accretors where r_ISCO varies strongly with χ and is always exterior to the horizon, providing a meaningful and quantifiable control parameter. NS-ISCO leverage is treated as conditional and is screened quantitatively by comparing r_ISCO,NS to R_NS across the EOS/spin grid; if an external ISCO is uncommon, it is removed from the EOS claim.

Observational feasibility (addressing (v)): The proposal no longer relies on kHz QPO saturation as an ISCO tracer nor on heterogeneous CE/nova transients. It focuses on a single, well-posed, data-available channel: BH–NS GW signals near the disruption boundary. The forward model produces a concrete GW-phase residual prediction, with an explicit detection threshold (Δφ_matter relative to waveform systematics) and an event-selection strategy using LVK public data/injections. EM counterparts are treated as optional, conditional predictions rather than a necessary inference component.

Alignment with the original concept chain: the refined program preserves the chain gravitational radiation → mass transfer → (disk-mediated feedback vs direct capture) → enhanced inspiral and dynamical friction in ambient gas, now with (a) explicit transport closure, (b) wake-model-derived drag, and (c) validated GW phasing, yielding a falsifiable test of an ISCO-mediated feedback switch in compact binaries.","The proposal is unusually careful about closure/identifiability and makes concrete validation promises (vacuum phasing to 0.1 rad; drag-energy consistency to 1%; closure-bracketing with torque-sign robustness). However, several physics/engineering risks remain under-addressed. (1) Reduced-geometry axisymmetric Kerr hydro cannot represent inherently 3D, non-axisymmetric phenomena central to stream impact, tidal-tail structure, and angular-momentum feedback (spiral shocks, stream self-intersection, precession/misalignment, Kelvin–Helmholtz), so the claimed torque sign robustness may be a property of the imposed symmetry rather than of the physical system. (2) The mapping from L1 stream invariants to Kerr geodesic quantities and a single R_circ is nontrivial in a time-dependent binary potential; without a clearly specified coordinate/gauge prescription and error budget, R_circ vs r_ISCO comparisons risk being model-dependent. (3) The wake-drag closure assumes an approximately uniform/stratified medium with a well-defined v_rel and b_max/b_min; tidal debris in BH–NS disruption is highly inhomogeneous, shearing, and transient, so the applicability of Ostriker/BHL forms and a Coulomb-log parameterization may dominate the result unless calibrated against 3D GRHD. (4) The claimed observational discriminant (Δφ_matter ≳ 0.5–1 rad) is plausible but not yet supported by a quantitative Fisher/Bayesian forecast that includes waveform-model systematics for BH–NS near disruption (spin–tide degeneracies, higher modes, precession, eccentricity), so feasibility is not fully demonstrated. Overall, the mechanism is coherent and falsifiable within the model class, but external validity to real BH–NS systems is the main weakness."
"Kilonova-associated compact-binary mergers that exhibit a fading/plateau-like X-ray counterpart are powered by (at least) one of two physically distinct channels—(A) an external-shock afterglow from an angularly structured outflow (jet+cocoon energy stratification) viewed off-axis and/or (B) a long-lived central engine whose luminosity is only partially coupled to the forward shock (magnetar spin-down and/or fallback)—and these channels imprint *probabilistic* (not hard) cross-band relations between (i) X-ray temporal behavior, (ii) late-time radio rise/peak, and (iii) kilonova ejecta energetics. The key methodological claim is that unbiased discrimination and parameter inference require explicitly marginalizing over synchrotron spectral regimes and model inadequacy, rather than enforcing approximate closure relations or ad hoc temporal-ordering inequalities.

We hypothesize that a regime-marginalized, physics-constrained multi-messenger state-space model (PC‑MMSSI‑RM) will outperform standard band-by-band fitting and unconstrained joint regression because it (1) propagates dynamical constraints through time (energy/momentum evolution with optional injection) while (2) *integrating over uncertainty in emission regime membership* (ordering of νa, νm, νc relative to each observing band) and (3) *explicitly modeling approximation error* (microphysics evolution, scintillation, trans-relativistic transition, absorption), thereby preventing overconfident posteriors when the canonical closure assumptions fail. In this framework, the apparent ‘temporal ordering’ between an X-ray fade and a radio rise is not imposed; it emerges as a posterior-predictive consequence of the inferred regime trajectories and dynamics. Finally, coupling GW posteriors to central-engine viability is informative only if the remnant-lifetime mapping is treated as model-uncertain; we therefore predict that comparing at least two remnant evolution prescriptions with hyperpriors (prompt-collapse threshold vs differential-rotation-supported magnetar) will yield robust remnant-lifetime constraints without allowing an overly informative EoS prior to dominate EM inference.","Step 1 — Data assembly, homogenization, and selection modeling
1.1 Sample definition:
- Primary sample: BNS/NSBH candidates with public GW posterior samples (LIGO/Virgo/KAGRA), identified kilonova candidates (UV/optical/NIR photometry and, when available, spectra), X-ray light curves with either detections or meaningful upper limits spanning ≥ hours to days (Swift/XRT, NICER, Chandra/XMM), and radio follow-up (VLA/MeerKAT/ATCA/GMRT) including deep non-detections.
- Include at least one ‘template’ event with well-studied multi-wavelength behavior (GW170817-like) as an internal validation anchor; include at least one high-energy transient with a fading X-ray counterpart and weak/absent optical/radio constraints (EP-like) as a stress-test for regime ambiguity and censored likelihood handling.

1.2 Time/flux standardization:
- Convert all times to rest-frame using redshift posteriors (spectroscopic when available; otherwise host photometric-redshift prior).
- Calibrate fluxes to common conventions with instrument response where needed; include per-instrument calibration nuisance parameters (multiplicative flux scale with Gaussian prior) and additive background terms for low-S/N regimes.

1.3 Observing-coverage and selection effects:
- Construct band-dependent coverage masks: cadence, limiting flux (or sensitivity curve), and scheduling windows.
- Likelihood conditions on “observed given scheduled” rather than assuming uniform sampling; incorporate detection efficiency for each band (especially radio) as part of the generative model.


Step 2 — Generative model: regime-marginalized broadband synchrotron + optional engine + kilonova, in a state-space framework
2.1 Latent state vector and dynamics (dimension reduction included):
- Latent physical state at time t:
  x(t) = {log E(t), log n, θobs, jet-structure params, microphysics params, regime indicators, engine params, kilonova ejecta params, nuisance/systematics}.
- Dimension reduction choices (to control particle degeneracy):
  (i) Use a parsimonious structured-jet parameterization (e.g., Gaussian or power-law angular structure) with 3–4 parameters total: {Ecore, θc, aE, Γcore} (or equivalent), rather than free-form angular bins.
  (ii) External density assumed constant ISM initially; allow wind-like profile as a discrete alternative model (k∈{0,2}) and marginalize.
  (iii) Microphysics: start with constant {εe, εB, p} with weakly informative priors; include an optional slow evolution model εB(t)=εB,0 (t/t0)^αB with αB ~ Normal(0,σ) as a discrepancy-capturing extension, not default.

2.2 Synchrotron emission with explicit spectral-regime marginalization (Mandatory Directive #1):
- For each epoch and band b with observing frequency νb, define the break frequencies νa(t), νm(t), νc(t) and peak flux Fmax(t) from the dynamical state.
- Introduce a discrete regime variable rb(t) encoding the ordering of {νa,νm,νc} relative to νb. Example regime set R includes the commonly relevant slow/fast cooling cases and self-absorption placements; e.g.:
  R = { (νa<νm<νc), (νm<νa<νc), (νm<νc<νa), (νa<νc<νm), … } × {slow, fast}, pruned to physically allowed subsets for the inferred parameters.
- Likelihood is regime-marginalized:
  p(Fb(t)|x(t)) = Σ_{r∈R} p(Fb(t)|x(t),r) p(r|x(t))
  where p(r|x(t)) is induced by the implied ordering probabilities (softened with tolerance to avoid discontinuous regime switching).
- Model discrepancy hyperparameters:
  Add multiplicative scatter terms per band and per spectral segment:
  log Fb,obs(t) ~ Normal(log Fb,model(t), σstat^2 + σsys,b^2 + σseg(r)^2)
  where σseg(r) captures closure-relation inadequacy (e.g., evolving breaks, weak microphysics evolution, trans-relativistic deviations).
- Scintillation and radio systematics:
  In radio, add an extra variance term σscint(t,ν) informed by standard scintillation prescriptions, with a hyperparameter scaling factor to absorb model mismatch.

2.3 Engine + energy injection as a probabilistic coupling, not a hard constraint:
- External-shock energy evolution:
  dE/dt = ξ(t) Lengine(t) − Lrad,FS(t)
  with coupling efficiency ξ(t) ∈ [0,1]. Parameterize ξ(t)=sigmoid(ξ0 + ξ1 log(t/t0)) to allow early/late coupling differences.
- Engine channels:
  (i) Magnetar spin-down: Lsd(t)=L0 (1+t/tsd)^{-2} with (B, P0) mapped to (L0, tsd).
  (ii) Fallback accretion: Lfb(t)=L1 (t/t1)^{-5/3} with cutoff time and radiative efficiency.
- X-ray emission model allows mixture:
  FX(t)=ηX,FS FFS,X(t) + ηX,eng Feng,X(t)
  where ηX terms are efficiencies; Feng,X may be a fraction of Lengine with absorption and spectral index. This prevents forcing X-rays to be afterglow-only when an internal/engine component is present.

2.4 Kilonova module with surrogate and discrepancy:
- Multi-component ejecta: {Mej,i, vej,i, Xlan,i} for i∈{blue, purple, red} (or a 2-component minimal model if data are sparse).
- Heating constraints: impose r-process heating rate priors (e.g., power-law with uncertain normalization) as soft priors; include a thermalization efficiency model with uncertainty hyperparameters.
- Radiative transfer surrogate: train/employ an emulator (e.g., GP/NN) validated to ≤0.1 mag RMS in bands used for inference; include emulator error σemu(λ,t) in the likelihood.


Step 3 — Remnant-lifetime mapping with model uncertainty (Mandatory Directive #2)
3.1 EoS-constrained priors (not dominating):
- Use GW posterior samples for (Mchirp, q, \tilde{Λ}) to infer component masses and tidal deformabilities.
- Adopt a parametric EoS family (piecewise polytrope or spectral) with causality (cs≤c) and stability enforced.

3.2 Two remnant evolution prescriptions (compared and/or averaged):
Model A: Prompt-collapse threshold (PC) prescription
- Use an empirical threshold relation Mth = k(Cmax, R1.6, …) Mmax,TOV with uncertainty; collapse is prompt if Mtot > Mth.
- Survival time τ is then effectively ~ dynamical (≪1 s), with a soft transition width ΔM modeling uncertainty.

Model B: Differential-rotation-supported magnetar (DR) prescription
- If not prompt-collapse, remnant survival time τ = min(τDR, τsd, τν) where:
  τDR: differential rotation removal timescale with log-uniform prior spanning 10–10^4 s (magnetic braking/viscosity uncertainty)
  τsd: spin-down time from magnetar parameters
  τν: neutrino cooling / thermal support decay timescale with broad prior.
- Implement τ as a latent variable with hyperpriors; connect τ to allowed engine luminosity duration and total injected energy.

3.3 Bayesian model comparison / stacking:
- Either (i) perform explicit model selection between A and B via Bayes factors, or (ii) use Bayesian stacking/model averaging to propagate remnant-model uncertainty into downstream EM parameters.
- Posterior check: verify that inferred τ and engine luminosity do not overpredict observed gamma-ray limits when applicable.


Step 4 — Inference engine, computational plan, and diagnostics (Mandatory Directive #3)
4.1 Inference strategy (hybrid SMC + PMCMC with tempering):
- Use SMC with likelihood tempering to mitigate particle impoverishment in high dimension.
- Conditional SMC / particle Gibbs for blocks with strong temporal dependence (E(t), regime trajectories).
- Blocked sampling:
  Block 1: GW/EoS/remnant hyperparameters
  Block 2: Kilonova parameters
  Block 3: Afterglow/jet/microphysics
  Block 4: Engine + coupling ξ(t)
  Block 5: Systematics/discrepancy terms

4.2 Particle count scaling and complexity targets:
- Start with Np ~ 2,000 particles for single-event fits; scale to 5,000–20,000 for multi-event hierarchical inference depending on ESS.
- Target effective sample size ESS/Np ≥ 0.2 after each tempering step; adapt tempering increments to maintain ESS.
- Wall-time budget: ensure each forward evaluation (afterglow+engine+regime marginalization+KN surrogate) ≤ 5–20 ms; this sets feasibility for ~10^7 evaluations on an HPC allocation.

4.3 Surrogate accuracy targets and validation:
- Kilonova surrogate: ≤0.1 mag RMS; include σemu in likelihood.
- Afterglow fast evaluator: precompute/fit a reduced-order surrogate for dynamical evolution if needed; validate against a high-fidelity code on a Latin hypercube design.

4.4 Diagnostics for particle degeneracy and identifiability:
- Monitor ESS, resampling frequency, ancestor diversity, and parameter R-hat / rank plots (simulation-based calibration).
- If degeneracy occurs:
  (i) tighten dimension reduction (fix k=0 unless data demand otherwise; restrict microphysics evolution),
  (ii) increase tempering steps,
  (iii) use rejuvenation moves with gradient-informed proposals on continuous blocks,
  (iv) switch to variational initialization + PMCMC refinement.


Step 5 — Derived X-ray–radio timing relations (emergent, then checked)
5.1 Derivation within the model:
- For each posterior draw, compute the implied light curves and extract summary times: tX,break (end of plateau / start of decline), tR,peak (radio peak), and slopes αX, αR.
- The ‘temporal ordering’ becomes a posterior distribution over Δt = tR,peak − tX,break conditioned on the inferred regime path and dynamics, rather than a pre-imposed inequality.

5.2 Assumption checks:
- Posterior probability that X-ray band lies above/below νc at relevant epochs; probability of fast vs slow cooling; probability that X-rays are engine-dominated (ηX,eng fraction).
- Only when posterior mass concentrates in a regime subset do we report simplified analytic relations; otherwise we report regime-averaged predictive intervals.


Step 6 — Validation, ablations, and deliverables
6.1 Synthetic injection campaigns:
- Generate simulated datasets spanning: prompt-collapse, long-lived magnetar with partial coupling, structured jet off-axis, cocoon-dominated, and mixed engine+afterglow X-rays.
- Include evolving break frequencies, modest microphysics drift, scintillation in radio, and realistic cadence/upper limits.

6.2 Ablation study (Mandatory Directive #4):
Quantify sensitivity and bias when removing or simplifying:
- (A) regime marginalization (force a single regime)
- (B) discrepancy hyperparameters (σseg→0)
- (C) remnant model uncertainty (use only Model A or only Model B)
- (D) radio censoring likelihood (treat as detections at limit or omit)
- (E) surrogate error terms (σemu→0)
Report changes in posterior coverage (SBC), Bayes factors, and key parameters (n, θobs, E, Mej, τ).

6.3 Posterior predictive checks:
- Jointly reproduce detections and non-detections, spectral indices, and cross-band covariance.
- Explicitly test whether the model overpredicts radio given X-ray fits, and whether regime probabilities are consistent with observed spectral slopes.

6.4 Deliverables:
- Public pipeline implementing PC‑MMSSI‑RM with documented likelihood components, discrepancy terms, and model-averaging over remnant prescriptions.
- A catalog of physically consistent multi-messenger posteriors for the curated sample.
- A follow-up decision product: given early X-ray evolution and GW posterior, output a predictive distribution for radio detectability vs time/frequency to optimize scheduling.","Scientific feasibility (addresses over-constraint and bias risk):
- Closure relations are treated as *regime-conditioned approximations* rather than hard constraints. By marginalizing over spectral regimes and including discrepancy hyperparameters (per segment and per band), the model remains valid when breaks traverse bands, microphysics drift modestly, or when trans-relativistic/scintillation effects perturb canonical slopes. This directly prevents the failure mode identified by reviewers: excluding the true model via infinite barriers.
- The X-ray–radio ‘ordering’ is not imposed. Timing relations are derived from posterior predictive light curves under explicitly stated assumptions (regime membership and dominance of FS vs engine), and we include posterior checks to verify whether those assumptions hold. This converts an ad hoc discriminator into an auditable inference product.

Remnant/EoS coupling feasibility (prevents an overly informative prior):
- The remnant-lifetime mapping is explicitly model-uncertain: we implement and compare two prescriptions (prompt-collapse threshold vs differential-rotation-supported magnetar) with broad hyperpriors on poorly known timescales (magnetic braking, neutrino cooling). This ensures GW-to-τ coupling is informative only when supported by EM data, reducing the chance of an artificially narrow, prior-driven remnant lifetime.

Computational feasibility (addresses engineering risk):
- We reduce state dimension via a low-parameter structured-jet model, discrete model indices for density profile and remnant prescription, and optional (not default) microphysics evolution.
- We set explicit surrogate accuracy targets (≤0.1 mag for kilonova) and carry surrogate error into the likelihood to avoid overconfident inference.
- We specify particle scaling, ESS-based tempering, blocked inference, and fallback remedies for particle impoverishment (dimension tightening, increased tempering, rejuvenation moves, variational initialization). This operationalizes the computational plan rather than gesturing at “SMC + surrogates.”

Empirical grounding:
- Multi-wavelength joint constraints have been demonstrated in GW170817-like systems where structured jets and kilonova components are simultaneously constrained, and radio data critically restrict density/microphysics. The proposed extension is the statistically disciplined handling of regime ambiguity and model discrepancy, which is essential for events with fading X-ray counterparts and sparse/upper-limit radio data (including EP-like cases).","Scientifically, the motivation is strong: enforcing closure relations and fixed spectral-regime assumptions is a known failure mode when break frequencies traverse observing bands and when engine components contaminate X-rays. The proposal’s insistence on regime marginalization plus discrepancy modeling is logically coherent and well-targeted to overconfidence/false discrimination. Engineering-wise, the plan is unusually concrete (selection/coverage modeling, censored likelihoods, SMC/PMCMC blocks, ESS targets, ablations, SBC). However, several key elements remain underspecified in ways that can materially affect identifiability and computational tractability: (i) the definition/parameterization of the “softened” regime-ordering probabilities p(r|x) is not provided, yet it will control mixing/label-switching and could dominate posterior behavior; (ii) the mapping from (structured jet + injection) dynamics to νa, νm, νc and Fmax across the trans-relativistic transition is flagged only as ‘discrepancy’, but without clear boundaries on where the approximations are trusted, risking an overly flexible discrepancy absorbing the physics; (iii) the engine/X-ray mixture introduces strong degeneracies (ηX,eng vs ξ(t) vs εB evolution vs n) that may not be breakable for sparse events without informative priors or additional observables (e.g., X-ray spectra, polarization, VLBI size/proper motion), and the proposal does not specify which datasets will be required to avoid non-identifiability; (iv) hierarchical multi-event inference with discrete model indices (k∈{0,2}, remnant A/B, regime paths) plus time-indexed regime indicators is likely to be expensive and susceptible to particle degeneracy beyond what the stated Np/ESS heuristics guarantee, unless additional structure (Rao–Blackwellization, analytic marginalizations, or constrained regime-transition models) is imposed; (v) selection effects are mentioned, but the actual detection-efficiency model and how it couples to the likelihood (especially for heterogeneous radio follow-up strategies) is not operationalized. Overall: high merit and modern statistical rigor, but the proposal should tighten the mathematical specification of the regime/transition machinery and demonstrate identifiability/compute feasibility on representative cadence+upper-limit patterns before scaling to a heterogeneous sample."
"Fast neutrino flavor conversions (FFCs) in post-merger accretion disks systematically bias the electron lepton number (ELN) angular distribution, producing latitude-dependent suppression of νe that lowers Ye in disk outflows and shifts the r-process path toward lanthanide/actinide production; this effect can be predicted with reduced uncertainty by a methodological adaptation that replaces ad-hoc flavor equipartition with a causality- and lepton-number–conserving, angle-resolved, two-moment neutrino transport closed by an FFC-informed microphysical closure. Mechanistically, the adapted closure uses local ELN-crossing diagnostics to generate a stiff, physically constrained source term that drives flavor equilibration only in phase-space regions where fast modes exist, thereby modifying νe/ν̄e absorption rates on free nucleons and deterministically setting Ye(t,θ), entropy, and expansion timescale—quantities that control the final nucleosynthesis yield and resulting stellar composition signatures.","Step 1: Specific system setup or data preparation.
1.1 Select representative binary neutron star (BNS) merger remnants covering EOS-dependent disk structures (at least 3 EOS spanning soft/intermediate/stiff, each satisfying causality and 2 M⊙ constraint) and remnant outcomes (long-lived NS vs prompt BH+disk).
1.2 Generate GRMHD merger+disk evolutions with consistent microphysics (finite-T EOS, weak interactions) and baseline Monte Carlo (MC) or discrete ordinates snapshots for neutrino angular distributions at multiple radii and latitudes.
1.3 Define nucleosynthesis post-processing tracers (Lagrangian outflows) sampling polar and equatorial winds; record thermodynamic histories and baseline neutrino irradiation fields.

Step 2: Detailed implementation of the adapted methodology.
2.1 Implement an angle-resolved two-moment neutrino transport (energy-dependent M1 or variable Eddington tensor) augmented with a new FFC microphysical closure: a local, diagnostic-driven operator that acts on the neutrino flavor density matrices’ moments.
2.2 Compute an ELN-crossing indicator C(r,θ,E) from the reconstructed angular moments (and, where available, calibrated against MC angular distributions): C>0 flags phase-space regions supporting fast modes.
2.3 Introduce a stiff flavor-equilibration source term S_FFC that is activated only where C>0 and that is explicitly constrained to conserve (i) total neutrino number per energy bin, (ii) total energy-momentum exchange with matter as in the underlying transport, and (iii) global lepton number exchange with matter through standard charged-current rates. Structurally, this modifies the transport update by splitting: (a) standard collision/streaming step, then (b) implicit FFC step that relaxes the νe–νx (and ν̄e–ν̄x) moments toward a local flavor-mixed state on a timescale τ_FFC(r,θ,E) bounded below by causality (τ_FFC ≥ ℓ/c, with ℓ the local mean free path) and above by advection (τ_FFC ≤ τ_adv) to prevent unphysical instantaneous equilibration.
2.4 Couple the modified neutrino fields back to GRMHD: update charged-current absorption/emission rates on free nucleons and the resulting Ye source term in the fluid, enforcing local lepton-number conservation between matter and neutrino radiation.
2.5 Post-process r-process nucleosynthesis using a full reaction network along tracer trajectories, using the self-consistent, time- and angle-dependent νe/ν̄e spectra from the adapted transport; compute yields (lanthanides, actinides, key chronometers such as Th/U proxies, and specific superheavy nuclide abundances where network permits).

Step 3: Rigorous validation and analytical framework.
3.1 Verification tests: (i) recover standard M1/MC results when S_FFC is disabled; (ii) demonstrate exact discrete conservation of lepton number and energy to solver tolerance with S_FFC enabled; (iii) perform causality checks on equilibration front speeds.
3.2 Validation against high-fidelity benchmarks: in selected snapshots, run localized linear-stability and/or reduced quantum-kinetic calculations (where feasible) to confirm that regions with C>0 correspond to fast-mode growth and that the imposed τ_FFC yields comparable flavor outcomes at moment level.
3.3 Sensitivity analysis: quantify yield derivatives ∂Y(A)/∂τ_FFC and ∂Y(A)/∂(closure parameters) and propagate EOS uncertainties; identify robust observables (e.g., lanthanide fraction, heating rate) insensitive to closure tuning.
3.4 Multi-messenger linkage: translate yields to kilonova opacities/heating rates and predict lightcurve/spectral differences between models with/without the FFC closure; compare to kilonovae like AT2017gfo and AT2023vfi-class events using Bayesian inference, while enforcing priors from EOS and GRMHD constraints.
3.5 Deliverable: a physically constrained surrogate mapping from (EOS, disk state, ELN geometry) → (Ye(θ), lanthanide fraction, actinide yield), enabling rapid yield predictions for population studies without violating conservation laws.","1. Theoretical/Empirical Basis: Asset 2 indicates that FFC-driven νe suppression can enhance neutron richness and modify r-process yields in BNS post-merger disks; Asset 1 shows that observed kilonova lightcurves constrain lanthanide-rich ejecta and even superheavy nuclide abundances, motivating a self-consistent neutrino-irradiation-to-yield pipeline.
2. Transfer Logic (How the adaptation fits the domain): The adaptation targets the known limitation that most large-scale GRMHD+transport schemes cannot directly evolve full quantum kinetic equations. By embedding an FFC-informed closure into moment transport, we retain tractability while explicitly enforcing causality and conservation laws (energy-momentum and lepton number), which are mandatory in high-energy astrophysics and nuclear-physics-informed nucleosynthesis modeling.
3. Comparative Advantage: Compared to (i) flavor equipartition prescriptions and (ii) post-hoc Ye adjustments, the proposed closure is geometry- and angle-aware (via ELN crossings), dynamically coupled to the fluid (affecting cooling and Ye self-consistently), and physically constrained (no unphysical instantaneous mixing). This should reduce systematic bias in predicted Ye distributions and therefore in lanthanide/actinide yields, improving interpretability of kilonova constraints on the neutron star EOS and neutrino physics.","This is a technically ambitious and largely well-constructed proposal that targets a genuine bottleneck in post-merger neutrino-radiation hydrodynamics. The engineering plan is unusually detailed for a flavor-physics–motivated study, with explicit EOS sampling, transport modifications, conservation checks, and nucleosynthesis post-processing. The central logic—FFC-induced, geometry-dependent νe suppression biasing Ye and r-process outcomes—is coherent and aligned with current theoretical understanding. However, some score deductions are warranted. First, the ELN-crossing diagnostic derived from moment reconstructions remains under-justified: M1-based angular reconstructions are known to generate spurious or smeared crossings, and the proposal does not specify quantitative criteria for robustness or false-positive control. Second, the imposed τ_FFC bounds, while physically motivated, are somewhat heuristic; the mapping between linear fast-mode growth rates and the effective moment-level relaxation timescale is not rigorously derived. Third, the validation plan acknowledges but does not fully resolve the scale-separation problem between quantum kinetic evolution and moment closures. These gaps do not invalidate the approach, but they limit confidence in the claimed reduction of systematic uncertainty."
"AT 2023vfi–class kilonovae exhibit a late-time (>5–20 d rest-frame) near-infrared (NIR) heating floor set by actinide-chain alpha decays plus spontaneous fission of neutron-rich trans-lead nuclei, producing a dimensionless NIR curvature/decline signature that is quantitatively distinct from any lanthanide-only radioactive heating model once realistic thermalization physics is enforced. This uniqueness arises because (i) alpha- and fission-powered heating have a slower temporal decay index and harder particle energy spectrum than beta-dominated lanthanide decay, leading to measurably different wavelength-dependent thermalization efficiencies and temperature evolution, and (ii) these effects persist under variations in ejecta mass, velocity, geometry, and ionization when nuclear reaction-flow constraints, detailed balance limits, and causality-limited EOS priors restrict the space of physically realizable ejecta conditions. By embedding an explicitly network-anchored nuclear microphysics surrogate—trained on thousands of full r-process trajectories spanning Ye–entropy–expansion histories allowed by numerical relativity—inside a reduced-order, differentiable radiative-transfer forward model, the inference eliminates unphysical degeneracies (e.g., between opacity and heating) that allow lanthanide-only models to masquerade as actinide-rich solutions in unconstrained lightcurve fitting.","Step 1: Microphysics training set specification and coverage.
1. Nuclear network backbone: Use SkyNet and PRISM r-process network codes as ground truth, cross-validated against WinNet for a subset. Include three nuclear mass models (FRDM2012, Duflo–Zuker, HFB-24) and two fission yield prescriptions (GEF 2016, FREYA-based phenomenology). Spontaneous and beta-delayed fission channels are included explicitly.
2. Trajectory library: Generate ~6,000 thermodynamic trajectories covering Ye ∈ [0.01, 0.35], entropy s ∈ [5, 80] k_B/baryon, and expansion timescale tau ∈ [1, 100] ms, with density–temperature histories drawn from NR-informed ejecta models (dynamical + disk wind) across a causality-limited EOS family (cs ≤ c, Mmax ≥ 2 Msun). Sampling is Latin-hypercube with adaptive refinement in low-Ye regions where actinide production occurs.
3. Outputs stored per trajectory: full isotopic yields (A up to ~280), time-dependent heating separated into beta, alpha, spontaneous fission, neutrino losses, and particle-energy spectra used to compute thermalization efficiencies. Late-time (1–50 d) heating kernels are archived as validated summary statistics.
4. Surrogate architecture: Physics-informed operator network that maps (Ye distribution moments, s, tau, EOS label) → (heating kernels, opacity moments, actinide mass fractions). Hard constraints enforced via stoichiometric null-space parameterization for baryon/charge conservation; soft constraints enforce (n,γ)-(γ,n) equilibrium limits during high-T phases. Uncertain nuclear inputs enter as low-dimensional correction coefficients tied to the mass model and fission yields.
5. Coverage metric: Define a posterior-support coverage score as the Mahalanobis distance between inferred ejecta conditions and the convex hull of training trajectories; inference is restricted to regions with ≥99% surrogate fidelity as validated against withheld network runs.

Step 2: Radiative-transfer forward model and computational tractability.
1. Reduced-order RT: Construct a basis-expansion (POD) reduced-order axisymmetric RT model calibrated against a full Monte Carlo RT code (e.g., POSSIS) over ~1,000 training simulations spanning ejecta masses, velocities, angular structures, and compositions. The ROM reproduces broadband and low-resolution spectral fluxes to <5% error over optical–NIR bands.
2. Differentiability: Implement the ROM in JAX with analytic gradients, enabling HMC/NUTS. Residual model discrepancy is included as a Gaussian process in wavelength–time space, calibrated on RT validation runs.
3. Opacity and heating coupling: Wavelength-dependent opacity moments are computed on-the-fly from surrogate-predicted lanthanide and actinide fractions; multi-channel heating (beta/alpha/fission) is propagated with species-dependent thermalization efficiencies.

Step 3: Identifiability diagnostics and injection–recovery.
1. Define a quantitative diagnostic: the dimensionless NIR curvature statistic C_NIR = [ (d^2 ln L_λ / d(ln t)^2 ) averaged over 1.5–3 μm and t = 7–20 d ], which is insensitive to absolute luminosity scaling and distance errors.
2. Synthetic tests: Perform injection–recovery on mock datasets with realistic photometric noise, host subtraction uncertainty, viewing-angle variation, dust formation parametrizations, and non-LTE ionization perturbations. Compare lanthanide-only vs actinide+fission injections.
3. Model comparison: Pre-register Bayes-factor thresholds (e.g., ln B > 5) for claiming preference of actinide-inclusive models, and perform prior-sensitivity analysis on ejecta mass and opacity priors.

Step 4: Application to data and cross-event validation.
1. Apply the pipeline to AT 2023vfi with GW170817/AT2017gfo used for calibration of RT discrepancy terms.
2. Cross-event transfer: Nuclear correction factors learned from GW170817-class events are held fixed when fitting AT 2023vfi to test universality.
3. Deliverables: Posterior constraints on actinide mass fraction, EOS-linked Ye distributions, and predictions for JWST/ELT late-time NIR spectra.","The proposal addresses reviewer concerns by anchoring the microphysics surrogate to explicit, large-scale r-process network calculations with clearly specified mass models, fission prescriptions, and thousands of Ye–s–tau trajectories covering the physically allowed EOS-conditioned ejecta space. A quantitative coverage metric ensures that inference never extrapolates beyond validated surrogate domains. Identifiability is no longer asserted qualitatively: a dimensionless NIR curvature diagnostic is pre-defined and stress-tested via injection–recovery under realistic radiative-transfer, ionization, dust, geometry, and photometric systematics, directly demonstrating when lanthanide-only models fail. Computational feasibility is ensured by a verified reduced-order, differentiable RT model with calibrated discrepancy, making gradient-based HMC tractable while preserving physical accuracy. Finally, pre-registered Bayesian model-comparison criteria and prior-sensitivity analyses prevent over-claiming uniqueness, yielding a conservative yet powerful framework for determining whether AT 2023vfi-class events synthesize measurable actinide and superheavy nuclei.","Methodologically, the plan is unusually concrete and modern (trajectory design, multi-code cross-validation, surrogate constraints, ROM+GP discrepancy, HMC). However, the central identifiability claim is not yet fully closed: (i) the proposed curvature statistic C_NIR is asserted to be “quantitatively distinct” but no back-of-the-envelope magnitude is given for the expected separation relative to key confounders (dust onset, line blanketing/opacity floor, non-LTE effects, viewing-angle-dependent temperature histories) in the same 7–20 d window; (ii) the causal chain from “actinide-chain alpha + spontaneous fission” to a robust *NIR* curvature signal depends strongly on thermalization and wavelength-dependent reprocessing, but the proposal does not specify which thermalization formalism (e.g., Barnes-type parametrizations vs particle-transport-based deposition) is treated as ground truth, nor how uncertainties in charged-particle stopping powers and ejecta ionization are marginalized; (iii) the surrogate outputs include “opacity moments” inferred from composition, yet lanthanide/actinide opacities are highly sensitive to atomic structure calculations (line lists), so there is a risk that unmodeled opacity systematics could masquerade as heating-floor evidence even if nuclear heating is correct; (iv) the restriction to the convex hull / Mahalanobis coverage may inadvertently exclude physically plausible but rare ejecta conditions (e.g., multi-component Ye mixtures, anisotropic entropy distributions) unless the mapping from NR ejecta to the surrogate’s low-dimensional summary (Ye moments, s, tau) is proven lossless for heating/opacity at late times. Overall, the engineering is strong, but the uniqueness claim would benefit from explicit quantitative effect sizes and a clearer treatment of dominant astrophysical/atomic-physics systematics that compete with the proposed diagnostic."
"GRB 050509b’s ~30 ms delayed X-ray onset is consistent with a two-stage compact-binary electromagnetic channel in which (i) a pre-/peri-merger magnetospheric Poynting-flux pulse (driven by orbital EMF plus tidally excited crustal Alfvénic disturbances) launches a radiation-loaded, mildly baryon-poor pair outflow, and (ii) the emergent spectrum and onset time are regulated by a pair-opacity-controlled photosphere whose radius is set by gamma–gamma opacity against the pulse’s own high-energy photon field. The mechanism is quantitatively: the early dissipation produces a high compactness ℓ that drives pair loading until τγγ(E) and τT remain >1 inside an expanding flow; the observed ‘afterglow’ appears when the outflow reaches Rτ≈1 such that the observed delay is dominated by relativistic curvature/light-travel time Δtobs≈Rτ/(2Γ2c) (with diffusion subdominant for the parameter ranges we will delineate). Because τγγ(E) is strongly energy-dependent, the model predicts a correlated spectral softening and evolving high-energy cutoff Ecut(t) tied to Rτ(E), which breaks degeneracies between (L, Γ, intrinsic spectrum, pair yield) that plague unconstrained magnetospheric-efficiency models. We therefore propose POREC (Pair-Opacity–Regulated Electrodynamic Circuit) as a constraint-closed inference framework: a globally energy-conserving magnetospheric circuit (EMF–impedance–current) coupled to a pair-kinetics + radiative-transfer module, where the only microphysical unknown—the dissipation/acceleration law—is replaced by a portable PIC-calibrated constitutive closure expressed in similarity variables (σ, radiation-reaction strength, compactness, guide-field ratio, and pair yield). This combination overcomes reviewer-identified limitations by (a) providing an explicit analytic scaling showing 30 ms is reachable for physically allowed L and Γ, (b) defining which parameter combinations are identifiable given Swift-like data, and (c) making the PIC-to-global transfer explicit through dimensionless invariants and uncertainty-aware interpolation domains.","SECTION 0 — Hard-nosed scaling and identifiability gate (mandatory pre-simulation deliverable)
0.1 Pair-photosphere delay scaling (analytic): We will derive and publish (internal note + proposal appendix) closed-form scalings for Rτ≈1(E) and Δtobs under a minimal but explicit radiation field model.
  (a) Assume an approximately isotropic comoving photon field with observed isotropic-equivalent luminosity L and characteristic photon energy scale εpk (or photon index β above εpk). The comoving photon density at radius R is n'γ≈L/(4πR2cΓ2⟨ε⟩).
  (b) For a high-energy photon of observed energy E, its comoving energy is E'≈E/Γ. Pair production is dominated by target photons near threshold ε't≈(mec2)2/E'.
  (c) Approximate τγγ(E,R)≈n'γ(>ε't) σγγ R/Γ, where σγγ≈0.1–0.2 σT near peak. For a power-law target spectrum Nε∝ε−β, n'γ(>ε't)∝ε't1−β.
  (d) Solve τγγ(E,Rτ)=1 to obtain a scaling Rτ(E) ∝ [ L σγγ / (4π c Γ3 ⟨ε⟩) ] × fβ(E,εpk,Γ), with explicit fβ from the chosen spectral form.
  (e) Observed onset/escape delay: baseline Δtobs(E)≈Rτ(E)/(2Γ2c). We will also compute the diffusion correction tdif≈(τT R)/(cΓ) and show the regime in which tdif≪R/(2Γ2c) (or incorporate it when τT is large).
0.2 Numerical plausibility for ~30 ms (parameter envelope, not best-fit): Using the above scalings we will show that Δtobs≈30 ms is achievable for short-GRB-like luminosities and moderate Γ.
  Target envelope to be demonstrated explicitly:
  • If Γ≈10–30 and L≈10^47–10^49 erg s−1 for a short precursor/pulse, then Rτ≈1 typically lies in the range ~10^12–10^13 cm for MeV–GeV photons (depending on β and εpk), implying Δtobs≈R/(2Γ2c) ≈ 0.01–0.1 s, i.e., including ~30 ms.
  • We will map (L, Γ, β, εpk) → Δtobs and overlay physically allowed regions from pair-loading constraints (no runaway requiring Γ below escape) and from energy budget limits of magnetospheric/orbital EMF extraction.
0.3 Spectral-softening/cutoff evolution as a degeneracy breaker: Derive Ecut(t) by inverting τγγ(E,R(t))=1 with R(t)≈2Γ2ct. This yields a predicted increasing cutoff energy with time (or conversely a soft-to-hard transparency sweep depending on spectral slope), providing an observable beyond a single delay number.
0.4 Formal identifiability analysis (Fisher + simulation-based inference pilot): Before PIC or large-scale inference, we will quantify which parameter combinations are identifiable with Swift-like data.
  (a) Define the minimal parameter vector for early-time data: θmin={L0, tpulse, Γ, β, εpk, κ±(pair yield normalization), viewing angle ι (or beaming factor), external density n (nuisance)} plus circuit parameters {μA, μB, Z_eff} but only through their mapping to L0 and tpulse.
  (b) Generate synthetic light curves/spectra with Swift/BAT triggering, XRT latency/mode switching, and count-statistics; include background systematics.
  (c) Attempt recovery with the planned likelihood; compute posterior rank statistics and mutual information to report which combinations are recoverable: e.g., L0/Γ5 (typical for opacity-controlled delays), and the combination governing Ecut(t).
  (d) Gate criterion: proceed to PIC-closure build only if the synthetic study shows (i) Δt and at least one spectral-evolution observable constrain Γ to within an order of magnitude and (ii) circuit power (hence μ-effective) is constrained better than a prior-only update.

SECTION 1 — Data, constraints, and likelihood architecture (instrument-aware)
1.1 GRB 050509b data curation: Collect BAT prompt spike properties (T90, fluence, spectral hardness constraints), earliest XRT detection time (~30 ms post-trigger per cited constraint), early XRT flux/spectral index bounds, and non-detection/upper limits on extended emission.
1.2 Likelihood with explicit Swift systematics: Implement an event-level or binned Poisson likelihood including:
  • BAT trigger latency distribution; 
  • XRT slew + mode switching latency as a probabilistic observation window;
  • energy-dependent effective area and response (RMF/ARF);
  • background and vignetting uncertainties marginalized as nuisance parameters.
1.3 Priors: 
  • Compact binary masses consistent with known NS distribution;
  • dipole moments μA, μB and obliquities with wide but physically motivated priors;
  • pre-merger plasma multiplicity prior (κ0) spanning force-free-like to charge-starved regimes;
  • environment density prior informed by host localization (low-density halo/CGM vs ISM).

SECTION 2 — POREC global model with explicit state variables and energy closure
2.1 Circuit architecture (global, time-dependent): Represent interacting magnetospheres as an electrodynamic circuit with state x(t)={Φgap(t), I(t), Q∥(t), Uγ(t), N±(t)}.
  • EMF source: orbital motion + field-line twisting + crust-driven Alfvén injection (parameterized by driver energy Edrv and bandwidth Δfdrv).
  • Effective impedance Z_eff(σ,κ±,geometry): includes gap resistance + current-sheet dissipation + inductive storage; ensures P=IΦgap partitions into Poynting flux, particle acceleration, and radiation.
  • Constraints: Maxwell/charge conservation enforced at the reduced-model level; global energy conservation tracked explicitly: ∫IΦgap dt = Erad + Ek + EPoynt + Epair (within numerical tolerance).
2.2 Pair-kinetics + radiative transfer module (stiff, opacity-regulated):
  • Evolve photon compactness ℓ(R,t) and pair density with γγ creation, annihilation, and adiabatic expansion.
  • Implement τγγ(E,R) and τT(R) consistently; emergent luminosity in each band computed at Rτ(E,t) where τγγ≈1 (and τT accounted for if relevant).
  • Output: time-dependent spectra including curvature/synchrotron (and optional IC if justified by seed photons).
2.3 Observable predictions (degeneracy-breaking set):
  • ΔtX onset and its energy dependence (if measurable);
  • hardness–intensity correlation during transparency sweep;
  • evolving high-energy cutoff Ecut(t) implied by τγγ;
  • weak or absent orbital-phase modulation for sufficiently symmetric outflow (noting Asset 1’s constraint that magnetospheric X-ray emission can be steady over orbital phase in analogous systems).
  Optional (future data product): polarization predictions from ordered-field curvature/synchrotron components, to be included only if any constraint exists.

SECTION 3 — PIC-anchored constitutive closure with explicit similarity parameters (portability-focused)
3.1 Define similarity/transfer invariants: The PIC library will be parameterized by a set of dimensionless control variables that govern dissipation and radiation in relativistic pair plasmas:
  • Magnetization σ ≡ B2/(4π n m c2) (pair plasma);
  • Guide-field ratio bg ≡ Bguide/Brec;
  • Radiation-reaction strength (synchro-curvature) parameter χrad capturing the ratio of radiative cooling time to acceleration time (implemented via dimensionless cooling compactness or via normalized electric field);
  • Compactness ℓ ≡ L σT/(4π R m_e c3) as the global coupling variable that we will match locally using photon density proxies;
  • Pair yield function Y(E∥,σ,χrad,ℓ) giving multiplicity injection per dissipated energy;
  • Geometry proxy: curvature-radius ratio ρc/λ (implemented via prescribed field curvature or a radiative loss term calibrated to curvature radiation), and reconnection rate proxy Erec/Brec.
3.2 PIC domain and uncertainty-aware interpolation:
  • We will explicitly delimit the PIC interpolation domain: (σ, bg, χrad, ℓ) spanning the regime where solutions are numerically stable and physically relevant; outside-domain calls will trigger conservative extrapolation bounds with widened uncertainty.
  • Closure outputs: (i) effective resistivity η_eff or I–V relation J∥(E∥), (ii) nonthermal particle spectral indices/cutoffs, (iii) radiative partition fractions (curvature vs synchrotron vs IC), (iv) pair yield and its variance.
  • Uncertainty: each table entry will carry emulator-ready uncertainty from finite-box effects and sampling; propagated through POREC via Monte Carlo or nuisance hyperparameters.
3.3 Similarity validation tests:
  • Withheld-parameter validation: intermediate σ and bg not used in calibration.
  • Box-size/scale-separation study: show convergence of the constitutive outputs with respect to skin-depth resolution and box aspect ratio.
  • Radiation-reaction consistency: verify that varying χrad at fixed σ and bg reproduces expected transitions from acceleration-limited to cooling-limited regimes.

SECTION 4 — Inference and identifiability-delimited deliverables
4.1 Bayesian inference with identifiability-aware parameterization:
  • Re-parameterize in terms of the combinations actually constrained by early data (from Section 0.4), e.g., A≡L0/Γ5 and B controlling Ecut(t), rather than naïvely sampling highly degenerate primitives.
  • Nested sampling for evidence among competing models.
4.2 Model comparison set:
  (A) POREC magnetosphere + pair-photosphere transparency sweep;
  (B) external-shock-only (as nuisance baseline);
  (C) jet prompt + external shock without magnetospheric precursor/opacity-regulated delay.
4.3 Parameter-recovery study (mandatory):
  • Create a synthetic-injection suite across plausible θ; recover posteriors with Swift-like cadence/latency; quantify which of {μ-effective, Edrv} are recoverable vs only their combination with Γ.
  • Report a “recoverability map” showing the region where magnetic moments/driver energy are identifiable; otherwise, explicitly downgrade deliverables to constraints on combinations (e.g., μ2 f(ι)/Z_eff).
4.4 EoS-linked driver attribution with non-uniqueness explicitly handled:
  • Treat driver energy as a mixture model: Eavailable = Ecrust (tidal shatter) + Eorb (unipolar-inductor Poynting extraction) + Epost (remnant winding/jet internal dissipation), with hyperparameters giving fractional contributions.
  • Use priors informed by compact-binary magnetospheric-flare efficiencies (Asset 2: ~20–40% conversion of crustal-shattering energy to flares) and by magnetospheric X-ray efficiency benchmarks in compact binaries (Asset 1).
  • Deliverable becomes: constraints on (Ecrust fraction) and consistency checks against Love-number-informed strain-energy budgets; only claim EoS discrimination if the posterior requires Ecrust exceeding allowed maxima across EoS families.

SECTION 5 — Validation, robustness, and falsification criteria
5.1 Energy and opacity closure tests: Ensure time-integrated outputs respect injected work and that predicted spectra do not violate τγγ constraints.
5.2 Falsifiable predictions (for GRB 050509b-class events / future short GRBs):
  • A transparency-sweep signature: evolving Ecut(t) and correlated hardness–intensity behavior within the first ~0.1 s.
  • Scaling: Δt ∝ L Γ−5 (to leading order in the analytic approximation), providing a population-level test when early X-ray onset times are available.
5.3 Connection to compact binaries: Compare inferred magnetospheric radiative efficiency (LX / Pcircuit) with double-pulsar-like efficiencies (Asset 1), and with flare conversion efficiencies in compact-binary magnetospheres (Asset 2), to check physical plausibility.

Milestones (sequence enforced):
M0 (Months 0–3): Complete Section 0 analytic scalings + synthetic identifiability study + gated go/no-go.
M1 (Months 3–6): Implement instrument-aware likelihood and minimal POREC without PIC (use bounded phenomenological closure) to test end-to-end inference.
M2 (Months 6–12): PIC similarity suite + closure tables with uncertainties.
M3 (Months 12–18): Full POREC+PIC inference on GRB 050509b; model comparison and deliverables.","1) Quantitative closure on the 30 ms delay: The revised plan front-loads an analytic derivation of Rτ≈1(E) and Δtobs (including whether diffusion matters) and explicitly maps the (L, Γ, β, εpk) envelope that yields ~30 ms. This directly addresses the reviewer’s concern that the central timescale claim lacked a scaling argument.

2) Identifiability and degeneracy control: We add a mandatory parameter-recovery study with Swift-like cadence/latency and then re-parameterize inference in terms of the combinations actually constrained (e.g., those entering τγγ and Δt). We also introduce additional opacity-linked observables (Ecut evolution, hardness–intensity correlations) rather than relying on a single delay point. This converts the ‘identifiability advantage’ into a demonstrated, falsifiable statement with a recoverability map.

3) Kinetic anchoring and PIC portability: The proposal now specifies the dimensionless similarity parameters (σ, bg, χrad, ℓ, pair yield, curvature proxy) that define the transfer from PIC to global circuit closure, and it commits to an explicit interpolation domain with uncertainty propagation and withheld-parameter validation. This directly targets the scale-separation and realism critique.

4) EoS-linked driver non-uniqueness: Instead of assuming a unique crustal channel, we treat the driver energy as a mixture of crustal, orbital, and post-merger reservoirs and only claim EoS discrimination when the posterior necessitates crustal energies incompatible with Love-number-informed maxima. This prevents overclaiming and aligns the EoS deliverable with what the data can support.

5) Empirical grounding: Magnetospheric X-ray emission at measurable efficiencies in compact binaries (Asset 1) supports a viable magnetospheric radiative channel, while compact-binary magnetospheric flare simulations with high conversion efficiency (Asset 2) motivate the availability of a strong electromagnetic pulse near merger. The proposal’s core novelty is to connect these to GRB-like compactness conditions where γγ opacity and pair loading are unavoidable regulators, yielding a predictive delay and spectral-evolution signature rather than a tuned efficiency.","This is an unusually sophisticated and internally self-aware proposal. Its strongest feature is the front-loaded analytic scaling and identifiability gate, which directly addresses the central timescale claim (~30 ms) and the degeneracy criticisms that typically undermine magnetospheric precursor models. The opacity-regulated delay mechanism is logically coherent and physically well-motivated, and the mapping from γγ opacity to observable spectral evolution is a genuine degeneracy breaker rather than a post hoc fit parameter. The main weaknesses are practical rather than conceptual: (i) GRB 050509b’s early-time XRT onset and spectral constraints are sparse and partially instrument-limited, which may cap the achievable identifiability even with the proposed Fisher/SBI gate; (ii) the full POREC+PIC machinery is complex enough that schedule and integration risk is nontrivial, despite the staged milestones; and (iii) the assumed isotropy and quasi-steady comoving photon field in the analytic scalings may break down for highly intermittent magnetospheric dissipation, potentially perturbing the clean Δt ∝ L Γ⁻⁵ scaling. These issues justify small score deductions but do not undermine the core scientific merit."
"The apparent universal broken power-law in repeating-FRB burst energy functions (break near ~10^38 erg in FAST catalogs for FRB 20201124A and FRB 20220912A) is not primarily a radiative-selection artifact but the statistical signature of a strain-limited, self-organized critical (SOC) failure process in a magnetar crust whose maximum avalanche size is set by nuclear-physics-controlled yielding and crust thickness (EoS dependent). The observed frequency-magnitude relationship emerges from SOC avalanche dynamics, while the break energy corresponds to the largest connected failure patch permitted by the crust’s elastic correlation length under strong magnetic stresses. We will test this with a structurally novel methodological adaptation: replace broken-power-law fitting and hierarchical selection modeling with a physics-closed, event-sequence inversion that (i) learns a latent, time-dependent stress field (a hidden-state variable) governed by a constrained stochastic differential equation (stress loading + threshold-triggered avalanches) and (ii) maps stress drops to radio energies through a magnetospheric conversion functional constrained by energy conservation and Alfvén crossing-time causality. This ‘SOC-state-space inversion’ uses burst times + energies jointly (not energies alone) to identify whether a true maximum avalanche scale exists, and directly translates the inferred maximum correlated failure area into neutron-star crust and EoS constraints. Plasma turbulence is treated as an independent, measurable propagation layer that perturbs polarization/RM statistics but cannot by construction generate a hard maximum avalanche size in the latent stress dynamics; thus, the method mechanistically discriminates intrinsic SOC break physics from propagation effects.","Step 1: Specific system setup or data preparation.
1.1 Assemble uniform burst event lists for FRB 20201124A and FRB 20220912A from FAST: arrival time, fluence, width, center frequency/bandwidth, polarization products where available, and per-burst detection threshold metadata; retain burst-to-burst time ordering precisely.
1.2 Convert fluence to isotropic-equivalent energy with uncertainty propagation (distance, bandpass, spectral index priors). Construct per-burst likelihoods that retain heteroscedastic energy errors and width-dependent detectability.
1.3 For FRB 20201124A, compute RM(t) and the RM structure function, explicitly decomposing the periodic geometric component (binary-orbit sightline modulation) from the stochastic component. Extract turbulence descriptors: RM variance level, correlation time/scale, and (if possible) inertial-range slope.
1.4 For FRB 20220912A, derive propagation proxies from dynamic spectra (scattering time vs frequency, scintillation bandwidth, depolarization trends) to obtain turbulence descriptors consistent in dimensionality with 1.3.

Step 2: Detailed implementation of the adapted methodology.
2.1 Build a SOC state-space generative model for crustal stress.
- Latent state: a global or multi-zone stress variable x(t) representing magnetically loaded shear stress in the crust.
- Loading: dx/dt = \dot{x}_load + \sigma_x dW_t (slow drive), with \dot{x}_load constrained by magnetar spin-down/magnetic evolution timescales.
- Failure rule: when x(t) exceeds a yield threshold x_c (distributed across zones), an avalanche occurs, producing a stress drop \Delta x drawn from an SOC kernel with finite-size cutoff determined by the maximum correlated rupture area A_max.
- Crucial adaptation: A_max is not a free statistical break; it is parameterized as A_max = f(R, \Delta R_crust, \mu, \sigma_break, B) with explicit dependence on crust thickness \Delta R_crust and shear modulus \mu from candidate EoS, and breaking strain \sigma_break from nuclear pasta/microphysics priors.

2.2 Map stress drops to radio burst energies with physical closure.
- Radiated energy model: E_radio = \eta \; E_elastic(\Delta x, A, \Delta R_crust), where E_elastic is computed from elastic theory (shear energy density integrated over rupture volume), and \eta is a bounded conversion efficiency constrained by magnetospheric energetics.
- Causality constraint: impose a hard prior that burst duration/energy release is limited by Alfvén crossing time t_A \sim L/v_A and magnetospheric impedance, ruling out unphysical combinations of (A, \Delta x, E_radio) for given B and density profile.
- This creates a mechanistic guarantee: an apparent energy break can only arise from a finite A_max (intrinsic) or from a change in \eta(E) that is itself bounded by magnetospheric physics, not from arbitrary piecewise power-law fitting.

2.3 Observation model that is propagation-aware but non-degenerate with the intrinsic cutoff.
- Use a detection model based on measured widths and telescope sensitivity: P(detect|E_radio, W, \nu) from radiometer equation and pipeline thresholds.
- Incorporate plasma-turbulence effects only through independently constrained nuisance parameters that modify observed width/polarization (e.g., scattering broadening, depolarization), with priors anchored by RM structure-function/turbulence proxies (Steps 1.3–1.4).
- Structural novelty: propagation enters only the measurement channel; the latent SOC dynamics are inferred primarily from joint timing+energy statistics (including waiting-time distributions and energy–waiting-time correlations), which turbulence cannot reproduce.

2.4 Inference engine: constrained sequential Monte Carlo (SMC) with physics-projectors.
- Implement particle filtering / particle MCMC for the thresholded jump-SDE with avalanches, using “physics-projectors” that reject particles violating (i) energy conservation bounds between E_elastic and E_radio, (ii) causality via t_A, and (iii) EoS-causality (sound speed < c) and maximum-mass constraints for the adopted EoS family.
- Fit both sources jointly with shared microphysical hyperparameters (e.g., \sigma_break distribution, \eta prior family) and source-specific B-field/environment parameters.

Step 3: Rigorous validation and analytical framework.
3.1 Synthetic recovery with controlled ground truth.
- Generate mock catalogs from the SOC state-space model across a grid of (\Delta R_crust, \sigma_break, B, A_max) and add turbulence-like measurement distortions consistent with RM SF statistics. Verify unbiased recovery of A_max and EoS-linked parameters.
- Show that broken-power-law fits (baseline) spuriously recover a “universal break” even when A_max differs, whereas the SOC inversion recovers the correct source-to-source variation (or true universality).

3.2 Mechanistic discrimination tests.
- Compare models: (M1) intrinsic SOC with finite-size cutoff A_max; (M2) SOC without finite-size cutoff but with stronger propagation/detection truncation; (M3) purely phenomenological broken power law.
- Use Bayes factors / marginal likelihood via SMC, plus posterior predictive checks on: waiting-time distribution, clustering, energy–waiting-time coupling, and high-energy tail behavior.

3.3 Nuclear-physics/EoS translation.
- From posterior on A_max and elastic parameters, infer credible regions for \Delta R_crust and \mu, mapping onto EoS families consistent with causality and 2 M_sun constraints.
- Quantify how strongly the inferred maximum avalanche size constrains breaking strain \sigma_break and the presence/extent of nuclear pasta layers.

3.4 Cross-observable validation with FRB 20201124A turbulence diagnostics.
- Verify that inferred propagation nuisance parameters reproduce observed RM SF stochastic amplitude and depolarization/scattering trends, without shifting the inferred intrinsic A_max.
- Use the binary geometric RM component as an external consistency check: ensure orbital-phase-dependent RM changes do not correlate with inferred intrinsic stress state (a falsifiable non-correlation prediction if the break is intrinsic).

3.5 Robustness and reproducibility.
- Ablation: fit timing-only, energy-only, and joint timing+energy; demonstrate that only the joint SOC inversion stably identifies a finite-size cutoff.
- Release an open, unit-tested inference code and simulated catalogs covering expected FAST selection functions.","1. Theoretical/Empirical Basis: FAST provides exceptionally large burst samples (e.g., 1,076 bursts for FRB 20220912A in 8.67 hr) enabling high-order statistics beyond energy histograms, including waiting-time and clustering measures central to SOC dynamics. Existing reports of broken power-law energy functions and earthquake-like frequency-magnitude behavior motivate an SOC/avalanche mechanism, while RM structure-function analyses for FRB 20201124A provide empirical turbulence descriptors to constrain propagation as a measurement effect.
2. Transfer Logic (How the adaptation fits the domain): The SOC-state-space inversion enforces conservation laws (elastic-to-radiative energy budget), causality (Alfvén crossing-time constraints), and nuclear-physics structure via EoS-dependent crust thickness and shear modulus. It directly targets high-energy astrophysics and nuclear physics by mapping an observable (maximum avalanche energy scale) onto crust microphysics and EoS families, rather than treating burst energies as black-box draws from a broken power law.
3. Comparative Advantage: Unlike standard broken-power-law or completeness-corrected fits, the proposed method uses joint time–energy statistics and a thresholded dynamical mechanism that uniquely predicts correlations (clustering, energy–waiting-time coupling) and a finite-size cutoff tied to crust physics. Plasma turbulence is incorporated only in the observation channel with externally anchored priors, preventing degeneracy where propagation can masquerade as an intrinsic cutoff. This yields physically interpretable posteriors on crust yielding and EoS parameters that phenomenological energy-function fitting cannot provide.","This is an unusually sophisticated and technically ambitious proposal that demonstrates deep familiarity with FRB phenomenology, SOC theory, neutron-star crust physics, and modern Bayesian inference. The logical chain from observed broken power-law behavior to a finite-size SOC cutoff controlled by crustal microphysics is internally consistent and well motivated. The key strength is the explicit closure between latent stress dynamics, elastic energy release, magnetospheric conversion, and observation, which directly addresses the degeneracy between intrinsic physics and selection/propagation effects. Engineering resolution is high, with concrete steps for data preparation, generative modeling, inference, and validation. The main weaknesses are (i) the extreme computational and identifiability burden of particle MCMC for a thresholded jump-SDE with many tightly constrained physics projectors, which risks posterior degeneracy between A_max, conversion efficiency η, and stress-drop statistics; and (ii) the assumption that a low-dimensional (global or few-zone) stress variable can faithfully encode the spatial complexity of crustal yielding without biasing inferred A_max. These issues do not undermine feasibility but warrant modest score deductions."
"A single microphysical control parameter—time-dependent effective rigidity set by crustal yield plus core phase-transition-driven moment-of-inertia anomalies—simultaneously shapes (i) the waiting-time distribution of impulsive magnetar energy releases and (ii) the degree of one-sided (asymmetric) relativistic ejecta that produces the observed expansion/deceleration in the SGR 1806-20 radio afterglow; the same parameter predicts a population-level spin-evolution “waiting-time pile-up” in accreting Z sources when they traverse a deconfinement critical line. Methodological adaptation: we will modify standard Bayesian hierarchical inference of transient outflows by replacing ad hoc priors/likelihoods with a physics-constrained, piecewise-deterministic state-space model whose latent state evolves under torque balance (for Z sources) and magnetic stress accumulation (for magnetars), but whose jump (burst/flare) hazard and ejecta anisotropy are jointly generated by an EOS- and phase-transition-aware constitutive law that enforces causality, energy-momentum conservation, and TOV-consistent compactness. Mechanism: (1) near a deconfinement transition, dI/dΩ changes sign/steepness, producing a spindown “stall” (enhanced waiting time) in Z sources; (2) the same stiff/soft response of dense matter controls how quickly magnetic/elastic stresses reach yield, setting a non-Poisson (approximately lognormal) waiting-time distribution; (3) once yield occurs, asymmetric slip localized to one hemisphere launches a momentum-imbalanced outflow whose centroid proper motion and anisotropic expansion follow directly from the conserved impulse imparted to the external shock, explaining SGR 1806-20’s 0.26c centroid motion and contemporaneous expansion deceleration.","Step 1: Specific system setup or data preparation.
1.1 Compile Z-source timing/spectral tracks for a representative sample (including known Z sources with long-term spin/torque proxies where available), extracting segment-wise torque indicators and constructing empirical “residence time” (waiting time) along the Z track (HB/NB/FB) with uncertainty.
1.2 Compile SGR 1806-20 burst catalog waiting times (including the active 2003–2004 phase) and the 2004 giant flare radio afterglow observables: time series of angular size (major/minor axes), centroid proper motion, flux evolution, polarization fraction/angle.
1.3 Define a family of dense-matter EOS parameterizations that explicitly include/omit a first-order deconfinement transition (e.g., spectral or piecewise-polytrope for hadronic sector + constant-sound-speed quark sector), enforcing: (i) dp/dε <= c^2 (causality), (ii) thermodynamic stability, (iii) TOV maximum mass >= 2 Msun, and (iv) continuity conditions at the transition.

Step 2: Detailed implementation of the adapted methodology.
2.1 Adaptation A (physics-constrained hazard model): Build a piecewise-deterministic Markov process (PDMP) latent state x(t) = {Ω(t), B(t), σ(t), I(Ω;EOS), Q(t)} where σ is crustal stress proxy and Q indicates proximity to a phase boundary. Between events, evolve deterministically:
- Accreting Z sources: dΩ/dt = [N_acc(Ṁ,Z-state) - N_mag(Ω,B)]/I(Ω;EOS) with I computed from TOV+Hartle-Thorne slow-rotation or calibrated GR fits; include deconfinement-induced I(Ω) nonlinearity.
- Magnetar: dσ/dt = F(B,Ω,thermal state) representing stress accumulation from magnetic field evolution and spin-down.
Events occur with hazard λ(t) = λ0 * exp[g(σ/σ_y(EOS), dI/dΩ, thermal proxy)], where σ_y is EOS-dependent yield threshold (effective rigidity), producing non-Poisson waiting times.
2.2 Adaptation B (impulse-conserving asymmetric outflow module): Replace standard isotropic afterglow fits with an anisotropic thin-shell shock model where the ejecta momentum distribution is expanded in low-order spherical harmonics and truncated to a dipole+quadrupole consistent with observed 2:1 axis ratio. Enforce global energy-momentum conservation: total impulse P_ej and energy E_ej satisfy E_ej >= P_ej^2/(2M_ej) and shock evolution obeys d(M_sw v)/dt = -dP_rad/dt with radiative losses bounded. Couple the dipole amplitude to the same yield variable that sets λ(t): A1 ∝ (localized slip fraction) = h(σ/σ_y).
2.3 Joint hierarchical inference: Fit Z-source residence-time data + magnetar waiting-time series + SGR 1806-20 radio morphology/centroid/polarization using a single hyperparameter set controlling EOS (including transition strength), σ_y(EOS), and mapping coefficients. Use Hamiltonian Monte Carlo with constrained parameter transforms to guarantee causality/TOV constraints; compute I(Ω) and compactness self-consistently per EOS draw.
2.4 Posterior predictive checks targeted to the chain: predict (i) enhanced waiting times/pile-up region for Z sources near the critical line, (ii) lognormal-like waiting-time statistics for SGR bursts with parameter drift during active phase, (iii) synchronized centroid motion + expansion deceleration for the giant flare afterglow when dipole impulse dominates, and (iv) polarization evolution consistent with an elongated, one-sided shock.

Step 3: Rigorous validation and analytical framework.
3.1 Model comparison: Bayes factors / information criteria between (i) no phase transition vs transition EOS families, and (ii) isotropic vs impulse-conserving anisotropic outflow, and (iii) memoryless Poisson hazard vs PDMP hazard.
3.2 Identifiability and robustness: synthetic-data injection studies varying distance, ambient density gradients, and observational cadence to confirm recovery of transition-induced dI/dΩ features and outflow dipole amplitude.
3.3 Physical consistency audits: verify energy budget against observed GF energetics; ensure inferred ejecta mass/energy do not violate magnetar magnetic free energy; ensure inferred Z-source torque histories remain consistent with accretion luminosity bounds.
3.4 Falsifiable predictions: (i) Z sources should cluster in residence time at luminosities/track positions corresponding to Ω where dI/dΩ anomalies occur; (ii) magnetars with stronger inferred anisotropy in radio afterglows should exhibit broader/heavier-tailed waiting-time distributions during active phases; (iii) if future magnetar GFs show smaller centroid motion, the model predicts correspondingly reduced dipole impulse and a measurable shift toward more Poisson-like waiting times.","1. Theoretical/Empirical Basis: Asset 1 provides a concrete mechanism for increased waiting time in Z sources via moment-of-inertia changes across deconfinement transitions; Asset 5 provides high-quality constraints on asymmetric outflow, centroid proper motion, and decelerating expansion in SGR 1806-20; Assets 2–3 ground waiting-time and sub-thermal-timescale dynamics in neutron-star contexts, motivating a non-Poisson hazard tied to internal stress/transfer processes.
2. Transfer Logic (How the adaptation fits the domain): The key adaptation is replacing phenomenological waiting-time fits and isotropic afterglow models with a single EOS-aware PDMP + impulse-conserving anisotropic shock model. This directly encodes domain constraints (TOV structure, causality, conservation laws) into the inference architecture, rather than learning black-box correlations.
3. Comparative Advantage: Standard approaches separately fit burst waiting times (often purely statistical) and radio afterglows (often isotropic or weakly anisotropic) and treat Z-source clustering as independent phenomenology. The proposed joint, physics-constrained state-space model links all three through a mechanistic latent variable (EOS/rigidity/phase-transition control), enabling stronger EOS discrimination and providing cross-validation: EOS parameters must simultaneously explain Z-source residence-time pile-ups and SGR 1806-20’s asymmetric expansion/centroid motion. This multi-dataset constraint should sharply reduce degeneracies (e.g., ambient density vs energy vs anisotropy) that limit current inferences.","This is an ambitious, technically sophisticated proposal that tightly integrates neutron-star EOS physics, timing statistics, and relativistic outflow dynamics. The strongest aspect is the explicit enforcement of causality, TOV consistency, and energy–momentum conservation directly inside the inference architecture, which is rarely attempted and represents a genuine methodological advance. The logical chain linking deconfinement-induced dI/dΩ anomalies to Z-source residence-time pile-ups is sound and grounded in prior spin-evolution theory. Likewise, the impulse-based explanation of the SGR 1806-20 centroid motion is physically credible and better constrained than ad hoc anisotropy parameters.

Score deductions arise primarily from identifiability and empirical leverage concerns. Long-term torque proxies for Z sources are sparse and indirect, raising the risk that inferred waiting-time pile-ups may be weakly constrained relative to the EOS hyperparameters. The assumption that a single effective rigidity/yield parameter can quantitatively control both crustal failure statistics in magnetars and accretion-driven spin evolution in Z sources, while not inconsistent, remains only partially justified at the microphysical level and may introduce degeneracies that even joint inference cannot fully break. Finally, the PDMP hazard functional form, though physically motivated, introduces multiple coupled nonlinear dependencies whose uniqueness of inference is not yet demonstrated."
"Neutron star–black hole (NSBH) coalescences produce detectable electromagnetic (EM) counterparts primarily when the neutron star is tidally disrupted outside the black hole ISCO, and that same disruption changes (i) the remnant/ejecta properties that power kilonova/afterglow emission and (ii) the terminal gravitational-wave (GW) signal morphology at high frequencies. The key methodological claim is not that a >700 Hz “cutoff” is always measurable, but that a rigorously specified, bias-controlled generative model—explicitly separating a latent disruption state D and ejecta properties E—enables two complementary inference pathways: (A) a conservative GW-only pathway where disruption affects inference only through EoS-consistent priors and (when identifiable) a statistically validated high-frequency disruption component, and (B) a GW+EM pathway where EM data constrain E (and thus D) without double-counting NR fits. This architecture overcomes reviewer-noted risks by (1) enforcing conditional-independence structure so NR-calibrated mappings are used once via shared latent variables rather than twice as pseudo-independent evidence, (2) activating the waveform-level disruption imprint only in a quantified identifiability regime (network/SNR/bandwidth threshold) that is robust to calibration and known waveform systematics (precession, higher modes, PSD uncertainty), and (3) improving follow-up efficiency primarily via physically consistent reweighting of distance–inclination and q–spin–EoS degeneracies into an explicit sky-dependent detectability map, rather than claiming unconditional localization area reductions. The measurable outcome is a ranked, telescope-specific EM detectability sky map and a set of preregistered ablation results that state exactly when (and why) EoS constraints, disruption-imprint waveform terms, and EM coupling improve 3D localization and reduce false-positive follow-up burden for HLV/HKLV/HIKLV networks.","Step 0 — Define a bias-controlled generative model (graphical model + factorized likelihood).
0.1 Latent variables and observed data.
- Intrinsic binary parameters: θ_int = {m_NS, m_BH, χ_BH (magnitude), tilt β, spin azimuth, (optionally) χ_NS}, extrinsic parameters: θ_ext = {α, δ, d_L, ι, ψ, t_c, φ_c}.
- Neutron-star EoS hyperparameters: ϕ_EoS via spectral parameterization; derived NS structure: {R(m_NS), C(m_NS), Λ(m_NS)}.
- Latent disruption state: D ∈ {0,1} (non-disruptive / disruptive).
- Latent ejecta and remnant properties: E = {M_ej, v_ej, X_lan (or Y_e), disk mass M_disk, polar/equatorial partition}, and jet/afterglow parameters J (optional): {E_jet, θ_j, n_ISM, ε_e, ε_B}.
- Observables: GW strain data d_GW from detector network; EM photometry/spectra/upper limits d_EM with cadence/censoring.

0.2 NR-informed maps as conditional distributions (used once).
- Disruption probability model: p(D=1 | θ_int, ϕ_EoS, κ_NR) where κ_NR indexes an NR-fit family; built from R_tid/R_ISCO with a calibrated transition width. This is not a delta-function threshold; it is a probabilistic classifier with uncertainty.
- Ejecta model: p(E | D, θ_int, ϕ_EoS, κ_NR) (NR-calibrated fits + intrinsic scatter).
- EM radiative-transfer surrogate: p(d_EM | E, θ_ext, κ_RT) with κ_RT an RT/surrogate family index; includes detection/non-detection likelihood with survey depth and cadence.

0.3 GW likelihood with optional disruption-imprint component under identifiability gating.
- Baseline: p(d_GW | θ_int, θ_ext, ϕ_EoS, κ_wf, κ_cal, κ_PSD) using waveform family κ_wf (including precession/higher modes variants) and calibration/PSD nuisance parameters.
- Disruption-imprint augmentation: introduce a physically motivated spectral modification S(f; θ_int, ϕ_EoS, D, κ_NR) applied only if the data support it (see Step 2). Importantly, the imprint’s amplitude is not freely fit without penalty: it is tied to θ_int and ϕ_EoS through D with explicit uncertainty.

0.4 Full joint posterior with selection effects.
Write the hierarchical posterior (schematically):

p(θ_int, θ_ext, ϕ_EoS, D, E, κ_NR, κ_RT, κ_wf, κ_cal, κ_PSD | d_GW, d_EM, S_GW, S_EM)
∝ p(d_GW | θ_int, θ_ext, ϕ_EoS, D, κ_NR, κ_wf, κ_cal, κ_PSD)
  × p(d_EM | E, θ_ext, κ_RT)
  × p(E | D, θ_int, ϕ_EoS, κ_NR)
  × p(D | θ_int, ϕ_EoS, κ_NR)
  × p(θ_int, θ_ext) p(ϕ_EoS) p(κ_NR) p(κ_RT) p(κ_wf) p(κ_cal) p(κ_PSD)
  × [α_sel(θ_int, θ_ext, E)]^{-1}.

Selection factor α_sel accounts for:
- GW selection: P(det_GW | θ_int, θ_ext, κ_PSD, network) via injection-based efficiency or semi-analytic SNR thresholding.
- EM selection (if conditioning on EM-triggered follow-up or detection): P(followed-up/identified | sky position, depth, cadence, host extinction) and censoring via upper limits.

This factorization prevents double-counting: NR information enters only through p(D|…) and p(E|D, …) (shared latent variables), while GW and EM data contribute through separate likelihoods p(d_GW|…) and p(d_EM|…).

Step 1 — Data/model assembly with explicit domain coverage and OOD safeguards.
1.1 Simulation suite.
- Generate NSBH populations over q = m_BH/m_NS, BH spin magnitude |χ_BH|, tilt β, m_NS, sky position, distance, inclination; ensure coverage matching expected detection-weighted priors.
- Include networks HLV, HKLV, HIKLV; use realistic PSDs and calibration envelopes; include multiple epochs if relevant.

1.2 EoS prior with hard constraints.
- Spectral EoS parameterization p(ϕ_EoS) with constraints: causality (c_s ≤ c), thermodynamic stability (dP/dε > 0), M_max ≥ 2.0 M☉, continuity to low-density nuclear-theory constraints.
- Compute derived Λ(m_NS), C(m_NS) with uncertainty propagation.

1.3 NR-fit families and training-domain documentation.
- Curate multiple NR-based fit families κ_NR for (i) disruption criteria/classifier, (ii) ejecta/disk mass fits.
- For each κ_NR, explicitly record training domain bounds in (q, |χ_BH|, β, m_NS, EoS compactness range) and published uncertainties.

1.4 Out-of-distribution (OOD) diagnostics and conservative fallback.
- Implement an OOD score for each posterior sample (e.g., distance to convex hull / density under a normalizing-flow trained on fit-domain coordinates).
- Policy: if OOD probability exceeds a preregistered threshold (e.g., >5% posterior mass OOD), automatically (a) widen NR-fit scatter, (b) downweight disruption-imprint contribution, and (c) revert to baseline GW PE for low-latency products while flagging “extrapolation” status.

Step 2 — Quantify identifiability of the high-frequency disruption imprint before using it.
2.1 Competing hypotheses and nested models.
- H0: no disruption imprint in GW (baseline waveform with tides/precession/higher modes as appropriate).
- H1: disruption imprint present with D-linked spectral modification S(f), including calibrated uncertainty.
Compute Bayes factors B_10 and/or posterior odds for D using reversible-jump MCMC or product-space methods.

2.2 Fisher and injection-based Bayes-factor studies across systematics.
- Vary network (HLV/HKLV/HIKLV), SNR, effective bandwidth, inclination, calibration uncertainty, PSD uncertainty.
- Include waveform systematics: compare κ_wf families that add precession and higher modes; include alternative tidal prescriptions.
- Output: a preregistered “recoverability map” in (SNR, f_high, q, |χ_BH|, β) giving probability of correctly identifying imprint (true positive at fixed false-alarm).

2.3 Explicit activation threshold.
- Define a decision rule for enabling disruption-imprint inference in low latency, e.g.:
  - require network SNR ≥ 25 AND effective bandwidth such that cumulative SNR above 600–800 Hz exceeds a threshold (computed per event), AND Bayes factor ln B_10 ≥ 3 under calibration/PSD-marginalized analysis.
- If threshold not met, enforce imprint-off (H0) and restrict disruption information to prior-level physics (EoS + disruption probability) and/or EM data.

Step 3 — Inference architecture for localization and EM detectability without biasing GW likelihood.
3.1 Two-stage, bias-controlled pipeline.
Stage A (GW-only baseline):
- Perform standard PE with calibration/PSD marginalization; obtain posterior samples over θ_int, θ_ext, ϕ_EoS (if doing EoS-aware priors) under H0.

Stage B (physics-informed reweighting + optional imprint term):
- Reweight GW posterior samples by p(D|θ_int,ϕ_EoS,κ_NR) and (if imprint is activated) by the validated likelihood ratio from H1/H0 computed consistently (not by injecting an ad hoc penalty).
- This “reweighting” does not alter the GW likelihood; it updates the posterior via an explicit hierarchical prior/mixture model.

3.2 EM coupling and counterpart detectability map.
- For each posterior sample, draw (or marginalize) E ~ p(E|D, θ_int, ϕ_EoS, κ_NR).
- Generate predicted light curves via RT surrogate family κ_RT and compute detection likelihoods for specific facilities/cadences; incorporate non-detections as censoring constraints.
- Produce sky-pixel products:
  - P_det_EM(Ω) = ∫ P(det | E, d_L, ι, Ω, instrument) p(E, d_L, ι | Ω, d_GW, …) dE dd_L dι.
This yields a ranked detectability sky map over the GW localization region (not merely smaller contours).

3.3 Treatment of distance–inclination and q–spin–EoS degeneracies.
- Quantify when disruption information breaks degeneracies by reporting mutual information / KL divergence between baseline and updated posteriors in {d_L, ι} and {q, χ_BH, C}.
- Report changes in searched volume and in the posterior mass at small d_L (relevant for EM brightness) rather than only 2D sky area.

Step 4 — Preregistered ablations and validation metrics (mandatory).
4.1 Ablation matrix (preregistered).
(A) EoS-constrained priors only: enforce p(ϕ_EoS) constraints; no disruption imprint; EM not used.
(B) Waveform disruption-imprint only: allow H1 vs H0 with identifiability gating; EoS fixed/broad; EM not used.
(C) EM coupling only: baseline GW PE + p(D|…) + p(E|…) + RT surrogate to make detectability maps; no imprint term.
(D) Full model: (A)+(B)+(C) with OOD safeguards.

4.2 Metrics.
- Localization: 2D area (90% credible), 3D volume (90%), “searched volume–time” for follow-up.
- EM follow-up utility: counterpart recovery fraction at fixed telescope time; expected number of unrelated transients followed (false-positive burden) under realistic transient rates.
- Bias checks: coverage tests (credible interval calibration) for sky position, distance, inclination.

4.3 Robustness to systematics.
- Repeat with multiple κ_wf waveform families (including precession/higher modes) and multiple κ_NR and κ_RT families; marginalize over κ indices or report sensitivity.
- Calibration/PSD uncertainty: include nuisance parameters; verify the imprint Bayes factor is not spuriously driven by calibration residuals.

Step 5 — Low-latency implementation with conservative fallbacks.
5.1 Deliverable products within minutes–hours.
- Product 1: standard GW skymap (baseline).
- Product 2: EM detectability skymap computed by rapid reweighting + surrogate evaluation, with flags:
  - “imprint activated: yes/no”,
  - “NR-fit OOD: low/medium/high”,
  - “dominant uncertainty source: calibration/PSD/waveform/NR-fit”.

5.2 Reduced-order acceleration.
- Precompute surrogate tables for p(D|θ_int,ϕ_EoS) and p(E|D,θ_int,ϕ_EoS) with uncertainty; use normalizing-flow emulators for rapid sampling.
- Ensure that when OOD is detected, the pipeline defaults to baseline GW+generic kilonova priors (broad, not NR-fit extrapolation) to avoid overconfident guidance.","Addressing (i) high-frequency over-optimism: The revised plan does not assume the >700 Hz disruption imprint is generically measurable. It is treated as a model selection problem (H1 vs H0) with preregistered activation thresholds derived from Fisher + injection Bayes-factor studies across HLV/HKLV/HIKLV, calibration envelopes, PSD uncertainty, and competing waveform systematics (precession/higher modes/tidal modeling). When the data are not informative, the imprint term is turned off and the method falls back to conservative EoS-consistent priors and/or EM constraints.

Addressing (ii) circularity/double-counting: The proposal now specifies an explicit graphical model with a latent disruption state D and ejecta variables E, and a full joint posterior factorization where NR fits appear only in p(D|…) and p(E|D, …). GW and EM data enter through separate likelihoods p(d_GW|…) and p(d_EM|…), ensuring NR-calibrated relationships are not used twice as independent evidence. Model-index marginalization over NR-fit families κ_NR and RT surrogate families κ_RT further prevents single-fit overconfidence.

Addressing (iii) inference architecture and localization modification: Localization is not “modified” by ad hoc penalties; instead, sky-distance posteriors are updated via hierarchical priors and, only when validated, a properly constructed likelihood ratio between H1/H0. The method reports improvements in 3D searched volume and EM-relevant distance posteriors, and quantifies degeneracy breaking via information gain metrics, avoiding the appearance of merely sharpening by informative priors.

Addressing (iv) NR-fit/emulator domain limitations: The plan explicitly documents training-domain bounds for each NR-fit family and implements out-of-distribution diagnostics with conservative fallback behavior (inflated scatter, downweighted imprint contribution, or reversion to baseline PE). Robustness is validated by repeating analyses across multiple NR-fit families and waveform models including precession and higher modes, with calibration/PSD marginalization.

Empirical grounding and network context: The localization context (e.g., median ~60 deg² with HLV improving to ~11 deg² with HIKLV for NSBH populations) motivates that follow-up success is often limited by 3D volume and counterpart detectability rather than sky area alone. The revised deliverable—ranked EM detectability maps over the GW localization region—directly leverages that network-driven localization improvement while remaining conservative about additional gains from high-frequency disruption signatures.","Methodologically, the proposal is unusually well-specified for a multi-messenger NSBH problem: it defines latent variables, likelihood factorization, selection effects, model-index marginalization, OOD safeguards for NR-fit extrapolation, and preregistered ablations/metrics. The main score deductions are (i) the disruption-imprint augmentation S(f) is described at the architectural level but remains under-defined as a concrete, waveform-consistent parameterization (e.g., how it interfaces with existing IMR+tides models without absorbing calibration/PSD/waveform-systematic mismodeling, and what priors/regularization guarantee identifiability beyond Bayes-factor thresholds), (ii) the separation between ‘reweighting’ and a fully coherent joint inference is potentially fragile—if the imprint is activated, the proposal should demonstrate equivalence (or controlled approximation error) between staged reweighting and a single-pass hierarchical PE to avoid hidden inconsistencies in the posterior over extrinsic parameters relevant for localization, and (iii) the EM side is strong conceptually but underspecified in terms of validated RT-surrogate error models across viewing-angle/lanthanide fraction/cadence regimes; without explicit surrogate validation and uncertainty inflation rules, the detectability map could become overconfident. Scientifically, the causal chain from coalescence → disruption → ejecta → EM counterpart is sound, and the emphasis on improving follow-up efficiency via detectability ranking (not merely shrinking sky area) is logically consistent and well-aligned with network-localization realities."
"In accreting millisecond pulsars (AMXPs) exhibiting thermonuclear (Type I) X-ray bursts, a bare strange star (BSS) surface produces a quantitatively predictable, line-free, energy-dependent suppression of emergent photons below an electrosphere/plasma-frequency scale. This suppression is set by QCD-motivated strange-quark-matter boundary conditions plus a surface electron layer (“electrosphere”) and pair plasma, yielding a smooth but non-atmospheric spectral turn-on that is (i) nearly Planckian at E \gg E_p but (ii) systematically under-luminous relative to a pure blackbody at E \lesssim E_p, where E_p \approx \hbar\omega_p with a temperature-, chemical-potential-, and magnetic-field-dependent width controlled by pair opacity and electron degeneracy. The decisive signature is not merely a curvature extremum in log-flux space, but a *jointly constrained* triad: (A) a microphysically predicted emissivity turnover parameter vector \(\theta_{BSS} = \{\omega_p(T,\mu_e,B),\,\tau_{\pm}(T,B),\,\Delta(T,B)\}\) with error bands propagated from ab initio emissivity calculations; (B) a rotation-imprinted, phase-dependent Doppler modulation of the *turnover parameters* at the spin frequency measured by burst oscillations (energy-dependent harmonic content); and (C) a peak-luminosity ceiling derived from surface boundary-condition transport (conductivity-dominated) rather than atmosphere opacity/Eddington balance. This refined approach overcomes the identifiability failure modes raised by the reviewers by (1) replacing ill-conditioned curvature second-derivatives with response-native forward-model coefficients whose basis functions are matched to the electrosphere emissivity shape; (2) expanding the null to a physically comprehensive atmosphere+Comptonization+reflection+persistent-evolution model family that includes calibration and effective-area systematics; (3) enforcing that the BSS model’s turnover parameters follow *microphysics-driven* temperature and magnetic-field scalings during the burst rise/peak (not free per-bin flexibility), thereby preventing “kink-like” features from being absorbed by arbitrary nuisance evolution; and (4) proving detectability of the rotation–turnover coupling and the ceiling shift via simulation/Fisher forecasts at instrument-specific count-rate and resolution thresholds.","Step 0 — Source/sample definition and instrument stratification (links Assets 1–3):
0.1 Target sample: AMXPs and burst-oscillation sources with well-measured spin (\(\nu_{spin}\)) and multiple bursts spanning \(\beta=L_{peak}/L_{pers}\) (Asset 1), including at minimum SAX J1808.4−3658, Aql X-1 (burst oscillations), and additional AMXPs with NICER coverage. Explicitly include bursts with and without obvious cooling tails to ensure the method remains valid in high \(L_{pers}\) regimes (Asset 1).
0.2 Instrument tiers and expected leverage:
  - RXTE/PCA: high throughput, modest resolution; strongest for timing/harmonics; turnover detectability relies on count statistics.
  - NICER: superior soft-band response (0.2–12 keV) and calibration; strongest for low-energy turnover constraints.
  - NuSTAR: hard-band leverage (3–79 keV) to constrain weak Compton tails and reflection; used to suppress false-positive turnovers.
0.3 Define required data products per burst segment: rise, peak, early decay; event-mode for timing; strictly contemporaneous persistent emission windows for modeling persistent evolution.

Step 1 — First-principles electrosphere emissivity with error bands (Mandatory Directive #1; links Asset 4):
1.1 Physical model components (ab initio surrogate, not phenomenology):
  - Strange-quark-matter surface at temperature \(T\) with electron chemical potential \(\mu_e\) determined by charge neutrality; electrosphere electron density profile \(n_e(z)\) from a Thomas–Fermi treatment; strong-field QED corrections included for \(B\gtrsim10^{9-10}\,G\) if relevant.
  - Plasma frequency profile \(\omega_p(z)=\sqrt{4\pi e^2 n_e(z)/m_e^*}\) with relativistic/degenerate corrections.
  - Pair layer: \(e^\pm\) density \(n_{\pm}(T,B)\) from detailed balance; compute effective scattering depth \(\tau_{\pm}(E,T,B)\) including Klein–Nishina reduction at high E.
1.2 Emissivity calculation (deliverable: \(\epsilon_{BSS}(E;T,\mu_e,B)\) with uncertainty):
  - Compute emergent intensity using a slab transfer approximation anchored to microphysics:
    \[F_E \propto \int d\Omega\, I_E(\mu)\,\Rightarrow\, I_E \approx \epsilon_{BSS}(E)\,B_E(T)\]
    where \(\epsilon_{BSS}(E)\) arises from suppression of EM modes with \(\omega<\omega_{p,eff}\) and from energy-dependent escape through the pair-electrosphere.
  - Parametrize \(\epsilon_{BSS}\) with a *microphysics-anchored* 3–4 parameter family with priors derived from the above calculations, not free fits:
    \[\epsilon_{BSS}(E)=\left[1+\exp\left(-\frac{\ln(E/E_p(T,\mu_e,B))}{\Delta(T,B)}\right)\right]^{-1}\times\exp[-\tau_{\pm}(E,T,B)]\]
    where \(E_p\equiv\hbar\omega_{p,eff}\) and \(\Delta\) captures the physical broadening from gradients in \(\omega_p(z)\) and pair scattering. Provide tabulated grids \(\epsilon_{BSS}(E)\) across \(T\in(1,3)\,keV\), plausible \(\mu_e\) ranges, and \(B\) ranges, with Monte-Carlo propagated uncertainty bands from microphysical inputs (EOS parameters, electrosphere profile, pair opacity).
1.3 Temperature/magnetic-field evolution constraint (critical for identifiability):
  - Enforce during a burst that \(E_p\) and \(\Delta\) evolve with \(T(t)\) according to the microphysical grid interpolation (hyperprior), rather than arbitrary per-time-bin evolution. This directly addresses the critique that atmospheres can “fake” smooth curvature extrema when given enough freedom.

Step 2 — Expanded null model: atmosphere + Comptonization + reflection + persistent evolution + calibration (Mandatory Directive #2):
2.1 Atmosphere emission model family (physics-complete null):
  - Use modern burst atmosphere spectra grids (composition H/He/metal-enriched; surface gravity \(g\); luminosity fraction \(l=L/L_{Edd}\)). Include variable color correction \(f_c(t)\) through these grids rather than as a free scalar.
  - Add a weak high-energy tail via thermal Comptonization with constrained seed temperature tied to the atmosphere (e.g., \(kT_{seed}\approx T_{atm}\)), and optical depth/temperature priors from persistent-state measurements.
  - Include disk reflection during bursts: a reflection component with ionization parameter \(\xi(t)\) and a geometry-driven reflection fraction with priors from persistent spectral fits.
2.2 Persistent emission evolution: jointly model persistent spectrum in pre-burst, burst, post-burst windows with a “variable persistent” term \(f_a(t)\) (scaling + modest shape change) rather than fixed subtraction. Propagate uncertainty in persistent evolution into burst parameters.
2.3 Instrument systematics: include calibration nuisance parameters:
  - Effective area spline perturbations constrained by calibration priors (instrument-specific).
  - Energy redistribution uncertainty via response-parameter perturbation (e.g., gain shift, resolution broadening) with priors.
  - Background model uncertainty (especially at low count rates) as a nuisance term with informative priors.
2.4 Outcome: a null that is genuinely capable of producing smooth curvature-like structure in the *observed* counts space once folded through response, matching the reviewers’ concern.

Step 3 — Replace second-derivative curvature with response-native “turnover-basis invariants” (Mandatory Directive #3):
3.1 Observable definition (no unfolding, no derivatives):
  - Work entirely in counts space. Define a compact set of spectral shape basis functions \(\{\psi_j(E)\}\) that represent (i) Planckian-like continuum, (ii) BSS turnover shape modes derived from \(\partial\epsilon_{BSS}/\partial\theta\) around the microphysical grid, and (iii) atmosphere/Compton/reflection deviation modes.
  - For each time bin, forward-fold a model:
    \[C_i(t)=\int R_i(E)\,A(E)\,\left[B_E(T(t))\cdot \epsilon(E;\theta(t)) + F_{tail}+F_{refl}\right] dE\]
    and define “invariants” as *posterior-constrained coefficients* \(\kappa(t)\) of the turnover modes (e.g., \(E_p(t),\Delta(t),\tau_{\pm}(t)\) or their linearized coefficients), estimated by Poisson likelihood with calibration nuisances marginalized.
3.2 Statistical stability: the turnover-basis coefficients are identifiable through forward-folding and do not require ill-conditioned second derivatives. Their uncertainties incorporate response and background systematics by construction.

Step 4 — Rotation–turnover coupling and detectability (Mandatory Directive #4; links Assets 2–3):
4.1 Phase-resolved spectral-timing joint likelihood:
  - Extract energy-resolved pulse profiles and harmonic coefficients \(a_n(E,t), b_n(E,t)\) at known \(\nu_{spin}\) (Assets 2–3). Use a joint model where the phase-dependent spectrum is Doppler-boosted from a rotating hot region with GR light-bending emulator.
4.2 Coupling model (measurable target):
  - Predict phase dependence of turnover parameters via Doppler factor \(\delta(\phi)\): approximately \(E_p(\phi)\approx \delta(\phi)\,E_p\) and amplitude modulation coupled to \(\delta^{3+\alpha}\) with \(\alpha\) given by local spectral slope. This produces a correlated modulation pattern between harmonic content and inferred turnover-energy scale.
4.3 Detectability study:
  - Perform Fisher-matrix forecasts and end-to-end simulations per instrument (RXTE/NICER/NuSTAR) for realistic burst oscillation amplitudes (few percent rms) and count rates. Output explicit thresholds: minimum counts per phase bin, minimum number of phase bins, and required energy band coverage to detect \(\Delta E_p/E_p\sim\mathcal{O}(v/c)\) (percent-level).
  - Report where modulation is not measurable and downgrade the method to time-averaged turnover inference only; predefine decision rules to avoid overclaiming.

Step 5 — Peak luminosity ceiling from microphysics (Mandatory Directive #5; links Asset 1):
5.1 Atmosphere ceiling: implement Eddington-limited behavior including composition and anisotropy uncertainties; treat \(L_{Edd}\) and anisotropy as hierarchical nuisance parameters across sources.
5.2 BSS boundary-condition limit (predictive, not prior-baked):
  - Derive a surface radiative/thermal transport constraint: maximum sustainable outward photon flux through electrosphere + pair layer without triggering runaway pair opacity or altering \(\mu_e\) profile beyond the microphysical grid. This yields a predicted \(F_{max,BSS}(T,B,\mu_e)\) (or a maximum effective temperature for given turnover parameters).
  - Convert to an observable ceiling in bolometric flux at infinity including redshift \((1+z)^{-2}\), and provide predicted scaling with compactness distinct from atmosphere Eddington scaling.
5.3 Test using \(\beta=L_{peak}/L_{pers}\): examine whether cooling/non-cooling transition correlates with the derived ceiling under each surface model (Asset 1), rather than assuming cooling is required.

Step 6 — Hierarchical inference and model comparison:
6.1 Full hierarchical model (source-level + burst-level):
  - Source-level: distance priors (external when available), inclination, compactness with causality/stability priors, persistent spectral-state parameters, calibration hyperparameters.
  - Burst-level: temperature evolution parameterization, spot geometry evolution proxy, reflection evolution, and either \(\theta_{BSS}(t)\) constrained by microphysical scaling or atmosphere grid parameters.
6.2 Model comparison: compute Bayes factors and posterior predictive checks. Require success criteria: (i) low false-positive rate for BSS turnover in null-injected simulations; (ii) consistent turnover parameter recovery across instruments; (iii) measurable or upper-limited rotation–turnover coupling consistent with ray-tracing predictions.

Step 7 — Validation, controls, and falsifiable deliverables:
7.1 End-to-end injections: inject atmosphere+Compton+reflection+persistent-evolution bursts through instrument responses with calibration perturbations; quantify false turnover detection rate and the distribution of inferred \(E_p\) under the null.
7.2 Negative controls: non-burst intervals; slow rotators (weak Doppler coupling); PRE bursts where atmosphere signatures dominate.
7.3 Cross-instrument consistency: require that NICER soft-band constraints on turnover agree with RXTE/NuSTAR within modeled systematics; inconsistency triggers model rejection.
7.4 Deliverables:
  - A microphysical emissivity grid \(\epsilon_{BSS}(E;T,\mu_e,B)\) with uncertainty bands and public code.
  - Instrument-specific detectability curves (counts vs \(E_p\), \(\Delta\), oscillation rms) for turnover and modulation.
  - A ranked list of candidate BSS systems with required observing setups.
  - A falsifiable prediction: if BSS, inferred \(E_p\) tracks \(T\) via the microphysics scaling and exhibits Doppler-phase modulation consistent with \(\nu_{spin}\); if atmosphere, any apparent turnover either vanishes under expanded null modeling or fails the microphysics-consistency and phase-coupling tests.","Identifiability and uniqueness: The reviewers’ core concern—smooth curvature extrema being reproducible by atmosphere physics plus response folding—is addressed by (i) an expanded null that explicitly includes atmosphere grids, Comptonization, reflection, and variable persistent emission with calibration uncertainties; and (ii) a BSS model whose turnover parameters are *not free-form* but constrained to evolve with temperature/magnetic field according to a microphysically computed emissivity grid (Asset 4), sharply reducing the degrees of freedom that otherwise enable “kink mimicry.” Statistical stability: The proposal eliminates second-derivative curvature estimates (ill-conditioned) and replaces them with response-native forward-model coefficients tied to physically derived turnover basis functions, with Poisson likelihood and systematic nuisance marginalization. Rotation–spectral coupling measurability: By adding an explicit Fisher/simulation detectability program tied to realistic burst oscillation rms and count rates (Assets 2–3), the proposal pre-commits to when the Doppler-modulated turnover measurement is feasible and when it is not, preventing overinterpretation. Peak luminosity predictiveness: The luminosity ceiling is no longer an assumed prior shift; it is derived from a microphysical transport constraint through the electrosphere/pair layer and compared against atmosphere Eddington/anisotropy systematics, then confronted with \(\beta\)-dependent cooling behavior (Asset 1). Practicality: All key components are implementable with existing RXTE/NICER/NuSTAR public data and standard spectral-timing toolchains; the only new theoretical burden—the BSS emissivity grid—is explicitly scoped as an ab initio surrogate with uncertainty bands rather than an untestable qualitative claim, enabling decisive Bayesian model comparison under realistic systematics.","The proposal is technically ambitious and substantially improved in identifiability relative to a naive “curvature” search, but several core physical and statistical links remain under-specified in ways that can materially inflate apparent discriminating power. (1) Microphysics-to-observable mapping risk: the electrosphere emissivity is collapsed into a logistic turn-on times an exponential pair-opacity term; it is not demonstrated that this low-dimensional surrogate robustly spans the range of electrosphere transfer solutions once gradients in n_e(z), angle dependence, magnetized plasma normal modes, and GR redshift/light-bending are included. Without a demonstrated approximation error bound (model discrepancy term), Bayes factors can become prior/functional-form dominated. (2) Degeneracy pressure points: even with atmosphere grids, the key low-energy suppression can be partially mimicked by interstellar absorption (N_H), NICER low-energy calibration residuals, variable persistent spectral curvature, and reflection/Comptonization curvature when forward-folded; the plan mentions calibration nuisance splines but does not specify how to prevent these flexible terms from absorbing the same degrees of freedom as the turnover modes (identifiability under nuisance flexibility). (3) Rotation–turnover coupling feasibility: percent-level Doppler shifts in an inferred turnover scale demand extremely high counts and stable phase-resolved calibration; the proposal commits to Fisher forecasts but does not yet provide a concrete prior on spot size/latitude evolution during bursts or demonstrate robustness when the burst oscillation waveform changes (frequency drift, harmonic evolution, multiple emitting regions), which can decorrelate spectral parameters from phase. (4) Peak-luminosity “ceiling” test: the BSS ceiling is asserted to be conductivity/transport-limited, but the derivation pathway and uniqueness relative to uncertain anisotropy, distance, composition, and PRE physics is not made explicit; as written, it risks becoming a tunable hyper-surface in parameter space rather than a sharp discriminator. Overall, the engineering plan is strong, but the decisive discriminants still rely on assumptions that need explicit error budgeting and model-discrepancy control to be logically compelling under real instrument/astrophysical systematics."
"A joint, physically constrained inference of the nanohertz stochastic gravitational-wave background (GWB) and massive black hole binary (MBHB) environmental hardening—parameterized by an on-the-fly dynamical friction (DF) model—can be achieved by replacing the standard quadrupolar vector-spherical-harmonics (VSH) fit of quasar proper motions with a multi-l VSH Gaussian-field likelihood whose covariance is generated by a DF-informed MBHB population model. Mechanism: DF and environmental coupling imprint a deterministic, frequency-dependent deviation from the pure GW-driven f^{-2/3} strain law, which maps (via the astrometric Hellings–Downs correlation kernel) into a specific redistribution of E/B-mode power across VSH multipoles l>=2 and a characteristic red-noise cross-covariance between quasar proper-motion vectors; enforcing GR gauge structure (pure spin-1 transverse vector field on S^2) and conservation-law priors eliminates systematic leakage (dipole/scan-law artifacts) and breaks degeneracies that limit current astrometric-HD constraints, thereby enabling tighter, interpretable constraints on MBHB environmental physics relevant to high-energy astrophysical growth channels and multi-messenger expectations.","Step 1: Specific system setup or data preparation.
1.1 Assemble Gaia quasar proper-motion vectors with full covariance, sky positions, and quality cuts; construct an end-to-end selection function (magnitude, color, ecliptic latitude) to model anisotropic noise.
1.2 Build a systematic-error basis including: (i) low-l (l=1,2,3) nuisance VSH components tied to Gaia scanning law, (ii) chromatic/attitude terms using Gaia provided calibration proxies, and (iii) an empirical null channel from scrambled-epoch solutions to capture time-correlated artifacts.
1.3 Generate a DF-informed MBHB population prior using a fast emulator trained on suites of ASTRID-like on-the-fly DF runs (and controlled variants): map galaxy/MBH merger rates, mass functions, and DF prescriptions into a parametric characteristic strain spectrum h_c(f|theta_DF,theta_pop) including environmental turnover and eccentricity/hardening effects.

Step 2: Detailed implementation of the adapted methodology.
2.1 Methodological Adaptation (replace standard VSH regression with a DF-covariance, multi-l likelihood):
- Represent the quasar proper-motion vector field on the sphere as a spin-1 field expanded in electric and magnetic VSH, {a^E_lm, a^B_lm}, for l in [2,l_max].
- Instead of fitting only a quadrupole amplitude, build a hierarchical Gaussian likelihood in harmonic space:
  p(data|a,phi_sys) with data = proper motions and phi_sys = systematic coefficients;
  p(a|theta_GWB,theta_DF) = N(0, C_l^{EE}(theta_GWB,theta_DF) ⊕ C_l^{BB}(theta_GWB,theta_DF)) where C_l are predicted from the astrometric HD kernel integrated over the DF-shaped strain spectrum.
- Enforce GR-consistent constraints: (i) transverse condition for the induced apparent-motion field (remove unphysical longitudinal modes), (ii) parity structure consistent with tensor GWs (baseline prediction for E/B ratio, then allow controlled deviations as a diagnostic for systematics or non-tensor polarizations).
2.2 Embed physical priors and bounds:
- Impose causality/energy constraints on the GWB: Omega_GW(f) >= 0, and a conservative upper bound from integrated energy density consistent with cosmological limits (BBN/CMB) over the frequency band.
- Constrain MBHB environmental parameters to physically admissible DF regimes (e.g., monotonic hardening with local density and velocity dispersion; no negative friction), and enforce continuity across the GW-driven transition frequency.
2.3 Computational strategy:
- Use a block-diagonal approximation in l,m for the signal covariance with exact mode-coupling corrections from the sky mask/selection function via MASTER-like coupling matrices adapted to spin-1 VSH.
- Perform joint inference of {theta_GWB, theta_DF, theta_pop, phi_sys} using Hamiltonian Monte Carlo with analytic gradients of C_l with respect to DF parameters via the emulator.

Step 3: Rigorous validation and analytical framework.
3.1 Injection-recovery tests: inject synthetic GWB realizations generated from known DF prescriptions into real Gaia noise/systematics; verify unbiased recovery of both (i) strain amplitude at f_ref and (ii) DF-induced turnover parameters, and quantify failure modes under mismodeled systematics.
3.2 Null tests: (i) split by ecliptic latitude and scanning-law phase; (ii) rotate sky positions to destroy astrophysical correlations while preserving noise; (iii) compare E/B posteriors—excess B-mode or anomalous low-l power indicates residual systematics.
3.3 Cross-validation with PTA-informed priors: incorporate broad PTA posteriors on h_c(f) as optional hyperpriors; check consistency and quantify how DF parameters shift when astrometry is combined with PTA constraints.
3.4 Model comparison: Bayes factors between (A) pure GW-driven f^{-2/3} model, (B) DF/environmental turnover model family, and (C) alternative polarization/systematics-only models; report robustness to l_max and masking.
3.5 Deliverables: posterior constraints on Omega_GW and MBHB DF parameters; an astrometric-HD curve reconstructed from the inferred C_l; and a physically interpretable mapping from astrometric multipoles to MBHB environmental hardening efficiency.","1. Theoretical/Empirical Basis: Astrometric HD correlations from Gaia quasar proper motions have already produced competitive upper limits using quadrupolar VSH fits and pairwise correlation curves; independently, state-of-the-art cosmological simulations with on-the-fly DF (e.g., ASTRID-class) demonstrate that DF materially reshapes the predicted nanohertz GWB amplitude and slope, implying a measurable spectral imprint if astrometric sensitivity improves and systematics are controlled.
2. Transfer Logic (How the adaptation fits the domain): The adaptation replaces an amplitude-only harmonic regression with a physically generated covariance model that respects GR tensor-field structure on S^2 and embeds DF-driven MBHB evolution—directly coupling high-energy astrophysical MBH growth channels to an observable, symmetry-constrained astrometric vector field. This is not a black-box fit: the likelihood is parameterized by conservation-law-consistent population synthesis and DF hardening, and the angular response is fixed by the GW-induced apparent-motion kernel.
3. Comparative Advantage: (i) Uses the full multi-l information content rather than only the quadrupole, improving statistical power and enabling internal consistency checks (E/B, l-scaling). (ii) Breaks degeneracies between astrophysical red spectra and Gaia systematics by enforcing GR gauge/parity structure and by jointly fitting nuisance modes. (iii) Produces interpretable constraints on DF/environmental coupling—key to reconciling PTA amplitudes with MBHB demographics—while remaining compatible with cosmological energy-density bounds and symmetry constraints.","This is a technically ambitious and largely well-constructed proposal that demonstrates deep familiarity with astrometric GW inference, Gaia systematics, and MBHB population physics. The strongest aspect is the explicit replacement of phenomenological quadrupole fitting with a physically generated covariance model that enforces GR tensor-field structure and embeds environmental hardening. The logical chain from DF-modified strain spectra to redistributed E/B power across VSH multipoles is sound. However, several elements remain at the edge of plausibility: (i) the assumption that Gaia-era astrometric noise and scanning-law systematics can be sufficiently controlled to extract multi-l (l > 2) signal-dominated information is optimistic and not quantitatively justified; (ii) the block-diagonal-in-l approximation, while standard, may underestimate mode coupling given realistic sky masks and anisotropic noise, potentially biasing DF parameter inference; and (iii) the proposal under-specifies how emulator uncertainties from DF-informed simulations are propagated into the covariance model, risking overconfident physical conclusions. These issues temper, but do not undermine, the overall scientific merit."
"Neutron-star common-envelope inspiral drag imprints a predictable, equation-of-state (EoS)-dependent baryon-loading history that jointly shapes (i) the observed spectral properties and luminosity evolution of a GRB (via photospheric radius and dissipation regime changes) and (ii) the delayed probability and energetics of magnetar-powered FRB activity (via post-formation magnetospheric twist, fallback/propeller regulation, and baryon-clearing timescales). We hypothesize that a single physically constrained latent variable—time-resolved baryon column along the jet/magnetosphere, set by drag-force-driven envelope ejection and fallback—can be inferred from multi-band spectra and used to distinguish engine classes and constrain the neutron-star EoS. Methodological adaptation: we will modify standard Bayesian inference / normalizing-flow likelihood-free inference into a causality- and conservation-law–constrained ‘Physics-Projected Flow’ that (a) embeds drag-force/propeller torque prescriptions as differentiable operators, (b) projects sampled parameters onto TOV-stable, causal EoS manifolds, and (c) enforces radiative transfer/opacity monotonicities that tie baryon-loading to GRB spectral evolution and to FRB free-free/induced-Compton transparency conditions.","Step 1: Specific system setup or data preparation.
1.1 Assemble a curated joint dataset: (a) GRB prompt time-resolved spectra (Band/Comptonized fits, Epeak(t), low/high-energy indices, fluence) plus early afterglow where available; (b) FRB burst catalogs from magnetars/repeaters with measured spectral luminosity, bandwidth, microstructure timescales, and activity epochs; (c) candidate channel priors from binary/common-envelope population models.
1.2 Build a forward simulator with modular physics: (i) common-envelope inspiral drag and envelope ejection histories using calibrated 1D/2D prescriptions (drag force laws, envelope density profiles) and uncertainty hyperparameters; (ii) central-engine mapping: NS-NS merger remnant magnetar vs accreting NS in envelope, producing a baryon-loaded outflow; (iii) radiation module linking baryon loading to GRB observed spectral properties and luminosity through photospheric emission + subphotospheric dissipation and opacity evolution; (iv) magnetar magnetosphere module linking post-event fallback/propeller torque to twist energy release and to FRB emission windows set by plasma transparency (free-free, induced Compton, Razin suppression).
1.3 Define EoS parameterization (spectral/piecewise-polytrope) with explicit constraints: causality (cs<=c), thermodynamic stability, maximum mass >=2 Msun, and TOV solutions yielding allowed mass-radius-tidal deformability ranges.

Step 2: Detailed implementation of the adapted methodology.
2.1 Implement Physics-Projected Flow (PPF): a conditional normalizing flow q_phi(theta|summary) trained on simulator outputs, where theta includes EoS parameters, drag/CE efficiency parameters, baryon-loading history parameters, and engine parameters.
2.2 Structural adaptation A (projection layer): after each flow transform, apply a differentiable projection Π onto the physically admissible set: (i) solve TOV for sampled EoS; reject/penalize samples violating cs<=c, instability (dM/dρc<0), or Mmax constraint; (ii) enforce energy/angular-momentum conservation across inspiral by constraining drag-work to envelope unbinding within uncertainties.
2.3 Structural adaptation B (mechanism-encoded latent): replace generic latent z with z_B(t), a low-dimensional spline representation of baryon column/entropy along the polar axis, whose dynamics are generated by an ODE operator driven by drag force and fallback (dz_B/dt = F_drag(ρ(r),v) - F_clear(B, L, σ) + noise). This couples CE drag directly to radiative/propagation observables.
2.4 Structural adaptation C (opacity/transfer monotonic constraints): incorporate differentiable inequalities into the training objective so that increases in z_B(t) imply (i) higher photospheric radius and softer GRB spectra at fixed engine luminosity, and (ii) stronger radio attenuation until a transparency threshold is crossed; violations are penalized via augmented Lagrangian terms, preventing black-box shortcuts.
2.5 Perform joint inference: condition on GRB spectra/lightcurves and any associated later-time radio constraints; separately condition on magnetar FRB luminosity distributions and quiescent X-ray luminosity/period evolution where available; finally, perform hierarchical fusion to infer shared population-level parameters linking drag-driven baryon histories to both classes.

Step 3: Rigorous validation and analytical framework.
3.1 Simulator-based calibration: posterior predictive checks for time-resolved Epeak–luminosity tracks, spectral index evolution, and FRB luminosity/occurrence windows; ensure recovered parameters reproduce injected ground truth in controlled synthetic experiments.
3.2 Cross-validation against independent observables: (i) gravitational-wave informed tidal deformability constraints for events with GW counterparts (where available) to validate EoS posteriors; (ii) CE remnants/helium-star+NS separations from population synthesis as priors/consistency checks; (iii) magnetar spin-down/propeller signatures in X-ray timing where measured.
3.3 Model selection on mechanism: compare PPF to (a) unconstrained flows, (b) standard MCMC with simplified likelihoods, and (c) models without drag-coupled baryon-latent; quantify gains via Bayes factors, coverage, and out-of-distribution generalization (e.g., predicting FRB transparency delays from GRB-inferred baryon histories).
3.4 Deliver EoS constraints: report posterior over pressure-density curve, mass-radius relation, and maximum mass; identify which spectral/temporal features provide the tightest leverage and whether they are mediated by drag-induced baryon loading.","1. Theoretical/Empirical Basis: Drag-force-driven inspiral and envelope ejection are established in common-envelope modelling and naturally regulate baryon pollution around compact objects; baryon loading controls GRB photospheric/spectral evolution and radio transparency for coherent emission. Magnetar propeller/fallback and strong-field spin-down provide a mechanistic bridge to late-time activity. Existing time-resolved GRB spectra and high-time-resolution FRB luminosity measurements provide the necessary observables.
2. Transfer Logic (How the adaptation fits the domain): High-energy astrophysics inference is limited by degenerate mappings from observed spectral properties to engine physics; by embedding conservation laws, TOV/EoS causality, and opacity monotonicities directly into the inference architecture, the method respects fundamental constraints rather than learning spurious correlations. The drag-to-baryon-latent ODE operator encodes the actual mechanism linking common-envelope dynamics to electromagnetic observables.
3. Comparative Advantage: Compared to unconstrained machine learning or phenomenological fits, PPF yields physically valid posteriors (no superluminal EoS, no unphysical energy budgets) and tighter identifiability by forcing spectra and luminosity to be explained through baryon-loading dynamics tied to drag physics. It also enables joint GRB–FRB population inference, testing whether a shared magnetar/neutron-star channel is consistent with observed luminosity and spectral evolution across bands.","This is an unusually ambitious and technically sophisticated proposal that largely succeeds in maintaining internal coherence across a very long causal chain. The strongest element is the explicit encoding of conservation laws, opacity monotonicities, and TOV/EoS constraints directly into the inference architecture, which addresses a real bottleneck in high-energy astrophysical inference. The baryon-column latent variable is physically well-motivated and plausibly shared between GRB and FRB observables. However, the logical leap from common-envelope inspiral drag (a channel relevant for some NS systems) to the broader observed GRB population is under-justified; it remains unclear what fraction of GRBs plausibly arise from this channel, and whether the inferred EoS constraints would be robust against contamination by collapsar or NS–NS merger events with no CE phase. Additionally, while the Physics-Projected Flow is conceptually sound, the computational feasibility of repeatedly solving TOV equations and enforcing augmented-Lagrangian inequality constraints inside a high-dimensional flow is not quantitatively addressed, raising concerns about scalability and convergence. These issues slightly weaken logical consistency and engineering resolution, but do not undermine the core scientific merit."
"In near-Eddington neutron-star LMXBs such as GX 13+1, the X-ray colors classified as a “spectrally hard state” can be a *phenocopy* produced by (a) quasi-periodic, geometry-driven partial covering from a precessing inner disk/wind structure and (b) ionization-dependent continuum curvature dominated by *broad* photoelectric edges and Thomson scattering—features that remain detectable at ASCA resolution—rather than by a canonical truncated-disk hard state. The same time-variable, anisotropic screen deterministically reduces or intermittently erases coherent pulsations by modulating the direct (less-scattered) line of sight to the magnetically channeled/boundary-layer emission. The refined approach overcomes ASCA limitations by (i) explicitly restricting the opacity model to ASCA-detectable broad-band signatures (edge-like curvature + scattering), avoiding reliance on narrow resonant lines; (ii) enforcing identifiability through a mandatory simulation-based calibration (SBC) and stepwise latent-model expansion governed by Bayes factors; (iii) anchoring any Lense–Thirring (LT) interpretation with a physically allowed mapping from precession frequency to {M, spin, r_in, tilt} and competing non-LT clocks, preventing “ν_LT as a free clock”; and (iv) specifying a geometric closure and photoionization surrogate (precomputed XSTAR grids convolved with ASCA responses) so that NH–ξ–covering correlations are data-driven where possible and otherwise explicitly regularized. A key falsifiable, instrument-robust prediction is that covering-driven modulation produces a characteristic energy dependence in the *covariance* (fractional covariance peaking at energies where absorption/scattering suppress the mean flux) and a lag/covariance sign-change pattern tied to covering fraction that cannot be reproduced by flexible intrinsic Comptonization variability alone when constrained to match the same time-averaged spectrum and PSD.","Step 0 — Instrument-anchored feasibility/identifiability package (mandatory gate before full state-space inference)
0.1 ASCA realism model: Build an end-to-end simulator that generates event lists using (i) ASCA GIS/SIS RMF+ARF for the relevant mode/epoch, (ii) measured background from source-free regions and night-earth templates, (iii) telemetry saturation/deadtime and GTI gaps applied exactly as in the real data, and (iv) gain uncertainties via a nuisance “energy-warp” model (E’ = E·(1+g1) + g0) with priors from ASCA calibration memos (implemented per detector and epoch).
0.2 Count-rate anchoring for GX 13+1 hard-color intervals: Use RXTE color-color selection from Asset 1 to identify ASCA time windows plausibly corresponding to hard-color regimes; estimate ASCA count rates from archived fluxes and ASCA response (PIMMS-like forward folding). Simulations will match observed total counts, background fraction, and light-curve nonstationarities.
0.3 SBC experiments (identifiability demonstration): Inject known latent trajectories and verify calibrated posterior coverage for: (a) precession frequency ν (LT or generic), (b) harmonic content in a *broadband* cross-spectrum summary, and (c) NH–ξ covariance where ASCA bandpass has leverage. SBC outputs: rank-statistics uniformity, coverage of credible intervals, and failure modes as a function of total counts, background fraction, and GTI gaps.
0.4 Minimal detectable-opacity audit: Using XSTAR grids convolved with ASCA responses, quantify which broad features are detectable: O/Ne/Fe-L edge curvature (0.7–1.5 keV), Si/S edges (1.8–2.7 keV), and Fe-K edge curvature (~7–9 keV) vs. SIS/GIS effective area. Report expected ΔC-stat/ΔlnL for edge-strength perturbations at realistic counts; explicitly de-scope narrow-line claims if not supported.
0.5 Model hierarchy and Bayes-factor gating: Define a nested ladder of latent models and require decisive support (e.g., ΔlnZ > 5 or Bayes factor > 150; threshold pre-registered) to add each latent degree of freedom.

Step 1 — Data selection & reduction (GX 13+1 + controls)
1.1 GX 13+1 ASCA dataset assembly: Identify GIS/SIS observations; extract event lists with standard screening, barycentric correction, and GTI filtering. Generate source and background regions optimized for pileup avoidance (SIS) and PSF wings (GIS). Track telemetry dropouts explicitly.
1.2 Control targets:
  (a) Timing control (existing): AX J1420.1-6049 / PSR J1420-6048 (Asset 2) to validate absolute timing, barycenter pipeline, and Bayes-factor pulsation detection under ASCA conditions.
  (b) Occultation/absorption control (new, mandatory for mechanism validation): add at least one ASCA dipping LMXB (e.g., known dipper observed by ASCA) where variable partial covering is established. This calibrates the ability to recover covering-driven covariance/lag signatures with ASCA resolution and count rates.

Step 2 — Reduced latent model (proof-of-identifiability stage)
2.1 Minimal latent state: x(t) = {φ(t), C(t), κ(t)} where:
  • φ(t): quasi-periodic phase of the geometry modulator; either (i) LT clock with mapping constraints (Step 3) or (ii) generic QPO clock.
  • C(t): covering fraction, mapped via logistic transform to [0,1].
  • κ(t): single opacity amplitude controlling *broad* curvature (edge+scattering surrogate), mapped via softplus.
2.2 Dynamics:
  • φ(t): dφ/dt = 2πν + ηφ(t), where ηφ is an OU jitter term with timescale τφ and amplitude σφ; priors calibrated from simulated recoverability and observed QPO width.
  • C(t): driven by φ(t) with a wrapped-von-Mises + stochastic term: C(t)=σ( c0 + c1 cosφ + c2 cos2φ + εC(t) ), enabling harmonic structure while keeping dimensionality low.
  • κ(t): either constant per segment or slowly varying OU with recombination-motivated timescale lower bound (regularization only; not claimed as hard physics constraint at this stage).
2.3 Observation model (ASCA-appropriate): photon rate λ(E,t) = A(t)·{ [1−C(t)] S0(E;θsrc) + C(t)·exp[−κ(t)·T(E)]·S0(E;θsrc) } + B(E,t),
  • T(E) is a *fixed template* for ASCA-detectable curvature derived from XSTAR grid principal component (PC1) convolved with response (broad edges + scattering), rather than attempting to fit individual narrow lines.
  • A(t) is a slow normalization drift (to avoid forcing C(t) to absorb flux changes), modeled as piecewise-constant per short block.
2.4 Inference at this stage: variational warm-start + HMC on binned Poisson likelihood in (time, energy) cells chosen to preserve timing (e.g., Δt=0.5–2 s depending on count rate) while limiting dimensionality; only proceed to event-level likelihood after passing SBC.
2.5 Decision gate: If SBC + real-data evidence does not decisively support at least {φ,C} over a non-periodic partial-covering model, terminate the precession claim and report null constraints.

Step 3 — Physical clock mapping & de-circularization (LT vs alternatives)
3.1 LT model mapping: For LT interpretation, enforce ν = ν_LT(r_in, a*, M, tilt) with explicit priors:
  • M prior: NS mass distribution (e.g., truncated Gaussian centered ~1.4 Msun, σ~0.2, truncated [1.0,2.2]).
  • a* prior: derived from plausible spin range for GX 13+1 (broad prior; do not assume known spin), mapped from ν_spin with a* ≈ cIΩ/(GM^2) using I(M,R) from EOS prior (used as regularization only).
  • r_in prior: tied to luminosity regime—near-Eddington implies disk likely near the star; enforce r_in ≥ R and r_in ≤ r_max with r_max informed by absence/presence of strong low-frequency breaks in PSD and by spectral softness constraints; treat r_in as *testable* via predictive timing/spectral behavior rather than fixed.
  • tilt prior: modest misalignment (e.g., von Mises around 0 with scale set by disk warping expectations) but allow broader if needed.
3.2 Non-LT clock: Competing model where ν is a free quasi-periodic geometric modulation frequency with the same φ-dynamics but no mapping to {M,a*,r_in,tilt}. Model selection compares LT-clock vs generic-clock via marginal likelihood; LT is only claimed if favored and physically consistent.
3.3 Physical-consistency check: Posterior draws must satisfy r_in > R, subluminal orbital speeds, and luminosity consistent with observed flux and distance estimates; if LT-preferred but implies unphysical r_in or extreme tilt, report as evidence for non-LT modulation.

Step 4 — Full latent model expansion (only if supported by Bayes factors)
4.1 Add NH(t) and ξ(t) only if demanded: Upgrade κ(t) into {NH(t), ξ(t)} by interpolating a precomputed XSTAR grid (NH, ξ, turbulence) convolved with SIS/GIS responses. v(t) is excluded unless ASCA can detect Fe-K edge shifts/broadening at required S/N (as established in Step 0.4).
4.2 Geometric closure (explicit): Adopt a wedge+clump model with parameters {opening angle Δ, mean path length ℓ(φ), clump filling factor f_cl}. Then NH(t)= n̄(t) f_cl ℓ(φ(t)); n̄(t) is allowed slow drift. This closes the NH–geometry link without overclaiming momentum-balance “hard constraints.”
4.3 Photoionization surrogate closure: ξ(t)= L(t)/(n̄(t) r^2), with r tied to r_in (LT case) or a free scale (generic case). Enforce only a *soft* timescale prior from recombination (τrec) to prevent unphysical rapid ξ(t) swings; τrec prior wide and tested via SBC to avoid prior artifacts.

Step 5 — Instrument-robust falsification tests (not reliant on narrow features)
5.1 Covariance spectrum prediction: Covering model predicts higher fractional covariance where absorption/scattering most suppresses mean flux (template-driven), with a characteristic turnover at energies minimally affected by T(E). Test via covariance spectra in frequency bands around ν and 2ν.
5.2 Lag sign-change / phase-wrap robustness: Using cross-spectra between soft (edge-sensitive) and hard (less absorbed) bands, the model predicts a lag/phase pattern tied to φ-driven covering (soft-band responds more strongly to covering; hard-band closer to intrinsic). Pre-register a statistic (e.g., sign of average lag in [ν±Δν]) and validate it against calibration/gain-warp nuisance parameters.
5.3 Competing intrinsic-variability model: Fit a model where intrinsic Comptonization parameters (y, kTe, seed-kT) vary quasi-periodically while absorption is static; require it to match the same time-averaged spectrum and PSD. Demonstrate that it cannot reproduce the joint covariance+lag pattern without implausible spectral swings (quantified by posterior predictive checks and SBC-informed thresholds).

Step 6 — Pulsation analysis (re-scoped)
6.1 Conditional pulsation search: Include an optional coherent term only after occulter state inference; search for pulsations preferentially in inferred low-covering intervals (posterior over C(t) used to form optimal weights). Use Bayes factors with timing calibration validated on PSR J1420-6048.
6.2 Output as conditional constraints: Report pulsed-fraction upper limits as a function of inferred scattering/covering optical depth—i.e., “geometry/opacity-conditioned pulsed fraction,” not direct EOS inference.

Step 7 — Jet/wind coexistence linkage (Asset 1)
7.1 Use inferred covering/opacity state during hard-color intervals to estimate a band-limited proxy for wind strength (e.g., edge-curvature amplitude mapped to NH in XSTAR grid). Compare with the expectation that winds and jets can coexist at high luminosity (Asset 1) by predicting when hardness is geometry-driven rather than coronal-state-driven—implying radio/X-ray hardness correlations should decorrelate on the precession timescale.
7.2 Deliverable: a set of testable predictions for contemporaneous radio monitoring (even if archival) specifying phase-resolved hardness vs inferred covering to guide follow-up with modern instruments.

Milestones & go/no-go criteria
M1 (Month 1-3): Simulator + SBC passes for minimal model on synthetic data at GX 13+1 count rates.
M2 (Month 3-6): Real-data minimal model fit; decisive support for {φ,C} vs non-periodic covering and vs intrinsic-variability-only.
M3 (Month 6-9): If supported, expand to {NH,ξ} via XSTAR grid; otherwise stop expansion and publish null constraints.
M4 (Month 9-12): Falsification suite + conditional pulsation limits; LT vs generic-clock conclusion with physical-consistency reporting.","Addresses (1) ASCA resolution/area limits by restricting the core discriminator to *broadband*, response-convolved opacity signatures (edge-like curvature + scattering) and instrument-robust timing products (covariance/lag statistics), not narrow resonant-line blanketing. Detectability is quantified up front with an XSTAR-convolved feature audit and end-to-end simulations including background, GTIs, deadtime, and gain-warp nuisance parameters.
Addresses (2) non-identifiability by enforcing a mandatory SBC + model-ladder design: start with a minimal latent model {φ,C,κ} and only add NH, ξ (and never v unless justified) when decisively supported by Bayes factors under realistic ASCA simulations. This prevents degeneracies from being absorbed into an over-parameterized latent state.
Addresses (3) the LT linkage circularity by (i) pre-registering a competing generic-clock model and (ii) requiring the LT-clock to be both statistically favored and physically consistent with priors on M, spin, r_in, and tilt; otherwise the result is explicitly interpreted as “quasi-periodic geometric modulation” without LT attribution.
Addresses (4) wind/ionization constraints by replacing schematic momentum-balance constraints with an explicit geometric closure (path length + filling factor) and a photoionization surrogate (precomputed XSTAR grid convolved with ASCA response). Time-variation constraints on ξ are treated as soft, SBC-tested regularization to avoid prior-driven artifacts.
Addresses (5) the inadequacy of PSR J1420-6048 as a mechanism control by adding a dipping/partial-covering LMXB ASCA control to validate the covering-driven covariance/lag phenomenology with the same instrument, while retaining the pulsar as a timing/Bayes-factor calibration.
Addresses (6) EOS overclaim by re-scoping: compactness/EOS priors are used only as weak regularization for NS-related emission geometry and for translating any pulsation detection into *conditional* constraints. Expected information gain is reported as KL divergence between prior and posterior on compactness only if a statistically significant pulsation is recovered; otherwise EOS is not claimed as a primary deliverable.
Overall feasibility is ensured by a gated workflow: if the ASCA-realistic SBC shows that ν, harmonic timing signatures, or opacity–covering correlations are not recoverable at observed counts, the proposal yields a publishable null result (upper limits on geometry-driven modulation and on opacity variability) rather than an unconstrained high-dimensional inference.","The engineering plan is unusually rigorous for archival ASCA: end-to-end event simulation with GTIs/deadtime/gain-warp, a detectable-feature audit using XSTAR grids convolved with SIS/GIS responses, and SBC-driven identifiability gates are strong and credibly reduce the risk of fitting non-identifiable latent states. The logical core (hard-color intervals as absorption/scattering phenocopies; partial covering suppressing pulsations; covariance/lag signatures as discriminants) is coherent and, importantly, framed with falsification criteria and an explicit intrinsic-variability competitor constrained to match the same mean spectrum/PSD.

Main deductions: (i) The proposal still leans on a subtle claim—ASCA can recover quasi-periodic phase–covering dynamics from broadband curvature—where separability between intrinsic spectral pivoting, variable neutral absorption, and ionized-curvature templates can remain weak even with SBC unless the simulator’s latent process family matches reality; misspecification risk is not fully quantified (e.g., what if opacity changes are multi-component or the template PC1 is insufficient). (ii) The LT mapping, while “de-circularized,” may be underpowered: ASCA-era timing quality and expected QPO coherence in near-Eddington Z/bright-atoll regimes may not constrain {r_in, tilt, a*} enough to produce informative Bayes factors against a generic clock; the likely outcome is ‘generic geometric modulation,’ which is still publishable but weaker than the stated LT ambition. (iii) The target concept chain includes the Kookaburra complex; here it functions as a calibration dataset, not as evidence linking pulsed emission physics to GX 13+1. That is acceptable for timing validation but does not materially strengthen the astrophysical mechanism claims.

Overall, the proposal is technically mature and unusually careful about ASCA limitations, but it risks ending in a model-comparison result that is dominated by prior/regularization choices if the broadband-opacity surrogate is even modestly misspecified."
"Impulsive variations in horizon-threading (BH) or open magnetospheric (NS) magnetic flux regulate the instantaneous Blandford–Znajek (BZ) power, P_BZ(t), and generically seed current-sheet formation in the inner jet through differential field-line rotation and magnetization gradients. In these current sheets, reconnection extracts a precisely defined fraction of the resolved electromagnetic stress–energy and partitions it—in a constraint-preserving manner—into (i) outgoing fast-magnetosonic compressive waves and (ii) non-thermal leptons. The compressive-wave component propagates along the jet, undergoing geometric focusing, Doppler boosting, and nonlinear steepening until collisionless damping or shock formation converts a bounded fraction of wave energy into internal energy, producing localized X-ray surface-brightness enhancements (knots). The central advance is the Characteristic-Consistent Wave–Particle Closure (CCWPC), which replaces ad hoc subgrid prescriptions by an explicit operator coupling GRMHD/GRFFE-resolved fields to a reduced kinetic description along MHD characteristics. CCWPC overcomes prior limitations by (a) defining reconnection power directly from the divergence of the resolved electromagnetic stress–energy tensor, (b) projecting that power onto relativistic MHD eigenmodes in a well-defined orthonormal tetrad with controlled behavior in the high-σ limit, and (c) enforcing exact local energy–momentum conservation, ∇_μ(T^{μν}_fluid + T^{μν}_EM + T^{μν}_wave + T^{μν}_part) = 0, while preserving ∇·B = 0 and force-free constraints to truncation error. This yields a one-to-one, falsifiable mapping from the dimensionless jet efficiency P_BZ/Ṁc^2 to compressive-wave energy flux, particle acceleration efficiency, and hence X-ray jet morphology across BH and NS accretors, with NS-specific deviations controlled by EoS-constrained compactness and pair-loading.","1. Mathematical specification of CCWPC.
1.1 Reconnection power extraction: From the resolved GRMHD/GRFFE solution, define the local electromagnetic energy transfer rate Q_rec via the covariant divergence of the EM stress–energy tensor, Q_rec ≡ -u_ν ∇_μ T^{μν}_EM, evaluated in cells satisfying invariant reconnection criteria (E·B > ε_EB, J^2/B^2 > ε_J, field-line slippage rate > ε_s). This quantity is positive-definite and frame-invariant.
1.2 Mode-projection operator: Construct a local orthonormal tetrad e^{(a)}_μ comoving with the plasma four-velocity u^μ. Linearize the ideal RMHD equations about the local background to obtain eigenvectors ξ^{(i)}_{(a)} (fast, Alfvén, slow). Define the projection tensor Π_fast^{μν} = ξ_fast^{μ} ξ_fast^{ν} / (ξ_fast·ξ_fast), regularized in the high-σ limit by analytic asymptotic forms where fast/Alfvén branches become degenerate. The compressive-wave energy injection is Q_fast = Π_fast^{μν} ΔT_{μν}, where ΔT_{μν} is the reconnection-induced change in stress–energy over Δt.
1.3 Particle channel and conservation update: The remaining power Q_part = Q_rec − Q_fast feeds a reduced kinetic equation for leptons, p^α ∂_α f = C_acc[f] + C_rad[f], solved along characteristics. Update the macroscopic fields by subtracting ΔT^{μν}_wave + ΔT^{μν}_part from T^{μν}_EM, ensuring local and global conservation. Diagnostics track ∇·B, u_μ F^{μν} (force-free violation), and total four-momentum to verify constraint preservation.

2. Two-tier wave transport and dissipation.
2.1 WKB regime: Propagate the fast-mode spectral energy density W(k,x) via a covariant wave-kinetic equation, k_μ ∂^μ W − Γ^i ∂_{k^i} W = −2γ_damp W, including geometric focusing and Doppler terms.
2.2 Breakdown criteria: Monitor ε_WKB ≡ |∇·k|/k^2 and wave Mach number M_w. When ε_WKB > 0.3 or M_w > 1, switch locally to a shock-capturing compressive-wave module using a 1D Riemann solver along the field-aligned direction, with entropy production Δs explicitly computed and added to the thermal/particle channels. This guarantees physical dissipation at knot-forming locations.

3. Robustness and benchmarks.
3.1 Frame and σ tests: Apply CCWPC to controlled reconnection layers with known injected power in flat spacetime, varying tetrad choice and σ up to 10^4. Verify recovery of injected wave spectra and particle energetics within <10%.
3.2 Resolution tests: Demonstrate convergence of Q_fast/Q_rec and particle efficiency with grid refinement.
3.3 Degeneracy handling: Quantify eigenmode mixing errors near fast/Alfvén degeneracy and show bounded impact on observables.

4. Observational identifiability and minimal datasets.
4.1 Minimal sources: BH XRBs (GX 339−4, MAXI J1820+070), NS XRBs (Circinus X-1, Sco X-1), LLAGN (M87). These have resolved radio jets, X-ray knot measurements or limits, and jet-power bounds.
4.2 Degeneracy breaking observables: (i) Knot proper motions (propagating vs stationary distinguishes compressive waves from recollimation shocks), (ii) X-ray spectral hardening correlated with predicted damping rate, (iii) polarization swings expected for fast-mode compression but not standing shocks, (iv) radio–X-ray time lags tied to wave group speed.
4.3 Power analysis: Simulated datasets show that combining (i)–(iv) constrains σ and Doppler factor to ~30% and intermittency amplitude to ~20%, sufficient to test the P_BZ/Ṁ scaling.

5. NS-specific EoS leverage.
5.1 Constraining observables: High-energy spectral cutoffs (pair opacity), variability timescales tied to light-crossing of the magnetosphere, and Faraday depolarization constrain pair compactness independently of jet power.
5.2 EoS mapping: Translate NICER mass–radius posteriors into allowed compactness → pair-loading → damping-length relations, isolating EoS effects from jet energetics.

6. Deliverables: CCWPC code with diagnostics; forward-model libraries; Bayesian inference results with explicit falsification tests against standing-shock and KH/CSI alternatives.","The revised plan directly addresses reviewer concerns by making CCWPC mathematically explicit, defining conserved quantities and operators that ensure energy–momentum conservation and constraint preservation in curved spacetime. The two-tier transport strategy delineates a clear regime-of-validity map, preventing WKB artifacts at knot locations. Robustness is demonstrated through controlled benchmarks that test frame dependence, σ-degeneracy, and resolution. Identifiability is strengthened via a minimal but realistic dataset and explicit discriminants against competing jet-knot mechanisms. Finally, the NS EoS component is rendered non-degenerate by tying compactness and pair-loading to concrete observables (spectral cutoffs, opacity, variability), ensuring that nuclear-physics constraints genuinely inform jet physics rather than adding unconstrained freedom.","This is an exceptionally ambitious and technically sophisticated proposal that demonstrates deep command of GRMHD/GRFFE theory, relativistic wave kinetics, and jet phenomenology. The CCWPC framework is specified with unusual mathematical clarity, including explicit definitions of reconnection power, eigenmode projection, and conservation updates, which strongly supports feasibility. Logical consistency is high: the chain from impulsive magnetic-flux variations to reconnection, wave generation, propagation, dissipation, and observable X-ray knots is internally coherent and physically motivated. The main weaknesses are (i) the practical risk that eigenmode projection in strongly curved, highly dynamical spacetime will be numerically fragile despite the proposed regularization, and (ii) the observational identifiability, while thoughtfully addressed, still depends on multi-observable correlations that may be marginal in real datasets, especially for XRBs. These are not conceptual flaws but execution and robustness risks. Evidence grounding is strong, with no spurious disciplinary drift, though some claims (e.g., <10% recovery across σ up to 10^4) may be optimistic. Overall, this is well above the field median in rigor and originality."
"Time-dependent r-process nuclear heating in compact-object ejecta is identifiable (with quantified failure modes) when composition-dependent opacity/recombination physics and heating are inferred jointly in a hierarchical framework that (i) uses spectra/colors to strongly constrain the ion-stage/lanthanide fraction controlling line-expansion opacity and photospheric recession, while (ii) propagates an explicitly parameterized heating uncertainty through the temperature evolution that sets the ionization balance. The key mechanism is not strict separability but partial identifiability driven by distinct “response functions”: (a) spectral line blanketing indices and wavelength-dependent continuum curvature constrain the lanthanide-bearing ion populations and effective expansion opacity in a way that depends primarily on ion stage and line density (thus on Ye/lanthanide fraction and radiation field), whereas (b) the bolometric luminosity and its decline rate constrain the net deposited power once diffusion depth, thermalization efficiency, and PdV losses are fixed by the same composition/ionization solution. By embedding a low-dimensional, nuclear-physics-bounded heating family as a hyperprior during the spectral/opacity inference (rather than a sequential Stage A→B), we avoid over-claiming independence while still forcing spectra to contract the joint posterior over (Ye/lanthanides, Mej, v, qdot). We further hypothesize that, once model discrepancy in wavelength- and time-dependent opacity (line-list + non-LTE ionization) is explicitly marginalized and validated against multiple radiative-transfer solvers, the inferred heating normalization and integrated energy release per nucleon will be robust enough to discriminate BNS-merger ejecta (GW170817-like: multi-component, lanthanide-poor+rich) from collapsar disk-wind candidates under radio-calorimetric mass/energy limits—provided the collapsar sample satisfies pre-registered spectral/cadence criteria and is analyzed against explicit competing models (SN-only, CSM interaction, dust).","Step 0 — Pre-registration (before unblinded fitting)
0.1. Freeze nuclear-physics and thermalization admissible region:
  - Enforce integrated specific energy bounds: E_tot/M ≤ (1–5) MeV per nucleon (configurable bracket; analysis reported for each bound) translated to erg g^-1.
  - Constrain late-time heating slope: alpha(t) ∈ [1.1, 1.5] for t ≳ 1 d (beta-decay ensemble), allow early-time deviation via a single transition parameter.
  - Thermalization: use charged-particle + gamma deposition with explicit parameters (gamma opacity κ_γ, electron thermalization timescale t_e, fission fragment efficiency), each with priors from analytic/Monte-Carlo deposition studies; do not allow heating basis to absorb deposition error (separate discrepancy term).
0.2. Freeze the competing-model suite for collapsars: {SN photosphere+line blanketing only, SN+CSM interaction power, SN+dust reprocessing, SN+engine (magnetar) optional}, each with explicit priors; the “r-process disk wind” component is only one member.
0.3. Pre-register inclusion thresholds for datasets (SNR/cadence/spectral coverage; see Step 4).

Step 1 — Data assembly and calibration (GW170817 + collapsar set)
1.1. GW170817/AT2017gfo:
  - Collect UV/optical/NIR photometry and spectra 0.5–20 d with full calibration covariance; treat distance and extinction with priors and propagate to likelihood.
  - Derive summary spectral observables with well-defined bandpasses and uncertainties: color temperatures from SED fits with line-blanketing masks; continuum curvature metrics; line-blanketing indices in (0.4–0.9) μm and NIR slope indices.
  - Build bolometric L_bol(t) with uncertainty that includes SED extrapolation and extinction covariance.
1.2. Collapsar/long-GRB-associated transients (nearby, with radio):
  - Assemble all long-GRB/SN within 2 Gpc with late-time radio constraints on sub-relativistic ejecta kinetic energy/mass (as in Swift/BAT follow-up literature), plus any with early optical/NIR spectra.
  - Standardize host extinction inference (Balmer decrement where available; otherwise hierarchical host-extinction prior) and CSM density priors for radio modeling.

Step 2 — Opacity + ionization/recombination emulator with explicit model discrepancy
2.1. Opacity library generation:
  - Compute expansion opacities κ_exp(λ; T, ρ, Ye, X_La, ion-stage mix) on a grid spanning: Ye ∈ [0.05, 0.45], lanthanide mass fraction X_La ∈ [10^-6, 10^-1], T ∈ [2000, 20000] K, ρ consistent with homologous ejecta profiles, and representative compositions for dynamical/wind/secular components.
  - Produce two independent libraries using distinct radiative-transfer/atomic pipelines (e.g., Code A vs Code B; different line lists/ionization treatments). Store both as separate forward models.
2.2. Non-LTE/ion population treatment:
  - Introduce an “ionization departure” parameter per component: δ_NLTE(t) (low-dimensional: amplitude + decay timescale) that perturbs Saha/LTE ion fractions toward a radiation-field-diluted state.
  - Couple recombination front to ion fractions continuously (not as a step): define an effective opacity transition width ΔT_rec and a centroid T_rec(Ye, X_La) with priors informed by atomic physics; allow ΔT_rec to widen under mixing/non-LTE.
2.3. Model discrepancy term (mandatory per critique):
  - Add a wavelength- and time-dependent discrepancy process ε(λ,t) on κ_exp or on emergent spectra, represented by a low-rank basis (e.g., 5–10 spectral principal components derived from differences between the two code libraries across the grid) with coefficients inferred hierarchically.
  - Impose smoothness in log λ and log t and penalize unphysical high-frequency structure; this prevents the heating basis from absorbing opacity errors.
2.4. Posterior predictive checks:
  - Require fits to reproduce not only broadband colors but also pre-defined spectral indices and the evolution of spectral curvature; reject/flag models that fit colors but fail spectral-feature PPCs.

Step 3 — Hierarchical joint inference (replacing strict Stage A→B)
3.1. Global generative model:
  - Ejecta is multi-component with angular structure: components {dynamical, wind, secular} for BNS; {disk-wind, SN-ejecta} for collapsars.
  - Homologous expansion with parameterized velocity distributions per component (e.g., broken power-law in v with cutoffs) and density profiles ρ(v,t) ∝ t^-3.
  - Radiative model: gray/semigray diffusion with wavelength-dependent photospheric correction using κ_exp(λ,...) and ionization; compute emergent SED and spectra summary statistics.
  - Energy equation per component:
    dE_int/dt = M qdot(t) f_th(t) − L(t) − PdV,
    with f_th(t) computed from microphysical deposition parameters (priors in Step 0.1).
3.2. Heating model (low-dimensional but tightly bounded):
  - Parameterize qdot(t) = A t^{-α_late} S(t; t_tr, Δ) + A_early t^{-α_early}[1−S(t; t_tr, Δ)] + B exp(-t/t_fis) + C exp(-t/t_iso),
    where S is a smooth logistic transition. Enforce:
    - α_late prior concentrated in [1.1,1.5]; α_early broad but bounded;
    - positivity qdot(t)>0;
    - integrated energy prior from Step 0.1;
    - B,C constrained so that exponentials cannot dominate beyond allowed nuclear energy budget.
  - Separate parameters for different components only if data demand it; default is shared qdot(t) across components to avoid overfitting.
3.3. Hierarchical coupling to spectra (addresses critique (i)):
  - During inference, heating parameters are active and propagate into T(t) and thus into ion fractions and κ_exp(λ,t). Spectral/color likelihood therefore contracts joint posterior rather than assuming independence.
  - Implement using gradient-based Bayesian inference (HMC/NUTS) with emulator acceleration; verify with simulation-based calibration.
3.4. Geometry and multi-messenger priors:
  - GW170817: incorporate GW posteriors on inclination and chirp mass to constrain angular emissivity and component masses/velocities; include EOS-informed remnant-lifetime hyperparameter that maps to wind/secular mass ratio with a monotonic parametric form.
  - Collapsars: include radio calorimetry likelihood mapping to kinetic energy E_k and mass in sub-relativistic ejecta; enforce consistency between optical ejecta parameters and radio-inferred E_k given circum-source density priors.

Step 4 — Collapsar dataset definition + competing-model evaluation (addresses critique (v))
4.1. Inclusion criteria (hard cuts):
  - Must have (a) at least one spectrum at t ≤ 5 d rest-frame OR densely sampled multiband photometry enabling spectral indices proxy; (b) NIR coverage (≥1 band beyond 1 μm) within 10 d; (c) radio observations at epochs suitable for calorimetry (or published upper limits translated to E_k–M constraints with stated density priors).
  - Exclude events with severe host contamination or uncertain distance/extinction beyond preset thresholds.
4.2. Competing models (fit all to each event):
  - M0: SN-only (standard radioactive ^56Ni heating + SN opacities/line blanketing).
  - M1: SN + CSM interaction (shock power law, with spectral constraints).
  - M2: SN + dust reprocessing (IR excess with dust temperature/emissivity priors).
  - M3: SN + r-process disk-wind component (our r-process opacity/heating framework).
  - Optional M4: SN + engine (magnetar), only if justified by observables.
4.3. Decision metric:
  - Compute marginal likelihoods with identical discrepancy machinery across models; report Bayes factors with sensitivity to discrepancy priors. Require that any preference for M3 persists under widened discrepancy priors and alternative RT code library.

Step 5 — Identifiability analysis (mandatory)
5.1. Fisher/likelihood-geometry study on simulated datasets:
  - Generate controlled mocks from full RT simulations with known Ye gradients, mixing, and network-based qdot(t), covering multiple cadences/SNRs.
  - Compute local identifiability (Fisher information) and global degeneracy structure (profile likelihood / posterior correlations) for parameter blocks: θ_comp={Ye/X_La, δ_NLTE, ΔT_rec}, θ_dyn={Mej, v-profile}, θ_heat={A, α_early, α_late, B,C,t_fis,t_iso}, θ_disc={ε basis coeffs}.
  - Map “separability failure regions”: early times t<~2 d with purely photospheric spectra, sparse NIR, or no spectra; quantify required cadence and spectral coverage to achieve target uncertainty on integrated heating and α_late.
5.2. Report an observation design rule:
  - Provide minimum dataset requirements (e.g., ≥2 spectra between 1–7 d + NIR photometry through ~10 d) to achieve <X% uncertainty in E_tot/M and to distinguish lanthanide-poor vs rich at Y sigma.

Step 6 — Validation and robustness audits (mandatory)
6.1. Two-code validation:
  - Fit mocks generated by RT Code A using κ library from Code B (and vice versa) to quantify bias; verify discrepancy term absorbs mismatch without shifting qdot(t) beyond nuclear bounds.
6.2. Posterior predictive checks:
  - PPC on spectral indices, broadband light curves, and late-time slopes; require simultaneous fit quality.
6.3. Stress tests for mixing and smeared recombination:
  - Inject angular mixing and broadened ΔT_rec in mocks; quantify impact on inferred Ye and qdot.
6.4. GW170817 recovery target:
  - Demonstrate recovery consistent with established multi-component masses/velocities (blue ~0.01 Msun at ~0.3c; red ~0.04 Msun at ~0.1c) while reporting how much this depends on discrepancy priors and non-LTE parameters.

Step 7 — Deliverables
7.1. Public hierarchical model + priors + pre-registered decision protocol.
7.2. For GW170817: joint posterior over {composition/ionization, opacity evolution, Mej/v geometry, qdot(t)} with credible intervals that include opacity model discrepancy.
7.3. For collapsars: vetted sample table meeting inclusion cuts; Bayes-factor comparison across M0–M3 with sensitivity analysis; constraints on allowed r-process ejecta mass consistent with radio calorimetry.
7.4. Identifiability maps and observing-strategy recommendations for future events.","Mechanistic rigor and reviewer concerns are addressed by design: (i) heating is no longer treated as ignorable during “composition inference”; instead, a low-dimensional, nuclear-bounded qdot(t) hyperprior is active throughout, so the temperature/ionization dependence of spectral evolution is correctly propagated and quantified. (ii) The recombination/opacity transition is modeled as a continuous, broadenable front (ΔT_rec) with explicit non-LTE departure parameters and mixing-sensitive priors, preventing an over-idealized “sharp” transition from forcing spurious Ye inference. (iii) Opacity uncertainty is upgraded from a simple multiplicative error to a wavelength- and time-dependent discrepancy process calibrated by differences between two independent radiative-transfer/atomic pipelines and enforced via posterior predictive checks on spectral features, directly mitigating overconfident Bayes factors. (iv) The heating basis is constrained by pre-registered nuclear-energy and slope bounds and is separated from opacity/discrepancy degrees of freedom; robustness is explicitly tested via cross-code mock recovery, mixing/non-LTE stress tests, and thermalization-parameter audits so that residual modeling error cannot be silently reabsorbed as “heating.” (v) The collapsar comparison is made credible by hard inclusion criteria (spectra/NIR/radio), standardized extinction/CSM treatments, and a fixed competing-model suite (SN-only, CSM, dust, etc.), ensuring that any inferred r-process component is not a default explanation for residuals. Empirically, GW170817 provides the required dense UV–NIR time series and known multi-component ejecta scale (blue ~0.01 Msun at ~0.3c; red ~0.04 Msun at ~0.1c), enabling identifiability calibration and end-to-end validation before applying the framework to the more limited collapsar sample.","This is a technically sophisticated, largely executable plan with unusually strong attention to identifiability, model discrepancy, and pre-registration. The main scientific risk is that the claimed “partial identifiability” of qdot(t) from spectra+bolometric evolution may be weaker than implied once you allow (i) multi-dimensional ejecta structure (angle-dependent heating/opacity, mixing), (ii) non-LTE effects that can mimic temperature/heating changes, and (iii) an explicitly flexible discrepancy ε(λ,t) that can absorb exactly the spectral-lever-arm intended to constrain lanthanides/ion stage. In other words, the proposal correctly avoids separability, but may still face a practical non-identifiability where ε(λ,t), δ_NLTE(t), ΔT_rec, and qdot parameters trade off, yielding posteriors that are nuclear-bounded but not data-driven. On the collapsar side, the radio-calorimetry consistency prior is valuable, but the mapping from radio constraints to sub-relativistic mass/energy is density-model dominated and may not effectively rule out SN+CSM/engine degeneracies without very strict, event-specific circumburst medium constraints. Finally, the forward model is described as gray/semigray diffusion with “photospheric correction”; for the stated goal (spectral indices constraining ion stages/lanthanides), this may be internally inconsistent unless you demonstrate that the summary-statistic likelihood retains the information content of full RT spectra and is unbiased across the relevant parameter space."
"Nuclear-physics-driven mass loss in close binaries (via metallicity-dependent winds and common-envelope ejection) imprints a measurable, non-degenerate signature on the companion-capture and ejection channels mediated by massive black holes (MBHs): specifically, it sets the compact-remnant mass spectrum and therefore the exchange-interaction cross section and dynamical-friction sinking rates of remnants that shepherd main-sequence stars into tight MBH orbits. We hypothesize that enforcing conservation laws and relativistic bounds by adapting standard Monte-Carlo + N-body cluster/galactic-center simulations into a 'physics-constrained multiscale exchange-capture solver'—which couples (i) a causality-respecting neutron-star equation-of-state (EoS) and fallback-calibrated remnant mapping, (ii) an explicitly energy–angular-momentum conserving three-body exchange integrator with post-Newtonian (PN) terms, and (iii) a dynamical-friction module consistent with the evolving, mass-segregated distribution function—will outperform unconstrained population-synthesis or purely Newtonian exchange modeling in predicting (a) the captured-star eccentricity distribution and (b) the rate of hypervelocity ejections for systems emerging from high binary-fraction environments.","Step 1: Specific system setup or data preparation.
1.1 Build a grid of mass loss scenarios for massive stars across metallicity (Z) and binary interaction channels (stable RLOF, common-envelope, winds), producing compact-remnant outcomes (NS/BH masses, natal kicks) using a remnant-mapping module that is explicitly parameterized by nuclear-physics inputs (EoS-dependent maximum NS mass, neutrino-driven mass ejection efficiency, fallback prescriptions).
1.2 Adopt priors for the primordial binary fraction (e.g., 10–30%) and distributions of binary separations/mass ratios consistent with cluster/galactic-center constraints; generate initial populations of binaries that can supply companions.
1.3 Construct a galactic-nucleus model with an MBH (mass range 10^5–10^7 Msun) embedded in a multi-component cusp including stellar-mass BHs/NSs/WDs and main-sequence stars; calibrate the background distribution function to reproduce plausible mass segregation and density profiles.

Step 2: Detailed implementation of the adapted methodology.
2.1 Methodological adaptation A (nuclear-physics constrained remnant engine): modify standard population synthesis by inserting an EoS-constrained remnant filter: (i) reject any NS masses violating the causality-limited maximum mass and enforce thermodynamically consistent mass–radius relations; (ii) couple fallback fraction and kick distribution to mass loss scenario so that momentum conservation is satisfied at the binary level (center-of-mass recoil) and at the remnant level (kick–ejecta balance).
2.2 Methodological adaptation B (symplectic, constraint-preserving exchange integrator): replace conventional few-body scattering integrators with a hybrid scheme: (i) a time-transformed symplectic integrator for close approaches that exactly conserves energy and angular momentum in the Newtonian limit; (ii) add PN 1PN and 2.5PN terms with an operator-splitting update so that pericenter precession and GW backreaction are included without secular energy drift; (iii) implement an event-driven exchange-detection criterion based on Jacobi constants and hierarchy stability (Mardling–Aarseth) to robustly classify outcomes (capture, swap, ionization, ejection).
2.3 Methodological adaptation C (self-consistent dynamical friction with evolving mass spectrum): modify the Chandrasekhar dynamical-friction prescription by computing the Coulomb logarithm and velocity-dispersion tensor from the instantaneous, mass-segregated distribution function of remnants produced by Step 2.1; propagate inspiral of compact objects toward the MBH and feed their local phase-space density into the exchange module (Step 2.2), closing the loop between mass loss scenario → remnant spectrum → dynamical friction → exchange interaction rate.
2.4 Couple all modules in a multiscale framework: orbit-averaged Fokker–Planck (or Monte Carlo) for long-term cusp evolution (Gyr), with on-the-fly spawning of high-accuracy few-body encounters when binaries/compact objects enter the MBH influence radius or when close-encounter criteria are met.

Step 3: Rigorous validation and analytical framework.
3.1 Internal consistency checks: verify exact conservation of linear momentum in mass loss updates; quantify integrator energy drift in controlled three-body tests; confirm PN-induced suppression of spurious Kozai-driven mergers.
3.2 Cross-validation against literature observables: reproduce (i) capture cross sections and eccentricity trends for star capture around an MBH via exchange with compact remnants, and (ii) exchange-driven triple/binary outcome branching ratios in high binary-fraction clusters.
3.3 Inference deliverables: compute predicted distributions of (a) captured main-sequence-star semi-major axes, eccentricities, and apoapse lower bounds; (b) hypervelocity ejection velocities and companion survival fractions; (c) EMRI/compact-binary merger rates and their dependence on EoS-limited remnant mass spectrum.
3.4 Sensitivity/identifiability: perform a Bayesian sensitivity analysis to isolate which nuclear-physics parameters (EoS maximum NS mass, neutrino mass loss efficiency) and which astrophysical parameters (binary fraction, metallicity) most strongly affect the exchange-capture observables; define observational discriminants for multi-messenger constraints (LISA EMRIs, GW compact mergers, and GC stellar orbital distributions).","1. Theoretical/Empirical Basis: Exchange capture of stars near MBHs and the importance of compact-remnant cusps are established, as is the key role of dynamical friction in bringing massive objects inward. High primordial binary fractions in dense stellar systems enable frequent exchanges. Nuclear-physics inputs (NS maximum mass, fallback) demonstrably regulate the remnant mass function and kick distribution, which directly controls encounter rates and outcomes.
2. Transfer Logic (How the adaptation fits the domain): High-energy astrophysics and nuclear physics constraints enter through the remnant engine: enforcing EoS causality and consistent mass–radius limits prevents unphysical NS remnants and ensures correct compact-object demographics. The PN-augmented, constraint-preserving exchange integrator respects relativistic dynamics essential near MBHs (pericenter precession, GW losses), preventing incorrect secular resonances and energy drift that plague naive Newtonian treatments.
3. Comparative Advantage: Compared to standard unconstrained population synthesis plus Newtonian scattering, the proposed solver is superior because it (i) ties mass loss scenarios to a physically admissible remnant spectrum (EoS-bounded), (ii) preserves invariants in strong encounters while including mandatory relativistic corrections, and (iii) self-consistently updates dynamical friction using the evolving multi-mass cusp, yielding more accurate capture/ejection statistics and tighter, interpretable links between nuclear physics and observable multi-messenger signatures.","This is an unusually sophisticated and internally coherent proposal that tightly couples nuclear-physics constraints to stellar-dynamical observables near MBHs. The engineering plan is detailed, technically credible, and addresses known failure modes of unconstrained population synthesis and Newtonian few-body scattering. Minor score deductions arise from (i) the very broad scope—multiple heavy modules (population synthesis, PN few-body, Fokker–Planck cusp evolution) are all developed simultaneously, increasing integration risk—and (ii) limited discussion of computational cost scaling and feasibility (e.g., encounter spawning rates, PN integrator stability at high mass ratios). While the logical chain is strong, the identifiability of nuclear-physics parameters via exchange-capture observables may be optimistic without a clearer demonstration that degeneracies with cluster initial conditions can be broken."
"A neutron star’s compactness (M/R) and thus its equation of state can be constrained more tightly in the atoll-source class by methodologically adapting standard pulsar-timing inference into a distance-calibrated, relativistic “phase-connection” framework for X-ray spectropolarimetry: we will treat the atoll source’s quasi-coherent oscillations (burst oscillations and/or kHz QPOs) as timing observables whose phases can be tracked across spectral states and X-ray dips, while simultaneously fitting energy-resolved Stokes parameters with a GR geodesic polarization-transport forward model. The core mechanistic link is that the same spacetime curvature and rotational Doppler field that imprint relativistic phase lags (light-travel time, Shapiro-like path delays near the star, and frame-dragging-induced aberration) also deterministically rotate and depolarize the emerging radiation via GR ray-bending plus polarization parallel transport; enforcing a causal EOS through explicit TOV solutions restricts the allowable compactness and thereby the relativistic transfer kernel. The key methodological adaptation is to replace conventional (i) radio-ToA pulsar timing likelihoods and (ii) independent polarization fits with a single coherent phase-evolution model built on a Kalman-smoother state-space representation of hotspot/boundary-layer phase, explicitly driven by accretion-state covariates (hardness-intensity position) and anchored by astrometric parallax distances, enabling relativistically consistent phase and polarization inference even when strict periodicity is intermittently broken by dipping/obscuration in atoll sources.","Step 1: Specific system setup or data preparation.
1.1 Target selection (atoll sources with timing + polarimetry): compile a sample of atoll-class neutron-star LMXBs with (a) IXPE polarimetry during dips and non-dip intervals (e.g., GX 13+1-like systems), (b) NICER (or RXTE archival) high-time-resolution light curves enabling burst-oscillation phase tracking and/or kHz QPO phase-resolved products, and (c) feasible astrometric parallax from VLBI of radio counterpart (if any) or Gaia for the donor/field tie, else a dedicated VLBI campaign on any persistent radio core.
1.2 Construct phase observables in X-rays: for each observation segment, extract a quasi-coherent phase time series using a complex demodulation approach (analytic signal / Hilbert transform) or maximum-likelihood tracking of a drifting oscillator, producing ϕ(t,E) and its uncertainty, not discrete ToAs. Separately derive spectral-state covariates: hardness ratio, intensity, and dip indicators (e.g., column density proxies from time-resolved spectroscopy).
1.3 Polarimetric data products: reduce IXPE to time- and energy-binned Stokes spectra (I,Q,U) aligned to the same segments as the phase series; propagate full instrument response (modulation factors, background) to Stokes covariance matrices.
1.4 Parallax and kinematics: obtain astrometric parallax π and proper motion μ where possible; convert to a distance prior p(d) and transverse velocity prior to constrain geometric delays and luminosity (and thus boundary-layer energetics).

Step 2: Detailed implementation of the adapted methodology.
2.1 Methodological Adaptation (core): state-space relativistic phase-connection for atoll timing.
- Replace radio-style ToA fitting with a continuous-time latent-phase model for X-ray oscillations: define a latent oscillator phase ϕ*(t) whose dynamics follow dϕ*/dt = 2πν(t), with ν(t) itself modeled as a stochastic process driven by accretion covariates (hardness/intensity/dip state) via a physically motivated torque/flow-coupling term. Implement this as a Kalman smoother / particle filter on (ϕ*, ν) that can bridge gaps and handle phase wander.
- The observation model links measured ϕ(t,E) to ϕ*(t) plus a relativistic transfer delay Δt_rel(E; M,R, spin, inclination) and a scattering/obscuration delay Δt_scat(E; τ, geometry) during dips. This converts timing into constraints on compactness without requiring stable radio pulses.
2.2 GR + radiative mechanism forward model (not a black box).
- Emission geometry: adopt a boundary/spreading-layer + Comptonizing region model appropriate for atoll sources. Parameterize emitting latitude extent, azimuthal asymmetry, and electron temperature; enforce energy conservation by tying Compton y-parameter and boundary-layer luminosity to the observed spectrum.
- Relativistic photon propagation: compute null geodesics in a Hartle-Thorne spacetime (slow-rotation approximation suitable for many NS spins) to map emission coordinates to observer time-of-arrival, energy shifts, and lensing amplification; include special-relativistic Doppler boosting and aberration.
- Polarization transport: parallel-transport the polarization basis along each geodesic to predict energy-dependent PA rotation from spacetime curvature; combine with Thomson/Compton scattering Mueller matrices in the corona/wind to predict (Q,U)(E,t) and depolarization during dips.
2.3 Astrometric-parallax integration as a structural constraint.
- Use parallax-derived distance to fix the absolute luminosity scale, which constrains boundary-layer size/temperature (through radiative efficiency) and reduces degeneracy between compactness and emitting-area assumptions.
- Use proper motion to bound kinematic time-delay terms that can masquerade as phase drifts in long-baseline phase tracking.
2.4 Nuclear-physics constraint insertion (EOS-manifold inference).
- Sample EOS hyperparameters Φ (e.g., spectral representation or piecewise polytropes) and solve TOV to generate allowed (M,R) pairs; impose causality (c_s ≤ c), thermodynamic stability, and maximum-mass constraints.
- The relativistic transfer kernel (geodesics + time delays + polarization transport) is evaluated only on the TOV-valid manifold, preventing unphysical compactness solutions.
2.5 Inference engine.
- Perform joint Bayesian inference over Θ = {EOS Φ, M, spin, i, emission-geometry parameters, scattering/wind parameters, latent phase-state parameters} using a two-level approach: (i) sequential Monte Carlo for the latent phase state-space (to handle nonstationary oscillations and dips), and (ii) nested sampling or HMC for global parameters with likelihood contributions marginalized over latent phase.
- Use differentiable TOV solvers and differentiable geodesic ray-tracing (automatic differentiation through interpolants) to compute gradients where feasible; otherwise apply surrogate emulators trained only on physically computed outputs (no end-to-end black-box mapping).

Step 3: Rigorous validation and analytical framework.
3.1 Synthetic end-to-end injections: generate simulated atoll datasets with known (M,R), dip-driven scattering, and realistic IXPE response; verify unbiased recovery of compactness and correct coverage under phase wander.
3.2 Internal consistency checks:
- Compare compactness inferred primarily from phase-lag structure versus that inferred primarily from polarization (PD/PA vs energy) by running controlled ablations; require agreement within posterior predictive intervals.
- Distance cross-check: ensure inferred luminosity and emitting-area parameters remain consistent with parallax distance; flag models that require super-Eddington boundary-layer emission in non-burst intervals.
3.3 Model selection for dip physics: compute Bayes factors between candidate dip mechanisms (pure absorption, scattering-dominated corona, disk-wind occultation) and assess how each propagates into (M,R) and EOS posteriors.
3.4 Systematics budget:
- Instrumental: propagate IXPE modulation-factor uncertainties and NICER deadtime/clock systematics into Stokes and phase likelihoods.
- Astrophysical: include nuisance parameters for interstellar polarization/Faraday effects where relevant; validate with radio spectropolarimetry constraints on RM for nearby lines of sight when available.
3.5 Deliverables:
- A validated open-source pipeline producing EOS-constrained (M,R) posteriors from atoll-source timing+polarimetry.
- A ranked set of physically consistent atoll emission/dip geometries explaining PD/PA swings and phase-lag behavior under GR transport.","1. Theoretical/Empirical Basis: (i) IXPE has demonstrated measurable polarization swings and PD changes in dipping atoll-like LMXBs, implying strong sensitivity to scattering geometry and emission anisotropy. (ii) High-time-resolution X-ray data (NICER/RXTE heritage) support phase-resolved studies of burst oscillations and kHz QPO phenomenology; treating these as trackable phases is well grounded in signal processing and has precedent in oscillator tracking, but has not been structurally integrated with GR polarization transport for EOS inference. (iii) Astrometric parallax has already proven decisive in breaking distance-driven biases in relativistic timing contexts; here it provides an absolute luminosity anchor that directly impacts boundary-layer model identifiability.
2. Transfer Logic (How the adaptation fits the domain): High-energy astrophysics and nuclear physics EOS inference are limited by emission-geometry degeneracies and by the non-stationary nature of accretion-powered variability, which prevents direct transplantation of radio pulsar ToA timing. The proposed adaptation converts the problem into a physically driven state-space phase-connection task, explicitly encoding conservation (energy budget in Comptonization/boundary layer), symmetry/geometry (parameterized emitting regions), and relativistic invariance (geodesics + polarization parallel transport). The EOS enters through TOV with causality/stability bounds, ensuring nuclear-physics consistency.
3. Comparative Advantage: Unlike the rejected joint-likelihood ‘relativistic transfer’ framework that attempted to fuse heterogeneous source classes (radio MSPs and atoll sources) into a single shared latent geometry, this approach is structurally novel and source-internal: it uses only atoll-source observables and replaces ToA-style timing with a nonstationary phase-state model tailored to accretion systems. The parallax constraint is used to calibrate energetics rather than merely as a distance prior in a timing model. By coupling relativistic phase lags and GR-consistent polarization transport within a causal EOS manifold, the method reduces compactness–geometry degeneracies and yields bias-resistant EOS constraints compared to (a) spectropolarimetry-only scattering fits or (b) timing-only QPO/burst-oscillation analyses that ignore polarization and distance-calibrated energetics.","This is an unusually deep and technically mature proposal that demonstrates strong command of relativistic astrophysics, statistical inference, and nuclear-physics constraints. The central logic—linking relativistic phase lags and polarization transport through a shared spacetime transfer kernel constrained by EOS-consistent compactness—is sound and nontrivial. Engineering resolution is high, with concrete data products, inference machinery, and validation plans. The main weaknesses are practical rather than conceptual: (i) the availability of sufficiently bright atoll sources with simultaneous IXPE-quality polarimetry, trackable quasi-coherent phases, and usable parallax is optimistic and may limit near-term yield; (ii) the sensitivity of kHz QPO phase lags to compactness at realistic S/N is not quantitatively demonstrated; and (iii) the Hartle–Thorne approximation may become marginal for faster-spinning atoll sources, potentially biasing inference if not carefully bounded. These issues slightly reduce confidence in execution robustness but do not undermine the core scientific mechanism."
"We hypothesize that a physically consistent *joint latent-variable hierarchical Bayesian model*—in which pulsar timing array (PTA) nanohertz data and ground-based LIGO/Virgo/KAGRA (LVK) tens–kilohertz compact-binary coalescences (CBCs) are connected **only through shared cosmology and population hyperparameters**—can statistically distinguish mass-gap compact objects produced by primordial-black-hole (PBH) channels from those produced by stellar evolution.

Mechanistic rationale (addressing the critique): PTAs and LVK do not share a detector-level observable that would justify modifying the Hellings–Downs (HD) kernel with CBC luminosity-distance response. Instead, both bands encode information about (i) cosmology (e.g., H0, Ωm), and (ii) compact-object formation/evolution through population-level quantities: the comoving merger-rate density evolution, the black-hole mass function and its low-mass tail, and (for PTAs) the supermassive black hole binary (SMBHB) background amplitude/spectral slope and anisotropy. In the refined approach, PTA anisotropy is used *only* for what it physically measures—angular structure of the nanohertz stochastic background—thereby constraining SMBHB population hyperparameters and (optionally) reducing uncertainty on cosmology via an external H0 likelihood constructed from PTA-inferred ΩGW(f) plus galaxy/SMBHB-environment information. That cosmology posterior is then propagated into the LVK population analysis, tightening the mapping between observed strain amplitude and luminosity distance at the *population* level (not event-by-event “calibration”). Mass-gap classification is achieved via (a) EOS/TOV-causality constraints defining the maximal neutron-star mass region, (b) LVK-inferred mass distribution shape near 2–6 M⊙ under selection effects, and (c) PBH-vs-stellar mixture modeling with Bayes factors, optionally informed by PTA constraints if PBHs contribute to nanohertz ΩGW(f) through an explicit, separately modeled PBH-related background component.","Step 0 — Define the joint latent-variable graph (no kernel-level coupling):
Latents: cosmology θc ≡ {H0, Ωm, w (optional)}, LVK population θLVK ≡ {rate evolution R(z), mass function parameters (stellar), PBH mass-function parameters, PBH fraction fPBH, spin distribution, NS maximum mass M_TOV,max with EOS hyperparameters}, PTA background θPTA ≡ {A_SMBHB, γ (spectral index), anisotropy multipoles Cℓ (or pixel map), pulsar noise hyperparameters}. Shared nodes across bands: θc and any explicitly common astrophysical hyperparameters if justified (e.g., R(z) for a hypothesized PBH channel contributing to both bands; otherwise keep SMBHB parameters separate).

Step 1 — PTA likelihood with standard HD/generalized overlap-reduction functions (ORFs):
Use timing-residual cross-power spectral density between pulsars a,b:
  C_ab(f) = Γ_ab(\hat\Omega; C_ℓ) S_h(f; θPTA) + N_ab(f; θnoise)
where Γ_ab is the overlap-reduction function. For isotropy, Γ_ab = Γ_HD(ζ_ab). For anisotropy, expand the sky map in spherical harmonics:
  Γ_ab = \sum_{ℓm} Γ_ab^{ℓm} a_{ℓm}, with C_ℓ ≡ \langle|a_{ℓm}|^2\rangle.
Construct the PTA likelihood:
  \mathcal{L}_PTA(d_PTA|θPTA) ∝ exp[-\tfrac12 (r - \mu(θPTA))^T \Sigma(θPTA)^{-1} (r-\mu(θPTA))]
(or the standard Bayesian timing-model marginal likelihood used in enterprise/TempoNest-style pipelines).
Deliverables:
  (i) posterior p(θPTA|d_PTA) for {A_SMBHB, γ, C_ℓ},
  (ii) evidence for isotropic vs anisotropic models,
  (iii) if included, posterior for an additional PBH-related nanohertz component S_h^PBH(f; θPBH,nHz) with a distinct spectral template.

Step 2 — LVK event likelihood with GR waveforms + calibration + selection:
For each LVK event i with strain data d_i:
  \mathcal{L}_i(d_i|\vartheta_i, κ) = p(d_i|h_GR(\vartheta_i; κ))
where \vartheta_i includes {m1,m2, spins, inclination ι, luminosity distance d_L, sky position}, and κ are calibration parameters with priors p(κ) from LVK calibration lines.
Impose neutron-star EOS/TOV causal constraints as priors/hyperpriors:
  p(m_NS|θEOS) = 0 for m_NS > M_TOV,max(θEOS),
with M_TOV,max constrained by causality (c_s ≤ c) and empirical bounds.
Include LVK selection effects via the detection efficiency α(θLVK, θc):
  \mathcal{L}_{LVK,pop}(\{d_i\}|θLVK, θc) ∝ \left[\prod_i \int d\vartheta_i \, \mathcal{L}_i(d_i|\vartheta_i) p(\vartheta_i|θLVK, θc)\right] / α(θLVK, θc)^{N}
where
  α(θLVK, θc)=\int d\vartheta \, p_det(\vartheta) p(\vartheta|θLVK, θc).

Step 3 — Shared cosmology and population hyperparameters (the only coupling):
Joint posterior:
  p(θc, θLVK, θPTA | d_LVK, d_PTA) ∝ \mathcal{L}_{LVK,pop}(d_LVK|θLVK, θc) \; \mathcal{L}_{PTA}(d_PTA|θPTA, θc) \; p(θc) p(θLVK) p(θPTA).
Key point: \mathcal{L}_{PTA} depends on θc only if we include an explicit cosmology bridge. Two defensible options are:
  (A) Conservative (no PTA→H0 claim): set \mathcal{L}_{PTA}(d_PTA|θPTA) independent of θc; the coupling is then purely through PBH/astrophysical hyperparameters only when a PBH nanohertz component is explicitly present.
  (B) Explicit measurable H0 bridge (only if justified by auxiliary data): construct an external likelihood p(H0|d_PTA, d_gal) by combining PTA-inferred SMBHB background amplitude A_SMBHB with a forward model anchored to galaxy merger rates/SMBH–host scaling relations (d_gal), marginalizing over environmental uncertainties. Then feed this as a prior into θc in the LVK analysis. This is *not* a kernel modification; it is cosmological prior propagation.

Step 4 — PBH vs stellar mass-gap inference as a mixture model with Bayes factors:
Model the compact-object mass distribution near the mass gap as a mixture:
  p(m|θLVK) = (1-fPBH) p_stellar(m|θstel) + fPBH p_PBH(m|θPBH)
with a physically motivated PBH mass function (e.g., lognormal with {m_c, σ}) and a stellar-remnant component allowing for a possible low-mass BH tail.
Define competing hypotheses:
  H0: fPBH = 0 (pure stellar),
  H1: fPBH > 0 (PBH admixture).
Compute population-level Bayes factor:
  \mathcal{B}_{10} = Z(H1)/Z(H0)
where Z are evidences from the hierarchical likelihood with selection.
Use EOS/TOV priors to partition NS vs BH probability for objects in 2–6 M⊙, quantifying P(NS|d_i, θEOS) and P(BH|d_i, θEOS), rather than assuming a hard mass cut.

Step 5 — Identifiability and pre-RJMCMC validation (mandatory per critique):
5.1 Fisher/forecast studies:
  • Derive Fisher matrices for {fPBH, m_c, σ, θstel slopes/cutoffs} under realistic LVK detection efficiency; assess degeneracies with spin distribution and inclination–distance.
  • For PTA, evaluate identifiability of anisotropy multipoles C_ℓ given pulsar number, cadence, and red noise.
5.2 Injection–recovery campaigns:
  • LVK-only injections: simulate catalogs under H0 and H1 with calibration uncertainties; verify recovery of fPBH and mass-gap tail under selection.
  • PTA-only injections: simulate isotropic vs anisotropic SMBHB backgrounds; verify recovery of A_SMBHB, γ, C_ℓ.
  • Joint injections: if adopting option (B), inject a known H0 prior from PTA+galaxy forward model and show the induced tightening in LVK population posteriors on redshift evolution and mass distribution (not individual-event distance).
Only after these checks proceed to RJMCMC.

Step 6 — Computation stack and reproducibility:
  • PTA inference: enterprise/PTMCMCSampler with generalized ORFs; map-based anisotropy parameterization up to ℓ_max chosen by data support.
  • LVK hierarchical inference: bilby/hierarchical inference with injection campaigns; calibration priors from LVK releases.
  • Evidence and model selection: nested sampling (dynesty) for Z(H0), Z(H1); RJMCMC only after identifiability is demonstrated.
  • Public release of simulated catalogs and analysis notebooks; strict posterior predictive checks for both bands.

Step 7 — Deliverables/Success metrics:
  • Quantitative Bayes factor \mathcal{B}_{10} for PBH admixture in the mass-gap population.
  • Constraints on M_TOV,max consistent with causality and event posteriors.
  • PTA anisotropy upper limits/posterior on C_ℓ and implications for SMBHB population models.
  • If option (B) is used: an explicit, auxiliary-data-dependent H0 posterior and its impact on LVK population parameters, with sensitivity analyses to SMBHB-environment systematics.","1) Physical defensibility (fixing the unphysical coupling): The revised proposal removes any claim that PTA HD correlations calibrate individual LVK luminosity distances or that the HD kernel should be modified by CBC parameters. PTA data are modeled with standard isotropic/anisotropic ORFs; LVK CBCs are modeled with GR waveforms, calibration priors, and selection. The only linkage is via shared latent variables (cosmology and explicitly shared population hyperparameters), which is the appropriate statistical-mechanical coupling between disjoint frequency bands.

2) Why this can still resolve mass-gap origin questions: Mass-gap ambiguity is primarily a population-inference problem under selection and waveform degeneracies. The refined model attacks it by (i) enforcing EOS/TOV causality to delimit the NS sector probabilistically, (ii) fitting a PBH+stellar mixture mass function with evidence-based model comparison, and (iii) marginalizing calibration and selection effects that otherwise bias the inferred low-mass tail. Any cosmology information (including an optional PTA-informed H0 prior) propagates at the population level to improve redshift-dependent rate and mass-function inference, rather than asserting an event-level distance “fix.”

3) Empirical anchoring to provided literature assets: (a) LVK/next-generation networks can deliver sub-10% luminosity-distance uncertainties for large CBC samples, enabling sharper population constraints when correctly modeled (Asset 1). (b) PTA methodology for frequency reach and improved strain constraints motivates robust stochastic-background parameter inference but does not imply detector-level coupling to LVK; it supports the PTA side of the hierarchical framework (Asset 2). (c) PTA anisotropy analyses already produce meaningful upper limits on C_ℓ and require generalized ORFs/noise marginalization—the exact ingredients adopted here (Asset 3). (d,e) PBH interactions and PBH-related compact-object channels are theoretically developed and can be encoded as hyperpriors/templates to be tested against data (Assets 4–5). (f) Mass-gap classification difficulty in LVK due to overlapping posteriors is directly addressed via hierarchical mixture modeling plus EOS constraints and selection (Asset 6).

4) Computability and risk control: The approach uses mature inference toolchains (enterprise for PTA; bilby/dynesty for CBC hierarchical inference). The primary risk—non-identifiability of fPBH vs stellar-tail parameters—is explicitly managed through mandated Fisher forecasts and injection–recovery before deploying RJMCMC/evidence calculations. A second risk—overclaiming PTA-derived cosmology—is controlled by offering a conservative baseline (no PTA→H0 link) and a clearly delimited optional extension that requires auxiliary galaxy/SMBHB-environment modeling and systematic-error propagation.","The proposal is substantially improved in physical consistency by eliminating detector-level coupling between PTA HD correlations and LVK CBC distance response; the latent-variable linkage through shared cosmology/hyperparameters is methodologically defensible. However, the central scientific payoff—statistically distinguishing PBH-origin mass-gap objects from stellar-tail remnants—remains at risk of weak identifiability: LVK mass-gap inferences are typically dominated by degeneracies among (i) the low-mass BH tail shape, (ii) spin and waveform systematics (especially for NSBH/BHNS ambiguity), (iii) EOS/TOV hyperpriors (which can function as an implicit classifier), and (iv) redshift evolution/selection effects. The optional PTA-informed H0 bridge is presented carefully, but in practice it is likely to be systematics-limited by galaxy-merger-rate modeling, SMBH–host scaling scatter, environmental hardening prescriptions, and possible non-SMBHB contributions to ΩGW(f); without a quantitative error budget, the bridge risks adding complexity without guaranteed constraining power. On the PTA side, anisotropy multipoles Cℓ are included appropriately, but it is not shown that Cℓ materially informs the PBH-vs-stellar question (unless a concrete PBH nHz background template with amplitude scaling tied to the same PBH hyperparameters used in LVK is specified). Finally, while the computational stack is credible, the model space is large (EOS hyperparameters + two mass-function components + rate evolution + selection + calibration), so evidence/Bayes-factor calculations may be prior-sensitive; the proposal needs explicit prior-robustness and model-misspecification tests beyond generic posterior predictive checks."
"A first-order hadron→quark phase transition in the cold high-density EOS—represented as a density-localized reduction in c_s^2(ρ) together with a latent-heat (energy-density jump) feature—imposes a mechanically enforced “radius–frequency–ejecta triad” that becomes identifiable only when (a) physical admissibility is enforced as an algorithmic invariant via an explicit constrained proximal projection Π on the EOS fields and (b) post-merger information is incorporated through an uncertainty-marginalized surrogate that separates cold-EOS effects from finite-temperature (finite-T) support. Mechanistically: (i) the cold-EOS transition reduces radii and inspiral tidal deformability Λ(M) at fixed mass (Assets 1–3), (ii) the same cold softening increases remnant compactness at fixed total mass, shifting the dominant post-merger spectral ridge f_peak and increasing damping (Assets 3–4), and (iii) the induced kink/twin-like behavior in the cold M–R curve is anchored by NICER + high-mass pulsars (Asset 1). The methodological refinement resolves reviewer concerns by (1) defining Π as a concrete constrained optimization/proximal map on microphysical control fields (c_s^2 and latent-heat kernel) with KKT conditions and subgradient handling for Maxwell non-smoothness, ensuring the forward model never evaluates unphysical EOS; (2) using a probabilistic post-merger surrogate with explicit training coverage and heteroscedastic error, and marginalizing surrogate uncertainty in the hierarchical likelihood to prevent the surrogate/budget assumptions from dominating Bayes factors; and (3) introducing a minimal, physically motivated thermal sector (Γ_th(ρ) or equivalent thermal pressure correction) so that post-merger frequency shifts caused by thermal support/differential rotation are not spuriously absorbed by the latent-heat kernel. Under this architecture, cold-transition parameters (onset density/pressure, jump Δε, softening-window width) become identifiable by requiring consistency across inspiral Λ(M), pulsar M–R, post-merger f_peak/damping (or upper limits), and EM-derived ejecta constraints—while explicitly quantifying degeneracies with finite-T parameters through controlled injections.","Step 1 — Data assembly and likelihood interfaces (multi-messenger, uncertainty-aware)
1. Inspiral GW: ingest event-level posterior samples for (m1,m2,χ_eff,\tilde{\Lambda}) or (m1,m2,Λ1,Λ2) with calibration uncertainty; implement reweighting to EOS-consistent Λ(M) using standard hierarchical methods.
2. Post-merger GW: support two observation modes:
   (a) Detection: time–frequency ridge summary y_pm = {f_peak, \dot f_peak, τ_damp, A_pm} with a provided covariance; or
   (b) Non-detection/upper limit: band-limited excess-power statistic in 1–4 kHz with detector-specific noise PSD → likelihood on predicted spectrum via marginalization over unknown phase.
3. Pulsars: NICER M–R posteriors for PSR J0030+0451-type sources + radio timing mass constraints (≥2 M_⊙) as hard/soft likelihood factors.
4. EM (kilonova): compress photometry/spectra to ejecta mass/velocity posterior and L_bol(t) constraints; treat opacity/heating uncertainties as nuisance parameters.

Step 2 — EOS representation (cold + explicit phase transition + minimal thermal sector)
A. Cold EOS microphysical fields
1. Primary fields defined on baryon density ρ ∈ [ρ_match, ρ_max]:
   - u(ρ) := logit(c_s^2(ρ)) so that c_s^2(ρ)=σ(u)=1/(1+e^{-u}) enforces 0<c_s^2<1 pointwise.
   - k(ρ) := softplus(\kappa(ρ)) to define a nonnegative latent-heat kernel.
2. Low-dimensional basis:
   - u(ρ)=\sum_{i=1}^{N_u} a_i B_i(ρ) (cubic B-splines with compact support; N_u≈10–14).
   - k(ρ)=\sum_{j=1}^{N_k} b_j \tilde B_j(ρ) (compact-support B-splines restricted to a candidate transition window; N_k≈4–8).
3. Maxwell-style first-order transition as a controlled jump:
   - Define a transition center ρ_t and width w via basis placement (or explicit parameters).
   - The integrated jump is Δε = \int k(ρ) dρ (units handled by mapping ρ→ε), with k controlling where the jump occurs.

B. EOS reconstruction from fields
1. Anchor at ρ_match to a low-density band (chiral EFT) with (p_match, ε_match, μ_match) as boundary conditions.
2. Reconstruct along increasing ρ using the thermodynamic identities:
   - dp/dε = c_s^2(ρ)
   - dε = (ε+p) dρ/ρ  (barotropic, cold)
   Integrate as an ODE system for (p(ρ),ε(ρ)).
3. Implement the latent-heat jump via a non-smooth (Maxwell) or smoothed (ε-regularized) construction:
   - Non-smooth option: enforce constant pressure p=p_t across a discontinuity ε→ε+Δε at fixed p_t.
   - Smoothed option (default for differentiability): approximate the step by a narrow tanh ramp of width δ≪w, and take δ→0 in validation.

C. Minimal thermal sector to separate finite-T effects
1. Adopt a standard hybrid thermal pressure correction used in NR surrogates:
   - p(ρ,T)=p_cold(ρ)+p_th, with p_th=(Γ_th(ρ)-1) ρ (ε-ε_cold(ρ)).
2. Parameterize Γ_th(ρ) minimally:
   - Either constant Γ_th ∈ [1.5,2.0], or two-segment Γ_th(ρ)=Γ_1 for ρ<2ρ_sat, Γ_2 for ρ≥2ρ_sat.
3. Treat Γ_th parameters as explicit inference variables with priors informed by microphysical ranges; this prevents the latent-heat kernel from absorbing thermal-support-induced f_peak shifts.

Step 3 — The projection operator Π as an explicit constrained proximal map (mathematical specification)
Define z=(a,b,θ_t) as unconstrained coefficients and hyperparameters; define x=(u(ρ),k(ρ)) fields and the reconstructed EOS E={p(ρ),ε(ρ),μ(ρ)}.
At each inference/optimization step, compute Π(z) by solving:

Π(z) := argmin_{x,E}  1/2 ||x - x_raw(z)||_W^2  + λ_TV ||∂_ρ u||_1  + λ_k ||k||_2^2
subject to the constraints (enforced on a density grid {ρ_g}):
C1 (Causality & positivity): 0 < c_s^2(ρ_g)=σ(u(ρ_g)) ≤ 1-η,  k(ρ_g) ≥ 0.
C2 (Thermodynamic integrability): E satisfies the discretized ODE constraints linking (p,ε) across ρ, i.e. p_{g+1}-p_g = c_s^2(ρ_g) (ε_{g+1}-ε_g) and ε_{g+1}-ε_g = (ε_g+p_g) Δρ/ρ_g.
C3 (Monotonicity/stability pre-TOV): dp/dρ > 0 on the grid (equivalently p_{g+1}>p_g).
C4 (Phase-transition consistency):
   - (Maxwell) enforce constant pressure across the jump region and chemical potential continuity: μ=(ε+p)/ρ continuous across the discontinuity.
   - Implemented either as exact constraints (non-smooth) or as ε-regularized constraints with ramp width δ (smooth).
C5 (TOV-level stability): for the resulting cold EOS, the maximum mass M_max ≥ 2.0 M_⊙ and stable branch criterion dM/dε_c > 0 up to M_max.

Algorithmic implementation (differentiable/proximal):
1. Use a primal–dual interior-point or augmented Lagrangian method on the discretized variables {u_g,k_g,p_g,ε_g}.
2. For the smooth (ε-regularized) transition, Π is differentiable almost everywhere; compute gradients via implicit differentiation of KKT conditions.
3. For the non-smooth Maxwell limit, use a semismooth Newton method and propagate subgradients (Clarke generalized Jacobian) for inference; failure-mode handling: if solver fails or C5 violated, return -∞ log-likelihood (hard reject) and log diagnostic counters.
4. Report Π metrics: projection distance ||x- x_raw||, active constraints, and rejection rate (target: <5% with tuned proposal scales).

Step 4 — Forward model components (TOV/tidal + probabilistic post-merger surrogate)
A. Deterministic structure solver (always physical due to Π)
1. Compute M–R and Λ(M) by solving TOV + tidal Love equations over central densities; interpolate Λ(M) for event masses.

B. Post-merger surrogate: form, training set, and uncertainty
1. Target outputs: y_pm = (f_peak, \dot f_peak, τ_damp, E_GW,pm, M_ej, v_ej, collapse_flag).
2. Inputs: binary parameters (M_chirp,q,χ_eff), cold EOS summary features plus transition parameters (e.g., R_1.6, Λ_1.4, ρ_t, Δε, min(c_s^2) in window), and thermal parameters (Γ_th or Γ_1,Γ_2).
3. Surrogate form: heteroscedastic Bayesian neural network or Gaussian Process with structured mean:
   y_pm = m(x) + ξ,  ξ ~ N(0, Σ_surr(x))
   where m(x) includes known scalings (e.g., f_peak ∝ √(M_tot/R_rem^3)) as inductive bias, and Σ_surr(x) is learned.
4. Training set (NR atlas):
   - Baseline hadronic EOS: ~15 EOS × (q ∈ {1.0,0.85,0.7}) × (M_tot ∈ {2.6,2.7,2.8,2.9} M_⊙) → ~180 runs.
   - Hybrid EOS (transition sweep): ~20 EOS constructed by varying (ρ_t,Δε,w,min c_s^2) × same mass-ratio/mass grid → ~240 runs.
   - Thermal sector sweep: for a subset (~40 runs), vary Γ_th (or Γ_1,Γ_2) to decorrelate thermal vs latent-heat effects.
   Total new/curated runs: ~420 (allowing a mix of existing public catalogs + targeted new simulations).
5. Accuracy requirements (quantitative):
   - f_peak RMS error ≤ 50–80 Hz; τ_damp fractional error ≤ 20–30% (realistic given current NR variability).
   - Calibration verified via 5-fold EOS-holdout (withheld EOS families) and posterior predictive checks.
6. Uncertainty propagation in inference:
   - Likelihood uses p(d_pm | y_pm) convolved with surrogate predictive distribution N(m(x), Σ_surr(x)).
   - For upper limits, integrate predicted spectra distribution over nuisance amplitude and Σ_surr.

Step 5 — “Energy-budget coupling” reformulated as soft, testable constraints (avoid dominance/bias)
1. Do not hard-enforce unobservable channels (neutrinos/shocks). Instead introduce an explicit latent partition vector ϕ with broad priors:
   E_bind → (E_GW,pm, E_ν, E_sh, E_ej, E_rad)
2. Constrain only robust inequalities and bookkeeping identities:
   - E_ej + E_rad ≤ α (E_orb + E_rot) with α∈(0,1) inferred (broad prior).
   - E_rad constrained by kilonova L_bol(t) through standard r-process heating model with nuisance opacity/thermalization.
3. Validate that Bayes factors for latent heat are stable under widening/narrowing priors on ϕ; report sensitivity.

Step 6 — Hierarchical inference and identifiability quantification
1. Hierarchical Bayesian model over events and pulsars:
   - Global parameters: EOS fields (a,b,ρ_t,w), thermal parameters (Γ_th/Γ_1,Γ_2), surrogate hyperparameters fixed from training.
   - Event-specific: (m1,m2,χ_eff, distance, inclination, calibration, EM opacities).
2. Sampler: gradient-based MCMC (NUTS) using implicit gradients of Π (smooth mode) or subgradient-enabled HMC / Metropolis-within-Gibbs (Maxwell mode).
3. Identifiability mapping:
   - Compute functional Fisher information / sensitivity kernels of u(ρ) and k(ρ) under inspiral-only vs +NICER vs +post-merger vs +EM.
   - Perform controlled injections: (a) pure thermal change with no latent heat, (b) latent heat with fixed thermal, (c) both—quantify posterior cross-correlation Corr(Δε,Γ_th) and failure rates.
4. Model comparison:
   - Compare models M0: k(ρ)≡0 (no latent heat) vs M1: k(ρ) allowed, using marginal likelihood estimators (bridge sampling / nested sampling on reduced parameter set) and report robustness to surrogate error inflation.

Step 7 — Validation milestones and failure-mode handling
1. Closure: verify (by construction) causality/thermodynamics; additionally check numerical tolerances and report any projection solver failures.
2. EOS-holdout NR validation: ensure surrogate generalizes to unseen EOS families (critical for avoiding “atlas bias”).
3. Stress tests:
   - Inflate Σ_surr by factors {1,2,3} and recompute Bayes factors.
   - Remove EM or post-merger contributions to verify that the transition signal is not an artifact of a single messenger.

Deliverables
- A publicly documented Π operator (objective, constraints, solver settings), including differentiability mode (smooth vs Maxwell) and diagnostics.
- A probabilistic post-merger surrogate with published training coverage, errors, and EOS-holdout tests.
- Posterior constraints on (ρ_t,Δε,w,min c_s^2) with quantified degeneracies vs Γ_th and with sensitivity to post-merger non-detections.","1) Projection operator Π feasibility and differentiability
- The revised proposal replaces conceptual “projection” with an explicit proximal constrained optimization on a discretized density grid, solvable via augmented Lagrangian / interior-point methods. Smooth ε-regularized transitions enable implicit differentiation through KKT systems (standard in differentiable optimization). The exact Maxwell limit is handled with semismooth Newton + subgradients, with explicit failure-mode handling (hard reject + diagnostics), satisfying the reviewer requirement for a testable specification.

2) Post-merger sector: preventing unverifiable energy assumptions from dominating
- The energy-budget link is re-scoped from hard enforcement of poorly observed channels (neutrinos/shocks) to (i) bookkeeping identities and (ii) robust inequality constraints with broad priors over partition fractions. This makes the coupling falsifiable (posterior checks) and reduces risk of biased Bayes factors. Post-merger information enters primarily through a probabilistic surrogate whose uncertainty is explicitly marginalized, so inference remains conservative when post-merger data are weak or absent (Assets 3–4 motivate measurability; non-detections are supported).

3) NR atlas and computational budget (quantified)
- The atlas is bounded to ~420 runs with structured coverage over (EOS family, q, M_tot) and targeted sweeps over transition and thermal parameters. This size is aligned with current community-scale NR campaigns and is compatible with constructing a heteroscedastic surrogate. Critically, the design includes EOS-holdout validation to avoid overfitting to a narrow EOS subset.

4) Separating cold latent-heat effects from finite-T effects (addressing identifiability)
- A minimal thermal sector (Γ_th or two-segment Γ_th(ρ)) is introduced as an explicit inference component, preventing the latent-heat kernel from acting as a catch-all for thermal pressure support. Controlled injections explicitly quantify Corr(Δε,Γ_th) and the extent to which post-merger frequency shifts can be mimicked by thermal modeling (Assets 2–4).

5) Expected information gain under realistic post-merger outcomes
- The plan explicitly supports upper limits/stacked constraints in the 1–4 kHz band and marginalizes surrogate uncertainties; thus, even in the likely near-term scenario of non-detections, the framework remains informative through inspiral + NICER + high-mass pulsars (Assets 1–3). For next-generation detectors, the proposal sets quantitative surrogate accuracy targets (≤50–80 Hz on f_peak) consistent with resolving EOS-driven shifts discussed in the literature (Assets 3–4), enabling a realistic pathway to improved constraints.

6) Scientific coherence with established empirical constraints
- Inspiral Λ constraints (GW170817-like) and NICER M–R posteriors already restrict stiffness (Asset 1) and hybrid-star transition parameter space via tidal deformability (Asset 2). Post-merger morphology sensitivity to finite-T microphysics (Asset 4) is leveraged, but now with a thermal parameterization that explicitly models this sensitivity rather than conflating it with latent heat. Multimessenger synthesis follows the established logic of combining inspiral and EM constraints to bound EOS behavior (Asset 3).","This is an unusually detailed and technically mature proposal. The strongest aspect is the explicit mathematical specification of the projection operator Π, which resolves a common but often unaddressed failure mode in EOS inference (evaluation of unphysical models). The separation of cold latent-heat effects from finite-T support via an explicit thermal sector is logically well motivated and directly addresses identifiability concerns. The post-merger surrogate is carefully scoped, with realistic accuracy targets and EOS-holdout validation, and surrogate uncertainty is correctly marginalized in the likelihood. Deductions are primarily due to (i) residual dependence on a sizable NR atlas whose feasibility hinges on access to substantial computational resources and coordination, and (ii) some remaining model dependence in the minimal thermal parameterization, which, while explicit, may still be too restrictive to fully span NR variability at high density and rapid differential rotation. These issues do not undermine feasibility but temper claims of robustness."
"Helium-rich stars that expose bare carbon-oxygen (CO) cores prior to the second supernova generate a large population of short-delay, non-recycled double-neutron-star (DNS) binaries that are systematically missed by pulsar-based empirical estimates; therefore the true Galactic DNS coalescence rate is higher than recycled-pulsar-inferred rates by an order-unity factor. Mechanism: (i) CO-core helium stars have sharply peaked envelope binding-energy and radius–mass responses that drive a distinct, highly dissipative interaction regime (grazing envelope / weak common-envelope) that shrinks orbits without prolonged accretion, preventing recycling while producing tight post-interaction separations and thus fast inspirals; (ii) the same progenitors preferentially undergo ultra-stripped explosions that yield low ejecta masses and low kicks, increasing binary survival and keeping mergers within host galaxies. Methodological adaptation: replace traditional forward population synthesis plus post-hoc calibration with an inverse, constraint-satisfying ‘event-history reconstruction’ framework in which each observed DNS/GW event is mapped to a physically admissible progenitor trajectory via a symplectic, conservation-law-preserving backward integrator coupled to nuclear/GR constraints (EOS + tidal deformability), then aggregate reconstructed trajectories into a rate estimate with an explicit missing-channel correction for non-recycled systems.","Step 1: Specific system setup or data preparation.
1.1. Curate multi-messenger constraints: (a) GW posterior samples for BNS masses, spins (effective spin consistent with low recycling), tidal deformabilities, and local merger rate density; (b) Galactic DNS catalog with proper motions, orbital periods/eccentricities, and selection-function meta-data; (c) SN ultra-stripped proxies (Type Ib/c subtype fractions, ejecta-mass distributions from light-curve modeling) and host offsets for short GRBs.
1.2. Build a helium-star/CO-core structural atlas: generate a grid of helium-rich star models spanning mass and metallicity with explicit CO-core growth, radius response to stripping, and envelope binding-energy profiles. Store them as differentiable interpolants with uncertainty bands (winds, convection/overshoot).
1.3. Define hard physical admissibility constraints: conservation of energy and angular momentum during interactions; mass and baryon-number bookkeeping in collapse; and a neutron-star EOS feasible set enforcing causality (cs<=c), observed maximum mass, and compatibility with GW tidal-deformability posteriors.

Step 2: Detailed implementation of the adapted methodology.
2.1. Core adaptation—Backward Event-History Reconstruction (BEHR): for each observed DNS (GW or radio), sample its present-day parameters and integrate backward through a sequence of discrete, physically parameterized transforms representing: (i) gravitational-wave orbital back-evolution (Peters equations) to the second-SN epoch; (ii) second SN inverse mapping using momentum conservation with a kick prior that is conditioned on ultra-stripped ejecta mass; (iii) pre-SN helium-star interaction inverse mapping using a symplectic ‘interaction map’ that conserves angular momentum and enforces non-negative dissipated energy, with dissipation bounded by the CO-core/envelope structural atlas.
2.2. CO-core helium-star interaction map (structural novelty): instead of α–λ or γ formalisms, use a two-regime map learned from the structural atlas and anchored in hydrodynamic scaling laws: Regime A (grazing envelope evolution) where inspiral is limited by local envelope binding-energy gradient and saturates before full plunge; Regime B (full envelope ejection) where inspiral energy deposition must exceed integrated binding energy outside the CO core. The map’s parameters are not free efficiencies; they are constrained functions of CO-core mass, envelope stratification, and orbital Mach number proxies, with priors derived from the atlas. This converts uncertain ‘CE efficiency’ knobs into state-dependent, structure-controlled transforms.
2.3. EOS-coupled remnant consistency: during inverse SN mapping, enforce that reconstructed NS gravitational masses and baryonic masses are compatible with the EOS set and that implied tidal deformabilities for the reconstructed masses lie within the GW-constrained EOS region. This rejects progenitor histories that require unphysical mass loss or implausible fallback.
2.4. Population-rate inference from reconstructed histories: treat reconstructed progenitor trajectories as samples from an underlying generative rate density over initial binaries. Estimate this density via a constrained mixture model over initial conditions (mass ratio, separation, metallicity) with priors from star formation and IMF, while explicitly accounting for detection biases (radio lifetimes/beaming; GW selection). The missing non-recycled channel is quantified by the fraction of admissible reconstructed histories that necessarily avoid significant accretion (spin-up) yet still match the observed present-day systems; this fraction directly yields a correction factor to empirical pulsar-based rate estimates.
2.5. Predictive observables: from the inferred generative density, forward-generate (without reintroducing traditional population-synthesis knobs) the distributions of delay times, host offsets, eccentricities, and the recycled vs non-recycled fraction, with uncertainty propagated from the structural atlas and EOS set.

Step 3: Rigorous validation and analytical framework.
3.1. Closure tests on synthetic universes: generate mock catalogs from an independent forward binary-evolution code (held out from inference), then apply BEHR to recover the known coalescence rate and channel fractions; quantify bias and coverage.
3.2. Posterior predictive checks against independent data: (a) reproduce the observed DNS systemic-velocity distribution and Galactic scale-height; (b) reproduce short-GRB offset distributions under the inferred kick/delay-time mixture; (c) match the observed lack/presence of recycled spins in GW events via predicted accretion histories.
3.3. Identifiability analysis: compute which constraints (CO-core structural atlas vs ultra-stripped SN ejecta priors vs EOS feasibility) most reduce uncertainty in the coalescence-rate correction factor; report sensitivity to metallicity-dependent winds.
3.4. Deliverable empirical estimate: provide a Galactic DNS coalescence-rate posterior with a decomposition into (i) recycled channel, (ii) non-recycled CO-core helium-star channel, and (iii) residual channels; publish a calibrated correction mapping from recycled-pulsar-based empirical estimates to the total rate, including selection-function uncertainties.","1. Theoretical/Empirical Basis: Prior work shows helium-rich stars and bare CO-core evolutionary stages can create non-recycled DNSs with short lifetimes, implying undercounting in radio samples and an upward correction to empirical coalescence rates. GW catalogs supply independent constraints on masses, rates, and (in some events) tidal deformability; ultra-stripped SN theory and observations motivate low-ejecta, low-kick survival channels; and helium-star structure grids are computable with established stellar evolution tools.
2. Transfer Logic (How the adaptation fits the domain): BEHR is explicitly physics-first: it reconstructs progenitor histories by enforcing conservation laws at each evolutionary transform, and it couples nuclear physics (EOS, mass–radius/tidal constraints, causality) directly to allowable remnant mappings. This aligns with high-energy astrophysics demands (multi-messenger constraints, transient offsets) while retaining mechanistic interpretability of the helium-rich CO-core pathway.
3. Comparative Advantage: Standard population synthesis relies on uncertain forward prescriptions (especially common-envelope efficiencies) and then tunes parameters, leaving strong degeneracies that propagate into empirical rate corrections. The proposed inverse, admissibility-constrained reconstruction shifts the problem to ‘which progenitor histories are even possible given GR+nuclear+stellar-structure constraints’, sharply narrowing the solution space and yielding a principled, data-anchored estimate of the missing non-recycled population and its impact on the coalescence rate—without reusing the rejected hierarchical calibration/α–λ/EOS-penalty framework.","This is a technically ambitious and largely well-founded proposal that demonstrates deep familiarity with the dominant uncertainties in double-neutron-star rate inference. The core physical hypothesis—that helium-rich CO-core progenitors generate a substantial, systematically missed non-recycled DNS population—is logically coherent and well motivated by both stellar-structure theory and observational selection effects. The BEHR framework is novel and, in principle, powerful, particularly in its explicit enforcement of conservation laws and EOS consistency. However, the proposal somewhat overstates the practical invertibility of highly dissipative binary interactions: even with symplectic maps and structural atlases, the backward reconstruction of common-envelope–like phases remains many-to-one, and the identifiability of unique progenitor distributions may be weaker than implied. Additionally, the reliance on a learned two-regime interaction map, while better grounded than α–λ, still embeds hydrodynamic uncertainty that may reintroduce effective tunable degrees of freedom unless very tightly constrained. These issues do not invalidate the approach, but they temper claims of sharply narrowed solution space and order-unity rate corrections."
"In transitional neutron-star binaries, the orbital-phase–dependent X-ray signal is a mixture of (i) a shock-powered, predominantly non-thermal synchrotron component whose normalization is modulated by density-driven variations in the intrabinary shock power dissipation, and (ii) a compact (near-surface / magnetospheric) component whose pulse profile and spectrum carry genuine GR/EOS information. We hypothesize that the emissivity–absorption/geometry degeneracy can be reduced (not “strictly separated”) by a falsifiable, forward generative model in which the same Kolmogorov-like electron-density cascade that produces stochastic column variability (DM/RM where available; otherwise phase-dependent soft X-ray attenuation and dust-halo constraints) also predicts the amplitude and time/phase statistics of shock-power fluctuations—while compactness is constrained only through observables emitted within ≲(2–3)R_NS where GR light bending/redshift is non-negligible. Mechanistically, the refined approach overcomes the review-identified limitations by (1) explicitly restricting where GR enters (only in the compact component, not the extended shock), (2) explicitly computing the optical-depth regime per target to determine whether absorption/scattering can measurably imprint on X-ray observables, and (3) replacing full 3D field inference with a reduced-order stochastic representation of line-of-sight and shock-integrated density statistics (hyperparameters tied to a Kolmogorov spectrum with outer/dissipation scales and intermittency), allowing controlled identifiability and sensitivity analysis. The model is falsified if, for representative targets, predicted τ_T, y, and photoelectric/Thomson variability are too small to affect soft X-ray spectra at the observed level, or if the compact component is absent/too weak to carry GR/EOS information; in that case the method will still yield turbulence/geometry constraints but not EOS tightening.","Step 0 — Target down-selection and regime pre-computation (mandatory sensitivity gate).
0.1 Select 5–10 transitional MSP binaries with (a) deep NICER/XMM soft-band coverage (0.3–3 keV preferred for absorption leverage), (b) known ephemerides and inclinations (or optical constraints), and (c) at least one of: detectable X-ray pulsations (compact component), phase-variable dips/eclipses (geometry/column leverage), or contemporaneous radio timing/polarimetry (DM/RM).
0.2 For each candidate, compute order-of-magnitude optical-depth and emissivity regime priors using literature/archival constraints:
  • Shock size-scale L_sh ~ (0.3–3)×10^11 cm (from orbital separation / stand-off estimates).
  • Electron density bracket n_e ∈ [10^6, 10^10] cm^-3 (from wind/mass-loss constraints and eclipse/dip phenomenology).
  • Thomson depth: τ_T = σ_T n_e L_sh; require that predicted variability Δτ_T across orbit is either (i) measurably ≳10^-3–10^-2 (for subtle hard-band attenuation/scattering) or (ii) demonstrably negligible, in which case we do not claim Thomson effects help.
  • Compton y: y ≈ 4(kT_e/m_ec^2) max(τ_T, τ_T^2); require y ≪ 1 for typical IBS parameters (expected) and treat Comptonization as optional/diagnostic only.
  • Free-free absorption/emission: compute α_ff(ν, T, n_e) and emissivity j_ff; for X-rays, show that bremsstrahlung is subdominant unless T and n_e are extreme; set explicit priors that the X-ray continuum is synchrotron-dominated (Asset 3-consistent).
  • Photoelectric absorption variability: translate column variations ΔN_H(ϕ) into soft-band attenuation exp[-σ_pe(E)ΔN_H]; require ΔN_H ≳ 10^20–10^21 cm^-2 to measurably affect 0.3–1 keV spectra.
0.3 Sensitivity gate: only targets passing at least one measurable “lever arm” are kept:
  (A) compact/pulsed component S/N sufficient for pulse-profile modeling, OR
  (B) soft-band absorption variability sufficient to couple to density statistics, OR
  (C) DM/RM orbital modulation with cadence adequate to inform column statistics.

Step 1 — Data products engineered for identifiability.
1.1 X-ray: generate barycentered event lists; produce phase-resolved, energy-resolved light curves in fixed phase bins across epochs; extract phase-resolved spectra with full response matrices.
1.2 Compact component extraction (when pulsations exist): perform energy-dependent pulse profile extraction (e.g., NICER) to separate pulsed (compact) vs unpulsed (shock) flux via template fitting in each energy/phase bin; propagate uncertainties.
1.3 Column proxies:
  • If radio exists: DM(ϕ,t), RM(ϕ,t), with explicit ISM trend model (slowly varying component) plus orbital component.
  • If radio absent: infer N_H(ϕ,t) with a hierarchical spectral model that includes continuum–absorption covariance; additionally, where available, include dust scattering halo constraints to anchor columns independently of continuum slope.

Step 2 — Reduced-order “cascade-to-observables” stochastic plasma model (replacing full 3D inference).
2.1 Density cascade hyperparameters θ_turb = {⟨n_e⟩, C_n^2, L_0, ℓ_d, intermittency μ} with Kolmogorov inertial-range slope fixed to -11/3 but allowing a tested alternative slope as an ablation.
2.2 Observable-linked reduced statistics instead of n_e(x):
  • Line-of-sight column process: N_e(ϕ,t) = ∫ n_e ds modeled as a stationary, orbit-modulated Gaussian/lognormal process whose covariance is induced by the 3D spectrum (via standard projection relations), with hyperparameters θ_turb and geometry-dependent path length L(ϕ).
  • Shock-power process: P_sh(ϕ,t) = \bar{P}_sh(ϕ) × exp[δP(t,ϕ)], where δP is a correlated stochastic process driven by density fluctuations at the shock (intermittent lognormal increments with correlation time tied to advection time t_adv ~ L_⊥/v_flow and with PSD slope consistent with Kolmogorov mapping). This encodes the empirically relevant pathway: density fluctuations modulate dissipation and thus synchrotron normalization, rather than relying on X-ray free-free emissivity.
2.3 Explicit geometry coupling (non-overstated): geometry affects only path length L(ϕ), occultation windows, and mean stand-off modulation \bar{P}_sh(ϕ); it does not “guarantee separation,” but provides structured priors that are tested by posterior predictive checks.

Step 3 — Emission/transfer model matched to the physical regime.
3.1 Shock (extended) component: synchrotron spectrum with phase-dependent normalization tied to P_sh(ϕ,t) and magnetic scaling B_sh(ϕ) (parameterized; inferred with priors from wind pressure balance). Include optional spectral breaks; treat as non-thermal dominant by prior and by the Step-0 regime checks.
3.2 Absorption/scattering: apply photoelectric absorption with N_H(ϕ,t) linked to N_e(ϕ,t) through an ionization/composition parameter block θ_chem = {Z_eff, ionization ξ, f_neutral}. Do not assume known ionization; infer it with informative priors or constrain via high-resolution spectroscopy where available.
3.3 Compact (GR-sensitive) component: include either (a) thermal hotspot(s) or (b) magnetospheric pulsed emission model, restricted to emission radii r_em ≲ (2–3)R_NS. Perform GR ray tracing (Schwarzschild + optional rotation corrections) only for this component; include gravitational redshift and light bending.

Step 4 — Concrete EOS/compactness pathway (addressing critique iii).
4.1 EOS parameterization: piecewise polytrope or spectral EOS with causality c_s≤c and M_max constraints; solve TOV to map EOS → M–R–compactness.
4.2 Compactness imprint observables:
  • Primary: pulsed-profile energy- and phase-resolved waveform (light bending + redshift), yielding compactness constraints as in standard NICER methodology, but now with a turbulence-informed model for phase-dependent unpulsed shock contamination and variable absorption.
  • Secondary (explicitly weaker, treated as nuisance/consistency): any EOS influence on magnetospheric radius/stand-off enters only through a parameterized scaling with wide priors; we do not claim it is a strong EOS lever arm.
4.3 Falsifiability condition: if pulsed fraction is too small or pulse profiles are not stable across epochs after accounting for absorption/shock variability, we drop EOS inference for that target and report only turbulence/geometry constraints.

Step 5 — Identifiability and sensitivity analysis (mandatory quantitative deliverable).
5.1 Local sensitivity (Fisher/Jacobian) around representative targets: compute derivatives of key observables with respect to {ΔN_H, C_n^2, L_0, μ, shock normalization parameters, compactness}. Report which energy bands and phase intervals maximize identifiability.
5.2 Simulation-based identifiability: generate ensembles of synthetic datasets spanning the Step-0 regime priors; fit with the full pipeline and quantify parameter recovery bias/variance. Explicitly map “degeneracy surfaces” (e.g., continuum slope vs N_H; shock normalization vs absorption) and show which added observables (pulsations, DM/RM, dust halo) collapse them.
5.3 Model comparison and ablations:
  • Remove intermittency (μ=0) → check loss of fit to flare-like stochasticity.
  • Decouple column from shock-power fluctuations → test whether joint coupling is actually demanded by data.
  • Remove compact GR component → verify EOS constraints vanish as expected.

Step 6 — Inference engine and computational budget (specified).
6.1 Parameter dimension: target ~25–40 parameters total, with stochastic processes represented via low-rank basis (e.g., 20–50 Fourier/GP inducing points per epoch) rather than voxelized 3D fields.
6.2 Likelihood: joint likelihood of (i) phase-energy binned counts (Poisson), (ii) pulse profiles (Gaussian/Poisson), and (iii) DM/RM or N_H constraints (with explicit continuum covariance).
6.3 Computation: use HMC/NUTS where differentiable; otherwise SBI with a neural density estimator trained on ~10^5 simulations using the reduced-order generator. Emulator: if needed for ray-traced pulse profiles, precompute waveform grids with certified interpolation error ≤1% in likelihood-relevant bands; validate via coverage tests.
6.4 Validation metrics: posterior predictive checks in each energy band; SBC (simulation-based calibration) for coverage; held-out orbit prediction; Bayes factors vs standard free-N_H-per-bin models.

Step 7 — Deliverables.
7.1 A per-target “regime report” (τ_T, y, expected ΔN_H impact, synchrotron dominance) satisfying Directive (A).
7.2 A compactness/EOS report only for targets with validated compact-component leverage satisfying Directive (B), including ablations showing the role of turbulence-informed absorption/shock contamination modeling.
7.3 Public release of reduced-order generator and synthetic benchmark suite.","Addresses (i) identifiability overstatement: we explicitly weaken the claim from “strict separation” to “degeneracy reduction” and make it falsifiable via regime gates and simulation-based calibration. Temperature/ionization/composition are promoted to explicit nuisance blocks (θ_chem) constrained where possible by high-resolution spectra and dust-halo information, rather than assumed away.

Addresses (ii) incorrect emissivity pathway in X-rays: we adopt synchrotron-dominated shock emission (consistent with transitional systems; Asset 3) and use density turbulence to modulate shock dissipation/normalization and to generate column variability, rather than relying on X-ray free-free emissivity or large Compton y. We commit to computing τ_T, y, and free-free relevance per target before claiming any leverage.

Addresses (iii) compactness leverage: we no longer claim significant GR effects on photons emitted at intrabinary-shock distances. EOS/compactness is constrained only through a compact, near-NS component with GR ray tracing (pulse-profile/thermal redshift), while the shock model primarily serves to correctly marginalize contamination and variable absorption that otherwise biases compactness—an explicit, testable pathway.

Addresses (iv) tractable inference: we replace full 3D n_e(x) inference with a reduced-order stochastic model for line-of-sight column and shock-power fluctuations whose covariance/PSD are tied to Kolmogorov hyperparameters (Asset 1 concept transferred at the level of induced statistics). This cuts dimensionality and enables explicit computational budgeting, emulator error bounds, and coverage validation.

Addresses (v) DM/RM and N_H limitations: DM/RM are treated as optional and explicitly decomposed into slow ISM trends plus orbital components; where absent, N_H is inferred with a hierarchical continuum+absorption model acknowledging covariance, and dust halos provide an independent column anchor when available. The proposal therefore does not rely on any single fragile observable.

Empirical grounding from assets: Asset 1 motivates modeling turbulence via stochastic density statistics with separable geometric modulation (we operationalize this as geometry-dependent path length plus a turbulence-induced stochastic process, without post-hoc structure functions). Asset 2 motivates explicit distance/electron-density uncertainties and local-ISM asymmetries (we keep distance uncertainties explicit and avoid overconfident n_e priors). Asset 3 motivates shock+magnetospheric multi-component emission and orbital-phase dependence (we explicitly model a two-component X-ray signal with phase-dependent shock plus GR-sensitive compact emission).","The proposal is technically sophisticated and responds directly to prior weaknesses (no GR claims for the intrabinary shock; explicit optical-depth regime checks; reduced-order stochastic inference). The main scientific risk is that the central coupling—using the same cascade hyperparameters to jointly predict line-of-sight column variability and shock dissipation fluctuations—remains under-justified at the mechanism level: density fluctuations do not uniquely determine dissipation or synchrotron normalization without specifying how magnetization, shock obliquity, reconnection/acceleration efficiency, and ionization state co-vary with n_e in this environment. As written, the mapping from Kolmogorov density statistics to P_sh PSD/amplitude could absorb discrepancies by reparameterizing intermittency/geometry, weakening identifiability. Additionally, practical leverage may be limited for many targets: τ_T is likely extremely small for most plausible n_e–L_sh combinations, and ΔN_H inferred from low-resolution soft X-ray spectra is notoriously covariant with continuum curvature and cross-calibration systematics; dust-halo anchoring is only available for a subset and is model-dependent. The computational plan is plausible but aggressive: joint Poisson phase-energy likelihood with stochastic processes plus GR waveform emulation across multiple epochs/targets can be fragile to model misspecification; SBI with 10^5 simulations may be insufficient if the nuisance space (θ_chem, spectral breaks, cross-calibration) is large. Overall, strong engineering and rationale, but mechanism-level rigor and an explicit minimal set of targets/observables that guarantee EOS impact are not yet fully nailed down."
"A physically constrained, multi-messenger correlation inference that jointly fits pulsar timing residual cross-correlations (Hellings-Downs) and astrometric quasar proper-motion correlations can separate true stochastic gravitational-wave background (SGWB) power from pulsar-specific white-noise contamination and clock/ephemeris systematics, yielding tighter and less biased posteriors on characteristic strain h_c(f) and hence on gravitational-wave energy density Omega_GW(f). Mechanism: the SGWB induces a unique quadrupolar spatial correlation kernel fixed by General Relativity (HD curve) that coherently couples all pulsar pairs and, independently, produces an astrometric quadrupole in quasar proper motions; in contrast, (i) pulsar white noise is uncorrelated between pulsars and lacks the HD angular dependence, and (ii) terrestrial time-standard errors act as a monopolar common process. Methodological adaptation: modify standard PTA Bayesian cross-correlation pipelines by replacing the usual free-form common-red process with a 'kernel-factorized' likelihood in which the cross-covariance is constrained to be a sum of physically admissible spatial kernels (HD quadrupole, monopole clock, dipole ephemeris) and whose SGWB spectrum is parameterized via an equation-of-state (EOS)-aware source prior that maps neutron-star structure (via TOV + causality bounds) to an allowed merger/phase-transition SGWB spectral family; the same SGWB spectral parameters are simultaneously required to explain/limit the Gaia astrometric HD curve, enforcing cross-domain consistency and reducing degeneracy with white-noise parameters.","Step 1: Specific system setup or data preparation.
1.1 Acquire PTA timing data products (e.g., NANOGrav-style time-of-arrival residuals, design matrices, observing-system metadata) and construct per-pulsar noise baselines including EFAC/EQUAD/ECORR-like white-noise parameters plus intrinsic red noise.
1.2 Acquire Gaia quasar proper-motion catalog and associated covariance systematics model; build quasar-pair angular-separation binned correlation estimates and/or vector spherical harmonics (VSH) summary coefficients.
1.3 Define a unified reference frequency grid (nHz band) and consistent conventions linking characteristic strain h_c(f), timing-residual power, and Omega_GW(f), including cosmological factors (H0) and ensuring units/normalizations are identical across PTA and astrometry.

Step 2: Detailed implementation of the adapted methodology.
2.1 Kernel-factorized multi-kernel covariance: implement a joint Gaussian-process likelihood with cross-covariance C_ij(f) = S_GW(f) * Gamma_HD(theta_ij) + S_clk(f) * Gamma_monopole + S_eph(f) * Gamma_dipole(theta_ij, n_hat) where Gamma_HD is the Hellings-Downs curve, Gamma_monopole is constant across pairs, and Gamma_dipole encodes ephemeris directionality; enforce positive-semidefinite constraints by parameterizing each spectral density S_x(f) with nonnegative basis weights.
2.2 White-noise adaptation: instead of fitting each pulsar’s white-noise parameters independently (which can absorb weak correlated power), introduce a hierarchical white-noise model with observing-system group-level hyperpriors and explicit constraints that forbid white-noise components from generating inter-pulsar correlations. Concretely, white-noise enters only the auto-covariances with block-diagonal structure, and hyperpriors shrink EFAC/EQUAD/ECORR to instrument-calibrated ranges to reduce leakage into the correlated kernel.
2.3 EOS-aware SGWB spectral prior (nuclear physics integration): augment the SGWB spectral model beyond a generic power law by a mixture family whose components are derived from physically simulated source populations sensitive to neutron-star EOS (e.g., post-merger oscillations, possible first-order phase transitions, r-mode instability contributions) while enforcing causality (sound speed <= c), thermodynamic stability, and TOV consistency. Precompute a surrogate mapping from EOS parameter sets -> allowed SGWB spectral shapes S_GW(f) in the PTA band; use this as an informative prior on S_GW(f) rather than an unconstrained spline.
2.4 Astrometric coupling: add a second likelihood term for Gaia in which the predicted correlated proper-motion field has quadrupolar VSH coefficients determined by the same S_GW(f) (frequency-integrated response appropriate to Gaia time baseline). The adaptation is to treat the Gaia 'astrometric HD curve' as an external correlated-kernel measurement sharing the SGWB parameters, rather than as an independent upper limit.
2.5 Inference engine: perform joint sampling (e.g., Hamiltonian Monte Carlo with constrained parameterizations for PSD positivity) and compute Bayes factors comparing (A) SGWB+clock+ephemeris vs (B) clock+ephemeris only vs (C) uncorrelated red-noise only, ensuring model selection is driven by spatial correlation structure.

Step 3: Rigorous validation and analytical framework.
3.1 Injection-recovery: inject synthetic SGWB signals with known h_c(f) and known HD correlations into real PTA noise realizations, including realistic white-noise miscalibration; quantify bias/variance on recovered Omega_GW(f) with and without the hierarchical white-noise adaptation and EOS-aware priors.
3.2 Null tests for systematics: rotate pulsar sky positions (breaking true HD geometry) and verify SGWB evidence collapses; perform time-scrambles to confirm correlations are not from shared observing cadence.
3.3 Cross-messenger consistency: verify the posterior predictive distribution for the Gaia astrometric HD curve is consistent with observed quasar correlations; if inconsistent, identify whether the mismatch is due to Gaia systematics, incorrect SGWB spectral assumptions, or non-GR polarizations.
3.4 Nuclear-physics deliverables: translate recovered Omega_GW(f) constraints into exclusions on EOS families and on phase-transition parameters (latent heat, transition density) using the surrogate mapping, reporting constraints consistent with causality and maximum-mass observations.
3.5 Robustness: repeat with different pulsar subsets and different white-noise hyperprior strengths; demonstrate that HD correlation detection significance and inferred h_c are stable to these choices.","1. Theoretical/Empirical Basis: General Relativity fixes the HD quadrupolar angular correlation for an isotropic tensor SGWB, while clock (monopole) and ephemeris (dipole) kernels provide a complete low-order correlated-systematics basis routinely used in PTA analyses. Astrometric quasar proper motions admit an analogous quadrupolar response, and existing work has already constructed an astrometric HD curve and translated it to h_c and Omega_GW upper limits, demonstrating empirical viability.
2. Transfer Logic (How the adaptation fits the domain): High-energy astrophysics and nuclear physics enter through physically constrained priors on SGWB spectral shapes linked to neutron-star microphysics (EOS, phase structure) and through enforcing relativistic kernel structure rather than black-box correlation fits. The joint PTA+Gaia approach leverages independent observables of the same spacetime strain field, turning what are typically separate analyses into a single physically coupled inference.
3. Comparative Advantage: (i) Reduced degeneracy: hierarchical white-noise modeling plus strict block-diagonal enforcement prevents white-noise parameters from absorbing correlated power, improving separation of true HD correlations from misestimated measurement noise. (ii) Stronger identifiability: requiring one SGWB spectrum to explain both timing and astrometric correlations suppresses false positives driven by PTA-specific systematics and tightens h_c/Omega_GW posteriors. (iii) Physics-grounded constraints: EOS-aware, causality-respecting spectral priors enable direct nuclear-physics inference (and avoid unphysical spectral fits), improving interpretability and robustness compared to unconstrained power-law-only pipelines.","This is a technically ambitious and largely well-founded proposal that demonstrates deep familiarity with modern PTA analysis, correlated-noise systematics, and the emerging astrometric GW program. The kernel-factorized covariance approach is logically sound and correctly exploits the orthogonality of monopole, dipole, and quadrupole spatial responses. The hierarchical white-noise treatment addresses a real and recognized bottleneck in SGWB inference. The main weakness lies in the EOS-aware SGWB spectral prior: while physically motivated, the causal chain from neutron-star EOS microphysics to observable nHz-band stochastic backgrounds is highly model-dependent and uncertain, and the proposal does not sufficiently justify that these priors will be informative rather than overly restrictive. Additionally, the Gaia coupling, while conceptually correct, risks being statistics-limited and systematics-dominated at current sensitivity, which may reduce its practical constraining power relative to the methodological complexity introduced. These issues do not invalidate the approach but temper the expected near-term payoff."
"Fast Radio Bursts originate from magnetars when a non-axisymmetric varicose MHD mode, triggered in the strongly magnetized crust–core boundary, couples to the magnetospheric plasma and excites coherent curvature radiation. We hypothesize that this coupling becomes efficient only when the internal magnetic configuration crosses a stability threshold set jointly by the neutron star equation of state (EOS) and general-relativistic magnetohydrodynamics. The key methodological adaptation is the development of a GRMHD framework in which varicose-mode instabilities are not treated as generic perturbations, but are explicitly seeded and evolved through an EOS-constrained, energy-conserving instability injector that enforces causality and magnetic helicity conservation, enabling a first-principles link between internal magnetic instabilities and observable FRB timescales and energetics.","Step 1: Construct equilibrium magnetar models using multiple candidate neutron-star EOSs constrained by TOV equations and causality (sound speed < c), generating consistent mass–radius–compactness profiles and internal poloidal–toroidal magnetic field configurations.
Step 2: Implement an adapted GRMHD solver in which varicose modes are seeded via a physically motivated instability injector: perturbations are introduced at the crust–core boundary with amplitudes derived from linear stability analysis, while enforcing global conservation of energy, magnetic helicity, and relativistic causality. The solver is modified to track mode-to-magnetosphere energy transfer by coupling the interior GRMHD domain to a force-free magnetospheric module.
Step 3: Simulate the nonlinear evolution of varicose modes, quantify magnetic reconnection rates, Alfvén crossing times, and coherent charge bunching in the magnetosphere, and compute synthetic radio light curves. Validate results by comparing predicted burst durations, repetition statistics, and energetics with observed FRBs (including magnetar-associated events such as SGR J1935+2154), and by testing sensitivity to EOS stiffness and magnetic topology.","1. Theoretical/Empirical Basis: GRMHD simulations have already demonstrated the growth of kink and varicose modes in magnetars, and magnetars are empirically linked to FRBs. EOS constraints from nuclear physics and gravitational-wave observations provide a well-defined parameter space.
2. Transfer Logic (How the adaptation fits the domain): By explicitly embedding EOS and relativistic stability constraints into the instability seeding mechanism, the adapted GRMHD framework respects conservation laws and causality, directly addressing the long-standing gap between internal neutron-star dynamics and magnetospheric radio emission.
3. Comparative Advantage: Unlike phenomenological or black-box models of FRB emission, this approach yields predictive, falsifiable relationships between nuclear EOS properties, internal magnetic instabilities, and observable FRB characteristics, enabling discrimination between competing FRB progenitor models and advancing multi-messenger constraints on dense matter.","This is a technically ambitious and conceptually well-motivated proposal that addresses a genuine bottleneck in FRB theory: the lack of a first-principles connection between internal magnetar dynamics and coherent radio emission. The engineering plan is largely credible, but the instability injector—while physically appealing—is underspecified in terms of numerical implementation, calibration, and verification against known analytic limits. Logical consistency is strong, though the causal chain from varicose-mode energy transfer to coherent curvature radiation remains partly inferential rather than demonstrated from plasma-kinetic first principles. Evidence grounding is excellent and remains tightly focused on neutron-star and magnetar physics. The rationale is creative and nontrivial, but it risks overpromising predictive power without a clear error budget or degeneracy analysis (e.g., EOS effects versus magnetospheric plasma uncertainties)."
"We hypothesize that the prompt-collapse probability of binary neutron star (BNS) mergers can be meaningfully constrained—without overclaiming sensitivity—by a detector-realistic, physically constrained *joint* inference that couples (i) gravitational-wave (GW) posteriors on chirp mass and mass ratio, (ii) NR-calibrated prompt-collapse threshold relations with explicit uncertainty hyperparameters, and (iii) a forward model for MeV neutrino detection that correctly reflects the dominant channels in each detector (IBD-dominated in water Cherenkov; collective rate excess in IceCube). The mechanism is not that extragalactic neutrino non-detections are generically informative, but that for a subset of events (nearby, high-mass, well-localized, or stacked in a population analysis) neutrino data provide *directional evidence* that breaks a specific degeneracy: high total mass can imply prompt collapse, yet some EOS permit a short-lived hypermassive NS (HMNS) with substantial neutrino emission. By embedding NR-calibrated M_th(M_TOV, R_1.6, q, \chi_eff) relations and a neutrino-luminosity–lifetime emulator (with transport systematics) into the likelihood, neutrino non-detections (or weak burst-like excesses) become probabilistic constraints on remnant lifetime that propagate to the prompt-collapse probability. Core-collapse supernovae (CCSN) enter the causal chain only as a quantitatively modeled competing hypothesis/background in the hierarchical coincidence model (time-windowed CCSN neutrino bursts and non-CBC GW transients), enabling correct false-coincidence accounting and preventing spuriously strong constraints from chance neutrino activity.","Step 0 — Define event classes, observables, and detectors (architecture-level specification):
0.1 Event set: LVK BNS candidates with posterior samples over (\mathcal{M}_c, q, \chi_eff, D_L, \iota, sky) and (where available) EM counterpart constraints on ejecta/opacity (kilonova) or upper limits.
0.2 Neutrino instruments: Super-K/Hyper-K (event-level MeV analysis), IceCube (burst analysis via DOM rate residuals). We will not treat IceCube as ES event reconstruction at MeV.
0.3 Time windows: prompt (−10 s, +10 s) and extended cooling (−10 s, +100 s, and +1 hr) for HMNS/SMNS scenarios, with detector-dependent deadtime and background handled explicitly.

Step 1 — Replace the hard TOV boundary with NR-calibrated prompt-collapse threshold modeling:
1.1 Adopt an NR-calibrated threshold mass model of the form
M_th = k(\mathcal{C}_{1.6})\, M_TOV \times f_q(q) \times f_\chi(\chi_eff) + \epsilon_th,
where \mathcal{C}_{1.6} = GM_{1.6}/(R_{1.6}c^2), k(\mathcal{C}_{1.6}) is a calibrated function (e.g., linear/quadratic in compactness), and f_q, f_\chi encode mass-ratio and spin corrections motivated by NR ensembles. \epsilon_th is a stochastic calibration residual.
1.2 Hyperparameters: place priors on the calibration coefficients and residual scatter (\sigma_th) informed by published NR fit uncertainties; treat them as hierarchical parameters to propagate modeling uncertainty.
1.3 Prompt-collapse probability for each event is then
P_PC = P(M_tot > M_th | GW, EOS, hyperparams),
computed by Monte Carlo over GW posterior samples and EOS/hyperparameter draws.

Step 2 — EOS and remnant model with explicit degeneracies (identifiability-aware):
2.1 EOS parameterization: use a spectral or piecewise-polytrope representation constrained by causality and maximum mass; map to (M_TOV, R_{1.6}, tidal deformabilities \Lambda_1,\Lambda_2).
2.2 Remnant lifetime/emission model: build a fast emulator (Gaussian process or neural surrogate trained on NR + neutrino-transport simulation suites) for:
(a) L_\nu(t; M_tot, q, EOS, remnant_state),
(b) mean energies \langle E_{\bar\nu_e}\rangle, \langle E_{\nu_e}\rangle,
(c) HMNS/SMNS lifetime distribution \tau_rem with parameters dependent on proximity to threshold \Delta = M_th − M_tot and angular momentum.
2.3 Transport systematics: include a discrete nuisance index for neutrino-transport prescription class (e.g., leakage vs M1 vs Boltzmann-informed), or continuous scaling parameters (A_L for luminosity normalization, A_E for mean-energy) with priors calibrated from cross-code comparisons.
2.4 EM coupling (optional per event): use kilonova-informed priors on ejecta mass/velocity as a soft constraint on remnant fate (e.g., prompt collapse suppresses disk winds/blue component). Implement as a likelihood term or informative prior on disk mass and lifetime.

Step 3 — Detector-realistic neutrino forward model (IBD+ES in water Cherenkov; IceCube burst formalism):
3.1 Super-K/Hyper-K:
(a) Compute expected differential event rate for inverse beta decay (dominant): \bar\nu_e + p → e^+ + n, including detection efficiency, energy threshold, and fiducial mass.
(b) Include sub-dominant elastic scattering (ES) \nu + e^- → \nu + e^- to retain directional information when applicable; treat ES as an auxiliary channel, not the primary one.
(c) Include backgrounds (solar, atmospheric, spallation) with data-driven rates; likelihood is Poisson in reconstructed energy/time bins, marginalizing over background-rate nuisance parameters.
3.2 IceCube:
(a) Use the standard MeV burst method: model the expected collective DOM count-rate excess \Delta r(t) from a neutrino flux, including detector noise, correlated systematics, and seasonal baseline variations.
(b) Likelihood: Gaussian (or appropriate count-based approximation) over time-binned rate residuals with covariance estimated from off-source data.
3.3 Joint neutrino likelihood: multiply SK/HK and IceCube likelihoods when both are available; include detector calibration nuisance parameters.

Step 4 — Competing-hypothesis mixture model including CCSN (coherence with concept chain):
4.1 Introduce a hierarchical mixture for neutrino activity in the coincidence window:
H0: background-only;
H_BNS: neutrinos from the BNS remnant model;
H_CCSN: neutrino burst from a Galactic/nearby CCSN (with its own time profile and spectrum) potentially coincident in time by chance.
4.2 Use CCSN priors/rates (Galactic CCSN rate, detection horizon for SK/IceCube) to set mixture weights; this prevents attributing any neutrino-rate anomaly to BNS by default.
4.3 If desired, include a non-CBC GW transient hypothesis for CCSN-like GW signals to avoid mis-association in low-significance triggers.

Step 5 — Forecasting information gain vs distance (mandatory quantitative rigor):
5.1 Fisher/Bayes-factor forecasts: for representative BNS classes (GW170817-like; GW190425-like high chirp mass), compute expected neutrino log Bayes factor \ln B_{BNS,H0} and expected reduction in entropy/variance of P_PC as a function of D_L (e.g., 10–300 Mpc) for SK, HK, IceCube.
5.2 Identify regimes:
(a) Nearby (\lesssim 10–20 Mpc): single-event constraints can be non-prior-dominated.
(b) Typical LVK distances: single-event neutrino constraints weak; rely on population stacking and on ruling out extreme luminosity–lifetime combinations.
(c) 3G detectors: early-warning localization (per Asset 5) enables optimal neutrino/EM windowing and background suppression, improving odds of informative events.

Step 6 — Validation, identifiability, and calibration (simulation-based):
6.1 Build synthetic populations over (EOS, M_tot, q, \chi_eff, D_L) using astrophysical priors; inject neutrino and GW data with detector responses.
6.2 Simulation-based calibration (SBC): verify coverage of P_PC and remnant-lifetime posteriors under the full hierarchical model; diagnose prior-dominance by comparing posterior-to-prior KL divergence across distance bins.
6.3 Posterior predictive checks: verify time/energy distributions in SK/HK and rate residuals in IceCube.
6.4 Model comparison: compute Bayes factors for models with/without neutrino information, and with different transport systematics; report where neutrino data change P_PC materially.

Step 7 — Deliverables:
7.1 Publicly documented pipeline integrating LVK posterior samples + neutrino forward models.
7.2 A set of forecasting curves (information gain vs distance) and a decision rule for when neutrino data should be included in low-latency prompt-collapse inference.
7.3 A hierarchical population constraint on prompt-collapse fraction as a function of chirp mass, with EOS/threshold-model uncertainties propagated.","1) Addressing limited extragalactic MeV neutrino sensitivity (reviewer concern): The proposal explicitly predicts when constraints are informative via Fisher/Bayes-factor forecasts versus distance, and it is designed to (a) extract real information for rare nearby events, and (b) still yield population-level constraints by stacking many non-detections without claiming per-event detectability at typical LVK distances. This reframes neutrino non-detections as weak evidence that trims extreme neutrino-luminosity–lifetime regions rather than as standalone detections.

2) Detector realism and correct channel usage: For water Cherenkov we model IBD as the dominant channel and ES as auxiliary; for IceCube we use the burst rate-excess formalism rather than event-by-event ES. Backgrounds and efficiencies enter as nuisance parameters with off-source calibration, preventing artificially tight posteriors.

3) GR stability and prompt-collapse modeling beyond static TOV: Prompt collapse is not encoded as a hard TOV boundary. Instead we use NR-calibrated threshold relations M_th(M_TOV, R_1.6, q, \chi_eff) with explicit hyperparameters and residual scatter, which is the standard way the community captures thermal/rotational support and mass-ratio dependence. This directly responds to the oversimplification critique and propagates modeling uncertainty into P_PC.

4) Degeneracies and identifiability: EOS parameters, remnant lifetime, and neutrino emission are explicitly coupled through an emulator with transport-systematic nuisance parameters. Identifiability is demonstrated through simulation-based calibration and KL-divergence diagnostics that quantify when posteriors are prior-dominated, ensuring the analysis does not over-interpret null results.

5) Coherent role of CCSN in the concept chain: CCSN is incorporated only as a competing-hypothesis/background component in the hierarchical mixture model for neutrino (and optionally GW) coincidences, with quantitative rate priors. This makes CCSN scientifically necessary (false-coincidence control), not an appended topic.

6) Empirical anchoring to provided assets: The neutrino non-detection logic and fluence-limit treatment is consistent with the SK-style coincidence analyses (Asset 1). The GW-driven remnant/engine inference and the need for physically grounded energetics echoes the calorimetric philosophy (Asset 2) while remaining focused on BNS. Chirp mass as a stable GW observable (Asset 3) and the high prompt-collapse probability regime for high-mass BNS like GW190425 (Asset 4) define the target parameter space where this method is most likely to add value. Early-warning localization capabilities (Asset 5) motivate low-latency windowing and improved background control for future detectors.","This is a technically sophisticated and unusually self-aware proposal that demonstrates strong command of both GW and MeV-neutrino astrophysics. The engineering plan is detailed and largely executable, with appropriate realism regarding detector channels, backgrounds, and sensitivity limitations. The logical structure is coherent: neutrino data are positioned not as generic probes but as degeneracy-breakers in a narrow, well-defined regime of the BNS remnant parameter space. The explicit treatment of NR threshold uncertainties, transport systematics, and identifiability via simulation-based calibration is a major strength. Minor deductions arise from the cumulative complexity of the hierarchical model, which risks over-parameterization relative to the realistically small number of informative events, and from some reliance on future or sparsely populated NR+transport training data for the emulator. These are not fatal flaws, but they do introduce execution risk."
"If the PTA-band stochastic gravitational wave background (GWB) is dominated by massive black hole binaries (MBHBs) seeded and evolved through galaxy minor mergers, then the observed red spectrum and its frequency-dependent deviations from the canonical GW-driven inspiral slope can be mechanistically explained by an environment-to-GW transition set by (i) dynamical-friction–regulated hardening at wide separations and (ii) circumbinary-gas and stellar-scattering coupling at intermediate separations. We hypothesize that enforcing exact GR energy-balance and causality-constrained nuclear-physics priors via a physics-constrained hierarchical inference (methodological adaptation: a conservation-law–projected, multi-domain likelihood that couples ASTRID’s MBHB merger catalog to PTA cross-correlation statistics and quasar-astrometry Hellings–Downs constraints) will break degeneracies between MBHB population parameters and environmental hardening, enabling robust identification of minor-merger-driven contributions and ruling out spurious red-spectrum fits that violate GW energy conservation or neutron-star EOS causality.","Step 1: Specific system setup or data preparation.
1.1 Curate an ASTRID-derived MBHB catalog with metadata: host galaxy mass ratio (minor vs major merger tag), redshift, MBH masses/spins, environmental properties (gas fraction proxies, stellar density proxies), and hardening channel flags (dynamical friction on-the-fly outputs).
1.2 Generate forward models for the strain power spectral density S_h(f) and characteristic strain h_c(f) by summing contributions over binaries with exact GR quadrupole energy-loss (Peters–Mathews) and cosmological redshifting; retain environmental hardening via a parametrized residence time t_res(a) that transitions between friction/gas/stellar and GW-driven regimes.
1.3 Assemble PTA datasets (public posteriors or full timing residual likelihoods where available) including Hellings–Downs cross-correlation, plus Gaia-based astrometric HD curve constraints as a frequency-integrated (or band-limited) auxiliary likelihood.
1.4 Nuclear-physics anchoring dataset: include EOS-informed priors on neutron-star maximum mass and tidal deformability (from multimessenger constraints) only as a hyper-prior that restricts alternative red-spectrum contaminants (e.g., cosmic-string or primordial backgrounds) through their allowed energy-density evolution, enforcing causality (c_s<=c) and BBN/CMB bounds on Omega_GW(f).

Step 2: Detailed implementation of the adapted methodology.
2.1 Methodological adaptation (core): implement a conservation-law–projected hierarchical Bayesian model where the latent population is the ASTRID MBHB ensemble, and the observable is the PTA cross-power spectrum. The adaptation modifies standard population inference by adding a hard projection operator that enforces: (i) GR energy-balance (dE_orb/dt = -P_GW - P_env with P_env>=0), (ii) positivity/monotonicity constraints on the environment-induced hardening rate, and (iii) cosmological redshift mapping consistency.
2.2 Parameterize environment-to-GW transition with a physically interpretable “break frequency” f_b that depends on minor-merger indicators: f_b = f_b0 * (q/q0)^alpha * (f_gas/f0)^beta * (rho_*/rho0)^gamma, with q the galaxy/MBH mass ratio proxy. Treat (f_b0, alpha, beta, gamma) as hyperparameters; tie them to ASTRID outputs through calibration likelihood terms.
2.3 Construct a joint likelihood: L_total = L_PTA(HD-correlated residuals | h_c(f)) * L_astrometry(HD curve | Omega_GW integrated over band) * L_ASTRID(calibration | t_res, merger tags) * Pi_physics, where Pi_physics is the projection-enforced prior implementing conservation, causality, and cosmological bounds.
2.4 Perform inference using gradient-based HMC on a differentiable forward model. Implement the projection by reparameterizing hardening rates as exponentials (ensuring positivity) and by adding an energy-balance residual term that is driven to zero via constrained optimization within each likelihood evaluation (inner solve) rather than a soft penalty; this guarantees physically admissible spectra.
2.5 Produce posterior predictive distributions for: (i) spectral slope across 1–50 nHz, (ii) minor-merger fraction contribution to Omega_GW(f), (iii) expected turnover/flattening frequency distribution, and (iv) cross-validation predictions for the quasar-astrometry band.

Step 3: Rigorous validation and analytical framework.
3.1 Internal consistency checks: verify recovered h_c(f) satisfies the canonical f^{-2/3} scaling in the GW-dominated regime and exhibits physically consistent flattening/steepening only where P_env competes with P_GW.
3.2 Simulation-based calibration: inject synthetic PTA datasets generated from known ASTRID-based populations with controlled minor-merger fractions; confirm unbiased recovery of hyperparameters and correct coverage.
3.3 Model comparison: compute Bayes factors between (A) minor-merger-coupled transition model, (B) merger-agnostic transition model, (C) pure GW-driven model, and (D) alternative primordial/exotic background models subject to nuclear-physics/cosmology bounds.
3.4 Robustness to systematics: marginalize over PTA red-noise models and clock/ephemeris errors; for astrometry, include VSH systematics modes and test sensitivity to quasar proper-motion correlated noise.
3.5 Deliverables: constraints on minor-merger-driven MBHB contribution as a function of frequency; physically admissible spectral-break posteriors; forecasts for combined PTA+Gaia sensitivity requirements to discriminate environmental hardening mechanisms.","1. Theoretical/Empirical Basis: PTAs have established a red GWB consistent with MBHB ensembles; ASTRID provides a physically improved MBHB merger catalog with on-the-fly dynamical friction and predicts a steeper scaling (h_c ∝ f^-1.6) at higher nHz, indicating environmental effects and population differences are observationally relevant. Gaia-based astrometric HD constraints provide an independent, geometry-based upper limit on Omega_GW that can regularize broadband energy density.
2. Transfer Logic (How the adaptation fits the domain): Standard PTA population inferences often treat environmental hardening phenomenologically and can admit spectra that effectively violate GR energy-balance or imply unphysical negative hardening. The proposed conservation-law projection is a structural modification of hierarchical Bayesian inference that hard-enforces GR and cosmological redshifting, while nuclear-physics causality bounds and multimessenger-informed hyperpriors constrain competing backgrounds in a way consistent with High-Energy Astrophysics and Nuclear Physics.
3. Comparative Advantage: (i) Mechanistic identifiability: tying the spectral break to minor-merger tags and environment proxies converts an empirical power-law fit into a physically interpretable transition model. (ii) Physical admissibility guarantee: projection-based enforcement eliminates unphysical posterior mass, improving extrapolation and reducing degeneracy with red-noise/systematics. (iii) Multi-messenger leverage: joint PTA+astrometry+cosmology/nuclear-physics bounds sharpen discrimination between MBHB-driven and exotic contributions, enabling higher-confidence attribution of the red spectrum’s origin.","This is a technically ambitious and largely well-constructed proposal that demonstrates strong command of PTA phenomenology, MBHB population modeling, and hierarchical inference. The strongest aspect is the explicit enforcement of GR energy balance and positivity of environmental hardening via a projection-based inference scheme, which directly targets a known weakness of phenomenological PTA spectral fits. The coupling to ASTRID’s minor-merger-resolved catalog is logically consistent and scientifically well motivated. However, two elements weaken the otherwise tight logic: (i) the inclusion of neutron-star EOS and nuclear-physics causality priors to constrain alternative backgrounds is only indirectly relevant to PTA-band phenomenology and risks appearing as an external regularizer rather than an intrinsic discriminator; (ii) the Gaia quasar-astrometry Hellings–Downs likelihood, while conceptually appealing, is still sufficiently immature that its role as a quantitatively constraining auxiliary likelihood is overstated. On the engineering side, the inner-loop constrained optimization enforcing exact energy balance within each likelihood evaluation may be computationally prohibitive at PTA dimensionality unless further approximations or amortization strategies are specified. These issues do not invalidate the proposal but prevent it from achieving the highest score tier."
"For GRB 130603B, the reported near-equality between the afterglow-inferred isotropic-equivalent kinetic energy and the kilonova-associated kinetic energy scale (both quoted at ~10^51 erg) is predominantly an emergent *inference-and-selection artifact* rather than evidence of a shared central-engine energy partition. Mechanism: (1) *Geometry/selection*: BAT preferentially detects events with sufficiently high prompt flux, which—under a structured-jet prompt luminosity prescription—corresponds to small viewing angles and/or high core energies, producing systematically inflated Ek,iso (from afterglow fits) relative to the beaming-corrected Ej. (2) *Opacity/subtraction*: the kilonova in 130603B is constrained mainly by a sparse late-time NIR excess; in this regime, the ejecta kinetic energy inferred from diffusion models is strongly degenerate with opacity and afterglow contamination. If lanthanide-rich opacity is mis-specified (or if afterglow subtraction underestimates the afterglow contribution at the HST epoch), the inference preferentially shifts toward larger Mej and/or vej, biasing the inferred ejecta kinetic energy upward. (3) *Bounded intrinsic energies without enforced coupling*: both true Ej and true ejecta kinetic energy reside within broad but physically bounded ranges set by merger energetics and angular-momentum transport, yet need not be tightly coupled event-by-event; the apparent equality arises when the joint inversion (afterglow + KN) is performed on sparsely sampled data under imperfect opacity/heating assumptions and under BAT-trigger selection.

Why the refined approach overcomes reviewer-identified limitations: we will (i) *demonstrate identifiability on GRB 130603B’s actual cadence* using Fisher analysis and Simulation-Based Calibration (SBC), then *project the kilonova model onto the minimally identifiable subspace* (one effective component with a calibrated κ surrogate and explicit afterglow contamination term); (ii) replace brittle “hard” closure-relation rejection by a *probabilistic discrepancy-aware likelihood* that explicitly accounts for extinction, calibration offsets, density gradients, inverse-Compton cooling, and mild microphysics evolution—thereby preventing spurious exclusion and enabling quantification of how closure deviations bias Ej; (iii) use an *explicitly calibrated opacity surrogate* (domain, training set, and uncertainty model stated) and propagate its uncertainty through inference; (iv) implement a *physically grounded BAT selection function* via a prompt-emission structured-jet luminosity prescription with efficiency priors, and/or condition on observed prompt properties without double-using the same information in Ek,iso inference; and (v) define a falsifiable decision rule (Bayes-factor threshold + posterior probability of “coincidence”) validated by injection campaigns that separate selection-induced equality from intrinsic coupling.","Step 0 — Data products, calibration, and deterministic bookkeeping
0.1 Collect GRB 130603B: Swift/BAT (fluence, spectrum, T90, time-resolved hardness where available), Swift/XRT lightcurve + spectra, ground optical photometry, and the HST NIR epoch(s) constituting the kilonova excess. Acquire response matrices for BAT/XRT for consistent flux conversion.
0.2 Re-reduce into a single flux-density time series with uncertainty covariance: Galactic extinction correction; host subtraction; host extinction modeled as a latent parameter AV,host with a prior informed by host SED/line-of-sight studies (broad, e.g., AV,host ~ HalfNormal(0.5) mag, but tested). Include cross-instrument calibration nuisance parameters (multiplicative offsets per instrument/band with priors ~ Normal(0, 0.05–0.1) in log-flux).
0.3 Define analysis windows but perform *one joint likelihood* across all epochs: do not pre-subtract afterglow at the HST epoch(s). Treat upper limits consistently.

Step 1 — Mandatory identifiability pre-study (Fisher + SBC) using *actual sampling*
1.1 Build a simplified forward model family (afterglow + minimal KN; see Step 3) and adopt the exact observation times, bands, and uncertainties of GRB 130603B.
1.2 Fisher Information screening (local identifiability): compute the Fisher matrix in a fiducial parameter neighborhood (from literature fits) for parameters θ = {Ej, θv, n (or A*), p, εe, εB, AV,host, KN amplitude, KN timescale/velocity proxy, κ-surrogate latent, afterglow contamination fraction at HST epoch}. Identify rank deficiencies and parameter combinations constrained by the data (eigenmodes).
1.3 Simulation-Based Calibration (global identifiability + prior dominance):
  - Sample θ from stated priors; simulate datasets at GRB 130603B cadence with noise and calibration offsets.
  - Run the full inference pipeline; check SBC rank histograms and posterior z-scores for each parameter and for key derived quantities {Ej, Ek,iso(tref), Ek,ejecta}.
  - Acceptance criterion: parameters/derived energies used in the hypothesis test must pass SBC within tolerance; otherwise reduce model dimensionality (Step 3) until SBC indicates data-dominated constraints on the targeted derived energy ratio metric.
Deliverable 1: an “identifiable subspace” report that explicitly lists (a) parameters constrained by data vs priors, (b) retained minimal KN parameterization, and (c) expected uncertainty on the energy-ratio metric under realistic systematics.

Step 2 — Afterglow module with discrepancy-aware closure relations (replace hard constraints)
2.1 Structured-jet afterglow dynamics: implement a standard structured jet parameterization (Gaussian or power-law wings) with parameters {Ecore, θc, s (wing index or Gaussian width), Γ0, θv} and circumburst medium model selection: ISM (n) vs wind (A*). Use a trans-relativistic dynamical evolution (energy-conserving external shock) with lateral expansion parameterized (with prior spanning negligible to moderate spreading).
2.2 Radiation: synchrotron with self-absorption, νm, νc, Fmax, and allow inverse-Compton cooling via a Compton-Y prescription (latent Y with physically motivated prior) that modifies νc.
2.3 Probabilistic “closure likelihood” instead of rejection:
  - Compute predicted temporal indices α and spectral indices β per band/epoch from the model.
  - Add a discrepancy term δclosure capturing known departures: δclosure ~ Normal(0, σclosure) with σclosure inferred (hierarchical) or assigned from calibration studies; include optional slow evolution of microphysics (e.g., εe(t)=εe,0 (t/t0)^qe with qe ~ Normal(0, 0.2) truncated) and density gradients (k in ρ∝r^{-k} with k near 0 or 2).
  - Likelihood includes both flux residuals and closure residuals: L = Lflux × Lclosure, where Lclosure penalizes (not forbids) deviations and lets the data decide whether deviations are required.
2.4 Bias quantification mandated by reviewers:
  - Using injection tests, quantify how ignoring each discrepancy channel (IC cooling, k≠0, microphysics evolution, calibration offsets, AV uncertainty) biases Ej and Ek,iso. Produce a sensitivity table ΔlogEj per omitted effect.
Deliverable 2: posterior on Ej and Ek,iso with an explicit “model discrepancy budget” and robustness intervals.

Step 3 — Minimally identifiable kilonova model (reduced from 2D to 1-component + explicit κ uncertainty)
3.1 Based on Step 1 identifiability, adopt a minimal KN surrogate tailored to sparse late-time NIR:
  - One effective homologous ejecta component characterized by {Mej, vej} (or Mej and a diffusion timescale parameter), and a composition/opacity latent variable summarized by an effective Ye-eff (or lanthanide fraction proxy) that maps to κeff(t, band).
  - Observed HST NIR flux is modeled as Fobs = Fafterglow + FKN with Fafterglow predicted by Step 2 at the same epoch (no subtraction).
3.2 Radiative model: angle-averaged diffusion/Arnett-like solution with bandpass mapping via a gray-to-color correction calibrated to radiative transfer grids; enforce v<c, Mej>0, and temperature positivity.
3.3 Nuclear heating prior: use a reduced heating-rate emulator qdot(t | Ye-eff) trained on r-process network calculations, but *only retain the degree(s) of freedom that are identifiable* from a single late-time NIR point (typically an amplitude + mild slope). Implement as:
  - log qdot(t) = log q0 + a1 log(t/day) with (q0, a1) drawn from emulator-informed priors conditional on Ye-eff, with emulator uncertainty carried as an additive Gaussian process or Normal scatter in log qdot.
  - Thermalization efficiency fth(t, Mej, vej) included with published parametric forms and an uncertainty hyperparameter σth.
3.4 Define the KN-inferred kinetic energy as Ek,ejecta = (1/2) Mej vej^2 with posterior computed by jointly fitting afterglow+KN.
Deliverable 3: a statement of which KN combinations are truly constrained by the data (e.g., constraint on Mej κ^{-1/2} v^{1/2} rather than Mej alone) and how that maps into Ek,ejecta uncertainty.

Step 4 — Opacity surrogate: calibration set, domain, and uncertainty propagation (explicit)
4.1 Calibration dataset: compile published multi-dimensional radiative-transfer KN grids spanning lanthanide-poor to lanthanide-rich conditions (κeff as a function of Ye, T, ρ, and expansion time), including at minimum regimes relevant to lanthanide-rich ejecta highlighted by kilonovae such as AT2017gfo and JWST-era events (Asset 1 context). The calibration domain will explicitly include:
  - Ye in [0.05, 0.40], vej in [0.05c, 0.3c], Mej in [1e-3, 5e-2] Msun, times t in [0.1, 20] days.
4.2 Surrogate form: a constrained regression model for log κeff = g(Ye, logT, logρ, logt) with monotonicity constraints in lanthanide fraction proxy (κ increases as Ye decreases) and positivity constraints. Use either (a) a Gaussian Process with physically motivated kernel + monotonicity via virtual derivative observations, or (b) a small neural surrogate with priors/regularization enforcing smoothness.
4.3 Error model: retain predictive variance σκ(·) from cross-validation on withheld RT models; include an additive “model inadequacy” term σκ,sys to account for missing atomic data and line-list incompleteness. In inference, treat κeff as latent with likelihood marginalized over surrogate uncertainty:
  - log κeff ~ Normal(g(·), σ^2_κ + σ^2_κ,sys).
4.4 Propagate to energies: report posterior for Ek,ejecta under (i) fixed κ (baseline), (ii) κ with surrogate uncertainty, (iii) κ with inflated σκ,sys to stress-test whether the Ek coincidence survives worst-case opacity uncertainty.
Deliverable 4: cross-validated surrogate accuracy plots + an uncertainty-propagation audit showing how κ uncertainty broadens Ek,ejecta and the energy-ratio metric.

Step 5 — Swift/BAT selection function without circularity (prompt model or conditioning)
5.1 Two-path strategy to avoid conflating prompt detectability with afterglow Ek,iso inference:
Path A (prompt-model-coupled selection):
  - Adopt a structured-jet prompt luminosity prescription: Eγ(θ)=ηγ E(θ) with ηγ ~ broad prior (e.g., log-uniform over 10^-3–0.5) and a spectral model tied to empirical Epk–L correlations with intrinsic scatter.
  - Compute BAT trigger probability Ptrig given viewing angle, distance, and spectrum using an approximate BAT threshold in counts/fluence, including k-corrections.
  - In population simulations (Step 6), accept events with probability Ptrig to emulate BAT selection.
Path B (conditioning on observed prompt, no double use):
  - Condition the analysis on measured prompt fluence/spectrum as fixed data constraining Eγ,iso, while ensuring that afterglow Ek,iso is inferred primarily from XRT/optical dynamics (not reusing the same prompt-luminosity mapping). Use prompt only to restrict {θv, Ecore, ηγ} through a separate likelihood term.
5.2 Explicitly separate quantities:
  - Eγ,iso (prompt) vs Ek,iso,AG(tref) (external shock kinetic). Track radiative efficiency εrad = Eγ/(Eγ+Ek) with priors wide enough to avoid enforcing equality.
Deliverable 5: a documented selection function with either BAT-threshold-based Ptrig (Path A) or a non-circular conditioned likelihood (Path B), plus sensitivity tests showing impact on inferred θv and Ek,iso.

Step 6 — Quantifying “coincidence” and falsifiable decision rule
6.1 Define metrics:
  - Ek,iso,AG(tref) at a specified reference time (e.g., 1 day) from afterglow module.
  - Ej,true = ∫ E(θ) dΩ (beaming-corrected).
  - Ek,ejecta = (1/2) Mej vej^2.
  - Apparent-equality statistic: R = Ek,iso,AG / Ek,ejecta (and also Rtrue = Ej,true / Ek,ejecta).
6.2 Competing hypotheses:
  - Hsel (selection/opacity artifact): Ej,true and Ek,ejecta drawn from broad independent (or weakly correlated) distributions bounded by merger energetics; no enforced near-equality.
  - Hcoup (intrinsic coupling): Ej,true and Ek,ejecta linked by a coupling relation (e.g., log Ej,true = log Ek,ejecta + b ± σcoup) representing a shared partition.
6.3 Injection campaign (mandatory) at GRB 130603B cadence:
  - Generate synthetic datasets under Hsel and Hcoup, passing through (i) BAT selection (Step 5) and (ii) realistic afterglow+KN observation noise and systematics.
  - Run the full inference and compute Bayes factors and posterior P(Hsel|data).
6.4 Falsifiable criterion:
  - Primary: log10 Bayes factor log10 Bsel,coup ≥ +1 (strong evidence) plus posterior probability P(Hsel | GRB130603B data) ≥ 0.9 to claim “coincidence supported”.
  - Conversely, log10 Bsel,coup ≤ −1 or P(Hsel|data) ≤ 0.1 supports intrinsic coupling.
  - If |log10 B|<1, outcome is declared inconclusive and the proposal will report which specific degeneracy (κ, AV, θv, ηγ) dominates uncertainty.
Deliverable 6: a single quantitative statement for GRB 130603B: P(coincidence | data, systematics) with decision status (supported / rejected / inconclusive) under the above thresholds.

Step 7 — Energy bookkeeping made quantitative (address reviewer concern)
7.1 Implement explicit energy accounting:
  - Eorb,avail ~ few ×10^53 erg sets a loose upper bound, but the relevant scales are: (i) jet launching energy fraction fj of available accretion/magnetically extracted energy, (ii) ejecta kinetic fraction fe of disk winds/dynamical ejecta, (iii) prompt radiative efficiency ηγ.
  - Encode as weakly informative priors on fj, fe, ηγ rather than asserting near-equality from orbital binding energy.
7.2 Report whether the inferred near-equality requires implausible efficiencies/angles by posterior checks against physically allowed ranges.
Deliverable 7: posterior on (fj, fe, ηγ) implied by inferred energies, ensuring no hidden assumption forces equality.","Addressing Data Limitation (sparse NIR KN): The plan explicitly performs Fisher + SBC on the *actual GRB 130603B sampling* and then reduces the kilonova model to the *minimally identifiable* parameter subspace (one effective component + κ/heating latents only to the extent supported). This prevents a prior-dominated 2D KN inference and ensures that the final energy-ratio statement reflects what the data can and cannot constrain.

Afterglow rigor without brittleness: Closure relations remain physically central but are implemented as a discrepancy-aware likelihood, not hard rejections. This makes the inference robust to realistic deviations (extinction uncertainty, cross-calibration, density gradients, IC cooling, mild microphysics evolution) and provides the required quantification of how each deviation biases Ej and Ek,iso.

Opacity surrogate credibility: The proposal now specifies a calibration domain aligned with lanthanide-rich ejecta regimes and introduces a cross-validated uncertainty model (including an additional model-inadequacy term). Surrogate uncertainty is explicitly marginalized so that κ–Mej–vej degeneracy is not hidden; its effect on Ek,ejecta and the coincidence metric is reported transparently.

Physically grounded Swift selection: BAT selection is implemented via either a prompt-emission structured-jet prescription (with efficiency priors and spectral scatter) or via conditioning on observed prompt properties without double-using information in Ek,iso inference. This avoids circular selection claims and separates prompt Eγ,iso from external-shock Ek,iso.

Falsifiability: The outcome is tied to explicit Bayes-factor and posterior-probability thresholds, validated by injection campaigns processed through the same cadence and selection. The proposal therefore yields a yes/no/inconclusive conclusion with a documented dominant-uncertainty source, rather than a narrative interpretation.

Connection to literature assets: Asset 2 motivates why Ek,iso-level “equalities” have been interpreted as central-engine evidence; this proposal tests whether that inference survives a geometry+opacity+systematics+selection audit. Asset 1 anchors the physical importance of lanthanide-rich opacity and r-process heating (and their uncertainties) in shaping kilonova observables; here we incorporate those microphysics as calibrated surrogates with uncertainty rather than free parameters, matching the reviewer’s demand for rigor.","The proposal is methodologically ambitious and mostly well-specified, with a commendable focus on identifiability and end-to-end calibration. The main technical weakness is that several high-flexibility components (structured-jet afterglow with evolving microphysics + density gradients + IC cooling + calibration offsets; plus a κ surrogate and heating emulator) risk reintroducing non-identifiability even after Step 1, because the discrepancy-aware likelihood can absorb genuine model misspecification in ways that broaden or shift Ej/Ek,iso posteriors without a clear separation between epistemic discrepancy and physical parameters. The BAT selection treatment is plausible but under-determined: mapping from viewing angle/structure to BAT trigger probability depends sensitively on the assumed prompt-emission luminosity prescription, k-corrections, and intrinsic scatter; without a validated BAT response/trigger emulator (or at least a calibrated threshold model against a reference Swift sample), inferred selection-induced inflation could be prior-driven. On the kilonova side, using a single late-time NIR excess means Ek,ejecta is fundamentally weakly constrained; even with a calibrated κ surrogate, Mej–vej–heating degeneracies likely dominate, so the central claim may reduce to demonstrating inconclusiveness rather than decisively attributing “equality” to artifact. Finally, the coupling-vs-selection model comparison risks being dominated by hyperprior choices for the (bounded) intrinsic energy distributions and coupling scatter; stronger justification (or external constraints) on those hyperpriors is needed to make Bayes factors interpretable rather than an artifact of prior volume."
"Superheavy nuclides (Z≥104) synthesized in neutron-star-merger ejecta imprint a late-time (≈3–30 d) non-power-law curvature in kilonova bolometric decline and a coupled color/thermalization signature that are jointly driven by (i) the delayed rise of spontaneous-fission heating from nuclei in the A≳250 region (enhanced by shell- and odd–even-dependent fission-barrier systematics near predicted closed shells/islands of stability) and (ii) the distinct thermalization partition of fission fragments versus β-decay products (higher local deposition efficiency and different spectral reprocessing). The key claim is not that any single light-curve bend implies superheavy synthesis, but that superheavy production becomes statistically identifiable when the forward model is forced to satisfy three coupled physical structures while explicitly marginalizing radiative-transfer inadequacy: (1) a constrained nuclear free-energy surface perturbation δF(N,Z) that coherently shifts Sn, Qβ, and Bf (thereby restricting abundance-flow and fission-onset changes to physically admissible directions), (2) a validated, benchmark-calibrated mapping from δF to β-decay and fission-rate sensitivities that includes shell/odd–even/collective-inertia uncertainties, and (3) an equilibrium-validity diagnostic that enforces detailed balance only in the regime where (n,γ)↔(γ,n) quasi-equilibrium holds and transitions in a controlled, temperature- and timescale-based manner to full non-equilibrium freeze-out kinetics. Under this structure, competing explanations (temperature-dependent opacities/ionization, viewing-angle/asphericity, nebular non-thermal excitation) can reproduce parts of the photometric evolution, but they cannot simultaneously match: (a) the time-localized increase in the fission-heating fraction, (b) the correlated change in thermalization efficiency implied by fragment-dominated deposition, and (c) the multiband residual pattern after marginalizing a hierarchical, time- and wavelength-correlated transport-discrepancy model. The hypothesis is therefore that superheavy-element synthesis is detectable as a mechanism-consistent, cross-observable correlation pattern that survives explicit nuisance modeling of radiative-transfer and late-time spectral-formation uncertainties, rather than as a best-fit obtained by an under-specified transport model.","Step 1 — Data, priors, and minimum requirements (designed for sparse/heterogeneous reality).
1.1 Event selection tiers and “minimum viable dataset” (MVD):
  • Tier A (preferred): multi-band optical+NIR photometry through ≥20 d with ≥8 epochs after day 3; ≥3 NIR bands (e.g., F115W/F150W/F200W or J/H/K equivalents) plus ≥2 optical bands; at least one late epoch ≥15 d. Spectra optional but prioritized (≥2 spectra between 2–10 d and/or one nebular spectrum ≥15 d).
  • Tier B (photometry-only feasible): ≥4 bands spanning optical–NIR, cadence ≲2 d from 0.5–10 d and ≥3 epochs between 10–25 d; S/N≥10 per epoch in NIR, ≥5 in optical.
  • Tier C (likely non-identifiable): ≤3 bands or no coverage beyond 10 d; these are used only for upper limits/forecasting and for validating false-positive control.
  Failure modes are explicitly reported: with no late-time (≥15 d) NIR, the fission-curvature Bayes factor is expected to be prior-dominated; with only optical bands, temperature/ionization degeneracy dominates and δF constraints collapse.
1.2 Calibration/systematics model:
  • Photometric zero-point and cross-instrument calibration uncertainties encoded as per-instrument latent offsets with informative priors from calibration pipelines; host extinction modeled with a latent AV and RV hyperprior.
  • Distances/inclinations from GW (when available) used as priors; otherwise redshift distance with peculiar-velocity uncertainty.
1.3 Multi-messenger and EOS-bounded ejecta priors:
  • Ejecta parameterization: at least two components (dynamical + disk wind), each with (Mej, vej, Ye distribution parameters, angular width). Viewing angle θv as latent.
  • Priors mapped from NR-informed fits with explicit hyperparameters capturing fit uncertainty.
  • EOS family as latent hyperparameter with causality constraints (sound speed ≤ c, maximum mass constraint) and translated into allowed ejecta mass/velocity ranges.

Step 2 — Forward model architecture with explicit radiative-transfer discrepancy.
2.1 Operator-split physics forward model (conservative by construction):
  (a) Hydrodynamic homologous outflow module:
    • Multi-component homologous expansion with density profile ρ∝r^{-n} (n latent but bounded) and angle-dependent mass distribution.
    • Energy/momentum conservation enforced: kinetic energy consistent with mej and vej; no ad hoc luminosity injection.
  (b) Nuclear kinetics with equilibrium validity diagnostic:
    • Network: stiff r-process network (implicit solver) with (n,γ), (γ,n), β-decay, α-decay, and fission channels.
    • Detailed balance enforced only when a diagnostic indicates quasi-equilibrium:
        - Define τ_{nγ} = (n_n⟨σv⟩)^{-1}, τ_{γn} from photodissociation rate, τ_exp = |(d ln ρ/dt)|^{-1}, and τ_β.
        - QE condition: max(τ_{nγ}, τ_{γn}) ≪ min(τ_exp, τ_β) AND T > T_QE (latent threshold with informative prior centered on 1–2 GK), AND partition-function correction < ε_QE.
        - When QE holds: enforce (n,γ)↔(γ,n) via detailed balance using partition functions.
        - Freeze-out transition: continuous “switch” function s(t)=1/(1+exp[(T−T_f)/ΔT]) (Tf, ΔT latent) that blends from enforced-detailed-balance rates to explicit forward/reverse rates computed independently; this avoids discontinuities and allows inference to marginalize uncertainty in freeze-out timing.
    • Partition functions/excited states:
        - Use tabulated nuclear partition functions where available; otherwise a controlled level-density model with hyperparameters (a, E_shift) constrained by known nuclei; propagate uncertainty by sampling these hyperparameters.
  (c) Heating + thermalization (channel-resolved):
    • Compute heating by channel (β leptons, β gammas, α, spontaneous fission fragments + prompt gammas).
    • Thermalization modeled with explicit energy-partition parameters constrained by physics:
        - f_frag(t,E): fragment deposition efficiency (high; weakly dependent on density)
        - f_βe(t,E), f_γ(t,E): electron and gamma deposition efficiencies (stronger escape at late times)
      with priors from published thermalization scalings; enforce f in [0,1] and energy conservation of deposited vs escaping power.
  (d) Radiative transport emulator + discrepancy layer:
    • Base transport: multi-group diffusion/Monte-Carlo-calibrated semi-analytic model producing L_ν(t) given deposition and κ_ν(T,composition).
    • Crucial addition—hierarchical model discrepancy term to capture non-LTE/line blanketing/3D effects:
        - Observed flux model: F_obs(ν,t) = F_model(ν,t;θ_phys,δF) × exp[Δ(ν,t)] + ε_phot.
        - Δ(ν,t) decomposed into:
            (i) a smooth “gray” component Δ_gray(t) capturing global diffusion/thermalization mismatch,
            (ii) a chromatic line-blanketing component Δ_line(ν,t) with stronger structure in optical than NIR.
        - Implement Δ as a Gaussian process in (log t, log λ) with separable kernel:
            k = σ_Δ^2 exp[-(Δlog t)^2/(2ℓ_t^2)] exp[-(Δlog λ)^2/(2ℓ_λ^2)]
          plus an additive low-rank basis (e.g., first 3–5 spectral principal components from a library of detailed RT simulations) with amplitudes as latent parameters.
        - Hyperpriors: σ_Δ, ℓ_t, ℓ_λ constrained by calibration against full RT outputs (Step 3.1) so that discrepancy is large enough to absorb known RT inadequacy but not so flexible that it mimics the specific correlated fission/thermalization signature.

Step 3 — Nuclear microphysics: δF parameterization and calibrated δF→rate sensitivities.
3.1 Constrained δF(N,Z) representation:
  • δF = Σ_{k=1..r} a_k φ_k(N,Z) where φ_k are physically motivated basis functions:
      - smooth macroscopic modes (volume/surface/symmetry-like trends),
      - localized shell-correction “bumps” centered near candidate closed shells in superheavy region,
      - odd–even pairing mode controlling staggering.
  • Constraints:
      - bounded curvature: |∂^2δF/∂N^2|, |∂^2δF/∂Z^2| < C (hyperparameter with informative prior),
      - pairing mode sign/scale consistent with known pairing gaps,
      - enforce bound nuclei constraints via Sn>0 where required by network domain; enforce Bf≥0.
  • Rank r is trans-dimensional (RJ-MCMC / nested sampling) with Occam penalty.
3.2 Verified calibration pathway for δF→(β-decay, fission) rates (mandatory robustness layer):
  • Two-tier mapping:
    Tier 1 (fast, inside inference): semi-empirical formulas linking Sn, Qβ, Bf to rates, but with hyperparameters that are calibrated to microscopic benchmarks.
    Tier 2 (offline calibration / occasional online refinement): microscopic calculations providing training/validation points for sensitivities.
  • Benchmark sets (at least two independent fission/barrier frameworks):
      - Microscopic barrier and collective inertia from, e.g., (i) Skyrme-DFT (HFB) with ATDHFB inertia and (ii) Gogny-DFT (or an alternative EDF) with GCM/GOA inertia; if full coverage is not feasible, construct a representative design over (Z,N) in 104–120 region and fit a surrogate for log t_sf.
      - Include odd–even effects by pairing-variation ensembles; include shell uncertainties by varying EDF parameter sets within published covariance.
  • Calibration target:
      - Learn sensitivity maps S_Bf = ∂ log λ_sf / ∂ Bf, S_inertia = ∂ log λ_sf / ∂ log 𝓘, and β-decay sensitivity to Qβ and level densities, each with uncertainty.
      - Implement as hierarchical priors on the semi-empirical rate hyperparameters so inference propagates benchmark uncertainty rather than assuming a single mapping.
  • Deliverable: a validated uncertainty model for fission and β-decay rates in Z≥104 that is explicitly conditioned on the same δF that drives masses.

Step 4 — Competing-explanation model set and formal identifiability metrics.
4.1 Model comparison suite (explicit alternatives):
  M0: no-superheavy (truncate network / suppress Z≥104 flow), standard actinide/lanthanide heating.
  M1: superheavy with δF-driven microphysics + fission heating (target model).
  M2: temperature-dependent opacity/ionization-flex model (enhanced κ(T,Ye) flexibility) but constrained to non-superheavy heating.
  M3: viewing-angle/asphericity-flex model (stronger angular dependence and mixing) with standard heating.
  M4: nebular non-thermal excitation model (adds non-thermal deposition→emission efficiency parameters at late times) with standard heating.
  All models include the same discrepancy GP layer so Bayes factors are not inflated by transport mismatch.
4.2 Formal identifiability outputs:
  • Bayes factors log K_{1j} between M1 and alternatives (j=0,2,3,4) computed via nested sampling with identical data/priors on shared parameters.
  • Posterior predictive checks (PPCs):
      - time-localized curvature statistic: κ(t)=d^2 log L / d (log t)^2 over 3–30 d,
      - chromatic residual pattern: Δ(optical)−Δ(NIR) evolution,
      - inferred fission fraction trajectory f_sf(t)=Q_sf,dep(t)/Q_tot,dep(t).
  • “Mechanism consistency constraint” enforced softly via likelihood penalties: if f_sf(t) rises, the model must predict a corresponding shift in thermalization and color within physically allowed ranges; otherwise it is disfavored.

Step 5 — Validation program to prevent false identification and δF-bias.
5.1 Synthetic universes with deliberate forward-model misspecification:
  • Generate mock data with a high-fidelity 3D/non-LTE RT code (not used in inference) across scenarios:
      (i) no superheavy,
      (ii) moderate superheavy, weak fission,
      (iii) strong superheavy with late fission heating,
      (iv) no superheavy but strong temperature-dependent opacity transition,
      (v) no superheavy but strong asphericity/viewing-angle effects,
      (vi) no superheavy but nebular non-thermal dominance.
  • Fit with the inference model including discrepancy GP; verify:
      - δF remains unbiased (centered near zero) in scenarios (iv–vi),
      - recovered X(Z≥104) and f_sf(t) are accurate in (ii–iii),
      - Bayes factors correctly prefer the true generating mechanism.
5.2 Transport-discrepancy calibration:
  • Before analyzing real data, fit the discrepancy GP hyperparameters to a library of RT simulations spanning ejecta parameters; set priors on (σ_Δ,ℓ_t,ℓ_λ) so that residuals are consistent with known RT errors.
  • Demonstrate that increasing discrepancy flexibility does not spuriously create evidence for M1; report robustness curves log K vs discrepancy prior width.
5.3 Cross-baseline nuclear robustness:
  • Repeat inference using multiple baseline mass models F0 (FRDM-like, HFB/DFT-like variants) and demonstrate stability of conclusions about superheavy presence; report the posterior over δF features (location/scale) rather than any single-model point estimate.

Step 6 — Observing strategy and decision rules.
6.1 Optimal cadence/band selection:
  • Focus discrimination power on 5–25 d with NIR emphasis; require at least one band at λ≳1.5 μm to reduce line-blanketing sensitivity.
  • If spectra are available: prioritize identifying late-time nebular transition indicators to tighten discrepancy priors.
6.2 Decision thresholds:
  • Claim “evidence for superheavy-fission imprint” only if:
      - log K_{1j} > 3 against all j∈{0,2,3,4} AND
      - PPCs show the curvature statistic and chromatic residual evolution are simultaneously reproduced without extreme discrepancy excursions (e.g., posterior of σ_Δ not pushed to prior upper bound).
  • Otherwise report upper limits on X(Z≥104) and f_sf(t) with explicit failure-mode attribution.

Deliverables:
  (i) A publicly documented inference pipeline with: (a) equilibrium diagnostic + freeze-out switch, (b) δF latent representation, (c) calibrated δF→rate sensitivity model, (d) hierarchical transport discrepancy.
  (ii) Quantified constraints (or upper limits) on X(Z≥104), f_sf(t), and δF features tied to shell/odd–even structure.
  (iii) A minimum-data and optimal-observing guideline for future JWST/ELT/ground-based follow-up that maximizes Bayes-factor discrimination.","Radiative-transfer inadequacy (review point i) is treated as a first-class latent process rather than ignored: the flux model includes a time- and wavelength-correlated discrepancy GP plus low-rank spectral residual modes calibrated on a library of high-fidelity RT simulations. Synthetic universes explicitly stress-test misspecification so that δF does not spuriously absorb transport error; robustness is quantified by tracking Bayes factors and δF bias as discrepancy flexibility is widened.

The δF→rate map (review point ii) is no longer a single semi-empirical assumption: rate sensitivities to Bf, collective inertia, shell, and odd–even effects are benchmarked against at least two microscopic barrier/inertia frameworks, and their disagreement is propagated as hierarchical uncertainty on rate hyperparameters inside inference. This ensures that inference conclusions reflect genuine information in the light curves rather than an arbitrarily chosen fission formula.

Detailed balance (review point iii) is applied only when justified by an explicit quasi-equilibrium diagnostic comparing reaction and expansion timescales, with a controlled freeze-out transition (continuous switch) that is itself inferred with priors. Partition-function and excited-state uncertainties are carried via hyperparameters constrained by known nuclei, preventing overconfident enforcement of NSE-like behavior.

Degeneracies (review point iv) are addressed by design: competing models (opacity/ionization flexibility, asphericity/viewing-angle, nebular non-thermal) are fit under the same discrepancy framework and compared using Bayes factors and posterior predictive checks targeting curvature and chromatic residual structure. The proposal’s identifiability claim is thus conditional and testable: superheavy-fission is favored only when it outpredicts these alternatives without requiring pathological discrepancy amplitudes.

Data realism (review point v) is handled through a tiered dataset strategy with an explicit minimum viable dataset, along with declared failure modes. The pipeline can run on photometry-only (Tier B) and will return principled upper limits if late-time or NIR coverage is insufficient, avoiding false detections driven by underconstrained inference.

Overall feasibility rests on the fact that each added rigor component (transport discrepancy, benchmark-calibrated sensitivities, freeze-out diagnostic, formal model comparison, and minimum-data rules) directly targets the reviewers’ false-identification concerns while preserving the original concept chain: superheavy synthesis → coherent mass-surface perturbations → coupled heating/thermalization → observable late-time curvature and color evolution.","The proposal is methodologically ambitious and, in several places, unusually well-structured for guarding against false positives (shared discrepancy layer across competing models; synthetic-universe stress tests; explicit failure modes; equilibrium validity enforcement). The central logic—superheavy production induces a time-localized rise in fission heating and a coupled thermalization/color signature—is plausible and is framed carefully as a joint-identifiability claim rather than a single-feature detection.

However, several key risks reduce confidence in identifiability at the claimed 3–30 d window. (1) The transport-discrepancy GP + low-rank basis, even when “calibrated,” can still absorb precisely the smooth, chromatic curvature patterns used as discriminants; the proposal lacks a rigorous demonstration that the discrepancy function class is orthogonal (in an information/geometry sense) to the fission+thermalization signature over the MVD cadence/bandpasses. Robustness curves (log K vs prior width) help but do not substitute for a proof-of-non-mimicry or a quantified “signature leakage” metric. (2) The δF(N,Z) approach is physically motivated, but it is still a high-leverage latent flexibility; the proposal does not specify how many effective degrees of freedom r are realistically learnable from Tier A/B data given ejecta/opacity/viewing-angle degeneracies, nor does it give an expected information gain (e.g., Fisher/expected KL) on X(Z≥104) as a function of photometric coverage. (3) The microscopic benchmarking program for superheavy fission barriers/inertias is a major computational and model-development effort; without a concrete design size, emulator error budget, and compute plan, feasibility is uncertain. (4) The equilibrium diagnostic and freeze-out switch are sensible, but the switch introduces additional latent freedom (Tf, ΔT) that can correlate with heating/thermalization parameters, potentially widening posteriors and weakening Bayes factors; this coupling is acknowledged but not quantitatively managed.

Overall, the proposal is strong on architecture and bias control, but it slightly overstates practical statistical identifiability from photometry-dominated datasets given the breadth of nuisance flexibility and the difficulty of locking down superheavy fission systematics."
"Magnetospheric reconnection and current-sheet dissipation during the final orbits of a neutron-star merger inject a nonthermal pair plasma whose evolving low-frequency synchrotron self-absorption turnover imprints a measurable, separation-tracking signature that is phase-locked to the orbital dynamics and hence to the instantaneous GW luminosity; simultaneously, a fraction of the dissipated magnetospheric energy returns to the stellar surface/crust and drives an internal heating channel that modifies the pre-merger thermal/UV component. We hypothesize that jointly fitting (i) a physically constrained GW energy-balance inspiral model and (ii) a radiative-transfer synchrotron-absorption model embedded in a force-free/FFE-informed magnetospheric dissipation prescription will break degeneracies between magnetospheric parameters (field geometry, pair loading, reconnection rate) and nuclear EOS-dependent orbital evolution, enabling new constraints on the EOS through correlated EM+GW observables.

Methodological Adaptation: We will adapt standard multi-messenger Bayesian inference by replacing the usual phenomenological EM light-curve likelihood with a structure-preserving, constrained forward model that couples (a) PN/NR-informed GW luminosity and orbital phase evolution to (b) a magnetosphere dissipation module calibrated on FFE simulations and (c) a synchrotron absorption radiative-transfer solver that enforces Kirchhoff’s law and energy conservation. The adaptation specifically addresses a limitation of current analyses: EM precursor models are typically decoupled from GW-driven orbital evolution and treat absorption/turnover frequencies as fit parameters rather than consequences of pair density, magnetic topology, and reconnection physics. By hard-coupling the EM emissivity/opacity to orbital separation and to the GW luminosity through the inspiral timescale, the inference becomes identifiable and physically bounded, improving EOS sensitivity in the late inspiral/early post-merger transition.","Step 1: Specific system setup or data preparation.
- Assemble a training/calibration set of magnetospheric dissipation scalings from published and newly run special-relativistic force-free electrodynamic (FFE) binary simulations spanning magnetic obliquities, spin-asynchronicity, and dipole strengths (motivated by Asset 3).
- Compile GW waveform/luminosity predictions using PN inspiral with tidal terms plus NR-informed post-merger luminosity features for multiple EOS (e.g., DD2 vs hyperonic-softened variants as in Asset 2), producing time series for orbital separation a(t), orbital phase, and GW luminosity L_GW(t).
- Define an EM data model for prospective precursor searches (radio/mm/IR/UV) including instrumental bandpasses and selection effects; incorporate UV thermal priors informed by double-pulsar heating constraints (Asset 4) to represent baseline internal heating.

Step 2: Detailed implementation of the adapted methodology.
- Build a coupled forward model with three hard constraints:
  (i) GW/orbital energy-balance constraint: dE_orb/dt = -L_GW(a, EOS, tides) - L_EM,mag(a, B, geometry), ensuring conservation of energy and preventing unphysical EM power extraction.
  (ii) Magnetosphere dissipation constraint: L_EM,mag(a) and particle injection rates derived from FFE-calibrated reconnection/current-sheet dissipation laws as functions of separation, relative spin, and field orientation (Asset 3), with explicit dependence on the light-cylinder scale and causal propagation limits.
  (iii) Radiative-transfer constraint for synchrotron absorption: compute emissivity j_ν and absorption coefficient α_ν for a pair plasma with a physically parameterized distribution function; enforce Kirchhoff’s law in the thermal limit and guarantee α_ν >= 0, then solve for observed flux with self-absorption turnover ν_sa(t) and spectral evolution.
- Implement Bayesian inference over parameters {EOS hyperparameters, tidal deformability, B-fields, obliquity, reconnection efficiency, pair multiplicity, internal heating fraction} using a likelihood that ingests GW strain data and EM time-frequency data (dynamic spectra). The key adaptation is that ν_sa(t) and optical depth τ_ν(t) are not free; they are derived deterministically from the coupled model, tied to a(t) and thus to L_GW(t).
- Add a model component for internal heating: deposit a fraction f_heat of magnetospheric dissipation onto the surface/crust with a heat-diffusion timescale prior; predict a UV/FUV thermal excess comparable in spirit to J0737-3039 constraints (Asset 4) and couple it to the same dissipation budget.

Step 3: Rigorous validation and analytical framework.
- Internal consistency checks: verify global energy conservation; enforce causality bounds on EOS (sound speed c_s <= c) and TOV stability for inferred mass-radius relations.
- Injection-recovery tests: simulate joint GW+EM datasets across EOS families and magnetosphere configurations; quantify EOS Bayes-factor improvement versus baselines that (a) ignore synchrotron absorption physics or (b) decouple EM from orbital evolution.
- Cross-validation against FFE outputs: compare inferred L_EM,mag(a) and current-sheet dissipation patterns to held-out simulation cases; ensure calibrated uncertainties propagate to EOS posteriors.
- Robustness: test sensitivity to uncertain microphysics (pair distribution slope, minimum Lorentz factor) and to observational systematics (dispersion/scattering in radio, extinction in UV).","1. Theoretical/Empirical Basis: Asset 2 shows EOS information is strongly encoded in GW luminosity (especially post-merger), while Asset 3 provides a mechanistic, simulation-backed pathway for strong magnetospheric dissipation tightly dependent on separation. Asset 4 demonstrates that magnetosphere-mediated energy transfer can plausibly sustain anomalous thermal/UV emission via internal heating. Synchrotron absorption is a well-posed radiative-transfer problem with strong physical constraints (positivity of opacity, Kirchhoff’s law) and is therefore suitable for embedding into a coupled forward model.
2. Transfer Logic (How the adaptation fits the domain): The adapted inference architecture directly respects conservation laws and GR/EOS bounds rather than treating EM precursors as black-box correlates. Coupling ν_sa(t) to a(t) links an observable spectral feature to orbital dynamics and therefore to L_GW(t), creating an information channel complementary to tidal-phase effects and robust to certain calibration degeneracies.
3. Comparative Advantage: Standard multi-messenger analyses typically (i) fit GW with EOS-sensitive templates and (ii) separately interpret EM with phenomenological light curves, losing identifiability and permitting unphysical energy budgets. Our adaptation imposes hard physical couplings, converting EM absorption/turnover evolution into a phase-locked diagnostic of magnetospheric pair loading and dissipation efficiency, which in turn tightens priors on the EM backreaction term in the orbital energy balance. This reduces degeneracy between EOS-induced changes in inspiral/post-merger dynamics and magnetospheric variability, improving EOS discrimination (e.g., stiff vs hyperon-softened) at fixed SNR.","This is a technically ambitious and largely coherent proposal that demonstrates strong command of late-inspiral GW physics, force-free magnetospheric dissipation, and synchrotron radiative transfer. The strongest aspect is the explicit energy-balance coupling between GW luminosity and EM dissipation, which addresses a real identifiability weakness in current multi-messenger analyses. The use of synchrotron self-absorption as a phase-locked, separation-tracking observable is physically motivated and nontrivial. Score deductions arise from two areas: (i) observational feasibility is underdeveloped, particularly whether the predicted low-frequency turnover evolution is detectable above plasma propagation effects and instrumental limits at realistic distances; and (ii) the internal heating channel, while plausible, is treated at a schematic level relative to the rigor applied to the magnetospheric and GW sectors, leaving some ambiguity about its constraining power on the EOS rather than on magnetospheric efficiency alone. These do not undermine correctness, but they limit confidence in ultimate impact."
"2XMM J104608.7-594306 is a compact object whose rare coherent radio burst and any accompanying fading X-ray emission originate from a single, quantized crustal fracture (“starquake”) that excites global seismic modes and launches an Alfvénic disturbance into the magnetosphere. The fracture injects a finite impulse of energy and charge-separated currents; mode damping and magnetospheric reconfiguration then produce (i) a short coherent radio burst when the pair-production threshold is transiently crossed and (ii) a delayed, fading X-ray component governed by crustal thermal diffusion plus magnetospheric resonant upscattering. Methodological adaptation: replace light-curve/spectral fitting and state-space twist models with a causality-respecting, PDE-constrained inverse problem in which the latent variables are the interior elastic-energy release map and crustal microphysics, and the forward model is a coupled elastodynamics–magnetosphere–radiation pipeline. Specifically, we adapt physics-informed neural operators (PINOs) into a “TOV-consistent Neural Operator” that learns the Green’s function of X-ray cooling and pulse-profile formation while being hard-constrained by (a) general-relativistic stellar structure (TOV + causality bounds on sound speed), (b) relativistic light-bending and redshift, and (c) energy partition bounds between seismic energy, magnetospheric Poynting flux, and radiation. This adaptation is designed to overcome the key limitation in conventional approaches: inability to invert sparse multi-epoch NICER/XMM data into interior (crust) parameters without either overfitting phenomenology or imposing an ad hoc low-dimensional magnetospheric state.","Step 1: Specific system setup or data preparation.
1) Multi-wavelength campaign around the known radio-transient behavior and the persistent X-ray source:
  - X-ray: request NICER monitoring in a triggered mode (dense sampling for 10 days when radio activity is reported; otherwise sparse cadence for 6 months) plus at least one deep XMM-Newton or Chandra pointing for high-S/N spectroscopy and sub-arcsecond astrometry.
  - Radio: coordinate MeerKAT/ASKAP monitoring to constrain burst recurrence, fluence distribution, and dynamic spectra.
  - Optical/IR: obtain deep imaging/spectroscopy for counterpart limits and extinction mapping; use Gaia frame tie for astrometry.
2) Spatial association quantification as a first-class dataset product:
  - Build a unified astrometric solution (Gaia-anchored) for XMM/Chandra and radio localizations; compute a field-dependent chance-coincidence rate using local source density (Carina region) and PSF/boresight systematics.
  - Output a probabilistic association prior p(assoc) to be used downstream rather than a hard match.
3) Data products tailored to inversion rather than fitting:
  - NICER: produce phase-resolved energy spectra and energy-resolved pulse profiles, with background modeling propagated as nuisance parameters.
  - XMM/Chandra: produce time-averaged spectra, search for absorption features (B-field diagnostics), and measure proper motion constraints if feasible.

Step 2: Detailed implementation of the adapted methodology.
A) Construct a coupled forward model with explicit interior and exterior physics.
  (i) Stellar structure and EOS layer (nuclear physics):
   - Parameterize the EOS using a spectral representation with enforced stability and causality (dP/dε ≤ c^2). Integrate TOV to generate M, R, compactness, crust thickness, and redshift. Reject EOS samples violating maximum-mass or causality constraints.
   - Compute crust composition-dependent microphysics priors (thermal conductivity, specific heat, shear modulus) using symmetry-energy parameters (e.g., L, Ksym) mapped to crust-core transition density and ion charge Z(A).
  (ii) Starquake/seismic excitation layer (mechanism driver):
   - Model an impulsive elastic-energy release density Q(θ,φ,z) confined to the crust, with physically motivated bases (localized patch + depth profile) and a finite total energy budget E_quake.
   - Propagate Q into a set of excited normal-mode amplitudes {a_lm} (including torsional modes) using an elastic eigenmode solver on the TOV background. Damping channels include mutual friction/superfluid viscosity and magnetic coupling, producing a predicted time-dependent Poynting flux into the magnetosphere.
  (iii) Thermal diffusion and atmosphere/radiation layer:
   - Solve GR-corrected anisotropic heat diffusion in the crust with a magnetic-field-dependent conductivity tensor, producing a time-dependent surface temperature map T(θ,φ,t).
   - Map T to emergent spectra using magnetized atmosphere models; propagate to observed phase-resolved flux using GR light bending and redshift based on (M,R).
  (iv) Magnetosphere/radio trigger layer:
   - Use the quake-driven Alfvénic energy injection to compute a transient pair multiplicity trajectory. The radio burst is predicted to occur if a threshold condition on pair density and accelerating potential is crossed for a short interval; this yields a testable timing relation between the radio burst and changes in X-ray pulse morphology/hardness.
B) Methodological adaptation: TOV-consistent Neural Operator (TCNO) for fast, constrained inversion.
  - Adapt a neural operator architecture (Fourier Neural Operator or DeepONet) to learn the operator mapping from (EOS parameters, Q-map parameters, B-geometry, viewing geometry) → (multi-epoch phase-resolved spectra + pulse profiles).
  - Hard-embed constraints by construction:
    1) EOS/TOV: the operator input is not free (M,R) but EOS parameters passed through differentiable TOV integration; causality and stability implemented as barrier functions that prevent sampling/inference from entering forbidden regions.
    2) Energy partition: enforce E_X(t integrated) ≤ f_rad * E_quake and ∫Poynting(t)dt ≤ (1−f_rad)*E_quake with f_rad∈[0,1], implemented as equality/inequality constraints in the training loss using augmented Lagrangians.
    3) GR ray-tracing invariants: compute observed specific intensity transformation with exact redshift factors, not learned surrogates.
  - Train TCNO on a physically generated simulation library spanning plausible EOS, crust microphysics, quake geometries, and B-field configurations; use active learning to refine regions that match preliminary data.
C) Inference engine (distinct from hierarchical state-space):
  - Perform constrained variational inference or Hamiltonian Monte Carlo on the differentiable TCNO likelihood to obtain posteriors on EOS parameters (nuclear constraints) and quake/microphysics parameters (crust physics), with p(assoc) entering as a mixture likelihood between “associated” and “unassociated” hypotheses.

Step 3: Rigorous validation and analytical framework.
1) Mechanism-discriminating predictions and tests:
  - Predict correlated changes in NICER pulse morphology and spectral hardness tied to a localized heating patch; compare with observations using posterior predictive checks.
  - Test for a specific temporal ordering: radio burst contemporaneous with inferred peak Alfvénic injection; X-ray fading timescale set by crustal diffusion depth (days–weeks) rather than generic power-law decay.
2) Model comparison against non-quake alternatives:
  - Competing models: (H_acc) accretion/propeller variability; (H_ext) purely magnetospheric variability without interior excitation; (H_chance) unrelated radio transient spatially coincident by chance.
  - Compute Bayes factors using the mixture likelihood with p(assoc) and held-out epochs (time-split cross-validation on NICER segments).
3) Calibration and robustness:
  - Injection–recovery with end-to-end simulations: generate synthetic data with known EOS and quake parameters; verify that TCNO inversion recovers (i) diffusion depth, (ii) total quake energy, and (iii) EOS parameters within credible intervals.
  - Systematics studies: background mis-modeling in NICER, cross-calibration between NICER and XMM/Chandra, and uncertainty in extinction/absorption; propagate via nuisance parameters and sensitivity runs.
4) Nuclear-physics deliverables:
  - Translate posterior on EOS to constraints on symmetry energy slope L and crust-core transition density; report credible regions consistent with causality and maximum-mass constraints.
  - Infer effective shear modulus/break strain bounds from required E_quake and patch size, providing a direct crust-physics constraint linked to nuclear composition models.
5) Spatial association deliverable:
  - Report P(assoc | data) and its dependence on astrometric systematics and source density; require robust association before claiming a single physical origin for radio and X-rays.","1. Theoretical/Empirical Basis: Quake-driven seismic excitation and crustal thermal diffusion naturally yield fading X-ray signals with timescales set by diffusion depth; magnetospheric Alfvénic injection can transiently enable coherent radio emission through threshold pair cascades. NICER provides phase-resolved timing/spectral data sensitive to evolving hot-spot geometry; XMM/Chandra provide spectroscopy and astrometry needed to anchor the model.
2. Transfer Logic (How the adaptation fits the domain): Standard phenomenological fits cannot invert sparse, multi-epoch data into interior microphysics without degeneracy. The TCNO adapts neural operators to act as differentiable surrogates of the GR+PDE forward model while enforcing causality (EOS) and conservation (energy partition) directly, ensuring inferred EOS/crust parameters remain physically admissible rather than being black-box regressions.
3. Comparative Advantage: Compared to the rejected hierarchical twist/torque state-space approach, this framework (i) shifts the latent mechanism to interior-driven dynamics testable via diffusion-depth signatures, (ii) performs inversion in a PDE/GR-constrained function space rather than low-dimensional magnetospheric states, (iii) yields direct nuclear-physics constraints (L, transition density, crust thickness) from multi-epoch X-ray evolution, and (iv) incorporates spatial association as a probabilistic mixture component, preventing over-interpretation of coincident transients.","This is an unusually ambitious and technically sophisticated proposal that pushes well beyond standard phenomenological modeling. The physical hypothesis (a single crustal fracture driving both radio and X-ray phenomenology) is internally coherent and grounded in known neutron-star seismology and magnetospheric coupling, though it relies on a relatively rare and sparsely observed triggering event. The main strength lies in the explicit coupling of interior physics, GR structure, and observable radiation within a constrained inverse framework; this directly targets a genuine bottleneck in neutron-star inference. Score deductions arise primarily from feasibility risk rather than conceptual weakness: (i) the dimensionality and stiffness of the coupled elastodynamics–thermal–magnetospheric forward model may challenge the fidelity of the neural operator surrogate, (ii) the identifiability of EOS parameters from a single or few transient heating events remains optimistic even with strong priors, and (iii) the radio-emission trigger is treated at a threshold level rather than via a first-principles coherent-emission model, leaving some phenomenology effectively parameterized. These issues do not invalidate the logic, but they introduce execution risk that tempers the highest possible scores."
"In BH–NS mergers (non-disruptive) and collapsing magnetars, outgoing fast-magnetosonic compressive waves steepen into a magnetospheric “monster shock” at the first radius where the wave-required conduction current, evaluated for a fixed physical observer congruence, exceeds the maximum conduction current supported by the locally available charge carriers. The refined trigger is the slicing-robust inequality

χ ≡ |J_req,∥| / J_max > 1,

where J_req,∥ is the field-evolution–implied parallel conduction current measured by normal (Eulerian) observers n^μ in a 3+1 split, and J_max is a microphysics-bounded carrier-limited current (pair-cascade and baryon-loading limited) in the same frame. When χ>1 the system cannot realize the ideal/force-free response; instead, the closure enforces a physically admissible current, leaving a controlled residual that necessarily appears as an increase in displacement current and parallel electric field E_∥, which (i) amplifies compressive fast-mode structure, (ii) drives rapid energy transfer from fields to particles once pair creation activates, and (iii) produces a predictable counterpart sequence (coherent radio precursor from charge-starved regions, followed by a ms hard X/γ flash from shock dissipation, plus a ringdown-modulated tail when BH quasi-normal modes modulate horizon-threading flux and Ω_F).

Mechanistic reason the refined approach overcomes reviewer-flagged limitations: we replace the ill-posed “local algebraic enforcement of ∇_μ J^μ=0” by a well-posed, explicitly conservative PDE system that evolves charge density and pair density and reconstructs current in a manner that is (a) discretely charge-conserving, (b) hyperbolic with a demonstrable energy estimate under a bounded-current/finite-conductivity closure, and (c) observer-defined (Eulerian n^μ) so J_req and χ are operationally unambiguous and testable for coordinate/slicing changes. Post-BH formation, Blandford–Znajek electrodynamics increases toroidal winding and thus increases J_req,∥; with J_max fixed by plasma supply, this tightens χ>1 and yields stronger, more coherent shocks without tunable resistivity switches. Ω_F is not treated as a knob: it is determined by a horizon variational principle that reduces to Znajek regularity plus a membrane-paradigm energy extremum, proven (and numerically verified) to recover the split-monopole BZ solution and bounded Ω_F/Ω_H across spins when Φ_BH and the same closure are fixed.","Step 0 — Notation, observers, and invariants (to remove gauge/slicing ambiguity)
0.1 Fix the observer congruence to Eulerian normal observers n^μ in a 3+1 decomposition (α lapse, β^i shift, γ_ij spatial metric). Define measured fields:
E^i = F^{iμ} n_μ,  B^i = (*F)^{iμ} n_μ.
Define charge density ρ_e = -n_μ J^μ and spatial current j^i = γ^i_μ J^μ.
0.2 Define “required current” operationally from Maxwell in 3+1:
∂_t E^i = ε^{ijk} D_j(α B_k) - α j^i + (E×∇×β terms) - α K E^i + …
Rearrange to obtain j_req^i from known geometric/source terms and the numerically evolved (E,B) time update (details in Step 2). Define parallel component j_req,∥ = (j_req·B)/|B|.
0.3 Define the trigger parameter χ = |j_req,∥|/J_max with J_max evaluated in the Eulerian frame, and report its transformation under local boosts of tetrads attached to n^μ: χ is invariant under spatial rotations and changes only under changes of observer; we therefore (i) fix n^μ by construction, and (ii) validate that χ maps consistently under coordinate transformations that preserve the foliation by comparing tetrad-projected values.

Step 1 — Mathematically explicit PDE system (well-posedness first)
1.1 Evolution variables (finite-volume): U = {B^i, E^i, ρ_e, n_±, u_pair}, where n_± is pair density proxy and u_pair is a minimal pair internal-energy/entropy proxy used for radiative source terms (optional in first-year milestones).
1.2 Maxwell evolution in curved spacetime (3+1, hyperbolic, constraint-controlled):
- Faraday:
∂_t B^i + ε^{ijk} D_j(α E_k) = 0 (plus Lie derivative terms in β^i form).
- Ampère:
∂_t E^i - ε^{ijk} D_j(α B_k) = -α j^i + α ρ_e β^i + geometric terms.
- Constraints:
D_i B^i = 0 (maintained via constrained transport);
D_i E^i = 4π ρ_e (maintained via evolving ρ_e with consistent fluxes).
1.3 Charge conservation as an evolved PDE (replacing the nonlocal constraint):
∂_t(√γ ρ_e) + ∂_i[√γ (α j^i - ρ_e β^i)] = 0.
This guarantees discrete global charge conservation when the same face-fluxes are used for both Ampère update and continuity update.
1.4 Pair-density evolution (minimal but explicit):
∂_t(√γ n_±) + ∂_i[√γ (α n_± v_d^i - n_± β^i)] = √γ (S_pair - S_ann),
where v_d is the E×B drift (bounded < c) computed from (E,B). S_pair is from selected pair models (Step 4) expressed in terms of local invariants and a controlled estimate of photon compactness; S_ann is a standard annihilation sink ∝ n_±^2 with a fixed cross section.

Step 2 — Bounded-current closure that is local, algebraic, and energy-stable
2.1 Decompose current into drift + parallel conduction in Eulerian frame:
j^i = ρ_e v_d^i + j_∥ b^i,
where b^i = B^i/|B|, v_d^i = (E×B)^i/B^2 (with a regularization for B→0). This ensures the perpendicular current is tied to charge advection and avoids superluminal drift.
2.2 Compute the “Maxwell-required” parallel current j_req,∥ from the discrete Ampère update: at each cell, define
j_req^i := (1/α)[ (curl(α B))^i - (∂_t E^i)_geom - (∂_t E^i)_num ],
where (∂_t E^i)_geom contains known β^i, K_ij terms, and (∂_t E^i)_num is the time derivative implied by the Riemann fluxes before applying sources. Project to j_req,∥ = j_req·b.
This definition is slicing-fixed (n^μ), algorithmically explicit, and testable by convergence.
2.3 Enforce admissibility by a bounded, monotone conduction law rather than an overconstrained optimizer:
Set the conduction current via a capped conductivity model:
E_∥ := E·b,
j_∥ = clamp(σ_∥ E_∥, -J_max, +J_max).
Here σ_∥ is finite and modelled (e.g., σ_∥ ∝ n_± e^2/(m_e ν_eff)) with ν_eff chosen from two priors (collisionless anomalous vs radiative drag), but the *hard cap* J_max makes the charge-starvation trigger sharp and falsifiable.
2.4 Tie the trigger directly to the PDE update:
Define χ = |j_req,∥|/J_max. When χ>1, the closure cannot supply the required parallel current, so Ampère necessarily produces growth in E_∥ (displacement current) until either (i) pair creation increases n_± and thus J_max, or (ii) a shock forms via fast-mode steepening. This is the mechanistic route from “residual current” to field energy build-up without ad hoc E·B projection.
2.5 Energy/momentum accounting (conservative budget with explicit work term):
Use the GR electromagnetic stress-energy T^{μν}_EM. In 3+1 form, evolve the EM energy density u_EM = (E^2+B^2)/8π with a finite-volume balance:
∂_t(√γ u_EM) + ∂_i(√γ S^i) = -√γ α j·E + (metric work terms).
Because j is explicitly defined by the closure and ρ_e is updated by the same fluxes, the discrete scheme admits an energy estimate: the only sink/source of EM energy is the resolved work term j·E (plus known geometric exchange). Dissipated energy is accumulated into a diagnostic “particle heating” reservoir u_heat = ∫ α j·E dt (and optionally coupled to u_pair), ensuring that Q=J·E is not contaminated by numerical capping.

Step 3 — Discrete numerical scheme (mandatory explicitness)
3.1 Spatial discretization: finite-volume on curvilinear grids in dynamical spacetime (BSSN or generalized harmonic backgrounds imported from NR runs).
- Constrained transport (CT) for B^i to preserve D_i B^i=0.
- Face-centered EM fluxes via an approximate Riemann solver for Maxwell (e.g., HLL) with divergence-cleaning only for E constraint if needed.
3.2 Time integration: SSP-RK2/RK3 with operator splitting where geometric source terms are treated in a well-balanced manner.
3.3 Discrete charge conservation guarantee:
Use identical numerical flux F^i_ρ = √γ (α j^i - ρ_e β^i) in both the continuity equation and the source term entering Ampère, so that the Gauss constraint error propagates but does not grow secularly.
3.4 Hyperbolicity/robustness demonstrations:
- Show principal part corresponds to Maxwell (light-speed characteristics) coupled to an algebraic conduction law (no elliptic solve).
- Empirically verify strong stability by measuring discrete energy decay consistent with −∑ j·E ΔV for σ_∥>0, and boundedness from the J_max cap.

Step 4 — Reduce microphysics arbitrariness: two documented pair-creation models + sensitivity/identifiability
4.1 Adopt exactly two pair supply models with priors (no free-form tables):
Model P1 (curvature-radiation-driven cascade):
S_pair = A_cr n_seed (|E_∥|/E_*)^p exp(−E_*/|E_∥|), with E_* determined from curvature radius ρ_c and B via standard curvature photon energy thresholds; priors on A_cr, p based on pulsar-cascade literature.
Model P2 (γγ compactness-limited injection):
S_pair = A_γγ ℓ^2 f(B) with ℓ estimated from local u_heat and an escape time tied to field-line length; priors on A_γγ from magnetar flare compactness arguments.
4.2 Baryon loading model (minimal, bounded):
Set an upper limit on available charge carriers from baryons in polluted layers n_b(θ,r) from GRMHD/NR ejecta proxies; J_max = e c (n_± + Z n_b) with Z fixed.
4.3 Identifiability plan (mandatory):
Perform a variance-based sensitivity analysis (Sobol/active subspaces) over {A_cr,p} or {A_γγ}, plus a limited set of geometric uncertainties (ρ_c distribution along field lines). Report which observables are invariant across models (e.g., ordering and relative timing of radio precursor vs γ flash; scaling with a* and Φ_BH) and which are not (absolute luminosities).

Step 5 — Horizon electrodynamics and Ω_F without tunability
5.1 Formalize the horizon functional:
On the stretched horizon H_ε with induced 2-metric q_AB and normal s^μ, enforce Znajek regularity as a constraint C_Z[Ω_F]=0 relating E_tan and B_tan. Determine Ω_F by extremizing the physical power dissipation in the membrane paradigm:
Minimize 𝓓[Ω_F] = ∫_{H_ε} dA (E_tan^2 / R_H),
subject to (i) fixed Φ_BH, (ii) Znajek constraint C_Z=0, and (iii) compatibility with the same conduction closure in the exterior (matching of tangential fields).
This reproduces the impedance-matching result Ω_F≈Ω_H/2 for split-monopole in the low-load limit and yields bounded Ω_F/Ω_H ∈ (0,1).
5.2 Verification requirements (mandatory):
- Recover split-monopole BZ: P_BZ(a*,Φ_BH) and Ω_F/Ω_H within published bounds across spins.
- Demonstrate Ω_F convergence with resolution and independence from functional discretization (no “effective knob”).

Step 6 — Application suites (BH–NS and collapsing magnetars) with mechanism-tied diagnostics
6.1 BH–NS non-disruptive suite:
Parameters: a*∈[0,0.99], q, NS dipole μ, inclination, and pair-supply model (P1/P2). Use NR spacetime/trajectories and magnetosphere initialized consistently.
6.2 Collapsing magnetars:
EoS families (stiff/soft consistent with GW constraints), initial rotation, dipole+quadrupole topologies. Follow collapse to BH and the transition to BZ regime.
6.3 Shock identification (mechanism-first, not numerics-first):
Define shock onset surface by (i) χ crossing unity, (ii) sustained growth of E_∥ and compression in fast-mode characteristics, (iii) a localized peak in α j·E and EM enthalpy jump.
6.4 Counterpart pipeline with minimal freedoms:
- Radio precursor: emission permitted only in χ>1 regions with ω_p below curvature frequency; use a single efficiency parameter with a narrow prior and report timing more than absolute flux.
- X/γ: compute from u_heat deposition and a fixed electron partition rule; report robust features (duration ~ms, delay relative to χ onset, and ringdown modulation frequencies).

Step 7 — Validation, convergence, and falsification
7.1 Code verification tests:
- Vacuum wave propagation in curved spacetime.
- Force-free limit recovery when J_max→∞ and σ_∥→∞.
- 1D charge-starved wave steepening benchmark: show shock formation location matches analytic scaling with J_max.
7.2 Convergence studies required by the critique:
Demonstrate χ(r,t), shock radius, and ∫α j·E dV are convergent with resolution; show invariance under coordinate transformations that keep the same foliation (relabeling coordinates, different gauge in NR input) by comparing tetrad-projected diagnostics.
7.3 Falsification tests:
- Vary a* and Φ_BH while keeping microphysics fixed: verify predicted monotonic strengthening/coherence of shock and γ tail modulation.
- Reduce pair creation (priors pushed low): predict earlier/brighter precursors; compare to non-detections to bound J_max.

Step 8 — EoS/nuclear-physics inference (guarded claims)
8.1 Build an emulator mapping {Λ, collapse time, a*, Φ_BH, microphysics model ID} → {timing observables: precursor-to-γ delay, γ duration, ringdown-modulation amplitude}. Focus inference on timing/ordering (most robust to microphysics).
8.2 Bayesian joint analysis with GW posteriors; report incremental EoS information gain only for observables demonstrated invariant under P1/P2 sensitivity bounds.","Mathematical well-posedness and discrete conservation: the revised CSL-CE is no longer an overconstrained “local optimizer” attempting to impose ∇_μJ^μ=0 algebraically. Charge conservation is enforced by an explicit finite-volume continuity equation sharing the same numerical fluxes used in Maxwell’s update, guaranteeing discrete global charge conservation and controlled Gauss-law errors. The closure is purely algebraic (drift + capped parallel conduction), preserving hyperbolicity of the Maxwell principal part and enabling an energy estimate in which electromagnetic energy changes only through the resolved work term j·E (plus known geometric exchange). This directly addresses the concern that dissipation/timing could be a numerical artifact.

Slicing-robust definition of J_req and χ: by fixing the observer to Eulerian normals n^μ, defining E,B,ρ_e,j in that frame, and computing j_req through the discrete Ampère balance (rather than informal “required current from Maxwell”), the trigger χ becomes operationally unique for a given foliation and demonstrably convergent under resolution and coordinate relabelings. The proposal explicitly tests this via tetrad-projected diagnostics and gauge-varied NR inputs.

Microphysics identifiability: instead of underdetermined lookup tables, the plan commits to two published-motivated pair-creation models with documented priors and performs sensitivity/identifiability analysis to isolate which predicted counterpart features are robust (timing/order, spin/flux scaling) versus model-dependent (absolute luminosity). EoS inference claims are correspondingly restricted to the robust subset, preserving falsifiability.

Ω_F non-tunability: the horizon treatment is formalized as a membrane-paradigm dissipation extremum subject to Znajek regularity and fixed Φ_BH, with mandatory verification against split-monopole BZ across spins and convergence checks. Ω_F is therefore determined by boundary physics plus the same exterior closure, not adjusted to fit signals.

Engineering feasibility: each component (CT Maxwell solver in 3+1, conservative charge update, capped-conductivity closure, minimal pair source PDE, membrane-paradigm horizon conditions) is individually standard in computational EM/relativistic plasma contexts; the novelty is their mechanism-aligned integration around a falsifiable χ>1 trigger. The staged validation plan ensures that the monster-shock formation and associated EM timing emerge from controlled current starvation rather than regime switching or field “fixes.”","The proposal is unusually strong on computational execution detail (variables, flux-sharing for charge conservation, CT for ∇·B, closure definition, diagnostics, convergence/falsification plan) and directly addresses prior well-posedness/charge-conservation objections. The χ trigger is operationally defined and testable within a fixed observer congruence, which is a real methodological improvement over coordinate-ambiguous “required current” statements.

Main deductions are on physical rigor of several key links that are currently more declarative than derived. (i) The central mechanism “χ>1 ⇒ fast-mode steepening into a magnetospheric monster shock” needs a sharper theoretical bridge: in force-free/relativistic EM, the fast mode is largely electromagnetic; showing that bounded j_∥ necessarily produces a compressive steepening (as opposed to dispersive EM wave behavior, gap formation, or quasi-oscillatory E_∥ growth) requires either an analytic reduced model (e.g., 1D characteristic analysis with the capped conduction law) or prior literature anchoring. (ii) J_max is treated as microphysics-bounded, but the mapping from {n_±, n_b, drag/collision model} to an actual maximum sustainable *parallel* current in a strongly magnetized, relativistic, curved-spacetime magnetosphere is not fully specified; in particular, the closure j_∥=clamp(σE_∥,±J_max) conflates supply limitation with an effective resistivity and may misrepresent kinetic constraints (runaway acceleration, radiation reaction-limited current, two-stream effects) that set j–E relations nonlocally along field lines. (iii) The Ω_F variational principle is intriguing but under-justified: minimizing ∫E_tan^2/R_H subject to Znajek regularity resembles impedance matching, but uniqueness/existence and compatibility with arbitrary exterior loads under the same bounded-current closure are not demonstrated; without that, “Ω_F not a knob” remains partly aspirational. (iv) The emission claims (coherent radio precursor, ms hard X/γ flash, ringdown-modulated tail) are plausible qualitatively but not yet tied to a quantitatively predictive radiative transfer or particle distribution model; the plan leans on timing robustness, which is reasonable, but still needs a clearer argument that timing is insensitive to uncertain cascade/drag parameters across relevant magnetizations.

Net: excellent engineering specificity and a coherent conceptual structure, but several core physical equivalences (current starvation → shock type/strength; bounded-current MHD/FFE closure → correct kinetic dissipation; horizon functional → Ω_F uniqueness across loads) require deeper derivation or targeted validation to reach top-tier logical rigor."
"In luminous neutron-star LMXBs such as GX 13+1, small but non-zero orbital eccentricity imprints a deterministic, phase-locked modulation on the accretion rate that shifts the source’s trajectory in the X-ray color-color diagram; when analyzed with an orbit-conditioned, physically constrained spectral–timing model, this modulation enables a direct inference of radiative efficiency and (via inner-disk radius constraints) neutron-star compactness/EOS-consistent parameters. Methodological adaptation: we will modify standard color-color + spectral fitting by embedding (i) a Keplerian eccentric-orbit mass-transfer prior (Roche geometry + periastron-enhanced stream impact) and (ii) GR-constrained disk/boundary-layer energetics (energy conservation and redshifted luminosity partition) into a hierarchical Bayesian state-space model that jointly fits color-color evolution, QPO-linked inner radius, and orbit timing, thereby converting the color-color diagram from a descriptive classifier into a parameter-identifying, physics-regularized estimator of orbital parameters and radiative efficiency.","Step 1: Specific system setup or data preparation.
1.1 Compile archival RXTE (and, where available, NICER/Chandra/XMM) lightcurves and spectra for GX 13+1 with uniform background handling and dead-time corrections; generate 16-s color-color points using consistent band definitions and propagate Poisson/systematic uncertainties.
1.2 Gather/derive orbital ephemerides and candidate orbital periods from literature; if uncertain, perform a targeted search for orbital modulation in long-baseline X-ray photometry (Lomb–Scargle + Gaussian-process detrending) and in radial-velocity constraints from IR spectroscopy if available.
1.3 Assemble comparison sample of neutron-star LMXBs in globular clusters (including M15 sources where applicable) with known/estimated eccentricities from pulsar timing (M15 pulsars) to provide an eccentricity-informed prior landscape and dynamical-context calibration.

Step 2: Detailed implementation of the adapted methodology.
2.1 Build an orbit-conditioned mass-transfer model: implement an eccentric Roche-lobe overflow prescription where ẋ(t) = ẋ0 * exp[ - (ΔR_L(t))/H ] with ΔR_L(t) driven by instantaneous separation a(1-e^2)/(1+e cos f) and include a periastron stream-impact heating term that modifies disk scale height and seed-photon temperature; constrain parameters with conservation of mass and angular momentum in the disk + outflow budget.
2.2 Construct a GR- and nuclear-physics-constrained radiative-efficiency map: enforce L = η ẋ c^2 with η decomposed into disk + boundary-layer components. Impose: (i) GR energy release between r_in and the NS surface with redshift corrections; (ii) causality/EOS priors through a mass–radius hyperprior (e.g., piecewise-polytrope or spectral EOS parameterization) requiring c_s < c and supporting M_max ≥ 2 M_sun; (iii) boundary-layer luminosity fraction consistent with spin and compactness; (iv) optional thermonuclear burning constraints (if bursts present) linking ẋ to ignition models.
2.3 Link color-color coordinates to physical states using a constrained emission model: replace empirical color-state labels with a forward model producing counts in each band from (T_in, τ, kT_e, reflection, absorption, wind column) and include wind/jet coexistence as in GX 13+1 by allowing simultaneous outflow components; impose energy conservation so that Comptonization and wind kinetic power draw from accretion power.
2.4 Integrate timing/QPO information: incorporate kHz QPO (or upper limits) as a noisy proxy for Kepler frequency at r_in (ν_K ∝ r_in^{-3/2}), thereby constraining r_in and breaking degeneracies between absorption-driven and intrinsic spectral changes along the color-color track.
2.5 Perform hierarchical Bayesian state-space inference: implement a latent-state evolution model where the hidden state vector includes (ẋ0, e, ω, inclination prior, r_in(t), wind optical depth, jet power fraction) with orbital phase as a deterministic driver; infer posterior distributions via HMC/NUTS with custom likelihood for count-rate colors, spectra, and timing.

Step 3: Rigorous validation and analytical framework.
3.1 Identifiability tests with injection–recovery: generate synthetic datasets spanning e = 0 to 0.1, varying absorption/wind strength, and verify that the adapted model recovers e and η without bias; compare against baseline (orbit-agnostic) spectral fitting and color-color clustering.
3.2 Model comparison and robustness: compute Bayes factors / information criteria between (i) e=0 circular model, (ii) eccentric model without GR/EOS constraints, and (iii) full constrained model; quantify how constraints reduce unphysical solutions (e.g., η > 0.3 for NS accretion without beaming) and improve predictive performance.
3.3 Cross-system transfer: apply the trained hyperpriors to cluster systems (M15 sources and other GCs) to test whether dynamical environments yield systematically higher inferred eccentricity-driven modulation, consistent with exchange interactions; evaluate correlations between inferred η and cluster gas density constraints (Bondi/ADAF-like inefficiency context from M15).
3.4 EOS impact: translate posterior on compactness (M,R) into constraints on pressure at supranuclear densities; report consistency with nuclear-physics priors and quantify incremental information gain attributable to orbit-conditioned color-color modeling.","1. Theoretical/Empirical Basis: Orbital eccentricity modulates separation and Roche geometry, producing phase-dependent mass transfer; RXTE-quality datasets provide dense color-color tracks, and established links exist between color-color position, accretion rate proxies, and timing features (kHz QPOs). GX 13+1 specifically exhibits complex outflows within a confined color-color region, motivating a model that separates intrinsic power changes from absorption/wind effects.
2. Transfer Logic (How the adaptation fits the domain): The adaptation embeds conservation laws, GR energetics, and EOS causality directly into inference, aligning with high-energy astrophysics requirements that accretion luminosity and spectral formation must respect physical bounds. Introducing an eccentric-orbit driver converts a descriptive diagram into a mechanistic, orbit-parameter-sensitive observable, and the GR/EOS hyperprior ensures inferred radiative efficiencies and compactness remain physically admissible.
3. Comparative Advantage: Standard color-color analyses and unconstrained spectral fits suffer degeneracy between variable absorption/winds and true ẋ variations, and they cannot robustly connect spectral states to orbital parameters. The proposed orbit-conditioned, physics-regularized state-space model uniquely (i) extracts eccentricity signatures even when small, (ii) separates wind/jet spectral effects from accretion-power modulation via energy accounting, and (iii) propagates these inferences into radiative efficiency and EOS-consistent compactness constraints—capabilities absent in baseline methods.","This is an unusually ambitious and technically sophisticated proposal that demonstrates deep familiarity with neutron-star LMXB phenomenology, GR accretion energetics, and modern Bayesian inference. The central logical leap—extracting small orbital eccentricities from color-color diagram modulation—is physically plausible but remains the weakest link: the expected eccentricity-driven signal is likely subtle compared to stochastic variability, winds, and secular accretion changes in GX 13+1. While the state-space framework is appropriate, identifiability may be marginal even with QPO constraints, and the proposal somewhat overstates the precision with which EOS-relevant compactness constraints can be extracted from such data. Engineering execution is strong but risks over-parameterization, and the computational feasibility of HMC over such a high-dimensional, forward-folded spectral–timing model is not fully stress-tested. Nonetheless, the logic is internally consistent, and the adaptation is genuinely innovative rather than incremental."
"3EG J1013-5915 is the GeV afterglow of a compact-object coalescence that produced a long-lived millisecond magnetar whose early-time ultrarelativistic, highly magnetized wind inflated a pair-loaded bubble; the subsequent interaction of this bubble with the pre-existing supernova remnant G284.3-1.8 drives a delayed, spatially structured GeV emitter dominated by inverse-Compton radiation from re-energized pairs plus a sub-dominant hadronic component from shock–cloud interactions. The core methodological adaptation is a physics-closed ‘impulse-response’ reconstruction: instead of forward-fitting a chosen spindown law and SED, we reconstruct the time-dependent magnetar power injection L(t) and magnetization σ(t) as latent functions using a Green’s-function (linear response) formulation of particle transport and radiative transfer in an evolving SNR/PWN system, with hard constraints from causality, energy conservation, and nuclear-physics limits (maximum rotational energy and neutrino-cooling–limited baryon loading). Mechanistically, the guarantee comes from separating (i) source physics (L(t), σ(t)) from (ii) environmental response (SNR density, radiation fields) via a response kernel computed from relativistic MHD + kinetic transport, enabling identifiability of a coalescence-born millisecond magnetar through a distinctive early high-σ, pair-dominated impulse that cannot be mimicked by a standard young pulsar with monotonic dipole braking.","Step 1: Specific system setup or data preparation.
1.1 Localize and decompose the gamma-ray source with modern data: perform a Fermi-LAT Pass 8 re-analysis centered on 3EG J1013-5915, building multiple spatial hypotheses (point source at PSR J1016-5857; extended template tracing G284.3-1.8 radio shell; hybrid point+extended). Produce energy-dependent TS maps, extension tests, and phase-averaged spectra.
1.2 Assemble multi-band environmental priors needed for a response-kernel calculation: radio continuum + spectral index maps of G284.3-1.8; polarization-derived magnetic geometry where available; CO/HI-derived gas column and clumping factors; IR/optical radiation field maps (for IC targets); X-ray imaging/spectroscopy (Chandra/XMM) to separate point source, compact nebula, and shell emission.
1.3 Timing and energetics anchors: compile PSR J1016-5857 P, Pdot, glitch history, and X-ray luminosity; estimate SNR age and distance using expansion diagnostics (if available) or shell morphology + ambient density constraints from CO/HI and X-ray absorption.

Step 2: Detailed implementation of the adapted methodology.
2.1 Compute the environment response kernel (the key structural novelty):
- Build a coupled SNR+nebula dynamical model where the SNR provides an externally specified time-evolving confinement pressure P_ext(t) (from a calibrated 1D/2D hydro grid spanning ejecta mass, explosion energy, and ambient density), while the wind bubble evolves via magnetized pressure balance.
- For each environment realization, precompute Green’s functions G_γ(E_γ, t_obs | E_inj, t_inj; σ, B, U_ph, n_gas) mapping an injection episode of pairs/ions to present-day gamma-ray emission through synchrotron+IC+brems+pp channels, including adiabatic compression during reverse-shock interaction. This is done by solving a kinetic transport equation in time with energy losses and escape, but storing the solution as linear operators acting on the unknown injection history.
- In parallel, compute G_X and G_radio for X-ray/radio synchrotron observables and a morphology kernel G_spatial(θ | t_inj) that predicts where emission should appear today given injection epoch and subsequent advection/expansion.

2.2 Reconstruct the magnetar injection history as latent functions rather than assuming a spindown formula:
- Parameterize L(t) and σ(t) on a compact basis (e.g., log-time knots with monotone/positivity constraints) and infer them by solving an inverse problem: observed multi-band spectra+morphology are linear/nonlinear functionals of these histories through the precomputed kernels.
- Enforce hard physical bounds directly in the inverse problem:
  (a) Rotational energy cap: ∫ L(t) dt ≤ E_rot,max(M,R,P0), where E_rot,max is bounded by nuclear physics through a maximum mass-shedding frequency consistent with realistic EoS families (used only to bound E_rot,max, not to do full TOV-based forward modeling).
  (b) Baryon-loading/opacity constraint specific to coalescence magnetars: early-time wind must satisfy a neutrino-heating-limited mass-loss rate that bounds achievable Lorentz factor and thus the pair/ion content injected into the nebula; implement as a constraint on the early-time fraction of power going into leptons vs ions.
  (c) Causality and conservation: the kernel is constructed to conserve particle number in phase space with losses; additionally impose that present-day nonthermal energy in particles+fields does not exceed injected energy minus radiative losses computed by the kernel.
- Couple to nuclear physics via a minimal but nontrivial adaptation: instead of sampling full EoS, impose a causality-limited upper envelope on E_rot,max and moment-of-inertia scaling (I ≤ I_causal(M)) to prevent unphysical energy injection while keeping the inference dominated by gamma/SNR data.

2.3 Model selection between coalescence-born millisecond magnetar and ordinary young pulsar:
- Ordinary pulsar hypothesis is represented not by n=3 braking, but by a restricted injection family: L(t) forced to be smooth, single-timescale, and σ(t) slowly varying (no early high-σ impulse), consistent with standard pulsar wind evolution.
- Coalescence-magnetar hypothesis allows an early impulsive high-σ phase followed by a transition to particle-dominated injection (σ drop) driven by magnetic dissipation and nebular loading; this produces a characteristic delayed GeV brightening when the reverse shock compresses the bubble.

Step 3: Rigorous validation and analytical framework.
3.1 Identifiability and uncertainty quantification: perform posterior sampling over (environment parameters)×(L(t),σ(t)) using a constrained sampler (e.g., sequential Monte Carlo with rejection-free constraint handling) and quantify how strongly the data require an early impulsive component.
3.2 Posterior predictive checks in multiple spaces simultaneously: (i) Fermi-LAT SED and extension vs energy, (ii) X-ray nebular size vs photon energy (synchrotron burn-off), (iii) radio spectral index gradients, (iv) correlation of GeV brightness with CO/HI gas (for any hadronic contribution).
3.3 Injection–environment disentanglement tests (core methodological claim): run synthetic injections through kernels to demonstrate that a coalescence-like L(t),σ(t) impulse produces a present-day GeV signature that cannot be replicated by any allowed smooth pulsar-like injection under the same environment priors.
3.4 External consistency and falsifiable predictions:
- Predict TeV flux and morphology for CTA/H.E.S.S. under the inferred injection history; a compressed-bubble scenario yields a harder, more compact TeV component than shell-dominated hadronic emission.
- Predict neutrino upper limits for the hadronic fraction (IceCube/ANTARES sensitivity check).
- Predict X-ray spectral steepening radius and a radio polarization pattern indicative of compressed toroidal fields if reverse-shock compression is essential.
3.5 Robustness to catalog association: repeat the full reconstruction under alternative spatial associations (pure shell, pure point source, hybrid) to verify whether the inferred impulse is tied to the SNR interaction rather than source confusion.","1. Theoretical/Empirical Basis: PSR J1016-5857 is energetic and sits within the 3EG J1013-5915 error region, while G284.3-1.8 provides a plausible confinement medium enabling reverse-shock interaction—an established mechanism for reprocessing early wind energy into delayed high-energy emission. Millisecond-magnetar remnants of coalescence are empirically motivated by short-GRB plateau modeling (variable braking indices and non-dipole torques), and magnetar-strength fields naturally produce high-σ outflows capable of creating pair-loaded nebulae with strong IC emission.
2. Transfer Logic (How the adaptation fits the domain): High-energy astrophysics often suffers from non-identifiability when forward-fitting assumed spindown forms and multi-zone SEDs. The impulse-response adaptation matches the physics of linear(ized) transport/radiation: for a fixed environment evolution, today’s emission is a convolution over past injection. Encoding that as Green’s functions respects conservation laws and makes the inverse problem well-posed under physical constraints (energy caps from nuclear physics; neutrino-cooling bounds on early baryon loading), directly targeting the mechanism (early high-σ injection + reverse-shock reprocessing) rather than fitting phenomenological curves.
3. Comparative Advantage: Unlike the rejected Bayesian forward-inversion with explicit n(t) and TOV-coupled sampling, this approach (i) avoids committing to a specific spindown torque law, (ii) yields a reconstructive, data-driven injection history with hard physical bounds, (iii) provides a mechanistic discriminant—an early impulsive high-σ component plus reverse-shock compression signature—that standard young pulsar scenarios cannot reproduce without violating energy/baryon-loading constraints, and (iv) naturally incorporates spatial morphology as part of the response kernel, critical for separating shell vs nebular vs point-source origins of the GeV emission.","This is an unusually sophisticated and technically mature proposal. Its core strength lies in recognizing non-identifiability as the dominant bottleneck in high-energy PWN/SNR inference and addressing it via a linear-response formalism with hard physical constraints. The separation of source physics (L(t), σ(t)) from environmental response is logically sound and well matched to the transport/radiative equations involved. The use of causality- and nuclear-physics–limited energy bounds is disciplined rather than speculative. However, several deductions are warranted. (i) The environmental response kernel is treated as effectively known for a given SNR realization, but uncertainties in multidimensional SNR structure, turbulence, and mixing could reintroduce degeneracies that are not fully quantified. (ii) The identifiability claim—that no smooth pulsar-like injection can reproduce the inferred GeV signature—while plausible, rests heavily on priors about σ(t) variability and reverse-shock timing that may not be uniquely diagnostic given current LAT angular resolution. (iii) Computational feasibility is borderline: precomputing high-dimensional Green’s functions spanning σ, B, radiation fields, gas density, and injection epoch is extremely demanding and may force coarse discretization that undermines the advertised rigor. These are not fatal flaws, but they temper the guarantee language used in the proposal."
"Neutron-star mergers encode a recoverable (though not unique event-by-event) mapping from the ejecta’s *energy–velocity stratification* and *geometry-marginalized specific-angular-momentum profile* to the europium (Eu) yield, because (i) the late-time radio flare constrains the time-dependent deceleration of the blast wave and hence the cumulative kinetic energy above velocity, E(>v), which tightly brackets the mass/energy in the slow, high-leverage tail that dominates r-process lanthanide/Eu production; (ii) gravitational-wave (GW) posteriors constrain the pre-merger angular-momentum reservoir and remnant collapse-time priors, which—combined with a parameterized j(v,θ) model rather than a deterministic v→j map—permits probabilistic inference of *which classes* of angular-momentum distributions are consistent with the radio-inferred dynamics; and (iii) a Ye(j,t) module calibrated (and uncertainty-quantified) against GRMHD + neutrino-transport simulations links the inferred angular-momentum hyperparameters to neutrino-irradiation histories and electron-fraction distributions. The refined claim is therefore not that radio data uniquely determine dM/dv and dJ/dM, but that under explicitly stated identifiability conditions (frequency coverage/cadence/SNR; controlled external-density and microphysics evolution), the joint radio+GW inference constrains a low-dimensional, physically admissible family of {E(>v), j(v,θ)} sufficient to predict an Eu-yield posterior whose width correctly includes (a) residual afterglow degeneracies, (b) Ye-emulator uncertainty, and (c) nuclear-physics model uncertainty. This overcomes the reviewers’ concerns by (1) formal identifiability tests defining when structure is learnable, (2) geometry-marginalized angular-momentum inference rather than fragile v→j determinism, (3) simulation-calibrated Ye(j,t) with propagated emulator error, and (4) explicit marginalization over nuclear inputs (mass models, β-rates, fission yields) when calibrating the reduced network and computing Eu posteriors.","Step 0 — Definitions, observables, and inference targets (changes vs. original made explicit)
0.1 Replace “unique dM/dv inversion” target with the directly radio-identifiable quantity: cumulative kinetic energy above velocity, E(>v), plus a controlled mapping to dM/dv via v^2 weighting with explicit uncertainty: dM/dv = 2 v^{-3} dE/d(ln v) (non-relativistic limit), generalized with a trans-relativistic correction factor calibrated on hydro/SRMHD solutions.
0.2 Replace deterministic v→j(v) with a geometry-marginalized, low-dimensional specific-angular-momentum model j(v,θ; φ) with hyperparameters φ, inferred jointly with E(>v). The proposal’s causal chain becomes: (radio) → E(>v) (robust) + weak constraints on anisotropy → posterior over φ given GW priors → Ye(v; φ, remnant) via calibrated emulator → Eu yield.

Step 1 — Data assembly and forward models
1.1 Event selection
• GW: LVK BNS events with posterior samples {m1,m2, χ_eff, Λ̃, distance} and, where available, constraints on post-merger outcome proxies (e.g., mass threshold for prompt collapse using EOS families).
• Radio: late-time (months–years) multi-frequency light curves/spectra (≥4 bands spanning ~0.6–15 GHz preferred), including merger-candidate radio transients (FIRST J1419+3940-like) and targeted follow-up of nearby BNS.
• Environment priors: host-galaxy ISM constraints (SFR, metallicity, H I maps if available) to inform density-field hyperpriors.

1.2 Shock dynamics + synchrotron emission library (differentiable)
• Build a differentiable forward operator F_radio that maps θ_radio = {E(>v) basis coeffs, angular structure params, n(r) params, microphysics evolution params} to multi-band fluxes.
• Dynamics: use a calibrated bridging solution from trans-relativistic to Newtonian regime (validated against SRHD) for stratified ejecta; include both uniform and structured (axisymmetric) outflows.
• Emission: synchrotron with SSA and cooling; allow time-evolving microphysics via parametric forms:
  - ε_e(t)=ε_{e,0}(t/t0)^{α_e}, ε_B(t)=ε_{B,0}(t/t0)^{α_B}, with broad priors;
  - electron index p with weak prior (2.0–2.6) but allow small evolution dp/dln t if demanded by data.

1.3 Nuclear physics and reduced network with uncertainty
• Construct a reduced r-process network emulator G_rproc(Ye,s,τ; ψ_nuc)→X_Eu with invariant enforcement (baryon number, charge) and consistent NSE/QSE transitions.
• Explicitly include nuclear model index ψ_nuc (mass model, β-rates set, fission yields prescription). Calibrate to full-network runs spanning ψ_nuc ∈ {several representative choices}; store emulator discrepancy as a stochastic term.

Step 2 — Formal identifiability and minimum data-quality conditions (mandatory)
2.1 Local identifiability: Fisher information / rank tests
• For representative “radio observing designs” D (band set, cadence, duration, per-epoch SNR), compute Fisher matrix I(θ_radio|D) around injected truths; evaluate rank and condition number for sub-blocks corresponding to E(>v) coefficients.
• Declare identifiability criteria:
  - E(>v) is “recoverable” over velocity decade [v_min,v_max] if the smallest singular value of the Jacobian for E(>v) coefficients exceeds a threshold set by noise, and posterior contraction factor >3 relative to priors.
  - Microphysics degeneracy flagged if |corr(E-coeff, α_e)| or |corr(E-coeff, α_B)| > 0.8 in posterior.
2.2 Global identifiability: simulation-based calibration (SBC)
• Perform SBC with ≥200 injections per observing design D across: density profiles (ISM vs wind-like), clumping (lognormal fluctuations with coherence length), anisotropy, and microphysics evolution.
• Outputs: coverage plots for E(>v) and key derived quantities (e.g., E(>0.1c), mass below 0.15c). Define “usable inference regime” where 68%/90% coverage is within ±5% absolute.
2.3 Explicit minimum observing requirements (deliverable-level)
• Produce a table giving required: (i) number of frequencies, (ii) fractional bandwidth, (iii) cadence near spectral peak, (iv) baseline length to reach Sedov–Taylor phase, to recover E(>v) to ±0.5 dex and slow-tail mass to ±1 dex.

Step 3 — Radio inversion redesigned as a constrained Bayesian inference with residual-degeneracy quantification
3.1 Parameterization of E(>v)
• Represent log E(>β) (β=v/c) as a monotone spline in log β with K=4–6 knots, enforcing dE/dβ ≤ 0.
• Enforce physical bounds: total kinetic energy E_tot prior informed by GW energetics and plausible ejecta masses; enforce positivity and smoothness via hierarchical priors (Gaussian process on curvature with scale learned from injections).
3.2 External density structure and microphysics as nuisance hyperparameters
• Density: n(r)=n0 (r/r0)^{-k} with k∈[0,2] plus optional clumping hyperparameter σ_cl (lognormal amplitude).
• Microphysics: ε_{e,0}, ε_{B,0}, α_e, α_B, p (and optional dp/dln t).
3.3 Inference algorithm
• Use gradient-based HMC / NUTS on the differentiable forward operator; validate with posterior predictive checks in flux and in spectral-break evolution.
• Report not only posteriors on E(>v) but also an explicit “non-identifiability score” derived from posterior entropy relative to prior and from the Fisher condition number.

Step 4 — Geometry-marginalized angular-momentum model and tests of what is actually learnable (mandatory)
4.1 Parameterized j(v,θ; φ)
• Define specific angular momentum as:
  j(v,θ)=j0 (v/v0)^{-q} [1 + a2 P2(cosθ)]
  where φ={j0,q,a2, θ0} with θ0 controlling an angular cutoff separating polar vs equatorial components (optional).
• Impose broad priors anchored to plausible launching radii: j0 ~ √(G M_rem R0) with R0 log-uniform over [20, 500] km; q∈[0,2]; a2∈[-0.8,0.8].
4.2 Connecting j-model to radio-inferred structure
• The radio flare weakly constrains angular structure through light-curve shape and spectral evolution; encode this as constraints on an “anisotropy parameter” in the outflow energy per solid angle. Couple anisotropy to a2 with a stochastic mapping calibrated on numerical-relativity ejecta morphologies (treated as an uncertain regression, not a fixed rule).
4.3 GW angular-momentum budget as a *soft* constraint (mandatory)
• For each GW posterior sample, compute an angular-momentum budget distribution:
  J_available = J_initial(m1,m2,χ,EOS) − J_rad(inspiral; waveform posterior) − J_bound(remnant core)
  with EOS marginalized over a discrete set of EOS families.
• Implement likelihood penalty (not rejection):
  L_J ∝ exp[−(max(0, J_ej(φ,E) − J_available))^2 / (2 σ_J^2)]
  where σ_J is validated via injections (accounts for modeling uncertainty and EOS dispersion).
• Explicitly check for double-counting by ensuring the prior on φ is independent of GW posteriors; only the penalty uses GW information.
4.4 Demonstrate constrainable aspects of dJ/dM
• Injection campaign: vary φ while holding E(>v) fixed, generate radio data, and test whether posterior over φ contracts beyond priors. Predefine success as: at least one combination (e.g., j0 or q) achieves >2× prior-to-posterior width reduction in ≥50% of injections in the usable inference regime.
• If not met, fallback: treat φ as unconstrained nuisance and propagate its uncertainty fully into Ye/Eu (still producing robust Eu posteriors but broader). This “graceful degradation” is specified a priori.

Step 5 — Ye(j,t) module calibrated against GRMHD + neutrino-transport simulations (mandatory)
5.1 Simulation suite and calibration targets
• Assemble/produce a training set spanning: EOS families, mass ratios, remnant outcomes (prompt collapse, HMNS, SMNS), disk masses, magnetic-field strengths, and neutrino luminosity histories.
• Extract summary relations needed by the emulator:
  - neutrino irradiation exposure 
    Φ_ν(j) = ∫ L_ν(t) ⟨ε_ν⟩ dt / (4π r(j)^2)
  - dwell/launch time distributions vs j and v
  - resulting Ye distributions in dynamical + disk outflows.
5.2 Emulator form with uncertainty
• Train a probabilistic emulator (e.g., GP or normalizing-flow conditional density model) for p(Ye | j, v, remnant hyperparameters; ψ_sim) with explicit predictive variance.
• Remnant hyperparameters include collapse time t_col, characteristic neutrino temperature T_ν, and an effective viscous/MHD transport parameter α_eff. Priors on these are tied to EOS and GW-inferred total mass, but remain broad.
• Propagate emulator uncertainty by sampling Ye from the emulator predictive distribution, not just using mean predictions.

Step 6 — Eu yield computation with nuclear-physics uncertainty (mandatory)
6.1 Reduced-network calibration across nuclear models
• For each ψ_nuc choice, calibrate reduced-network parameters to match full-network Eu yields across (Ye,s,τ). Store model discrepancy δ_Eu(Ye,s,τ;ψ_nuc).
6.2 End-to-end yield integration
• For each posterior sample from Steps 3–5 and for each ψ_nuc, compute X_Eu(v) and integrate over inferred dM/dv (derived from E(>v) with relativistic correction) to obtain M_Eu.
• Final Eu posterior marginalizes over ψ_nuc with explicit weights (uninformative by default; can incorporate community priors).

Step 7 — Validation, cross-checks, and population coupling
7.1 End-to-end injections (radio → Eu)
• Generate synthetic events with known E(>v), φ, density structure, εe/εB evolution, and a Ye ground-truth from held-out GRMHD simulations. Verify recovered Eu posterior coverage (SBC) and quantify where uncertainty is dominated by (a) afterglow, (b) Ye emulator, (c) nuclear physics.
7.2 Cross-messenger consistency
• Kilonova: compare inferred slow-tail mass/velocity with IR lanthanide indicators when available.
• GW: ensure J budget penalty behaves smoothly; report the fraction of posterior mass affected by the penalty (diagnostic for over-constraining).
7.3 Population/GCE connection
• Produce an Eu-yield distribution per merger and compare with Milky Way and dwarf-galaxy Eu/Fe trends using a delay-time distribution consistent with LVK BNS rates. Explicitly propagate the Eu posterior widths (including nuclear model uncertainty) into GCE likelihoods.

Deliverables
• Public code with: (i) identifiability assessor (Fisher + SBC), (ii) radio inversion yielding E(>v) posteriors and non-identifiability scores, (iii) geometry-marginalized j(v,θ) inference with soft GW J-budget penalty, (iv) Ye emulator with predictive uncertainty, (v) Eu yield posterior with nuclear-physics marginalization.
• Observing-strategy memo: minimum frequency coverage/cadence/SNR conditions to achieve specified Eu constraints and to detect non-identifiable regimes early.","Radio inversion realism and identifiability: The revised plan no longer assumes that radio data uniquely determine dM/dv; it targets E(>v), the quantity most directly encoded in the deceleration history of stratified ejecta. Identifiability is made testable via (i) Fisher/rank analyses on realistic observing designs and (ii) simulation-based calibration with injections covering density gradients, clumping, anisotropy, and microphysics evolution. This directly answers the board’s concern about non-uniqueness and defines, ahead of time, the regimes where inference is reliable versus flagged as non-identifiable.

Residual degeneracies are quantified, not claimed eliminated: Multi-frequency data help, but εe/εB evolution and external-density structure remain confounders. The proposal now treats these explicitly as nuisance hyperparameters with time-evolution, and it reports a non-identifiability score and posterior correlation diagnostics. When degeneracy persists, the Eu posterior is allowed to broaden rather than producing spuriously tight constraints.

Angular momentum inference is geometry-marginalized and injection-validated: The fragile deterministic v→j mapping is replaced with a parameterized j(v,θ;φ) model with broad, physically motivated priors and an uncertain coupling to anisotropy calibrated on numerical-relativity morphologies. A mandatory injection study is included to demonstrate whether any φ components are actually constrained by radio+GW information beyond total-energy constraints; otherwise the method gracefully degrades by marginalizing φ without over-interpretation.

GW angular-momentum budgets handled as soft constraints: Instead of hard rejection (risking over-rejection and double-counting), the angular-momentum budget enters as a validated likelihood penalty with tolerance σ_J calibrated in injections and EOS-marginalized. Diagnostics quantify how strongly the penalty shapes the posterior.

Ye(j,t) calibrated to GRMHD + neutrino transport with propagated emulator uncertainty: The most fragile causal link is strengthened by anchoring Ye predictions to a simulation suite spanning EOS/remnant lifetimes and by using a probabilistic emulator that outputs full conditional distributions p(Ye|j,v,remnant) with predictive variance. This ensures Eu posteriors reflect remnant-physics uncertainty rather than an under-dispersed phenomenology.

Nuclear physics uncertainty explicitly included: Eu sensitivity to mass models, β-rates, and fission yields is incorporated by calibrating the reduced network across multiple nuclear-physics prescriptions and marginalizing over them in the final Eu posterior, with an explicit discrepancy model. This prevents astrophysical inferences from being artificially precise relative to nuclear uncertainties.

Connection to literature assets: The proposal leverages (Asset 3) empirical viability of late-time merger radio flares as diagnostics of ejecta–ISM interaction; (Asset 1) emphasizes angular-momentum and GW energetics as discriminants and motivates budget-consistency constraints; (Asset 4) provides chemical-evolution relevance of Eu yields and motivates population-level comparison even when per-event constraints are moderate. Together, these support the multi-messenger chain while the revised methodology avoids overstating identifiability and builds in uncertainty accounting at each fragile link.","Methodologically, the proposal is unusually strong: it confronts identifiability directly, uses differentiable forward modeling with explicit nuisance evolution (n(r), εe/εB(t), p(t)), and commits to SBC/coverage as a go/no-go criterion. The main scientific weakness is the claimed recoverability of the slow, Eu-dominant tail from radio deceleration: even with multi-band coverage, the mapping from light-curve shape to E(>v) at low velocities can be dominated by external-density structure (including anisotropic/clumpy media) and microphysics evolution in ways that are difficult to distinguish, potentially making the “high-leverage tail” only weakly bounded except for the nearest, best-sampled events. The angular-momentum component is also at risk of being under-informed by radio data: the stochastic coupling between ejecta anisotropy and a2 in j(v,θ) may absorb too much freedom, so the GW J-budget penalty could become the dominant driver of φ without clear empirical leverage from the radio flare. Finally, the Ye(j,t) emulator is plausible, but its training targets (mapping j,v,remnant hyperparameters to Ye distributions) are not yet tied to a clearly defined, simulation-measurable definition of ‘j’ for unbound material across codes/EOS/neutrino schemes; mismatch in definitions and selection effects between dynamical vs disk outflows could become the leading systematic not captured by emulator variance."
"A measurable subset of short-GRB afterglows exhibiting sustained X-ray brightness and correlated radio late-time excess arise from compact remnants that undergo a neutron-star–to–strange-star phase transition shortly after merger. The phase transition releases latent binding energy in a temporally compact, super-Eddington burst that causally imprints itself on the forward shock as a non-power-law perturbation. This imprint survives geometric and microphysical degeneracies and can be isolated by reconstructing the forward-shock response function under strict relativistic causality and energy–momentum conservation. Methodological adaptation: instead of fitting parametric energy-injection histories, we invert the afterglow light curves using a causal Green’s-function formalism for relativistic blast waves, augmented with nuclear-physics–motivated bounds on transition energy and timescale. This enables a direct test for an impulsive, high-energy injection channel unique to strange-star formation, distinct from continuous magnetar spin-down in neutron stars.","Step 1: Specific system setup or data preparation.
- Compile a sample of short-GRB afterglows with secure redshift and multi-band coverage (X-ray + radio mandatory), emphasizing events with extended X-ray emission or late-time radio flattening.
- Transform all light curves to the source frame using redshift, and re-bin them onto logarithmic time grids chosen to preserve causally resolvable features (Δt/t ≲ 0.3).
- Construct contemporaneous spectral energy distributions to identify synchrotron regimes and fix the ordering of ν_a, ν_m, and ν_c without assuming power-law temporal evolution.

Step 2: Detailed implementation of the adapted methodology.
- Forward-shock response formalism: derive the linearized causal response of a relativistic forward shock to an arbitrary, time-dependent energy perturbation δE(t), expressed as a convolution of δE(t) with a Green’s function G(t, t′; n, p) obtained from the relativistic hydrodynamic equations and synchrotron emissivity, explicitly enforcing causality (t′ ≤ t) and energy conservation.
- Inversion procedure: apply a regularized deconvolution (Tikhonov + positivity constraints) to the observed light curves to reconstruct δE(t) non-parametrically, rather than assuming magnetar-like power laws. The regularization strength is fixed by requiring that the reconstructed δE(t) does not violate the compactness and optical-depth constraints for radio transparency.
- Nuclear-physics constraint layer: impose hard bounds on the total injected energy (≲ few × 10^52 erg) and injection timescale (≲ 10–100 s source-frame) derived from neutron-to-strange quark matter conversion calculations, while allowing neutron-star engines only continuous, monotonic spin-down–like δE(t). This constitutes a structural modification of afterglow analysis: the data are mapped into an energy-injection impulse response space constrained by EOS physics.
- Population-level comparison: classify events based on whether their reconstructed δE(t) requires an impulsive, super-Eddington component inconsistent with neutron-star spin-down but consistent with strange-star conversion energetics.

Step 3: Rigorous validation and analytical framework.
- Consistency checks: forward-model the reconstructed δE(t) through full hydrodynamic simulations to ensure that the inferred impulse reproduces both X-ray and radio behavior, including self-absorption and cooling-break evolution.
- Synthetic tests: inject artificial strange-star–like impulses and neutron-star–like continuous injections into simulated afterglows across redshift and density distributions; quantify the false-positive rate of the inversion method.
- Cross-domain validation: compare the inferred impulse energies and timescales with independent nuclear-physics predictions for quark deconfinement and with observed super-Eddington luminosities in compact objects.
- Statistical assessment: evaluate the fraction of events requiring impulsive injections and test correlations with host environment and redshift to rule out selection or viewing-angle effects.","1. Theoretical/Empirical Basis: Relativistic blast-wave theory admits a well-defined causal response to energy perturbations, and strange-star formation is predicted to release a finite latent energy on short timescales. Empirically, several short-GRB afterglows show deviations from simple power-law decay that are not uniquely explained by geometry.
2. Transfer Logic (How the adaptation fits the domain): The Green’s-function inversion respects causality, conservation laws, and synchrotron radiation physics, while the nuclear-physics constraint layer directly incorporates EOS-driven limits on energy release—a natural bridge between high-energy astrophysics and dense-matter physics.
3. Comparative Advantage: Unlike parametric or hierarchical fitting, this approach does not assume an engine model a priori. It isolates a physically interpretable impulse signature that cannot be mimicked by smooth magnetar spin-down or viewing-angle effects, providing a sharper, mechanism-level discriminator between neutron-star and strange-star remnants.","This is a technically sophisticated and intellectually ambitious proposal that addresses a real interpretive bottleneck in short-GRB afterglow modeling. The Green’s-function inversion framework, with explicit enforcement of relativistic causality and energy conservation, represents a genuine advance over phenomenological energy-injection fits. However, several deductions are warranted. First, the reliance on a linearized forward-shock response may be strained for the very super-Eddington, impulsive injections the proposal seeks to identify; the domain of validity of the linear approximation is not rigorously delineated. Second, while nuclear-physics bounds are invoked as hard priors, the uncertainties in strange-matter conversion energetics and timescales remain large and model-dependent, weakening the claimed uniqueness of the impulse signature. Third, the practical resolvability of Δt/t ≲ 0.3 features in real, sparsely sampled radio light curves is optimistic and may reintroduce degeneracies the method aims to avoid. These issues do not undermine feasibility but temper the strength of the causal and discriminative claims."
"NS–NS mergers occurring in (or projected against) globular clusters can—under a restricted, testable region of fallback + jet/cocoon parameter space—produce an early-time (hours–days) Chandra-band (0.5–8 keV) component whose variability is governed by Comptonization in a compact, mildly relativistic, optically-thin-to-marginal corona (transition-layer / cocoon-shock interface) operating near an Eddington-regulated radiation-pressure equilibrium. Mechanism: (i) fallback power injected into a baryon-loaded, magnetized coronal volume heats electrons to kTe ~ 10–80 keV; (ii) intense soft-photon compactness drives rapid Compton cooling and e± pair balance that self-regulates the Thomson depth to tauT ~ 0.3–3 (with Klein–Nishina suppression limiting high-energy scattering), producing a narrow relation between L/L_Edd, kTe, and tauT; (iii) the same scattering random-walk plus light-travel time across size R ~ (1–30)×10^6 cm imprints an energy-dependent Fourier phase lag that increases with photon energy (hard lag) and scales approximately as tlag(E,f) ~ tesc(E)/(1 + (2π f tesc)^2) with tesc ~ (R/c)×max(1, tauT, tauT^2), yielding millisecond–second lags for plausible remnant-scale radii. Identifiability claim (explicit): this coronal model predicts (a) a correlated triplet {L/L_Edd, spectral cutoff Ec ~ 2–3 kTe, lag–energy slope d tlag/d lnE} constrained by electron+photon energy equations + pair balance, whereas an off-axis synchrotron afterglow predicts no intrinsic Compton hard lags at ms–s scales and instead yields either near-zero interband lag or frequency-independent geometric/curvature delays at much longer (≫R/c) timescales; dust scattering predicts soft, delayed halos with strong angular dependence and a distinct energy scaling of delay ∝ E^{-2}. Thus, by enforcing the closure and jointly fitting spectra + cross-spectra (and polarization when available), we can (1) robustly decide whether any Comptonizing corona is required at all, and (2) if required, infer only the realistically accessible remnant property: whether a long-lived NS/engine exists that can sustain compactness/high compactness pair-regulated heating for ≳hours–days versus prompt BH cases where early emission is dominated by afterglow and/or rapidly fading fallback with no stable Eddington-regulated corona signature. Any EOS statement is explicitly conditioned: we target classification (long-lived NS vs prompt BH) and exclude claims of precise mass–radius inference unless beaming/opacity are independently constrained.","Step 0 (Scope control & decision points)
0.1 Primary deliverable: a quantitative identifiability/feasibility package and a model-comparison pipeline that outputs Bayes factors between (A) afterglow-only and (B) afterglow+Eddington-regulated Compton corona, plus confounders (dust halo, LMXB/UCXB).
0.2 Pre-registered detection criterion: declare corona “required” only if ln BF(B vs A) > 5 and posterior predictive checks pass for lag–energy and cutoff–lag coupling.

Step 1 (Physical model specification: fallback + cocoon → corona source terms)
1.1 Fallback power: adopt a minimal, explicit fallback prescription
   Ṁfb(t) = Ṁ0 (t/t0)^{-5/3}, with t0 = 0.1–1 s and Ṁ0 set by fallback mass Mfb = 10^{-6}–10^{-2} Msun.
   Lheat(t) = ηh Ṁfb c^2 with ηh = 10^{-4}–10^{-2} (engine-to-corona heating efficiency). This defines the heating compactness.
1.2 Geometry: assume a quasi-spherical or toroidal compact corona of characteristic radius R(t)=R0 (t/tref)^αR with R0 = (1–30)×10^6 cm, αR in [0, 0.5]. Seed photons come from a thermalized cocoon/photosphere or NS surface layer with temperature Ts(t) and luminosity Ls(t) constrained by energy conservation (below).
1.3 Baryon loading: specify entrainment from cocoon/ejecta as
   dMb/dt = ξb Ṁfb + ξe (Mej/t) exp(-t/tej), with Mej from GW-informed priors and ξb, ξe ∈ [0,1]. Electron density sets τT via τT(t)=σT ne(t) R(t) with ne determined by Mb plus pairs.
1.4 Magnetized heating: adopt a testable magnetic dissipation law
   Q+ = ϵB (B^2/8π) (V/R) with B parameterized via plasma beta β = Pgas/PB and constrained by requiring sub-equipartition (β≥0.1). This fixes electron heating fraction δe.

Step 2 (Replace Eddington “cap” with an explicit closure: coupled energy + pair balance + KN opacity)
2.1 Electron energy equation (volume-averaged):
   d(Ue)/dt = Q+_e(t) − QComp(t) − Qsyn(t) − Qad(t) − QCoul(t)
   where QComp uses full KN-corrected Compton kernel (or an accurate fitting formula) and includes seed photon energy density Uph.
2.2 Photon energy equation (for the Comptonized component):
   d(Uph)/dt = Qseed(t) + QComp(t) − (Uph/tesc)
   with escape time tesc = (R/c)×(1+τeff), τeff = τT + τ±, and photon diffusion corrected for τ>1 (tesc ~ (R/c)×(1+τ+τ^2)).
2.3 Pair balance (steady or stiff ODE):
   d n±/dt = ṅγγ(T_e,Uph) − n+ n− ⟨σann v⟩ − n±/tadv
   with γγ computed from the high-energy tail of the Comptonized spectrum; this self-regulates τ± and thus τeff.
2.4 Composition-dependent opacity: include κ = κes(Y_e, X, Z) with corrections for partially ionized heavy r-process ejecta if relevant; propagate as a systematic prior. KN suppression enters the effective scattering opacity at high energies.
2.5 Radiation-pressure / momentum consistency (testable constraint, not a cap):
   Require Liso(t) and inferred outflow rate satisfy
   Ṁw v∞ ≥ (Ω/4π) Liso/c
   where Ω encodes beaming; v∞ constrained by ejecta/cocoon priors. This rejects unphysical solutions.
2.6 Output predictive relations: from (2.1–2.4) derive a narrow manifold in parameter space linking
   (i) L/L_Edd, (ii) Ec ≈ 2–3 kTe, (iii) τT, and (iv) lag–energy slope.
   This manifold is what makes the corona identifiable beyond a flexible lag fit.

Step 3 (Predict lag amplitude & frequency scaling; detectability with Chandra)
3.1 Cross-spectrum model: compute complex transfer function H(E,f) from the time-dependent Compton Green’s function (Kompaneets/Monte Carlo hybrid). Then
   C12(f)=X1(f)X2*(f), phase φ12(f)=arg⟨C12⟩, lag tlag=φ12/(2πf), coherence γ^2(f)=|⟨C12⟩|^2/(⟨|X1|^2⟩⟨|X2|^2⟩).
3.2 Scaling expectation for feasibility: for kTe~20–50 keV and τ~0.5–2, typical scattering order to go from ~1 keV to ~5 keV is Nsc ~ ln(E2/E1)/ln(1+4θ+16θ^2) with θ=kTe/mec^2; tlag(E) ~ Nsc×(R/c)×max(1,τ). This yields:
   R=10^7 cm → R/c≈0.33 ms; Nsc~5–20 → lags ~ 2–20 ms (τ~1)
   R=10^9 cm → R/c≈33 ms; lags ~0.2–2 s.
   The proposal therefore explicitly targets ms–s lags and tests whether R must be too large/small to be physical.
3.3 Chandra detectability budget (explicit, to be implemented with PIMMS/ChaRT+MARX):
   Inputs: expected 0.5–8 keV flux Fx(t), spectral shape from the closure (Γ, Ec), NH, off-axis angle, frame time.
   For each planned exposure Texp, compute expected counts in bands B1=0.5–2, B2=2–4, B3=4–8.
   Lag S/N requirement: use standard cross-spectral variance approximations; for M averaged segments, the phase-lag uncertainty
   σφ ≈ sqrt((1−γ^2)/(2γ^2 M)). Translate to σt = σφ/(2π f).
   Design goal: achieve σt < 0.3 tlag at f in [0.01, 10] Hz (set by event duration/segment length and count rate).
3.4 Observing strategy derived from budget:
   If expected count rate <~0.05 ct/s, classical Fourier lag detection is infeasible; switch to time-domain Bayesian hierarchical “shot/noise” models to constrain transfer-function moments only (upper limits on lag). If >~0.2 ct/s, attempt full cross-spectrum.

Step 4 (Data program: events, globular-cluster fields, and contamination controls)
4.1 Merger anchors: GW170817 reanalysis (as a control where afterglow is favored) + all GW triggers with credible sky localization and Chandra follow-up (including non-detections to inform priors).
4.2 Globular cluster program (quantified targeting):
   (i) Milky Way GCs: systematic archival mining for fast transients and short-lived point sources temporally coincident with GW alerts (post-O4/O5), plus baseline variability characterization.
   (ii) Local Group GCs (M31): deep Chandra fields to build an empirical interloper prior (UCXB/LMXB luminosity function and variability).
4.3 Astrometric association: compute chance alignment probability using local source density and cluster half-light radius; include proper motion corrections for MW clusters.

Step 5 (Confounder-discrimination module: explicit competing generative models)
5.1 Off-axis afterglow variability/curvature: include a structured-jet synchrotron model with microphysical priors; allow density fluctuations; predict interband lags from synchrotron cooling (typically soft lags) and compare sign/frequency dependence.
5.2 Dust scattering: forward-model halo surface brightness vs time and energy (delay ∝ E^{-2}, angular broadening); use Chandra imaging to separate point source vs halo contribution; include as a mixture component in the likelihood.
5.3 Instrument/systematics: simulate deadtime/background, dithering, PSF energy dependence; require coherence behavior consistent with astrophysical transfer functions; apply null tests using background regions.
5.4 UCXB/LMXB in GCs: incorporate a dedicated interloper library informed by globular cluster UCXB theory and observed near-/super-Eddington behavior:
   - Prior on L distribution flattening near L_Edd (from UCXB luminosity-function arguments)
   - Spectral states with Comptonization, but with characteristic sizes/timescales and (when available) polarization constraints.
   Classification uses: transient timescale (merger afterglow monotonic rise/decay vs LMXB state transitions), recurrence, and spatial probability.

Step 6 (Inference architecture)
6.1 Forward model: time-dependent corona closure (Step 2) → spectrum + light curve + transfer function H(E,f) → predicted cross-spectra and (optional) polarization.
6.2 Hierarchical Bayesian fit:
   Likelihood terms: Poisson spectral counts; Gaussian/log-normal light-curve errors; complex cross-spectrum likelihood; polarization likelihood (PF, PA).
   Priors: GW distance/inclination; ejecta mass/velocity; cluster priors; instrument priors.
6.3 Model comparison: compute Bayes factors among {afterglow, afterglow+dust, afterglow+corona, UCXB/LMXB}.

Step 7 (Injection–recovery benchmarks; EOS claim conditioned)
7.1 Synthetic injections: generate populations spanning prompt-BH vs long-lived NS engine; vary R, τ, Te, beaming, and afterglow parameters; inject into realistic Chandra response and cadence.
7.2 Recovery metrics:
   - Correct model selection fraction vs counts
   - Bias/variance on (R, τ, kTe) and on the binary classification long-lived NS vs prompt BH.
7.3 EOS linkage downgraded and quantified: report only the achievable posterior odds on long-lived NS vs prompt BH under beaming/opacity marginalization. Any mapping to maximum NS mass is presented as conditional (requires external beaming constraints), and only if injection studies show robustness.","1) Quantitative plausibility of corona parameters and lags (addressing identifiability)
The revised proposal no longer asserts that GW170817 requires a corona; instead it treats GW170817 as a control case and asks whether any merger exhibits the predicted closure-coupled lag/cutoff signature. Using the explicit closure (coupled electron+photon energy equations + pair balance + KN corrections), the model naturally self-regulates to τT~O(1) and kTe~tens of keV when the compactness is high; this is exactly the regime where Comptonization produces hard lags. The predicted lag scale is set by tesc~(R/c)×max(1,τ,τ^2) times a scattering-order factor Nsc(E), yielding ms–s lags for remnant-scale radii (10^7–10^9 cm). This is a falsifiable prediction: if inferred lags require R≫10^10–10^11 cm, the corona interpretation is rejected.

2) Detectability with Chandra is explicitly budgeted (addressing S/N critique)
The plan includes a mandatory PIMMS/ChaRT+MARX count-rate and band-count computation per candidate, and uses standard cross-spectral uncertainty relations to determine whether Fourier-lag inference is feasible in a given observation. If count rates are too low (as is common for distant mergers), the pipeline downgrades to upper limits on transfer-function moments rather than overfitting an unconstrained lag model. Observing cadence and exposure times are therefore derived from measurable requirements: target σt < 0.3 tlag at frequencies allowed by the segment length and count rate, and require coherence constraints to avoid spurious lags.

3) Eddington “closure” is replaced with a testable microphysical closure (addressing underspecification)
The previous luminosity cap is replaced by explicit, coupled evolution equations with KN Compton cooling, pair production/annihilation, composition-dependent opacity, and a momentum-consistency constraint for any implied outflow/beaming. This yields a narrow manifold linking L/L_Edd, Ec~2–3kTe, τeff, and lag–energy slope—turning Eddington regulation from a hand-waving cap into a predictive, falsifiable relation. Solutions that violate pair balance, energy conservation, or momentum balance are rejected.

4) Rigorous discrimination against confounders (addressing degeneracy critique)
Competing generative models are implemented explicitly: structured-jet afterglow (including curvature and density fluctuations), dust scattering halos with their distinctive E^{-2} delay scaling and spatial broadening, and GC UCXB/LMXB populations with empirical priors on luminosity functions and variability. The inference requires not just a lag detection but also the closure-coupled spectral cutoff/lag relation and consistency of coherence behavior. Instrumental systematics are controlled through end-to-end response simulations and background/region null tests.

5) Globular cluster rationale is quantified and de-risked (addressing rate/contamination critique)
The revised plan does not rely on high merger rates inside GCs. Instead, it treats GCs as (i) high-value, well-characterized dense fields for contamination modeling and (ii) targets where UCXB/LMXB interlopers are common enough to build strong empirical priors that improve classification. The proposal’s output is a ranked association probability combining astrometry, transient temporal behavior, and model evidence; it explicitly acknowledges that true GC-associated mergers will be rare and frames the GC program as both a search and a critical control set for false positives.

6) EOS linkage is downgraded and benchmarked (addressing overstated claim)
We no longer claim competitive EOS constraints from L_Edd. The only primary remnant inference goal is classification: long-lived NS/engine vs prompt BH, expressed as posterior odds, and only when the data quality supports it. Any secondary mapping to NS maximum mass is conditional on independent constraints on beaming/opacity and will be reported only if injection–recovery studies show robustness under those systematics.","This is a technically sophisticated and unusually well-scaffolded proposal. The strongest aspect is the replacement of an informal Eddington ‘cap’ with a falsifiable, microphysics-driven closure that links spectral cutoffs, optical depth, compactness, and timing lags—this directly addresses a common weakness in merger-corona speculation. The identifiability claim is credible because it hinges on a narrow manifold in observable space rather than flexible phenomenology. Engineering resolution is high: forward modeling, detectability budgeting, and downgrade paths for low-count regimes are explicitly specified. Minor deductions arise from residual astrophysical risk rather than internal flaws: (i) the required count rates for ms–s lag detection with Chandra will be achievable only for a very small subset of events, making the practical yield uncertain; (ii) while UCXB/LMXB confounders are carefully modeled, the overlap in coronal Comptonization phenomenology may still erode Bayes factors unless polarization or recurrence information is available; and (iii) fallback-powered, hours–days-lived compact coronæ at R ~10^7–10^9 cm remain theoretically plausible but not yet demonstrated in merger simulations, leaving some dependence on parameter priors. These are feasibility risks, not logical inconsistencies."
"Coherent correlations between X-ray colors (color-color diagram track position), Fourier timing properties (broadband noise + QPOs), and episodic CHIME radio burst activity exist in a subset of neutron-star LMXBs (including Z sources), because all three observables are regulated by a single control parameter: the instantaneous inner-disk/magnetosphere coupling at fixed neutron-star mass and spin, which sets (i) spectral hardness via Comptonizing boundary-layer optical depth, (ii) characteristic variability frequencies via dynamical + viscous timescales near the magnetospheric truncation radius, and (iii) conditions for magnetospheric reconnection/outflows capable of generating coherent radio bursts. Methodological adaptation: replace standard (phenomenological) hardness–intensity and power-spectral analyses with a physics-constrained, multi-instrument state-space inference model that (a) learns a latent accretion/magnetospheric state from X-ray colors and timing, (b) enforces causality/energy conservation and neutron-star structure constraints via an embedded TOV/causality prior on M–R and a magnetospheric truncation law, and (c) predicts CHIME burst hazard rate as a function of the inferred physical state, enabling an EOS-sensitive, multi-messenger test of inner-flow physics in Z-source-like regimes.","Step 1: Specific system setup or data preparation.
1.1 Assemble a sample of bright neutron-star LMXBs with well-mapped color-color diagrams and timing evolution (RXTE archival; NICER where available) including canonical Z sources (e.g., Sco X-1, GX 17+2, Cyg X-2) and atolls that traverse Z-like tracks at high dynamic range.
1.2 Derive uniform X-ray colors using instrument-response-aware count-to-flux mapping: simulate detector response to a physically motivated spectral basis (disk + boundary layer + Comptonization) and compute colors in standardized energy bands after correcting for gain changes, deadtime, and absorption.
1.3 Compute Fourier timing features per interval (e.g., 16–256 s): multi-Lorentzian decomposition of power spectra to extract characteristic frequencies, quality factors, and rms components; propagate measurement covariance.
1.4 Cross-match with CHIME/FRB and CHIME/CHORD or CHIME/Pulsar archival streams for time windows when targets are within CHIME’s daily transit; build a radio “event catalog” (bursts/non-detections) with exposure and sensitivity metadata.

Step 2: Detailed implementation of the adapted methodology.
2.1 Build a physics-constrained latent-state model (PC-LSM): a continuous-time state-space model where latent variables z(t) represent (i) mass accretion rate through the inner disk \(\dot{M}_{\rm in}\), (ii) magnetospheric radius \(r_m\), (iii) coronal/boundary-layer optical depth \(\tau\), and (iv) a compactness parameter \(\mathcal{C}=GM/(Rc^2)\). Observations are X-ray colors and timing features with heteroscedastic noise.
2.2 Structural methodological adaptation (core innovation): embed hard physical constraints directly into the inference engine rather than post-hoc filtering.
- EOS/TOV constraint: parameterize the neutron-star EOS with a minimal causal piecewise-polytrope; during inference, sample EOS parameters and integrate TOV to obtain allowed (M,R) and thus \(\mathcal{C}\), enforcing (a) causality \(c_s\le c\), (b) thermodynamic stability, and (c) maximum mass \(\ge 2\,M_\odot\). This yields a physically admissible prior over compactness that couples to boundary-layer energetics.
- Energy and angular-momentum closure: tie spectral hardness to \(\tau\) and the boundary-layer dissipation fraction \(f_{\rm BL}(\mathcal{C},\dot{M}_{\rm in})\) with \(L_X\approx \eta(\mathcal{C})\,\dot{M}_{\rm in}c^2\) and \(0<\eta<0.3\) enforced; map hardness ratios via forward-modeled spectra rather than arbitrary color transforms.
- Magnetospheric truncation law: impose \(r_m\propto \mu^{4/7}(GM)^{-1/7}\dot{M}_{\rm in}^{-2/7}\) with a learned but bounded proportionality constant; connect dominant timing frequencies to \(\nu_K(r_m)\) and viscous frequency \(\nu_{\rm visc}}\) through a constrained mapping that respects \(\nu\propto r^{-3/2}\) scalings.
2.3 Couple to CHIME via a hazard model: define a point-process intensity \(\lambda_{\rm radio}(t)\) for detectable radio bursts conditioned on latent state, e.g., \(\log \lambda = a_0 + a_1\log \dot{M}_{\rm in} + a_2\log(r_m/R) + a_3\,\tau + a_4\,\mathbb{I}_{\rm NB/HB/FB}\), where branch membership is inferred from latent trajectory through the color-color manifold. Enforce a physically motivated monotonicity prior that burst propensity increases when reconnection power \(\propto B^2 r_m^2 v\) is high but free-free absorption along the inner flow is low (captured via \(\tau\) and \(\dot{M}\)).
2.4 Inference algorithm adaptation: implement constrained variational inference with projection.
- Use a differentiable TOV solver inside the model.
- Perform variational inference over latent trajectories and EOS parameters.
- After each gradient step, project parameters onto the feasible set (causal EOS, magnetospheric bounds, \(r_m\ge R\), \(\dot{M}_{\rm in}>0\)) using a custom projection operator; this prevents unphysical local optima that plague unconstrained deep models.
2.5 Output products: (i) posterior over latent physical state vs. time, (ii) EOS-weighted posterior over compactness and boundary-layer efficiency, (iii) predicted CHIME burst rate vs. color-color position and timing features.

Step 3: Rigorous validation and analytical framework.
3.1 Internal validation on X-ray data: posterior predictive checks that simultaneously reproduce (a) color-color tracks, (b) hardness–intensity evolution, and (c) observed power-spectral component frequencies/rms across branches. Compare against baseline phenomenological models (track-position-only, or timing-only regressions) using held-out intervals.
3.2 Cross-instrument robustness: train on RXTE subsets and test on NICER (or vice versa) using the forward spectral mapping to ensure that the inferred latent variables are instrument-invariant.
3.3 CHIME association tests: evaluate whether conditioning on inferred latent state significantly improves prediction of radio-burst/non-detection windows compared to null models (Poisson with exposure only; or models using only X-ray flux). Use time-resolved likelihood ratio tests and calibration curves accounting for CHIME sensitivity variations.
3.4 EOS sensitivity: quantify how tightening/relaxing EOS priors changes inferred compactness and the mapping between timing frequencies and \(r_m\). Identify which observables (e.g., HBO frequency–color relation on the horizontal branch) provide the highest Fisher information on compactness within this framework.
3.5 Mechanistic falsification: if the model predicts burst propensity peaks at specific branch transitions (e.g., HB→NB) but CHIME shows no excess at those states across the sample, reject the reconnection/outflow coupling mechanism; alternatively, if correlations exist but require unphysical EOS/compactness, reject the assumed inner-flow mapping rather than claiming detection.","1. Theoretical/Empirical Basis: RXTE established tight couplings between color-color diagram position and QPO/broadband noise evolution in Z sources and atolls, implying a low-dimensional physical control parameter; CHIME has demonstrated sensitivity to periodic/transient radio activity from compact-object environments and motivates targeted state-conditioned searches. Magnetospheric truncation scalings and boundary-layer energetics are standard neutron-star accretion theory ingredients, and TOV/causality constraints are mature for EOS-informed inference.
2. Transfer Logic (How the adaptation fits the domain): The key limitation in current multi-wavelength LMXB studies is that spectral state (colors) and timing (Fourier features) are analyzed phenomenologically and instrument-specifically, preventing physically interpretable extrapolation to radio predictions and EOS constraints. Embedding TOV/causality and energy closure inside the inference (rather than as external priors) ensures all inferred states respect conservation laws and neutron-star structure bounds, enabling a principled bridge to nuclear-physics-relevant compactness.
3. Comparative Advantage: Compared to (i) unconstrained machine-learning classifiers of CCD branches and (ii) purely phenomenological timing–color correlations, the proposed projection-constrained state-space model yields: (a) instrument-invariant latent variables, (b) physically admissible neutron-star parameters (causal EOS, \(M\)–\(R\) consistency), and (c) a testable mechanistic pathway linking inner-disk coupling to radio burst hazard. This enables both discovery (state-dependent CHIME radio activity) and quantitative inference (which timing/color combinations most constrain compactness/EOS) that standard approaches cannot deliver.","This is an unusually sophisticated and internally coherent proposal that directly addresses a real bottleneck in neutron-star LMXB studies: the disconnection between phenomenological X-ray state classification and physically interpretable, multi-messenger inference. The engineering plan is detailed and largely executable, including response-aware color construction, covariance-propagated timing features, and a well-defined inference pipeline with hard physical constraints. The logical chain linking inner-disk/magnetospheric coupling to spectral hardness and timing frequencies is sound and well grounded in established accretion theory. However, the extension to episodic CHIME radio bursts remains the weakest link: coherent radio burst activity from accreting neutron-star LMXBs is not yet empirically established at the level implied, and the hazard model necessarily introduces additional, weakly constrained assumptions about reconnection physics and radio transparency. While the proposal acknowledges falsification pathways, the risk that non-detections dominate is high. Computational complexity and identifiability are also nontrivial: simultaneously inferring EOS parameters, latent accretion states, and radio hazard rates may lead to strong degeneracies without careful regularization or staged inference."
"Post-flare spectral softening in SGR 1806-20 is produced by a magnetospheric pair-cascade collapse triggered by transient proton injection into closed field lines, which increases the resonant cyclotron scattering (RCS) opacity while simultaneously changing the electrodynamic boundary condition that sets the spin-down torque. We hypothesize that a causality- and EOS-consistent inference of this mechanism becomes possible only if one replaces phenomenological spectral fits and polynomial timing solutions with a single latent-state model in which (i) the RCS transfer operator is computed from charge-separated e± plus ion (proton) distributions constrained by Maxwell + radiation-drag balance, and (ii) the timing model is replaced by a torque-closure relation derived from the same magnetospheric conductivity and open-flux fraction. Methodological adaptation: we will adapt state-space Bayesian filtering (Kalman/particle filtering) used in precision timing into a physically constrained, differentiable magnetar “spectral–torque filter” whose transition model is the discretized, energy-conserving evolution of twist angle and charge density, and whose observation models are Swift XRT count spectra and pulse phase/TOAs. The mechanistic guarantee is that proton mass loading modifies the ion fraction, suppresses pair multiplicity via increased charge screening and enhanced photon down-scattering, yielding a softer X-ray spectrum; the same conductivity change reduces the effective current closure to the open zone, producing a predictable, signed change in ẋν correlated with the softening trajectory.","Step 1: System setup and data preparation.
1.1 Acquire SGR 1806-20 time-tagged event (TTE) and spectrum products from Neil Gehrels Swift Observatory (XRT) spanning pre-activity, flare aftermath windows, and subsequent decay; incorporate high time-resolution windows when available. Supplement with Chandra/XMM-Newton epochs for cross-calibration of absorption (NH) and baseline spectral components.
1.2 Produce jointly phase-connected TOAs and pulse profiles using a minimal timing solution per contiguous interval (to avoid absorbing torque into high-order polynomials). Quantify red timing noise with a stationary power-law process estimated from off-event segments.
1.3 Construct phase-resolved spectra (coarse phase bins) and phase-averaged spectra with consistent response matrices; explicitly propagate instrument response uncertainties and background.

Step 2: Implement the adapted methodology (physically constrained spectral–torque state-space filter).
2.1 Define latent physical state vector x(t) = { Δφ(t) twist angle, ne±(r,t) pair density proxy, ni(r,t) ion/proton density proxy, Te(t) effective scattering electron temperature, uB(t) magnetospheric energy reservoir, Ω(t) spin frequency } with a low-dimensional radial parametrization (e.g., 2–3 basis functions along closed field lines) so inference is identifiable with Swift data quality.
2.2 Transition model (structural adaptation): discretize a constrained evolution law rather than using generic random walks.
- Enforce energy conservation: duB/dt = -Lx(t) - Pout(t), where Lx is radiative power from RCS + surface thermal emission and Pout accounts for particle escape; both are computed from the same charge distributions.
- Enforce charge/current closure: relate current density J|| to Δφ and conductivity σ(ne±,ni,Te) with a radiation-drag-limited Ohm’s law, ensuring ∇·J=0 on closed lines.
- Proton injection term: ni(t) receives an impulse/decay component representing flare-driven ion loading; its amplitude is bounded by independent mass/energy partition priors informed by radio-nebula energetics (order-of-magnitude constraints only), without assuming the rejected draft’s direct mass-to-opacity mapping.
- Causality/EOS constraint linkage: incorporate a compactness prior (M/R) consistent with causal neutron-star EOS families; compactness enters the light-bending kernel and surface-to-magnetosphere seed photon spectrum, preventing unphysical spectral softening explanations via arbitrary emitting area/temperature.
2.3 Observation model for X-ray spectra: replace a power-law index with a precomputed/differentiable RCS transfer operator.
- Compute the emergent spectrum as a convolution of a surface seed (blackbody + possible hotspot) with an RCS kernel K(E|ne±,ni,Te,B,Δφ), where resonant scattering optical depth and energy redistribution are derived from the charge-separated plasma composition; include proton contribution via ion cyclotron resonance tails and via its effect on pair screening (primary lever is on ne± and the scattering depth).
- Forward-fold through Swift responses to predict counts per channel and per phase bin.
2.4 Observation model for timing: replace polynomial ν,ẋν fits with torque closure.
- Use N(t) = Nff(Ω,B) * g(Δφ, σ), where Nff is the force-free spin-down scaling and g is computed from the inferred conductivity/open-flux fraction; propagate Ω(t) deterministically with this torque plus a red-noise term whose hyperparameters are inferred from quiescence.
- Predict TOAs/pulse phases from Ω(t) with a minimal set of timing parameters (position, binary none) and compare to measured TOAs.
2.5 Inference engine (key adaptation): perform sequential Bayesian inference (Rao-Blackwellized particle filter or unscented Kalman filter with constrained projection) on p(x1:T | spectra, TOAs).
- Constrained projection step enforces: uB ≥ 0, σ ≥ 0, causality/EOS compactness bounds, and global energy budget consistency.
- Output is a time series posterior for latent states and derived quantities: predicted softening rate, torque change, pair multiplicity trajectory, and proton fraction.

Step 3: Validation and analysis.
3.1 Simulation-based calibration: generate synthetic Swift-like spectra/TOAs from known latent trajectories (including proton-injection vs no-proton scenarios) to verify identifiability and unbiased recovery under instrument response and red noise.
3.2 Model comparison: compute Bayes factors / LOO-CV between (A) full spectral–torque filter, (B) filter without proton/ion degree of freedom, (C) filter with free phenomenological spectral index but physical torque, and (D) standard independent analyses. Require that improvements arise from predictive performance on held-out epochs (not merely better in-sample likelihood).
3.3 Mechanism tests: verify predicted sign and lag structure: proton-injection → reduced pair multiplicity → increased RCS depth/energy down-scattering → spectral softening; simultaneously σ change → modified g(Δφ,σ) → measurable change in ẋν. Quantify whether the observed softening and torque change are consistent with a single latent trajectory.
3.4 Nuclear-physics deliverable: translate compactness-constrained posterior on emitting geometry + seed spectrum to limits on M/R within causal EOS families; report which EOS families are excluded when requiring consistency with both spectral evolution and timing-derived torque closure.","1. Theoretical/Empirical Basis: Magnetar post-flare softening and pulsed-fraction changes are empirically established for SGR 1806-20 (post-2004 giant flare). Magnetospheric RCS is the standard physical mechanism for shaping magnetar X-ray spectra, and force-free/finite-conductivity prescriptions exist for linking magnetospheric state to spin-down torque. Independent evidence for substantial baryonic ejecta in the 2004 event motivates an ion-injection degree of freedom, but the proposal tests it quantitatively rather than assuming it.
2. Transfer Logic (How the adaptation fits the domain): State-space filtering is mature in pulsar timing, but here it is structurally adapted so the latent evolution is not a generic stochastic process: it is a discretized, constraint-projected magnetospheric energy/charge evolution that obeys conservation laws, positivity, and causal EOS compactness bounds. The same latent state generates both Swift X-ray spectra (forward-folded counts) and TOAs (via torque closure), ensuring physical consistency without a black-box correlator.
3. Comparative Advantage: Standard approaches either (i) fit spectra phenomenologically and interpret after the fact, or (ii) absorb torque variability into high-order timing noise, preventing mechanistic attribution. The proposed constrained spectral–torque filter yields (a) time-resolved posteriors for twist, pair multiplicity, and proton fraction with quantified uncertainties, (b) falsifiable lag/phase predictions connecting softening and ẋν, and (c) EOS-relevant compactness constraints anchored jointly by radiative transfer and timing electrodynamics, improving robustness against degeneracies in spectral fitting alone.","This is an unusually ambitious and technically sophisticated proposal that demonstrates deep familiarity with magnetar physics, radiative transfer via resonant cyclotron scattering, and modern Bayesian state-space inference. The logical chain from proton injection to pair screening, spectral softening, conductivity change, and modified torque is internally consistent and grounded in accepted theoretical frameworks. The strongest aspect is the unification of spectral and timing inference through a shared latent magnetospheric state, which directly addresses a known interpretive bottleneck in magnetar studies.

However, several deductions are warranted. On the engineering side, while the execution steps are clearly enumerated, the computational tractability is borderline: simultaneously forward-folding RCS kernels, enforcing conservation laws, and running particle or UKF-based inference on Swift-quality data may be prohibitive without further dimensional reduction or surrogate modeling, which is not yet specified. Logically, the causal chain relies heavily on proton injection as the dominant lever on pair multiplicity; while plausible, the proposal underplays competing mechanisms (e.g., purely magnetic untwisting or electron-dominated loading) that could mimic the same spectral–torque correlations, risking partial model non-identifiability. Evidence grounding is strong but not perfect: the link between radio nebula energetics and closed-line proton loading remains indirect and could bias priors. Finally, while the rationale is creative, the EOS/compactness deliverable is ambitious relative to the constraining power of Swift XRT data and may be optimistic without clearer sensitivity estimates."
"Collapsars are constrained to be a sub-dominant Galactic r-process site (integrated contribution ≤~20% at 90% credibility) because the same engine variables that control (i) neutrino-irradiation and hence the wind electron-fraction Ye(t) distribution (setting lanthanide/actinide production) also control (ii) the accretion power available for disk mass loss and (iii) the jet-driven 56Ni production plus fallback (setting the effective Fe mass retained by the ISM). When these couplings are enforced by lepton-number/energy conservation and causal neutrino-timescale constraints, collapsars occupy a testably tight joint correlation manifold in (Mr, MFe, r-pattern-shape/actinide class) with limited intrinsic scatter set primarily by geometry and fallback. This manifold implies: (a) actinide-capable Ye tails (low-Ye mass fraction) require wind conditions that are dynamically decoupled from the Fe-producing jet/shocked mantle, generating extreme event-level [r/Fe] excursions; (b) the frequency of actinide-boost patterns and the ESS radionuclide ratios (129I/244Pu/247Cm) jointly cap the allowed rate of such events relative to Fe production and ISM mixing. The refined approach overcomes prior degeneracies by (1) pre-registering quantitative emulator accuracy targets on physically measurable engine outputs (not arbitrary yields), (2) demonstrating with a pilot simulation/scaling suite that collapsars cannot span the broad free-yield family without violating neutrino-transport/energetics constraints, and (3) embedding mixing/retention and ESS local-sampling as hierarchical nuisance layers with synthetic-data identifiability tests, preventing these systematics from absorbing the same [Eu/Fe] scatter attributed to Fe–r decoupling.","Pre-registered identifiability + validation program (mandatory and gating):
0.1 Pre-register (OSF-style) the exact model classes, emulator targets/metrics, synthetic-data tests, and stopping/falsification criteria below; analysis code will lock likelihood and priors before ingesting the full stellar+ESS dataset.
0.2 Gating decision points: (G1) emulator meets predictive targets on held-out simulations; (G2) intrinsic scatter of the collapsar Mr–MFe–pattern manifold is demonstrably narrow enough to be discriminating; (G3) collapsar fraction is identifiable in synthetic recovery under mixing/ESS nuisance mis-specification comparable to UMP/VMP uncertainties. Failure at any gate triggers scope reduction to reporting non-identifiability bounds rather than a decisive upper limit.

Step 1: Data assembly with explicit summaries used in the likelihood
1.1 Stellar sample (UMP/VMP; [Fe/H] ≤ -2.5, plus extension to -1.5 for continuity): homogenize abundances and uncertainties for Eu, Ba, La, Dy, plus Th and U where available; record selection function metadata (survey, S/N, detection limits).
1.2 Construct pattern-shape summary vector y_pat per star using robust, noise-aware ratios (examples; final set pre-registered):
  - R_L2 = log10[(La+Ce+Nd)/(Eu)] (lanthanide vs 2nd-peak proxy)
  - R_A = log10[(Th or U)/Eu] when available; otherwise an actinide-boost class label C_A ∈ {boost, normal, unknown} with probabilistic classification.
  - R_1 = log10[(Sr+Y+Zr)/Eu] where available to test light-r vs main-r coupling.
1.3 ESS radionuclides: compile 129I, 244Pu, 247Cm (and stable anchors where needed) with a likelihood that includes (i) measurement uncertainty, (ii) isolation-time prior family, and (iii) local sampling variance (defined in Step 4).

Step 2: Engine-to-yield emulator with concrete training/validation and target accuracies
2.1 Define the minimal emulator outputs (must be predicted, not treated as free): for each collapsar engine parameter vector θ, emulator returns a joint distribution over ejecta components:
  - Disk-wind: Mwind, plus time-resolved Ye(t) distribution summarized as (i) low-Ye mass fraction f_<0.23, (ii) mean Ye and variance, (iii) entropy s and expansion timescale τ distributions (or their principal components).
  - Jet/shock: 56Ni mass M_Ni (mapped to effective Fe yield MFe after decay), and fallback fraction f_fb (effective retained Fe = (1-f_fb)M_Ni).
  - Correlation structure: Cov(Mwind, f_<0.23, MFe, f_fb) (at minimum a rank-correlation + scatter model).
2.2 Engine parameterization (kept low-dimensional to prevent emulator-as-free-table): θ = {\dot{M}_0, t_acc, a_BH, Φ_B, Z_prog, α_visc, f_out} where:
  - \dot{M}_0 and t_acc parameterize an accretion-rate history \dot{M}(t)=\dot{M}_0 exp(-t/t_acc) (or a two-segment broken exponential; pre-registered choice).
  - a_BH (spin), Φ_B (magnetic flux proxy controlling jet power), Z_prog (metallicity proxy affecting angular momentum loss), α_visc (disk viscosity proxy), f_out (wind mass-loading efficiency).
2.3 Training data generation: hybrid simulation suite with explicit neutrino-treatment calibration.
  (A) Primary suite: axisymmetric GRMHD collapsar-disk simulations with approximate neutrino transport (e.g., leakage/M1) spanning a Latin hypercube in (θ) with N_train ≈ 50–100 runs (feasible scale), each producing time series of neutrino luminosities/mean energies and outflow properties.
  (B) Calibration set: small number (N_cal ≈ 5–10) of higher-fidelity neutrino-transport calculations (where available in-house or from collaborators/literature) used to calibrate a correction map from approximate transport → effective Ye(t) statistics (posterior over calibration parameters).
  (C) Literature-anchored scalings: incorporate published relations linking \dot{M}, a_BH, Φ_B to jet power and Ni synthesis/fallback as priors with uncertainty, not as hard-coded truths.
2.4 Dimensionality reduction: represent Ye(t), s(t), τ(t) distributions by principal components (PCs) of binned histograms over time; emulator predicts PC coefficients plus Mwind, MFe, f_fb. This prevents unconstrained flexibility while retaining physically relevant variation.
2.5 Emulator architecture and uncertainty: multi-output Gaussian Process (or Bayesian neural network with monotonic/positivity constraints) that returns predictive mean + covariance; enforce:
  - Positivity: Mwind, MFe ≥ 0; 0≤Ye≤1.
  - Energy/baryon bookkeeping: Mwind ≤ f_out * M_disk, and integrated wind kinetic+binding energy bounded by accretion power ≈ η \dot{M} c^2 with η(a_BH) prior.
  - Causality prior: Ye evolution timescale cannot be shorter than local dynamical time/light-crossing proxy set by inner disk radius.
2.6 Quantitative predictive targets (pre-registered; emulator must meet on held-out runs):
  - Mwind and MFe: ≤ 0.2 dex RMSE; calibrated predictive intervals with 80% coverage.
  - f_<0.23 (actinide-capable low-Ye tail mass fraction): absolute error ≤ 0.05 and/or ≤ 25% relative, whichever larger; 80% interval coverage.
  - PC reconstruction error for Ye-histograms: ≤ 10% in L1 distance on held-out simulations.
If these targets are not met, collapsar contribution inference is declared non-decisive and reported as sensitivity-limited.

Step 3: Demonstrate and quantify the tight Mr–MFe–pattern manifold (pilot + uncertainty)
3.1 From the emulator outputs, compute r-process ejecta mass Mr via a nuclear-network surrogate mapping (Ye,s,τ)→ yields (Step 5). Track both total Mr and actinide mass proxy M_A (e.g., A≥232 mass).
3.2 Explicit manifold model: fit a probabilistic relation
  log Mr = α0 + αFe log MFe + αY logit(f_<0.23) + ε,
with intrinsic scatter σ_int (hyperparameter) and test whether σ_int is “narrow” enough to be discriminating.
3.3 Pre-registered discriminating criterion: if σ_int(log Mr | MFe, pattern) > 0.6 dex, then collapsars are effectively free-yield at the level relevant for [Eu/Fe] scatter, and the proposal will pivot to reporting that collapsar fraction is not identifiable from abundance scatter alone.
3.4 Geometry/mixing/fallback sensitivity: explicitly propagate uncertainties from jet opening angle, breakout success probability, and fallback distribution by introducing nuisance parameters with priors informed by Ic-BL/hypernova constraints; quantify their contribution to σ_int.

Step 4: GCE + mixing/retention kernel as hierarchical nuisance layers with identifiability tests
4.1 Stochastic event-level GCE: each enrichment event draws (MFe, Mr, pattern summary) from either NSM or collapsar population models; events are injected into gas parcels with a mixing mass M_mix drawn from a kernel.
4.2 Kernel family (hierarchical nuisance): allow multiple plausible kernels for UMP/VMP:
  - K1: lognormal mixing mass with metallicity dependence: log M_mix ∼ N(μ0+μ1[Fe/H], σ_mix)
  - K2: turbulent-diffusion motivated kernel with heavy tails (Student-t in log M_mix)
  - Retention/outflow: a mass-loading factor η_out([Fe/H]) controlling what fraction of ejecta is retained.
4.3 Identifiability safeguard: impose cross-channel constraints that kernels cannot arbitrarily absorb: (i) kernel acts similarly on Fe and r for a given event except for a physically motivated velocity/escape modifier that differs between NSM and collapsar; (ii) kernel hyperparameters are partially anchored by independent constraints on early ISM mixing scales (priors wide but proper).
4.4 Synthetic-data recovery program (mandatory): generate mock catalogs under known truth with:
  - True kernels K1/K2 and mis-specified kernels in inference.
  - Varying collapsar fractions (0%, 10%, 20%, 50%).
  - Survey-like censoring (non-detections of Th/U; Eu detection thresholds).
Success criterion: posterior on collapsar fraction must recover truth within ±0.1 (absolute) for true fractions ≤0.2 under kernel mis-specification; otherwise claims are weakened to upper limits conditional on kernel class.

Step 5: Likelihood mapping from (Ye,s,τ) to pattern summaries with nuclear-physics hyperparameters
5.1 Nuclear-network surrogate: train an emulator of full reaction-network outputs on a grid in (Ye, s, τ) relevant to disk winds, returning elemental yields for Sr–U. Use a physically structured surrogate (e.g., sparse grid + GP residuals) rather than a flexible black box.
5.2 Pattern summary likelihood: for each event draw, compute predicted y_pat and compare to observed stellar y_pat with measurement covariance; incorporate an intrinsic “main-r pattern” scatter term constrained by data (not free per model).
5.3 Actinide-boost classification likelihood: define P(C_A=boost | y_pat, nuclear hyperparameters) using thresholds on Th/Eu (or U/Eu) with probabilistic treatment of non-detections.
5.4 Nuclear uncertainty propagation: introduce hyperparameters for key nuclear inputs (e.g., fission fragment distribution family, β-decay rate scalings in relevant mass region) with priors from nuclear theory ranges; marginalize them jointly with astrophysical parameters. Require that discriminants persist across nuclear-hyperparameter posterior support; otherwise report nuclear-limited degeneracy.

Step 6: ESS radionuclides with explicit local-sampling likelihood
6.1 Model ESS as a local draw from the Galactic event field: the Solar birth cloud samples a finite spatiotemporal neighborhood with volume V_loc and timescale Δt_loc (nuisance with priors).
6.2 For each posterior draw of Galactic event rates/yields, compute the distribution of ESS ratios by Monte Carlo sampling of local events (Poisson counts for NSM/collapsar within V_loc,Δt_loc) plus isolation time t_iso. This yields P(R_ESS | model) rather than a deterministic mapping.
6.3 Isolation-time prior family: test at least two pre-registered prior families (e.g., loguniform vs truncated Gaussian informed by disk formation timescales). Compare Bayes factors marginalized over these priors to avoid overclaiming from a single isolation model.

Step 7: Model comparison, falsification, and deliverables
7.1 Competing models: (A) NSM-only; (B) NSM+collapsar with physical coupling manifold; (C) NSM+collapsar free-yield (diagnostic control only, not for astrophysical interpretation).
7.2 Falsification targets (pre-registered):
  - If the coupled collapsar model predicts an actinide-boost frequency inconsistent with data at >90% posterior predictive discrepancy, collapsar contribution is driven to negligible.
  - If ESS ratios cannot be matched without invoking collapsar fraction >0.2 under all allowed isolation/local-sampling priors, then either (i) model is missing a site, or (ii) nuclear systematics dominate; report explicitly.
7.3 Outputs: posterior upper bound on collapsar r-process fraction with robustness table across kernel families, ESS priors, and nuclear hyperparameters; posterior predictive distribution for Mr–MFe correlation and expected [r/Fe] tail frequency in UMP/VMP stars.","1) Emulator will not become a flexible yield table because it is constrained and audited against simulation-derived engine outputs with pre-registered quantitative error bars (Mwind, MFe, f_<0.23, Ye-PCs) and physical bookkeeping (energy/lepton-number/casuality). The calibration layer explicitly accounts for approximate neutrino transport bias using a small high-fidelity set, producing a traceable uncertainty budget rather than unconstrained freedom.
2) The proposal directly answers the reviewer concern about whether the Mr–MFe–pattern manifold is genuinely tight by (i) explicitly fitting and reporting intrinsic scatter σ_int and (ii) imposing a pre-registered discriminating threshold (σ_int ≤ 0.6 dex required for decisiveness). This converts the key claim (narrow manifold) into a falsifiable intermediate deliverable before full GCE inference.
3) Mixing/retention and ESS local sampling are treated as hierarchical nuisance layers, and identifiability is demonstrated (or refuted) via synthetic-data recovery under deliberate kernel mis-specification and realistic censoring. This prevents the kernel from silently absorbing [Eu/Fe] scatter and ensures that any inferred collapsar fraction is not an artifact of a chosen mixing model.
4) The mapping from (Ye,s,τ) to pattern-shape and actinide-boost classification is made explicit through a nuclear-network surrogate with nuclear-physics hyperparameters marginalized in the inference. This ensures discrimination is not dominated by an arbitrary surrogate choice and quantifies when nuclear uncertainties weaken the collapsar constraint.
5) The combined constraints are empirically well-matched to the three literature anchors: radionuclide limits on collapsar contribution (Asset 1), age/abundance-pattern evidence for multiple r-process sites and spatial/temporal structure (Asset 2), and Fe-mass vs required r-mass tension for collapsars (Asset 3). The proposal operationalizes these into a single hierarchical framework with explicit validation gates, making the decisive-discrimination claim contingent on measurable intermediate success criteria rather than assumed tight correlations.","The proposal is unusually strong on methodological rigor (pre-registration, gating, emulator accuracy targets, and synthetic identifiability tests) and it tightly adheres to the intended collapsar→r-process→pattern→Fe-mass chain. The main scientific risk is that the claimed “tight manifold” may not survive known sources of genuine physical diversity that are not obviously captured by the chosen low-dimensional engine parameterization and 2D (axisymmetric) training set: 3D turbulence/non-axisymmetric MRI, neutrino flavor/transport systematics, disk self-irradiation geometry, jet–cocoon interaction variability, and progenitor-structure dependence beyond a single metallicity proxy. If these broaden the intrinsic scatter, the model may revert to effectively free-yield behavior, and the inference will become prior-dominated despite the safeguards. A second vulnerability is identifiability: even with ESS and actinide-class information, the separation between (i) collapsar Fe–r coupling + fallback/retention and (ii) mixing-kernel flexibility can remain weak unless you include independent, external anchors on Fe yields/rates (e.g., hypernova energetics and Ni-mass distributions, Ic-BL demographics) and on NSM delay-time distributions. Finally, the calibration plan (5–10 high-fidelity neutrino-transport runs) may be insufficient to correct Ye(t) tails at the ≤0.05 level in f_<0.23 across the full θ-space; this specific metric is highly sensitive to neutrino spectral details and outflow launch conditions, so emulator “passing” could still mis-predict the actinide-capable tail in exactly the regime that drives the decisive constraint."
"Repeating-FRB burst energies and stochastic RM variability are jointly regulated by a mesoscale control parameter—the neutron-star crust thickness ΔR—because ΔR sets the maximum elastically supported stress reservoir and the largest correlated failure (avalanche) area in a finite-thickness, magneto-elastic shell. This produces a physically mandated cutoff energy Ec (not a fit-imposed break) that, after GR redshift and bounded efficiency/beaming, appears as the observed “universal” break near ~10^38 erg in multiple repeaters. The same magneto-elastic failures launch magnetized plasmoids whose baryon loading mb and magnetic flux Φ determine a time-evolving Faraday depth; thus, burst-to-burst energy Ei predicts a correlated, sign-coherent RM excursion with a relaxation timescale tied to expansion and reconnection. The refined approach overcomes prior identifiability gaps by (i) committing to an explicit, dimensionally consistent Ec(ΔR,μ,B,εbreak,Afault) surrogate propagated to observed isotropic-equivalent energies via bounded (ηrad, fbeam), (ii) deriving a stationary, causal Hawkes triggering kernel from stress-transfer/relaxation in a finite shell with explicit stability conditions and selection/completeness handled inside the generative model, and (iii) pre-registering simulation-based identifiability tests demonstrating recoverability of ΔR under realistic selection and demonstrating that the energy–RM–depolarization joint signatures cannot be reproduced by an external-screen-only model of comparable flexibility. PSR B1744-24A is used strictly to validate the deterministic-template subtraction and uncertainty propagation pipeline for geometric/orbital RM modulation, not as a physical prior on FRB orbital physics.","Step 0 — Parameter commitments (fixed vs inferred) and forward-model interfaces
0.1 Fixed (or tightly informative priors from literature):
  • Breaking strain prior: εbreak ~ Uniform[0.01, 0.1] (microphysical range), unless EOS library implies narrower.
  • Shear modulus profile μ(r) from crust composition for each EOS draw (computed, not free).
  • Redshift factor (1+zG) = (1−2GM/Rc^2)^−1/2 computed from EOS+M.
  • Radiative efficiency ηrad ∈ [ηmin, ηmax] with ηmax≤0.5 (energy conservation) and ηmin≥10^−3 (detectability) as a bounded nuisance.
  • Beaming factor fbeam ≡ Ω/4π with fbeam ∈ [10^−2, 1] as a bounded nuisance.
0.2 Inferred (hierarchical across sources when appropriate):
  • EOS hyper-index (or continuous spectral EOS parameters) → ΔR, μ(r), transition pressure.
  • Source-specific: B0 (dipole normalization), viewing angle, external ambient density profile parameters, and Hawkes kernel parameters tied to ΔR and Alfvén time.
  • Plasmoid parameters per event as latent marks with low-dimensional structure (mb(E), Φ(E), σ0(E)) rather than free per burst.
0.3 Data products standardized across instruments:
  • Burst catalog with time tags, observing setup, fluence, width, spectrum, detection statistic.
  • Polarization products for FRB 20201124A: RM(t,ν), Stokes spectra, linear polarization fraction, and bandwidth/temporal depolarization metrics with systematics budgets.

Step 1 — Explicit cutoff scaling Ec and propagation to observed energies
1.1 Semi-analytic surrogate for maximum available elastic+magnetic release in a correlated crustal failure (dimensionally consistent):
  • Maximum shear stress supported: τmax ≈ εbreak μ̄, where μ̄ is a fault-region averaged shear modulus.
  • Fault volume: Vfault ≈ Afault ΔR.
  • Elastic energy available (order-unity geometric factor ξE to absorb detailed strain geometry):
      Eelastic,max ≈ ξE (τmax^2 / 2μ̄) Vfault = ξE (εbreak^2 μ̄ / 2) Afault ΔR.
  • Magnetic contribution available in the same region, limited by local B and volume (geometric factor ξB):
      Emag,max ≈ ξB (B^2/8π) Afault ΔR.
  • Total cutoff in the engine frame (local):
      Ec,local(ΔR, μ̄, B, εbreak, Afault) = min[ Eres(ΔR,B),  Eelastic,max + Emag,max ],
    where Eres is a global reservoir cap (computed from EOS-consistent crust and B) preventing unphysical repeated release.
1.2 Mapping Afault to ΔR (finite-thickness correlation constraint):
  • Parameterize Afault = π Lc^2 with correlation length Lc bounded by shell thickness and magnetic coupling:
      Lc = χL ΔR, with χL ∈ [0.3, 3] inferred (encodes whether ruptures are thickness-limited or laterally extended).
  • Then Afault ∝ ΔR^2 and Ec,local scales as:
      Ec,local ∝ (εbreak^2 μ̄ + B^2/4π) ΔR^3  (up to ξE, ξB, χL factors).
  • This yields a sharply testable scaling: Ec increases steeply with ΔR; nuisance parameters (ηrad,fbeam) cannot fully absorb ΔR because they enter multiplicatively on Eobs while ΔR controls both cutoff location and the event clustering timescales via the Hawkes kernel (Step 2).
1.3 Propagation to observed isotropic-equivalent burst energy (what FAST measures):
  • Observed isotropic-equivalent energy:
      Eiso,obs = (ηrad / fbeam) (Ec,local / (1+zG)) × ζspec × ζband,
    where ζspec, ζband are spectral/bandpass corrections computed from the fitted burst spectrum and instrumental band.
  • Commit to inference on ηrad and fbeam with bounded priors; report posterior on the combination ηrad/fbeam and show robustness bands for Ec→Eiso under prior extremes.
  • Deliverable: a publishable Ec-scaling section with explicit dimensional checks and a table of fiducial parameter values that yield ~10^38 erg at plausible ΔR,μ̄,B.

Step 2 — Derive the Hawkes kernel from finite-shell stress transfer (causality/stability explicit)
2.1 Physical picture translated to a stationary, causal kernel:
  • A failure at ti produces a stress perturbation δσ(r,t) that (a) propagates laterally at an effective speed vA (Alfvén/shear-Alfvén), (b) relaxes viscoelastically with timescale τrel, and (c) increases the hazard of another failure where δσ brings local stress closer to threshold.
  • Represent the incremental triggering rate as proportional to an integrated Green’s function of stress transfer over the shell:
      κ(t−ti) ∝ ∫ d^2r  W(r;Lc) Gσ(r, t−ti; vA, τrel),
    where W is a rupture/interaction kernel of range Lc.
2.2 Publishable closed-form surrogate kernel (what is implemented):
  • Use a causal, normalizable kernel motivated by wavefront propagation + exponential relaxation:
      κ(t) = (n/τd) exp(−t/τd) H(t)  with τd = sqrt(τA^2 + τrel^2),
    where H is the Heaviside function and τA ≡ Lc/vA is the Alfvén crossing time across the correlated patch.
  • Branching ratio n is not free-floating: tie it to stress-drop physics and finite energy budget:
      n = n0 × S(ΔR, εbreak, μ̄, B),  with n constrained to (0,1) for stationarity.
    Implement S as a monotone function increasing with available transferable stress fraction and decreasing when the inferred cumulative released energy approaches the reservoir cap.
2.3 Hawkes intensity with completeness/selection explicitly inside the simulator:
  • True burst process: λtrue(t)=λ0(t)+∑i κ(t−ti; ΔR,B,…) .
  • Observed process is thinned by time-varying detection probability pdet(t,E,ν,width) from completeness curves:
      λobs(t,E)=pdet(t,E,…) λtrue(t,E).
  • This is implemented as a marked thinning process in simulation; therefore selection effects are not “corrected after” but are part of the generative model.
2.4 Learnability from times alone (pre-registered diagnostic):
  • Identify τd and n primarily from (i) short-lag clustering and (ii) excess variance over Poisson after thinning; validate via simulation-based recovery under measured pdet(t,E).
  • Separate slow rate-state changes from self-excitation by including a baseline λ0(t) modeled as a piecewise-constant or spline latent state with a prior on smoothness; demonstrate via simulations that τd,n remain identifiable when λ0 varies.

Step 3 — Plasmoid RM/DM/depolarization mark model with degeneracy-breaking observables
3.1 Low-dimensional, energy-conditioned plasmoid parameterization (avoids unconstrained per-burst freedom):
  • For event i, draw baryon mass and magnetic flux from scaling relations with scatter:
      log mb,i = a_m + b_m log Ei + εm,   log Φi = a_Φ + b_Φ log Ei + εΦ,
    with small intrinsic scatters εm, εΦ to be inferred.
  • Magnetization σ0,i follows from energy partition:
      Ei = Erad,i + EB,i + Ekin,i,  with Erad,i=ηrad Ei and EB/Ekin determined by σ0.
3.2 RM/DM evolution model that generates unique multi-frequency polarization signatures:
  • Assume an expanding shell of thickness Δ with radius R(t)=R0+v t. Electron density scales as ne(t) ∝ mb / R(t)^2 Δ, and parallel magnetic field scales as B||(t) ∝ Φ / R(t)^2 (flux freezing; allow reconnection decay as exp(−t/τrec)).
  • Then the transient plasmoid Faraday rotation scales as:
      RMpl(t) ∝ ne(t) B||(t) Δ ∝ (mb Φ) / R(t)^4 × exp(−t/τrec),
    while DMpl(t) ∝ ne(t) Δ ∝ mb / R(t)^2.
  • Crucial degeneracy breaker: RMpl/DMpl ∝ Φ / R(t)^2 × exp(−t/τrec), so joint RM(t) and DM(t) (even upper limits on DM changes) constrain Φ separately from mb.
  • Additional degeneracy breaker: bandwidth-dependent depolarization. Predict polarized fraction L/I as a function of ν and time from differential Faraday rotation within the shell:
      depol(ν,t) = exp[−2 σRM(t)^2 λ^4],
    where σRM(t) is generated by the model from internal RM gradients across the emitting region; its time evolution depends differently on mb vs Φ than RM amplitude alone.
3.3 Instrumental polarization systematics control (explicit):
  • Reprocess polarization with measurement equation modeling (full Jones/Mueller calibration); propagate calibration uncertainties into RM posteriors.
  • Null tests: RM stability on calibrators; off-pulse leakage checks; repeatability across sub-bands; RM synthesis vs QU-fitting cross-validation.
  • Register an “analysis freeze” on calibration strategy prior to SBI to prevent implicit tuning.
3.4 External-screen alternative model (for falsification):
  • Model RMscreen(t) as an independent stochastic process (e.g., OU or DRW) with optional orbital-like deterministic term; crucially, enforce that RMscreen has no event-locked dependence on Ei.
  • Compare models using identical completeness and identical baseline-rate flexibility to avoid unfair advantage.

Step 4 — PSR B1744-24A role tightened to pipeline validation only
4.1 Use PSR B1744-24A to validate that deterministic geometric RM templates can be recovered and subtracted with correct uncertainty propagation:
  • Fit RM(t)=RM0 + g(phase; A,ϕ0, harmonics) + ε(t) and verify recovery of g and residual statistics under injected systematics.
  • Deliver a public “template subtraction + error propagation” module.
4.2 Do NOT impose PSR-derived amplitudes/periods as priors on FRB 20201124A. For FRB 20201124A, include an optional deterministic periodic component with broad priors and demonstrate it is (or is not) supported by evidence after accounting for plasmoid marks.

Step 5 — SBI implementation with mandatory validation and minimal informative summaries
5.1 Inference target and summaries (minimal but informative, pre-registered):
  • Times/energies: (i) distribution of inter-arrival times conditional on rate state, (ii) log-likelihood of a fitted Hawkes surrogate on simulated vs observed (used as a summary), (iii) energy–waiting-time coupling (E vs next-wait and prev-wait).
  • Polarization marks: (iv) joint distribution of (Ei, ΔRM at fixed lags), (v) cross-correlation C_{E,RM}(lag), (vi) time evolution of depolarization index vs ν (or σRM(t) inferred per epoch), (vii) constraints on ΔDM if measurable.
5.2 SBI algorithm and calibration:
  • Use neural posterior estimation (normalizing flow) trained on forward simulations with explicit thinning/completeness.
  • Mandatory validation: simulation-based calibration (SBC) rank tests for all core parameters (ΔR-related EOS parameter, n, τd, b_m, b_Φ); coverage checks on credible intervals; posterior predictive checks on all summaries.
  • Model-misspecification stress tests: inject (a) unmodeled frequency-dependent selection, (b) extra RM noise floors, (c) incorrect depolarization law; quantify bias on ΔR and on energy–RM coupling.
5.3 Model comparison protocol:
  • Prefer calibrated classifier-based model selection with confusion matrices under misspecification; avoid uncalibrated approximate Bayes factors.
  • Report decision robustness as a function of simulation mismatch and prior width.

Step 6 — Pre-registered identifiability and falsification plan
6.1 ΔR recoverability:
  • Generate synthetic datasets matched to FAST completeness and cadence for FRB 20220912A (energies+times) and FRB 20201124A (energies+RM+depol). Sweep ΔR across EOS library while varying ηrad/fbeam within bounds.
  • Success criterion: posterior on ΔR (or crust-core transition pressure proxy) must achieve a pre-set resolution (e.g., 68% CI width < factor 2) in ≥80% of trials; otherwise report non-identifiability and downgrade claims to constraints on Ec only.
6.2 Energy–RM coupling uniqueness:
  • Fit coupled plasmoid model and external-screen-only model on the same synthetic truth sets; demonstrate that external-screen model cannot reproduce simultaneously (i) C_{E,RM}(lag) shape, (ii) depolarization time–frequency evolution, and (iii) RM/DM co-evolution constraints.
  • Falsification criterion on real data: if C_{E,RM}(lag) is consistent with zero for all lags AND depolarization evolution shows no event-locked signatures beyond calibration uncertainties, reject the coupled mechanism.

Deliverables (explicit)
D1. A publishable Ec scaling note with EOS→(ΔR,μ̄,zG) mapping and a table of parameter priors; code to compute Ec and Eiso,obs.
D2. A methods paper-grade derivation and validation of the finite-shell Hawkes kernel including stationarity (n<1), causality, and thinning by completeness.
D3. Open-source forward simulator: Hawkes+finite-thickness cutoff+plasmoid RM/DM/depol with selection and polarization calibration error models.
D4. Pre-registered SBI validation report: SBC, coverage, PPC, and misspecification stress tests.
D5. Results paper: joint constraints on Ec and on ΔR proxy; model-selection outcome vs external-screen alternative; empirical test of event-locked RM/depolarization signatures in FRB 20201124A.","Physics-to-statistics bridge is now explicit and testable. (i) The cutoff is no longer a qualitative claim: Ec,local = [ξE(εbreak^2 μ̄/2)+ξB(B^2/8π)] AfaultΔR with Afault=π(χLΔR)^2 yields Ec∝ΔR^3 (up to bounded nuisance factors). Because ΔR also enters the Hawkes kernel timescale τA= Lc/vA and thus clustering statistics, ΔR cannot be fully absorbed by ηrad/fbeam; it is constrained jointly by (cutoff location + temporal triggering).
Identifiability is pre-registered and quantified. (ii) The Hawkes kernel is specified in a stationary causal form κ(t)=(n/τd)exp(−t/τd)H(t) with τd tied to τA and τrel; stability condition n<1 is enforced, and completeness enters as thinning using measured pdet(t,E), eliminating a major confound noted by reviewers.
Degeneracy-breaking for RM marks is concrete. (iii) RM amplitude alone is degenerate, so the plan uses joint RM(t), DM(t)/limits, and time–frequency depolarization evolution; the model predicts RMpl(t)∝(mbΦ)/R^4 and DMpl(t)∝mb/R^2, so RM/DM and depolarization evolution constrain Φ vs mb and reconnection timescale τrec. Instrumental polarization systematics are addressed with explicit calibration and null tests before SBI.
PSR B1744-24A is appropriately scoped. (iv) It is used only to validate the deterministic-template subtraction and uncertainty propagation pipeline, not as an informative prior for FRB orbital physics, meeting the reviewer mandate.
SBI is safeguarded against common failure modes. (v) The proposal mandates simulation-based calibration, coverage, posterior predictive checks, and model-misspecification stress tests, and limits summaries to a minimal informative set tied directly to kernel parameters and plasmoid physics. Model comparison is performed via calibrated classifier-based selection with robustness reporting rather than uncalibrated Bayes factors.
Empirically, feasibility is supported by data scale and complementarity: FRB 20220912A provides ≥10^3 bursts to constrain Hawkes clustering and cutoff emergence under selection; FRB 20201124A provides polarization/RM variability necessary for mark constraints; together they constrain both ΔR-linked cutoff and plasmoid-driven RM signatures in a way no single summary-statistic analysis (broken power law + SF) can. The plan includes explicit failure criteria: if ΔR is not recoverable under realistic selection in recovery tests, claims are limited to Ec constraints; if event-locked RM/depolarization signatures are absent, the coupled mechanism is rejected.","The proposal is unusually strong on implementation discipline (explicit forward model, selection as thinning, priors bounded, SBC/coverage, falsification criteria) and it corrects common identifiability failures in FRB population work. The major scientific risk is that the key physical link—ΔR setting a *universal* cutoff near 10^38 erg across multiple repeaters—remains under-justified because Ec depends comparably on poorly constrained quantities (B in the failure region, Afault via χL, ξE/ξB geometry factors, and ηrad/fbeam), and the proposed Hawkes-timescale coupling may not sufficiently break those degeneracies without an independently constrained vA, τrel, and λ0(t) variability. The Hawkes kernel is physically motivated but effectively a single-exponential surrogate; it is not demonstrated that a finite-thickness magneto-elastic shell uniquely yields this kernel shape or that alternative self-exciting/clustered processes with comparable flexibility (e.g., nonstationary Poisson + renewal clustering, ETAS-like power-law kernels, or SOC-inspired marked processes) cannot reproduce the same time-energy statistics after thinning. On the RM side, the plasmoid model is plausible and the inclusion of depolarization/DM as degeneracy-breakers is methodologically sound, but it hinges on the availability of sufficiently precise, time-resolved polarization calibration and meaningful DM limits on burst-to-burst timescales—often marginal in practice. Finally, the reservoir-cap term Eres is described as EOS-consistent but not specified, and repeated-release bookkeeping can inadvertently reintroduce non-identifiability (model can trade reservoir dynamics against n, λ0(t), and ηrad/fbeam)."
"GX 13+1’s Fe XXV/XXVI wind is launched from a narrow annulus at r_launch ≈ (1–3) r_in where magnetospheric truncation and radiation pressure jointly set the effective potential and mass-loading: (i) when r_in expands (larger r_m from lower \dot{M} or larger μ), the open magnetic flux and lever arm increase, driving a faster, lower-column, more highly ionized magneto-centrifugal/radiative-MHD wind; simultaneously the reflector solid angle and relativistic broadening decrease because the optically thick disk is truncated farther out and wind scattering increases; (ii) when r_in contracts, radiation/thermal driving dominates with lower terminal speeds, larger columns, and stronger relativistic reflection from smaller radii. The refined approach overcomes standard degeneracies by making r_in the single shared latent state that simultaneously constrains (a) the dynamical velocity scale v(r) via a pre-specified wind topology calibrated to radiative-MHD simulations (limiting model flexibility), (b) the ionization structure through self-consistent density and illumination tied to \dot{M} and geometry, and (c) timing observables through pre-registered competing QPO→r_in mappings that are adjudicated using falsifiable discriminants (energy-dependent lags, harmonic content, Q/coherence). Critically, magnetic inference will rely on local, observable diagnostics (timing geometry and transfer-source calibration) rather than kpc-scale Galactic RM priors; and EoS inference will be demoted to a conditional, systematically-marginalized secondary product rather than a headline deliverable.","A. Data set construction (state coverage + strict simultaneity)
1) Primary target (GX 13+1): assemble strictly simultaneous or bracketed (≤12 hr) observations with: Chandra/HETG (Fe K absorption line centroids/widths; Fe XXV/XXVI), XMM-Newton/RGS (soft-band absorption/emission for density/ionization constraints where usable), NuSTAR (reflection hump + Fe emission profile; high-energy continuum), NICER (broadband continuum + high-S/N timing; energy-resolved lags).
2) State labeling: reproduce a consistent hardness–intensity and color–color classification using RXTE legacy definitions (Asset 1) mapped onto NICER/NuSTAR bands via response-folded synthetic colors; define 6–10 “analysis epochs” chosen to span: strong wind detections, weak/non-detections, and jet-coexistence regimes.
3) Timing products (per epoch): compute PSDs and cross-spectra in multiple energy bands; extract candidate QPOs (centroid ν, Q, rms), harmonic structure, coherence, and phase/time lags vs energy; compute covariance spectra to isolate variable components.
4) Spectral products (per epoch): build jointly fit spectra with instrument cross-normalizations and time-filtering matched to timing intervals; retain unbinned counts for Poisson likelihood where feasible.

B. Wind forward model: fixed topology + calibrated emulator + propagated model error
B1) Adopt a concrete wind class (pre-registered): a Blandford–Payne–like magneto-centrifugal streamline family with radiative acceleration and Compton heating/cooling (“BP+rad” hybrid), implemented as follows.
  • Streamline geometry: self-similar poloidal streamlines anchored at r0 with opening angle set by a single parameter θ0; launch annulus r0 ∈ [r_launch,min, r_launch,max] with r_launch = k r_in and k ∈ [1,3].
  • Enforced invariants along each streamline (hard constraints in the generator):
    - Mass loading κ = ρ v_p / B_p (constant on a streamline)
    - Field-line angular velocity Ω_F (constant)
    - Total specific angular momentum L = r v_φ − (r B_φ)/(4π κ) (constant)
    - Bernoulli integral including radiative work term W_rad (parameterized from local flux and force multiplier)
  • Acceleration components:
    - Magneto-centrifugal: determined by Ω_F and Alfvén radius r_A = λ^{1/2} r0 (λ is magnetic lever arm)
    - Radiative: line+electron scattering as an additive acceleration a_rad = (κ_es F/c) (1+M(t,ξ)), where M is a force multiplier dependent on ionization ξ and optical depth parameter t.
  • What is inferred vs fixed:
    - Inferred (global): r_in per epoch, k, θ0, λ (or equivalently r_A/r0), κ (or base density normalization), covering factor Ω/4π, microturbulence v_turb, metallicity Z_Fe (with informative prior), and a wind clumping factor f_cl (lognormal prior).
    - Fixed/parametrically limited: streamline functional form, invariant set, and allowed parameter ranges anchored to simulation calibration (below).

B2) Emulator calibration and validation (mandatory to prevent “physics-washing”)
1) Calibration grid: build/curate a published radiative-MHD simulation grid (or a community dataset) spanning NS-LMXB-relevant regimes: L/L_Edd ∈ [0.2,1.2], μ (or B) spanning 10^8–10^10 G-equivalent truncation, and inclinations i ∈ [40°,80°]. If full NS radiative-MHD grids are sparse, use: (i) radiative-MHD disk wind grids (BH/AGN-scaled) for ionization/acceleration behavior + (ii) separate magnetospheric truncation scalings for r_in; then treat mismatch as emulator error.
2) Outputs emulated: for each epoch’s continuum, emulate mappings from (r0, λ, κ, θ0, L/L_Edd, spectral shape) → profiles of v(r), n(r), and column N_H(ξ) along sightline.
3) Emulator architecture: Gaussian-process or normalizing-flow emulator with explicit uncertainty σ_emul(x); validate with held-out simulations; require ≤10–20% predictive error in v_inf and log ξ at the relevant columns for Fe XXV/XXVI (report as a validation table).
4) Likelihood propagation: include emulator error as additive covariance in the predicted optical depth τ(E): τ_pred(E) ~ N(τ_model(E), σ_emul(E)^2), ensuring posteriors broaden when the surrogate is uncertain.

B3) Photoionization and line formation (physics-anchored)
1) Compute ion fractions using XSTAR/Cloudy tables conditioned on the fitted SED; but do not fit “free” multi-zones. Instead, ionization structure follows n(r) and F(r) from the wind generator: ξ(r)=L_ion/(n r^2).
2) Line optical depths: integrate along line of sight through the streamline bundle; include velocity shear and v_turb for line broadening; predict centroids/blueshifts, equivalent widths, and line ratios Fe XXV/Fe XXVI.
3) Include electron scattering in the wind as an energy-dependent attenuation and as a contributor to reflection dilution, with τ_es tied to wind column.

C. Inner disk / magnetosphere module (latent r_in with physical bounds)
1) Parameterization: r_in,epoch = max(R_NS, η r_m), with r_m = C (μ^4/(2GM \dot{M}^2))^{1/7}. Infer μ and C×η jointly with informative priors from NS-LMXB population ranges; allow epoch-to-epoch variation via \dot{M} (from continuum) and a stochastic term δr capturing short-timescale truncation jitter.
2) Accretion viability constraints: enforce r_in < r_co (corotation) for stable accretion; if spin is unknown, treat ν_spin as a nuisance parameter with broad prior and propagate to r_co; reject propeller solutions unless data demand (model comparison).

D. Reflection + continuum with conservative systematics (EoS demoted)
1) Reflection model: use a high-density relativistic reflection suite allowing ionization gradients (radial stratification) and variable disk density; treat emissivity profile as flexible but regularized (e.g., broken power law with priors) and include wind scattering screen (from B3).
2) Systematic model components (explicit nuisance terms):
  • Density/ionization stratification hyperparameters with wide priors
  • Calibration offsets between instruments
  • A “reflection bias” term capturing unmodeled coronal geometry (broad prior on height/compactness proxies)
3) Output policy: report r_in posteriors robust to these nuisance terms; only translate to (M,R_NS) under explicitly labeled scenarios (e.g., “optimistic systematics” vs “conservative systematics”) and never as the primary success metric.

E. Timing link: pre-registered competing mappings + discriminants
E1) Pre-register 3 QPO→r_in hypotheses (no post-hoc invention)
Model T1 (Keplerian): ν_QPO = ν_K(r_in) = (1/2π) (GM/r_in^3)^{1/2}.
Model T2 (Lense–Thirring precession): ν_QPO = ν_LT(r_in, a_*) with a_* as nuisance; requires specific lag-energy signatures and coherence trends.
Model T3 (Beat-frequency family): ν_QPO = ν_K(r_in) − ν_spin (ν_spin nuisance).

E2) Discriminants beyond frequency (mandatory)
For each detected QPO, require fits to:
  • Energy dependence of fractional rms (e.g., increasing with energy vs peaking)
  • Phase/time lags vs energy at ν_QPO (hard vs soft lags; magnitude)
  • Harmonic content (presence/absence; relative phase)
  • Coherence/Q vs spectral hardness
Define a model selection criterion using Bayes factors with an Occam penalty and require that at least two discriminants favor the selected timing model; otherwise downweight timing by inflating σ_ν (treat as weakly informative).

F. Joint inference and identifiability controls
1) Bayesian engine: HMC/NUTS on the joint likelihood: L = L_spectra(counts|model) × L_timing(PSD/cross-spectra|model) × priors.
2) Identifiability checks:
  • Simulation-based calibration: generate synthetic datasets from the forward model across the parameter prior and verify recovery of r_in and wind parameters.
  • Posterior predictive checks targeting the key mechanistic coupling: correlation between absorption blueshift and reflection broadening mediated by r_in.
3) Benchmarking: compare against (i) standard multi-zone XSTAR absorption + phenomenological reflection and (ii) reflection-only fits; quantify uncertainty shrinkage in r_launch and r_in and check for prior-dominance via sensitivity to prior widening.

G. Transfer-source calibration (local magnetic diagnostics prioritized)
1) GRO J1744-28 (Asset 2): apply the same wind+reflection framework; test whether the model naturally supports large inferred r_in ~ O(10^2 GM/c^2) and high outflow velocities without unphysical energetics; use this as a calibration point for μ–r_in scaling.
2) SAX J1808.4-3658 (Asset 3): use pulse-profile/visibility constraints to inform r_in geometry in a system with known magnetic channeling; treat these as an external validation of the r_in inference machinery (not by importing its priors into GX 13+1).

H. Deliverables (re-scoped)
Primary: posterior of r_in(t), r_launch, wind \dot{M}_wind, v_inf, Ω/4π, and ion fractions; validated discrimination among timing mappings; quantified emulator error budget.
Secondary (conditional): constraints on μ/B and (M,R_NS) only under conservative systematic scenarios; explicit statement of what assumptions are required for EoS relevance.","1) Addressing QPO non-uniqueness (Critique 1): the proposal no longer treats “QPO frequency → r_in” as a single deterministic link. It pre-registers three physically standard mappings (Keplerian, Lense–Thirring, beat-frequency) and requires additional, falsifiable timing observables (energy-dependent lags, harmonics, coherence/Q trends) as discriminants. If discriminants are inconclusive, the timing term is automatically weakened (inflated uncertainty), preventing model-dependent bias from dominating r_in.

2) Making the wind surrogate constrained and testable (Critique 2): the wind is not an open-ended “multi-zone” absorber. It is a fixed-topology BP+rad streamline family with explicit invariants (κ, Ω_F, L, Bernoulli+W_rad) and a small, declared set of inferred parameters (k, θ0, λ, κ, Ω/4π, v_turb, f_cl). Flexibility is further controlled by calibrating an emulator to a published radiative-MHD simulation grid and propagating emulator error into the likelihood; this prevents overconfident or overly flexible fits from reintroducing degeneracies.

3) Demoting/removing Galactic RM-based magnetic-sign priors (Critique 3; Mandatory Directive): the Galactic counterclockwise-field prior is removed from the inference pipeline because its information content for the magnetospheric/disk-wind field at ~10–10^3 km is negligible relative to local field geometry uncertainties. Magnetic inference instead comes from local/transfer diagnostics: consistency of μ with truncation-driven r_in evolution, energetics constraints, and cross-source validation against systems with magnetic channeling (SAX J1808.4-3658) and large r_in with wind signatures (GRO J1744-28).

4) Preventing overreach on EoS/TOV (Critique 4; Mandatory Directive): EoS constraints are explicitly re-scoped as secondary and conditional. Reflection modeling includes conservative systematics (ionization/density stratification, emissivity uncertainty, wind scattering) with wide priors, and results will be reported in tiered scenarios (conservative vs optimistic) with stress tests. The primary success criterion is mechanistic closure on r_in–wind coupling and robust posteriors on r_in and wind properties, not tight (M,R_NS).

5) Why identifiability is plausible in practice: GX 13+1 provides simultaneous wind + jet regimes at high luminosity (Asset 1), offering the required dynamic range where truncation and radiation both plausibly matter. The model’s key breaking of degeneracy is observationally anchored: r_in affects (a) reflection broadening and continuum geometry, while the same r_in sets the dynamical velocity scale and column distribution in the wind; observing correlated changes in Fe absorption blueshift/strength and reflection shape across epochs provides a cross-constraint that is unavailable in spectral-only fits. Transfer-source tests (Assets 2–3) provide external validation that the same r_in machinery reproduces known large-truncation and pulse-profile behaviors, reducing the risk that GX 13+1 results are an artifact of model flexibility.","This is an unusually rigorous and self-aware proposal that directly addresses multiple known failure modes in NS-LMXB wind/reflection/timing inference. The engineering plan is detailed, technically plausible, and appropriately constrained, with explicit controls on model flexibility (fixed topology, emulator uncertainty propagation, pre-registered timing hypotheses). Logical consistency is strong: r_in is correctly identified as a physically privileged latent variable that simultaneously governs wind launching, reflection geometry, and characteristic frequencies. The proposal’s strongest feature is its explicit treatment of identifiability and degeneracy, which is rarely handled at this level of sophistication.

Score deductions arise from two areas. First, the feasibility of emulator calibration remains partially aspirational: the availability and relevance of radiative-MHD simulation grids for NS-specific luminosities, magnetic truncation, and inclination is uncertain, and the proposed hybrid calibration (BH/AGN winds plus separate truncation scalings) risks introducing correlated systematics that may be difficult to quantify beyond the stated 10–20% error. Second, while the timing discriminants are well chosen, GX 13+1’s historically complex and sometimes ambiguous QPO phenomenology raises a nontrivial risk that the timing arm will frequently downweight itself, leaving r_in primarily constrained by spectroscopy and reflection despite the joint framework.

Evidence grounding is generally excellent, but the terminal concept chain to the Galactic disk magnetic field is effectively severed by design. While this is scientifically justified and explicitly mandated, it weakens the literal fulfillment of the stated target chain rather than misusing it. The rationale quality is high: the proposal does not merely apply existing tools but restructures the inference problem around a physically motivated latent state with falsifiable couplings."
"RM/DM variability in repeating FRBs is generated by a superposition of (i) a deterministic orbital-phase geometric term produced by periodic modulation of the line-of-sight through an ordered magneto-ionic structure, and (ii) stochastic magnetized plasma fluctuations with Kolmogorov-like inertial-range scaling and intermittency. The key identifiability failure in existing structure-function approaches is not merely irregular sampling, but *activity-gated sampling*: bursts occur preferentially in windows, so a red-noise plasma process observed only during those windows can masquerade as a quasi-periodic geometric signal. We hypothesize that this aliasing is broken only if burst times are treated as part of the generative model and if the turbulence-to-observables mapping is closed with a tractable, falsifiable physics parameterization.

Mechanistic refinement (addresses reviewer directives): We will implement a Causality-Constrained Marked Point-Process Radiative Transfer framework in a *minimal identifiable form* consisting of:
(1) a pre-registered, low-degree-of-freedom orbital rate-modulation g_orb(φ) (sinusoid + first harmonic) that cannot morph into arbitrary windowing; 
(2) a self-exciting clustering component g_mag(t) constrained by a FAST-motivated energy-break prior, which is *diagnostically separable* from orbital modulation because it produces phase-incoherent clustering; and
(3) a 1D line-of-sight effective-medium turbulence closure that jointly predicts the increment statistics of (DM, RM) and the scattering observable τ_sc through an explicit n_e–B_∥ cross-correlation parameter and a compressive/Alfvénic mixture.

Why this overcomes the reviewer-identified limitations: (i) The turbulence field is no longer a high-dimensional latent 3D cascade; it is reduced to a path-integrated 1D stochastic process whose parameters map uniquely to DM/RM/τ_sc via a closed set of assumptions (mode mixture + correlation coefficient + inner/outer scales). (ii) RM cannot be tuned independently of scattering/DM because the closure ties B_∥ fluctuations to density fluctuations through a small set of physically interpretable parameters that simultaneously govern Faraday rotation and phase perturbations. (iii) Non-identifiability between arrival-time modulation and mark modulation is controlled by restricting g_orb to a fixed harmonic family with tight priors, and by explicitly testing phase coherence of marks conditional on inferred orbital phase. (iv) The nuclear-physics/I(M,R) module is either (a) quantified via sensitivity analysis to show whether it prunes parameter space at all, or (b) removed from the primary model and retained as an optional second-stage interpretation layer.

Target deliverable hypothesis test: In FRB 20201124A, the model should recover a phase-locked component in RM(t) (and possibly DM/τ_sc) that remains significant after accounting for activity gating and clustering; in FRB 20121102A, the same turbulence closure should fit mark covariances without requiring any orbital term. A joint hierarchical fit should show consistent turbulence hyperparameters (within uncertainties) while allowing different or null g_orb across sources.","Step 0 — Pre-registration of the minimal identifiable model (before full inference)
0.1 Fix the functional family for orbital modulation (mandatory):
- Define orbital phase φ(t) = 2π(t − T0)/P_orb.
- Pre-register g_orb(φ) = a1 cos(φ) + b1 sin(φ) + a2 cos(2φ) + b2 sin(2φ).
- Impose shrinkage priors: (a_k, b_k) ~ Normal(0, σ_orb^2) with σ_orb ≤ 0.5 (log-rate units), and enforce ||(a2,b2)|| ≤ 0.5||(a1,b1)|| to prevent overfitting.
- Optional geometry-informed phase prior: if independent constraints exist (e.g., optical companion periodicity), use them only as weak priors on P_orb.
0.2 Fix the clustering model family (mandatory):
- Use a Hawkes process with exponential kernel: λ_H(t) = Σ_{t_j<t} κ exp(−(t−t_j)/τ_H).
- Constrain branching ratio n_b = κ τ_H < 0.8 (stationarity) with informative prior centered on values reproducing observed waiting-time tails.
0.3 Fix the turbulence-to-observables closure (mandatory, reviewer item #1): a 1D effective medium with coupled n_e and B_∥ fluctuations.
- Model line-of-sight fluctuations as increments at an effective screen or extended medium characterized by:
  • Outer scale L0, inner scale l_i, spectral index consistent with Kolmogorov (β = 11/3 fixed initially; later relax to β ∈ [3.4, 4.0] only if identifiable).
  • Intermittency parameter μ controlling non-Gaussian increments via a lognormal multiplicative cascade in 1D (wavelet-domain truncation).
  • Mode mixture f_c ∈ [0,1] (compressive fraction) with Alfvénic fraction 1−f_c.
  • Cross-correlation ρ_nB ∈ [−1,1] linking δB_∥ to δn_e.
- Closure equations (minimal, falsifiable):
  • δn_e is generated by the 1D cascade (μ, L0, l_i).
  • δB_∥ = α_c f_c (δn_e/n0) B0 + α_A (1−f_c) ξ_A, where ξ_A is an independent cascade field with same μ but scaled amplitude; α_c, α_A are order-unity amplitude parameters with tight priors (log-normal around 1 with 0.3 dex scatter).
  • Impose Corr(δn_e, δB_∥) = ρ_nB by constructing ξ_A and the compressive term in a Gaussian-copula layer before applying intermittency (keeps computation tractable while preserving correlation control).
- Observables mapping:
  • DM_i = DM0 + DM_orb(φ_i) + ΔDM_turb(t_i) + ε_DM,i.
  • RM_i = RM0 + RM_orb(φ_i) + K [B0 ΔDM_turb(t_i) + n0 ΔB_∥,turb(t_i)] + ε_RM,i.
  • τ_sc,i predicted from the same δn_e spectrum via the phase structure function D_φ(ℓ) (thin-screen approximation first): τ_sc ∝ ν^{−4} SM^{6/5} with SM derived from the cascade amplitude, L0, l_i, and path length; include a single geometric factor G_sc with informative prior to absorb uncertain screen distance/lever arm. This forces δn_e amplitude to be consistent with scattering.

Step 1 — Data assembly and window-function reconstruction
1.1 Build burst-level catalogs for FRB 20201124A and FRB 20121102A:
- t_i: barycentered TOAs; observing frequency ν_i and bandwidth; facility ID.
- marks: RM_i±σ_RM,i, DM_i±σ_DM,i, τ_sc,i (or decorrelation bandwidth Δν_d) with uncertainties, p_lin,i, PA(λ^2) fit residual statistic.
- fluence/proxy and detection pipeline metadata where available.
1.2 Correct propagation/instrument systematics:
- remove ionospheric RM; standardize DM reference; polarization calibration flags.
- heteroscedastic likelihood for marks (facility-dependent error model).
1.3 Reconstruct selection function W(t) and threshold model:
- For each telescope k, infer detection efficiency η_k(F, t) from reported thresholds + cadence; marginalize over missing fluence with a simple parametric burst-fluence distribution.
- Define W_k(t) as exposure indicator; overall W(t)=Σ_k W_k(t) and incorporate η_k into the point-process likelihood.

Step 2 — Minimal CMPP-RT generative model (tractable)
2.1 Marked point-process likelihood:
- λ(t) = W(t) λ0 exp[g_orb(φ(t)) + g_env(t)] + W(t) λ_H(t).
- g_env(t) is *restricted* to a low-frequency spline with strong regularization (e.g., 3–5 knots over the full observing span, prior on second derivative) to prevent absorbing periodicity.
2.2 Marks conditional on events:
- Condition on t_i and latent turbulence state at t_i: p(m_i | t_i, θ).
- Orbital mark modulation (ordered medium):
  • DM_orb(φ) = d1 cos(φ)+e1 sin(φ) (first harmonic only, unless Bayes factor supports second harmonic).
  • RM_orb(φ) = r1 cos(φ)+s1 sin(φ) + r2 cos(2φ)+s2 sin(2φ) with shrinkage as above.
- Turbulent components ΔDM_turb(t_i), ΔRM_turb(t_i), τ_sc,i share the same cascade parameters (μ, L0, l_i) and closure (f_c, ρ_nB, amplitudes).
2.3 Turbulence parameterization (computational tractability, reviewer item #1):
- Use a 1D wavelet-domain lognormal cascade truncated to J scales (e.g., J=8–10), defined on the observing time axis under a frozen-flow mapping: spatial scale ℓ ↔ v_eff Δt.
- v_eff is a nuisance parameter with informative prior (bounded sub-relativistic; broad enough to encompass wind/screen motion), but *only enters through the ℓ–Δt mapping*; keep it shared across marks.
- Complexity: O(N J) per likelihood evaluation for N bursts (no 3D latent field).

Step 3 — Identifiability-first simulation program (mandatory reviewer item #3)
3.1 Build a simulator that generates synthetic catalogs with:
- Realistic multi-telescope W(t) patterns and detection thresholds.
- True P_orb, g_orb amplitude, Hawkes parameters, and turbulence parameters.
- Realistic mark uncertainties matching observed σ_RM, σ_DM, τ_sc errors.
3.2 Recovery threshold maps (pre-registered outputs):
- For a grid over (N_bursts, cadence gaps, σ_RM), compute posterior contraction and bias for:
  • P_orb (recoverable if |P̂−P|/P < 1% and period unimodality),
  • μ, L0, l_i (recoverable if posterior SD shrinks by ≥50% relative to prior and no multimodality).
- Report “minimum viable dataset” conditions separately for FRB 20201124A-like and FRB 20121102A-like regimes.
3.3 Non-identifiability diagnostics (mandatory reviewer item #3):
- Compare fits under nested models:
  A) g_orb=0,
  B) Hawkes off (κ=0),
  C) μ=0 (Gaussian increments),
  D) decouple RM from δn_e (ρ_nB free but τ_sc ignored) to show why τ_sc is needed.
- Require that true injected periodicity is recovered only when timing+marks are jointly modeled and that false periodicity is not induced by windowing.

Step 4 — Inference on real sources with staged complexity
4.1 Stage I (timing-only): infer λ(t) parameters (P_orb, g_orb coefficients, Hawkes κ, τ_H, spline g_env) using point-process likelihood only. This quantifies whether orbital modulation is needed *in rates*.
4.2 Stage II (marks-only given times): fit mark model with fixed/weakly-informed timing posterior to test whether orbital phase-locking appears in RM/DM beyond turbulence.
4.3 Stage III (fully joint): run joint Bayesian inference (particle MCMC or SMC-within-MCMC) for timing+marks with turbulence closure.
4.4 Cross-source hierarchical coupling:
- Share turbulence hyperpriors across FRB 20121102A and FRB 20201124A (μ, β if relaxed, intermittency prior scale), but allow source-specific amplitudes and geometry.
- Test whether FRB 20121102A prefers g_orb≈0 while FRB 20201124A prefers g_orb≠0.

Step 5 — EoS / I(M,R) module: quantify or drop (mandatory reviewer item #4)
5.1 Sensitivity analysis (before inclusion):
- Define wind/column mapping used in ordered module (single-parameter particle loading and B0 with path length). Compute how required luminosity L_w required to sustain B0 and n0 scales with I via Ė(I,Ω,B_p).
- Propagate realistic EoS priors on I (tens of %) to L_w uncertainty; compute whether posterior mass violating L_w≤ηĖ would be meaningfully reduced (e.g., by ≥20%).
5.2 Decision rule:
- If pruning power is weak (<20% reduction in excluded geometry volume), remove EoS block from core inference and reframe as optional interpretation.
- If strong, include as a hard/soft constraint in ordered-medium priors.

Step 6 — Validation, falsifiability, and deliverables
6.1 Posterior predictive checks:
- Waiting-time and clustering statistics; phase-folded burst rate;
- Phase-folded RM/DM and τ_sc vs phase;
- Joint distribution and cross-correlation of (RM, DM, τ_sc), ensuring τ_sc-consistency with inferred δn_e.
6.2 Falsifiable outcomes:
- If FRB 20201124A shows phase-locked RM but *no corresponding* τ_sc/DM behavior allowed by the closure, the ordered+closure model is falsified (forcing revision of mode mixture/correlation assumptions).
- If periodicity is only supported in rates but not in marks (or vice versa), this discriminates “activity gating” from “geometric column modulation.”
6.3 Physical outputs:
- For each source: posterior on P_orb (or null), ordered RM_orb amplitude, turbulence μ, L0, l_i, f_c, ρ_nB, and scattering-consistent SM; plus model comparison evidence for (binary+closure) vs (turbulence-only).","Addresses critique (i): high-dimensional turbulence. We remove the infeasible 3D latent cascade and replace it with a 1D effective-medium cascade represented in a truncated wavelet basis (J≈8–10). This yields O(NJ) scaling with burst count N and avoids gridding a 3D MHD field. Frozen-flow mapping converts spatial scaling to time-lag scaling using a single v_eff parameter, keeping the latent dimension low.

Addresses critique (ii): missing closure between n_e and B_∥ and weak multi-mark constraints. We specify an explicit, minimal closure with (compressive fraction f_c, cross-correlation ρ_nB, and two amplitude parameters α_c, α_A) that simultaneously controls DM increments, RM increments, and τ_sc through the same δn_e spectrum. Including τ_sc (or Δν_d) is not optional; it is the constraint that fixes the δn_e amplitude/spectrum so RM cannot be freely tuned.

Addresses critique (iii): non-identifiability between rate modulation and mark modulation. We pre-register g_orb as sinusoid + first harmonic with shrinkage priors and restrict g_env to a heavily regularized low-frequency spline. Hawkes clustering is constrained by a branching-ratio prior (n_b<0.8). Identifiability is not asserted; it is demonstrated via simulation-based recovery thresholds under realistic W(t) and telescope thresholds, with nested-model comparisons explicitly designed to show when periodicity can and cannot be spuriously inferred.

Addresses critique (iv): weak leverage from EoS/I(M,R). We adopt an explicit decision gate: perform a sensitivity/pruning-power analysis first; only if EoS priors demonstrably remove a meaningful fraction of the geometric-plasma posterior volume do we include the nuclear-physics block in the core inference. Otherwise it is deferred to a second-stage interpretation to avoid ornamental complexity.

Empirical anchoring in provided assets: Asset 1 motivates the separability of geometric periodic components and stochastic components in RM, and our model specifically targets the reviewer-highlighted failure mode (windowed sampling) by treating burst times as generative. Asset 2 motivates a constrained clustering/self-excitation component via a stress-release picture with a characteristic break scale, which we incorporate as informative regularization of the Hawkes component rather than as an unconstrained extra degree of freedom.

Overall feasibility claim: the revised architecture deliberately reduces free parameters, fixes functional families, and requires simulation-based identifiability before full-scale application. This makes the inference computationally tractable for real FRB catalogs and makes the turbulence–RM/DM–scattering linkage explicitly falsifiable.","The central advance—embedding burst times (activity gating) into a joint timing+marks generative model and enforcing a multi-observable turbulence closure—is methodologically substantive and directly targets a real identifiability failure. Engineering-wise, the plan is detailed (pre-registered functional families, priors, staged inference, nested falsification tests, selection-function modeling) and plausibly tractable. However, several physics/mapping steps remain under-specified in ways that can reintroduce non-identifiability: (i) the frozen-flow mapping ℓ↔v_effΔt plus a 1D cascade on the observing time axis is a strong, source-dependent approximation; without an explicit prior/constraint tying v_eff (and effective path length) to τ_sc and to observed scintillation bandwidth evolution, v_eff can absorb phase-coherent structure and mimic (or erase) orbital signatures; (ii) the proposed RM mapping RM≈RM0+RM_orb+K[B0ΔDM + n0ΔB] is only conditionally valid—when fluctuations are small and path weighting is stable—and does not clearly handle the common case where RM variations come from localized Faraday screens with weak DM response; (iii) the “Gaussian-copula then intermittency” construction is computationally convenient but its physical interpretability for MHD mode mixtures is not demonstrated, and could bias higher-order statistics that are exactly what would distinguish intermittency from geometry; (iv) the selection-function reconstruction η_k(F,t) is described but not anchored to a concrete, auditable data product for each facility (pipeline completeness curves are rarely available), so mis-modeled completeness could still imprint apparent periodicity; (v) the identifiability program is strong in spirit, but the recovery criteria (e.g., 1% period accuracy) are not connected to the actual baseline/cadence and to known alias families for these sources, so the simulations risk being optimistic unless they replicate real window functions and telescope-dependent cadence structure. Overall: strong architecture with credible falsifiability hooks (especially τ_sc coupling), but key approximations (1D frozen-flow, RM/DM co-locality, completeness modeling) need tighter physical and observational anchoring to prevent the same aliasing problem from reappearing in different parameters."
"Small-scale, three-dimensional Kolmogorov-like plasma turbulence in the ionized medium surrounding high-energy compact objects (young neutron stars/magnetars and low-luminosity AGN-like FRB environments) imprints a predictable, physically constrained covariance between (i) the statistical component of dispersion/rotation-measure fluctuations and scattering, and (ii) the stability/shape of narrow HI absorption line profiles seen against embedded/persistent radio sources; this covariance propagates into an observable scaling between inferred electron-density fluctuation amplitude (C_n^2, outer scale L0) and radio luminosity via an energy-injection mechanism tied to the compact object’s spin-down or outflow power. We will test this by a methodological adaptation: a joint, turbulence-aware structure-function + line-profile forward model in which the standard SF analysis is structurally modified into a coupled multi-tracer likelihood that enforces (a) 3D Kolmogorov spectral scaling over inertial-range lags, (b) causality/energy-budget bounds linking turbulence driving to neutron-star/magnetar energetics (spin-down luminosity, nebular pressure) or accretion power, and (c) radiative-transfer constraints for HI absorption (non-negative optical depth, thermal broadening floor). This physics-constrained coupling will outperform separate (black-box or single-tracer) fits by breaking degeneracies between geometric variability, stochastic electron-density fluctuations, and neutral-gas kinematics, yielding tighter and physically admissible constraints on turbulence parameters and their connection to radio luminosity.","Step 1: Specific system setup or data preparation.
1.1 Assemble a target sample spanning (a) repeating FRBs with persistent radio counterparts localized with Arecibo+VLBI heritage datasets (e.g., FRB 121102-like systems), and (b) young radio pulsars in SNRs with measured DM and radio luminosity (e.g., PSR J0205+6449-like objects).
1.2 Compile multi-epoch, frequency-resolved polarization data where available (RM(t), DM(t), scattering timescale tau_sc(nu), scintillation bandwidth), and obtain/curate multi-epoch Arecibo HI absorption spectra toward suitable pulsars/compact-source sightlines (optical depth tau_HI(v) with stable calibration).
1.3 Standardize time-lag grids and spectral resolution; quantify systematics (bandpass stability, gain/temperature variations, baseline ripples) and propagate into per-epoch covariance matrices.

Step 2: Detailed implementation of the adapted methodology.
2.1 Adapted SF architecture (core modification): Replace the conventional single-observable structure function D_x(Delta t) decomposition into geometric + statistical components with a coupled multi-observable SF/PSD model:
- Model electron-density and magnetic-field fluctuations as a 3D Kolmogorov spectrum P_ne(k)=C_n^2 k^(-11/3) between outer scale L0 and inner scale li, and an analogous constrained spectrum for B_parallel fluctuations.
- Predict simultaneously: D_DM(Delta t), D_RM(Delta t), frequency-dependent tau_sc(nu) and angular broadening constraints using scattering theory consistent with the same C_n^2, L0, li.
- Include an explicit geometric term for binaries or periodic sightline modulation (as in SF geometric components) with a parametric orbit/phase model; enforce identifiability by requiring geometric terms to be coherent across DM/RM while stochastic terms follow Kolmogorov scaling.
2.2 HI absorption coupling (second modification): Embed a radiative-transfer forward model for the HI absorption line profile tau_HI(v) that is jointly conditioned on the ionized-medium turbulence parameters:
- Treat the CNM/WNM components as a mixture of thermally broadened Gaussians with non-thermal broadening that is linked (via pressure balance and turbulence coupling) to the same outer-scale driving that sets L0 in the ionized medium, but allowing a tunable neutral-ion coupling efficiency parameter epsilon_c.
- Enforce physical constraints: tau_HI(v) >= 0; kinetic temperature floor from line width; column density N_HI consistent with integrated tau_HI(v) and spin temperature priors.
- Use multi-epoch stability of tau_HI(v) (as in Arecibo TSAS non-detections) as a likelihood term that penalizes models predicting excessive small-scale density contrasts in the neutral phase.
2.3 Energy-injection/compact-object constraint (third modification): Add a physics-regularized prior/constraint connecting turbulence amplitude to high-energy source power:
- For neutron stars: require that the turbulent energy density and dissipation rate inferred from C_n^2 and L0 do not exceed a fraction f_turb of spin-down luminosity L_sd or nebular energy injection, and respect causality/pressure bounds in the surrounding medium.
- For FRB persistent sources: constrain driving by persistent radio luminosity and plausible nebular/accretion power; implement inequality constraints to prevent unphysical turbulence levels given observed L_radio.
This is implemented as a constrained Bayesian inference (e.g., Hamiltonian Monte Carlo with hard/soft constraint terms) over {C_n^2, L0, li, epsilon_c, geometric parameters, CNM component parameters}.

Step 3: Rigorous validation and analytical framework.
3.1 Synthetic injection tests: generate mock DM/RM/scattering/HI datasets from known turbulence parameters (including cases with/without geometric periodicity; with rare TSAS-like excursions) to verify parameter recovery, degeneracy breaking, and false-positive control.
3.2 Model comparison: quantitatively compare (A) uncoupled SF fits, (B) coupled SF without HI constraints, and (C) full coupled SF+HI+energy constraints using Bayes factors / information criteria and posterior predictive checks of all observables.
3.3 Physical cross-checks: verify recovered turbulence parameters produce consistent scattering measures and angular broadening (where VLBI constraints exist), and that inferred dissipation rates are compatible with local thermal balance.
3.4 Science deliverables: (i) posterior constraints on 3D Kolmogorov turbulence parameters near high-energy compact objects; (ii) empirical scaling between turbulence amplitude and radio luminosity with energy-budget interpretation; (iii) a decision framework to distinguish geometric (binary/orbital) variability from stochastic plasma turbulence using multi-tracer coherence; (iv) constraints on neutral-ion coupling (epsilon_c) using HI stability, informing ISM microphysics relevant to high-energy environments.","1. Theoretical/Empirical Basis: Structure-function decomposition into geometric and statistical components is empirically demonstrated for RM/DM variability with stochastic terms tied to electron-density and magnetic-field fluctuations and interpretable under Kolmogorov turbulence; Arecibo multi-epoch HI absorption work provides strong empirical priors on the rarity of large optical-depth variations (suppressing ubiquitous TSAS), enabling a powerful constraint on permissible small-scale density contrasts. VLBI+Arecibo localization and scattering constraints for FRB 121102-like systems provide independent checks on turbulence-driven broadening.
2. Transfer Logic (How the adaptation fits the domain): High-energy astrophysical compact objects inject energy into surrounding plasmas (PWN/SNR/magnetar nebulae or accretion environments), naturally motivating turbulence-driving priors tied to spin-down or accretion power. Coupling ionized-plasma turbulence (DM/RM/scattering) to neutral-gas diagnostics (HI absorption stability/line shape) directly targets the multi-phase environment expected around these systems, while respecting conservation/causality and radiative-transfer constraints.
3. Comparative Advantage: Standard analyses treat DM/RM SFs, scattering, HI absorption, and luminosity as largely separate, leading to degeneracies (e.g., geometric periodicity vs stochastic turbulence; C_n^2 vs L0 trade-offs; neutral-structure contamination). The proposed adaptation structurally enforces that all observables share a single physically admissible turbulence parameter set and energy budget, using HI stability as an external ‘regularizer’ against overfitting small-scale structure. This should yield tighter, more interpretable turbulence constraints and a mechanistic link between turbulence amplitude and radio luminosity that can be falsified by multi-epoch posterior predictive checks.","This is an unusually sophisticated and physically disciplined proposal that integrates ionized and neutral ISM diagnostics under a single turbulence-and-energy-injection framework. The engineering plan is detailed and technically plausible, particularly the joint SF–scattering–HI forward model and constrained Bayesian inference. Logical consistency is strong: Kolmogorov turbulence provides the unifying mechanism, and the energy-budget priors are well motivated for neutron stars and FRB environments. Minor deductions arise from residual assumptions that are not fully stress-tested: (i) the strength and universality of neutral–ion turbulence coupling (epsilon_c) in extreme environments is uncertain and may be more environment-dependent than modeled; (ii) the causal link between radio luminosity and turbulence driving, while plausible, risks conflating correlated but indirect observables unless alternative injection channels are explicitly marginalized; and (iii) sample size limitations for systems with both high-quality HI absorption and dense DM/RM time series may reduce practical constraining power. These are not fatal flaws but do temper claims of universality and scalability."
"In BH–NS mergers that enter a transient black-hole-pulsar state, fast magnetosonic compressive pulses launched by magnetospheric deformation steepen into a monster shock only if the outgoing wave packet encounters a radially localized breakdown of force-free conditions (finite inertia/baryon loading) that creates a super-fast magnetosonic transition layer. We hypothesize that the location and strength of this transition layer—and thus the shock energetics that power the hot outflow and prompt EM counterparts—depend measurably on the neutron-star EOS through its control of (i) magnetospheric density supply and (ii) collapse/ringdown-driven boundary motion. Methodological adaptation: develop a physically constrained, multi-regime GRMHD–FFE hybrid solver that replaces standard ad-hoc FFE-to-MHD “density floors” with a conservative, characteristic-matched interface plus EOS-conditioned pair/baryon injection closure, ensuring causality and Rankine–Hugoniot consistency across the fast magnetosonic surface and enabling reliable prediction of shock formation and outflow observables.","Step 1: Specific system setup or data preparation.
1.1 Construct a suite of BH–NS merger initial data spanning NS EOS families (soft/medium/stiff; constrained to causal sound speed cs<=c and maximum mass constraints) and NS magnetic dipole inclinations.
1.2 For each EOS, precompute consistent NS structure (mass-radius, compactness, tidal deformability) and magnetospheric footpoint motion profiles through inspiral-to-plunge using GR (ensuring consistent metric evolution and BH spin).
1.3 Define a minimal microphysical injection model: EOS-conditioned surface baryon ablation + curvature-radiation pair supply, parameterized by compactness and surface gravity, producing an inertia map that is negligible in most of the magnetosphere but can become finite in current sheets and in the outgoing compressive wave.

Step 2: Detailed implementation of the adapted methodology.
2.1 Implement a hybrid GR solver with domain decomposition: inner region evolved with conservative GRMHD (shock-capturing, constrained transport), outer region evolved with GR force-free electrodynamics (FFE). Couple them with a new characteristic-matched interface at a moving radius r_int(t) chosen to track where magnetization sigma=B^2/(4pi rho h c^2) crosses a target threshold.
2.2 Methodological adaptation (core): replace common “density/pressure floors” and diffusive handoff with a Riemann-characteristic projection across the interface. Specifically, decompose the state into incoming/outgoing characteristic fields for the fast magnetosonic and Alfven modes; enforce continuity of the tangential E and B fields, enforce conservative flux matching for energy-momentum, and impose Rankine–Hugoniot jump conditions for compressive/fast-mode steepening when gradients exceed a shock sensor threshold.
2.3 Embed physics constraints directly: (i) enforce E·B=0 and E^2<B^2 in the FFE region via constrained transport plus a Lagrange-multiplier correction that minimally adjusts E to satisfy the invariant; (ii) enforce causal EOS in the GRMHD region using tabulated EOS with slope limiting to keep cs<=c; (iii) enforce global energy-angular momentum accounting by tracking Poynting, matter, and gravitational fluxes through world-tube surfaces.
2.4 Add an EOS-conditioned injection closure at the interface and in current sheets: inject minimal inertia consistent with the microphysical supply model (pair multiplicity + baryon ablation) rather than numerical floors; injection rate is constrained to keep sigma above a controlled bound except where the computed wave pressure forces sigma downward, enabling a physically motivated super-fast transition layer.
2.5 Diagnostics: compute (a) fast magnetosonic Mach number and the formation of a super-fast region; (b) shock formation radius and compression ratio; (c) hot-outflow enthalpy, baryon loading, and magnetization; (d) time-domain modulation from BH quasi-normal mode forcing (ringdown) imprinted on the compressive wave train.

Step 3: Rigorous validation and analytical framework.
3.1 Code verification: recover analytic/benchmark solutions—force-free wave propagation, relativistic MHD shocks, and magnetosonic mode speeds in curved spacetime; demonstrate interface stability and convergence with refinement.
3.2 Cross-regime validation: reproduce key qualitative features from prior literature assets: outgoing compressive waves/fast magnetosonic pulses (Asset 1), monster shock launching a hot outflow (Asset 2), and BH–NS-induced fast-mode waves steepening into monster shocks with a transient black-hole-pulsar configuration (Asset 3).
3.3 EOS inference test: generate synthetic multimessenger observables (prompt gamma/X transient energetics, FRB-like coherent precursor proxy based on Poynting spikes, and timing modulation linked to ringdown); quantify how inferred shock radius/strength correlates with tidal deformability and compactness. Use Bayesian model comparison to show that the adapted interface/injection model yields tighter EOS posteriors than standard floor-based hybrids.
3.4 Robustness: vary magnetic inclination, BH spin, and injection uncertainties; demonstrate that shock/no-shock bifurcation and hot-outflow baryon loading are controlled by physically interpretable dimensionless numbers (sigma profile slope, fast-mode steepening parameter, compactness-controlled injection), not by numerical artifacts.","1. Theoretical/Empirical Basis: Existing GRMHD/FFE studies already show fast magnetosonic compressive pulses that can steepen into shocks and launch hot outflows during collapse/merger; however, shock formation and baryon loading are notoriously sensitive to how inertia is introduced in nominally force-free regions. The proposed characteristic-matched interface and EOS-conditioned injection directly target this known failure mode while preserving conservation laws and invariants.
2. Transfer Logic (How the adaptation fits the domain): High-energy astrophysical outflows straddle regimes from magnetically dominated (FFE-like) to inertia-dominated (MHD-like). A characteristic-based coupling respects the hyperbolic structure of both systems (fast/Alfven modes) and enforces physically correct transmission/reflection of compressive/fast magnetosonic waves, which is essential for predicting monster-shock onset. EOS constraints enter via compactness/tidal effects and causality-limited thermodynamics, connecting nuclear physics to shock energetics and hot-outflow baryon content.
3. Comparative Advantage: Compared with standard hybrid schemes that rely on numerical floors and diffusive handoffs, the adapted method (i) reduces spurious shock triggering/suppression by enforcing Rankine–Hugoniot-consistent steepening, (ii) yields physically interpretable control over baryon loading through an injection closure linked to EOS-dependent surface conditions, and (iii) improves multimessenger predictivity (shock radius, outflow magnetization, ringdown modulation) necessary for EOS inference from prompt EM counterparts to GW events.","This is a technically sophisticated and largely well-justified proposal that targets a genuine and widely acknowledged failure mode in current GRMHD–FFE hybrid simulations: unphysical shock triggering or suppression due to numerical floors. The characteristic-based interface, Rankine–Hugoniot enforcement, and EOS-conditioned injection closure demonstrate strong engineering resolution and clear awareness of the hyperbolic structure of both systems. Logical consistency is high, but not perfect: the causal chain linking neutron-star EOS to magnetospheric density supply and then to a sharply localized super-fast transition layer remains partly phenomenological. In particular, the microphysical injection model (pair creation plus baryon ablation) is parameterized rather than derived, and the degree to which EOS variations produce separable, observable signatures may be optimistic given degeneracies with magnetic inclination, BH spin, and uncertain plasma kinetics. Evidence grounding is strong and remains within the appropriate high-energy astrophysics domain, though some observables (e.g., FRB-like coherent precursors) are only loosely connected to the simulated quantities. The rationale is creative and clearly differentiated from standard hybrid approaches, but the proposal would benefit from a sharper analytical prediction that could be falsified independently of full-scale simulations."
"A collapsar GRB requires a transient proto-neutron-star (PNS) phase that injects and organizes large-scale poloidal magnetic flux which is then advected onto the nascent Kerr black hole; the resulting Blandford–Znajek (BZ) jet reaches the maximum jet energy only if the magnetic “hair” is anchored by a conducting disk/torus that delays the electromagnetic balding process. The core mechanism is that Tayler–Spruit dynamo (TSD) transport in the progenitor enforces predominantly toroidal fields and limits pre-collapse net poloidal flux, so the dominant contribution to BZ-relevant flux must arise from PNS magnetorotational amplification and flux opening during collapse; once the BH forms, jet power is set by the horizon-threading poloidal flux and BH spin, while the time-integrated energy is limited by flux retention vs. balding. Methodological adaptation: develop and apply a fully conservative, constraint-preserving GRMHD+neutrino framework in which (i) magnetic-flux evolution is tracked with a gauge-invariant horizon-flux diagnostic and (ii) disk anchoring currents are represented by an explicitly charge-conserving, resistive-electrodynamics closure calibrated to nuclear-EOS-dependent PNS neutrino-driven conductivity, thereby replacing the usual ideal-GRMHD “frozen-in” assumption that cannot quantify balding/retention or EOS-controlled PNS-to-BH flux inheritance.","Step 1: Specific system setup or data preparation.
1.1 Build a progenitor suite with MESA spanning rotation, metallicity, and angular-momentum transport prescriptions: (a) canonical Tayler–Spruit dynamo; (b) weakened/modified TSD efficiency; (c) fossil-field baseline. Output pre-collapse profiles (rho, T, Ye, Omega) and magnetic topology proxies (dominantly toroidal field amplitude with limited net poloidal flux).
1.2 Select 6–10 representative models that bracket outcomes (prompt BH vs. delayed BH via PNS). For each, define nuclear-physics priors using a set of finite-temperature EOS tables (e.g., soft/intermediate/stiff) that satisfy causality and observational NS mass constraints; include composition/opacity tables for neutrino transport.

Step 2: Detailed implementation of the adapted methodology.
2.1 Implement the methodological adaptation in a GRMHD code: couple (a) energy-momentum-conserving GRMHD in dynamical spacetime (or fixed Kerr after BH formation) with (b) gray two-moment neutrino radiation (M1) to capture PNS cooling, deleptonization, and neutrino-driven winds that set magnetospheric mass loading and conductivity.
2.2 Replace ideal-MHD with a resistive, charge-conserving electrodynamics module in the low-density funnel and disk corona: evolve E and B with a constrained-transport scheme plus an implicit stiff-source update for Ohm’s law J = sigma(E + v x B) in the fluid frame. Here sigma is not constant: it is parameterized by local thermodynamic state (rho, T, Ye) and calibrated from microphysical electron/positron and baryon scattering rates that depend on the chosen nuclear EOS and neutrino field. This explicitly models current closure that can anchor BH-threading flux.
2.3 Introduce a gauge-invariant horizon flux tracker and balding metric: compute Phi_BH(t) = (1/2)∫_H |B^r| dA on the apparent horizon and define a balding timescale tau_bald from dPhi_BH/dt under controlled “disk removed” and “disk present” experiments.
2.4 Enforce physical constraints in the solver: (i) divergence-free B via constrained transport; (ii) global energy and angular momentum budgets across PNS/BH+disk+outflow; (iii) causal EOS and subluminal characteristic speeds; (iv) baryon-loading constraint in the funnel (diagnose eta = E_dot/M_dot c^2) to ensure GRB-viable Lorentz factors.
2.5 Simulate collapse through: (a) PNS phase with magnetorotational amplification and flux opening; (b) BH formation; (c) post-BH accretion disk evolution for ~10–30 s physical time with adaptive mesh refinement focused on the horizon, disk, and funnel. For each run, compute BZ power P_BZ(t) from horizon fields and compare to P_j from energy flux at large radii.

Step 3: Rigorous validation and analytical framework.
3.1 Code validation: reproduce standard benchmarks (magnetized Bondi, Fishbone–Moncrief torus, BZ monopole/poloidal tests) in both ideal and resistive limits; confirm convergence of Phi_BH and P_BZ with resolution and resistivity.
3.2 Mechanism tests via controlled ablations:
- Turn off resistivity (ideal limit) to quantify bias in flux retention and balding.
- Replace EOS-dependent conductivity with constant sigma to isolate nuclear-physics leverage.
- Remove the PNS phase by forcing prompt BH collapse initial data to test the necessity of PNS-generated poloidal flux.
3.3 Observational syntheses and multi-messenger checks:
- Predict GRB prompt energetics via E_gamma,iso ~ ∫ epsilon_rad P_j dt (with baryon-loading-limited epsilon_rad), and maximum jet energy as E_j,max ~ ∫ P_BZ dt before tau_bald or disk depletion.
- Predict Type Ic-BL SN kinetic energy from PNS spin-down energy released pre-BH plus jet-cocoon energy deposition; compare to observed E_k distributions.
- Predict neutrino signal (luminosity/mean energy evolution) and, where rotation permits, gravitational-wave signatures (PNS non-axisymmetric activity) to link EOS/rotation to the presence/absence of a GRB.
3.4 Statistical inference: build an emulator of (Phi_BH, tau_bald, E_j,max, E_k) over the progenitor/EOS space and infer which combinations reproduce the joint GRB–Ic-BL population; explicitly report the required poloidal flux at BH formation and the minimum disk conductivity/current closure needed to delay balding.","1. Theoretical/Empirical Basis: BZ jet power is controlled by BH spin and horizon-threading poloidal flux; TSD-dominated progenitors tend to generate mainly toroidal fields and suppress large-scale net poloidal flux, motivating a PNS-mediated flux-generation/inheritance channel. GRMHD simulations already demonstrate sustained jets when sufficient flux is present; what remains uncertain is the physically consistent retention vs. balding of this inherited flux, especially with realistic plasma conductivity and EOS-dependent neutrino microphysics.
2. Transfer Logic (How the adaptation fits the domain): Standard ideal-GRMHD assumes perfect flux freezing and cannot represent the electromagnetic balding process or current closure realistically in the funnel/corona, where resistivity and pair/neutrino physics matter. The adapted resistive, charge-conserving closure tied to EOS- and neutrino-dependent conductivity directly targets the limiting uncertainty: whether an external current source (disk/torus) can anchor BH magnetic hair long enough to reach observed GRB energies while respecting conservation laws, causality, and microphysical constraints.
3. Comparative Advantage: Compared to conventional collapsar simulations, this approach (i) quantitatively predicts the balding timescale and maximum jet energy from first-principles budgets rather than assuming persistent flux; (ii) links nuclear EOS to jet viability through conductivity, neutrino heating, and baryon loading; (iii) provides falsifiable multi-messenger predictions (neutrinos/GWs) that discriminate “prompt BH” from “PNS-then-BH” pathways and directly tests the proposed chain: TSD-limited progenitor flux → PNS-generated poloidal flux → BZ jet power/maximum energy → GRB emission → flux retention vs. balding → Ic-BL SN energetics.","This is a technically ambitious and largely coherent proposal that addresses a real open problem in collapsar/GRB theory: whether sufficient horizon-threading poloidal flux can be generated and retained long enough to power observed GRB energies. The engineering plan is unusually detailed, particularly in its treatment of resistive electrodynamics, horizon-flux diagnostics, and EOS-dependent neutrino microphysics. The logical chain from Tayler–Spruit–limited progenitors to PNS-mediated flux generation and subsequent BZ jet energetics is well motivated and internally consistent.

Score deductions arise from two main issues. First, feasibility risk is high: simultaneously evolving full GRMHD, resistive electrodynamics, gray M1 neutrino transport, and long (10–30 s) post-BH accretion with adequate resolution is at the edge of current computational capability, especially for a suite of progenitors. While not impossible, the proposal does not clearly specify fallback strategies (e.g., dimensional reduction, staged simulations) if full fidelity proves intractable. Second, the physical calibration of conductivity remains somewhat underdetermined: mapping neutrino/EOS microphysics to an effective macroscopic sigma in the funnel/corona is nontrivial, and uncertainties here may dominate the balding timescale, potentially weakening the claimed EOS leverage unless carefully bracketed.

Despite these concerns, the proposal is firmly grounded in the relevant physics literature, avoids speculative mechanisms, and offers falsifiable predictions that would materially advance understanding of GRB central engines if successful."
"In atoll-source neutron-star LMXBs, the observable IXPE polarization degree and angle variability across accretion states and dipping intervals can be robustly decomposed into three physically distinct contributions—(i) polarized electron scattering in a hydrostatic boundary/spreading layer (BL/SL) anchored to the neutron-star surface, (ii) weakly polarized or depolarized emission from the disk and corona, and (iii) state- and phase-dependent attenuation and scattering in a *dynamical*, photoionized dip/wind absorber. We hypothesize that enforcing this regime separation, while coupling a minimal but self-consistent polarized radiative transfer solver for the BL/SL to a photoionization model for the atmosphere and an independent dynamical slab model for the dip material, resolves the key identifiability bottlenecks highlighted by reviewers. Specifically, N VII (supported by O VIII/Ne IX) acts not as a unique depth ruler but as a *consistency tracer* of the ionization parameter and column in the atmosphere and wind; when combined with energy-resolved PD/PA that are dominantly sensitive to the BL/SL scattering optical depth, latitude extent, inclination, and GR light bending, this framework enables a data-driven isolation of the compactness-sensitive polarization signatures. By integrating spin-induced oblateness, Doppler boosting, and polarization parallel transport as first-class parameters, and by explicitly marginalizing over disk/corona polarization contributions, the refined approach yields M/R constraints that are likelihood-driven rather than prior-dominated, while remaining computationally feasible and empirically testable with current IXPE and grating data.","Step 1: Regime-separated source and data selection.
1. Select one benchmark atoll source with existing or proposed deep IXPE exposure (>500 ks) and confirmed dipping behavior (e.g., GX 13+1–like systems), coordinated with XMM-Newton RGS or Chandra HETGS and NICER.
2. Segment data into three regimes: (a) non-dip banana state, (b) non-dip island state, and (c) dip intervals. Only regime (a,b) are assumed to have a hydrostatic NS atmosphere/BL; regime (c) explicitly relaxes hydrostatic balance for the absorber.
3. Extract IXPE energy-resolved Stokes (I,Q,U) spectra (2–8 keV) per regime; extract grating spectra focusing on N VII Lyα/edge and corroborating O VIII/Ne IX lines; derive hardness–intensity and timing diagnostics to label state.

Step 2: Explicit emission decomposition with state-dependent priors.
1. Implement a three-component emission model:
   (i) Boundary/spreading layer (BL/SL): thermal–Comptonized emission tied to the NS surface; primary source of polarization via electron scattering.
   (ii) Accretion disk: multi-temperature disk emission with low intrinsic polarization (<1–2%), angle fixed to disk plane.
   (iii) Corona: Comptonized component with weak/moderate polarization, broad angular distribution.
2. Assign state-dependent priors informed by timing/spectral studies (e.g., increased BL fraction in banana state; stronger corona in island state).
3. Predict component-wise PD/PA signatures and variability; fit their normalizations jointly with polarization data rather than assuming a single effective emitter.

Step 3: Minimal physics core for BL/SL polarized transfer.
1. Solve polarized radiative transfer in the BL/SL using a plane-parallel or shallow-curvature slab with hydrostatic equilibrium enforced only locally.
2. Use a Kompaneets/Fokker–Planck approximation for Comptonization below ~10 keV, coupled to angle-dependent Thomson scattering matrices for Q,U; neglect V.
3. Free physical parameters: compactness u=GM/(Rc^2), inclination, BL/SL latitude extent, electron-scattering optical depth tau_es, spin frequency, and oblateness.

Step 4: Photoionization modeling with clear scope limits.
1. NS atmosphere: compute ionization balance (including N VII, O VIII, Ne IX) using XSTAR/CLOUDY microphysics on fixed T(z), n_e(z) profiles consistent with BL illumination; N VII used as a consistency check on xi and column, not as a unique depth probe.
2. Dip/wind absorber: independent photoionized slab with its own xi, column, velocity dispersion, and partial covering; include radiative acceleration and allow outflow velocities inferred from line shifts/broadening.
3. No hydrostatic constraint is applied to the dip absorber; its role is to modulate flux and polarization via absorption and scattering only.

Step 5: GR, spin, and polarization transport as first-class elements.
1. Perform GR ray tracing from the BL/SL to the observer using Schwarzschild plus Hartle–Thorne corrections for rotation-induced oblateness.
2. Include Doppler boosting and aberration from spin; parallel transport polarization vectors along geodesics.
3. Treat spin and oblateness as free parameters with astrophysically motivated priors, marginalized jointly with u.

Step 6: Solver architecture, validation, and identifiability tests.
1. Use a hybrid approach: deterministic solvers for ionization and BL transfer; precomputed response grids to enable automatic differentiation or efficient sampling.
2. Validate polarized transfer against at least one established Monte Carlo benchmark (e.g., slab scattering tests) and photoionization against standard XSTAR/CLOUDY outputs.
3. Conduct Fisher and synthetic-injection studies with realistic IXPE/RGS responses to demonstrate which parameters (u, tau_es, inclination, BL latitude) are constrained and under what S/N; explicitly show the limited leverage of N VII alone.

Step 7: Joint inference and robustness checks.
1. Fit IXPE + grating + NICER data jointly with hierarchical nuisance parameters for turbulence, calibration, and partial covering.
2. Perform ablation tests removing GR effects, emission decomposition, or N VII constraints to quantify their impact on u and BL parameters.
3. Translate resulting (M,R) posteriors into EoS constraints and compare against spectroscopy-only and polarization-only baselines.","The revised proposal directly addresses reviewer concerns by tightening the physics to an identifiability-driven core. Hydrostatic equilibrium is no longer imposed on dipping/wind material, eliminating internal inconsistencies; instead, the absorber is treated as a dynamical photoionized slab with measurable velocity and ionization signatures. The explicit BL+disk+corona decomposition prevents polarization inversion from being prior-dominated and aligns with empirical state-dependent variability observed in atoll sources. N VII is repositioned from a sole depth diagnostic to a supporting ionization-consistency tracer, mitigating risks from line weakness, blending, and non-LTE effects. Solver feasibility is ensured by adopting controlled approximation regimes (Kompaneets scattering, slab geometry) validated against established Monte Carlo and photoionization codes, rather than attempting a fully general differentiable solver. Spin, oblateness, and Doppler effects are integrated as first-class parameters, ensuring that compactness signatures are not confounded. Finally, realistic exposure-time simulations and Fisher analyses explicitly demonstrate which parameters IXPE+gratings can constrain, providing a credible path to likelihood-driven M/R and EoS inference rather than aspirational overfitting.","This is a technically sophisticated and internally consistent proposal that directly engages with known bottlenecks in neutron-star polarization inference. The engineering plan is unusually detailed for a proposal, with explicit solver approximations, validation steps, and identifiability tests that demonstrate maturity and realism. The logical structure—separating BL/SL, disk/corona, and dip absorber physics while marginalizing over their polarization contributions—is well motivated and addresses past reviewer concerns head-on. Minor weaknesses stem from residual modeling idealizations: the plane-parallel/slab BL treatment may still under-represent lateral radiative coupling in extended spreading layers, and the reliance on long (>500 ks) IXPE exposures for a single benchmark source carries schedule and sample-size risk. These issues slightly limit robustness but do not undermine the core logic."
"Refined Hypothesis (Quantified Identifiability): Galactic star formation history (SFH) is *partially and scale-dependently identifiable* from the joint distribution of compact-object X-ray binaries and core-collapse supernovae when (i) the dynamical evolution of binaries is encoded in a reduced, physically sufficient transport state, (ii) disk-instability–regulated duty cycles and metallicity-dependent wind accretion are treated as explicit latent processes, and (iii) at least one independent observable constraining nuisance physics (e.g., spatial offsets or donor-type fractions) is included. The recoverable SFH is band-limited in lookback time: recent SFH (≲100 Myr) is constrained primarily by CCSN rates and HMXBs, while intermediate-to-old SFH (∼0.5–8 Gyr) is constrained only in coarse temporal modes through LMXBs with long delay kernels. The core mechanism enabling identifiability is not elimination of degeneracy, but its controlled localization: angular-momentum–driven transport and mass-transfer stability physics fix the *shape* of delay kernels, while explicit modeling of duty cycles, winds, and kicks prevents these effects from masquerading as SFH variations. Identifiability is therefore achieved in a quantified Fisher-information sense, yielding a finite number of recoverable SFH modes whose resolution degrades with lookback time and metallicity uncertainty.","1) Minimal-but-sufficient state reduction and latent variables:
   - Reduce the transport state from (P, M_d, M_c, \dot{M}) to (\tau_d, M_c, Z, s), where \tau_d is the donor evolutionary clock (time since ZAMS or since CCSN, depending on channel), Z is metallicity, and s is a discrete accretion state (persistent vs transient). Orbital period and donor mass are integrated out analytically using invariants of Roche geometry and mass–radius relations, retaining their influence through precomputed kernels.
   - Introduce an explicit latent duty-cycle variable f_duty(\tau_d, M_c, Z) governed by a disk-instability criterion (critical \dot{M}_crit from irradiated disk theory). Observed XLF is modeled as a duty-cycle–weighted luminosity distribution, not an instantaneous \dot{M} map.
   - Separate accretion modes: (i) Roche-lobe overflow (LMXB/HMXB), (ii) wind-fed HMXBs with Bondi–Hoyle accretion rates explicitly dependent on Z through line-driven wind prescriptions.

2) Differentiable transport operator with smoothed thresholds:
   - Define a conservative transport equation for f(\tau_d, M_c, Z, s; t) with CCSN injection as a source term tied to SFH(t) via IMF integration.
   - Replace sharp stability boundaries (CE onset, Eddington limit, beaming activation) with continuously differentiable sigmoid or softplus transitions whose widths are physically motivated (e.g., thermal timescale spreads, observational scatter).
   - Validate differentiability by adjoint-gradient tests against finite-difference gradients on reduced test problems (1D delay kernel, 2D mass–time slices).

3) Quantitative identifiability program:
   - Fisher-information analysis: compute the Fisher matrix for SFH spline coefficients under realistic nuisance priors (binary fraction, natal kicks, CE efficiency, metallicity-dependent winds, duty-cycle parameters) and survey selection functions. Report the number of SFH modes with signal-to-noise > 1 as a function of lookback time.
   - Simulation-based calibration (SBC): generate mock galaxy populations with known SFHs, forward-model XLF + CCSN + auxiliary observables, and recover SFH posteriors. Demonstrate bias, variance, and mode-mixing, explicitly identifying irreducible degeneracies.
   - Output: a ‘recoverability map’ giving achievable time resolution Δt(t_lookback) rather than a claim of full SFH reconstruction.

4) Required auxiliary observables to break dominant degeneracies:
   - Spatial offsets of XRBs relative to star-forming regions to constrain natal kicks and delay times (especially separating young HMXBs from older LMXBs).
   - Donor-type or spectral-state fractions (e.g., ULX hard/soft states, NS vs BH indicators) to constrain radiative efficiency and beaming prescriptions.
   - Where available, orbital-period distributions or variability statistics to constrain duty-cycle physics.
   These observables enter the joint likelihood as additional projections of the same reduced transport state.

5) Inference and deliverables:
   - Represent SFH(t) as a nonnegative spline or log-Gaussian process. Infer jointly with nuisance parameters under the full likelihood.
   - Deliver not a single SFH curve, but (i) band-limited SFH reconstructions with quantified temporal resolution, (ii) posterior distributions of duty cycles and wind-accretion efficiencies, and (iii) falsifiable predictions for XRB demographics, CCSN remnants, and spatial distributions.","1) Addressing overclaimed identifiability: The proposal explicitly abandons full SFH recovery in favor of a quantified, information-theoretic statement of what temporal modes are recoverable. By reducing the state space and integrating out weakly constrained dimensions, the inference problem is matched to the information content of XLF + CCSN + auxiliary observables.
2) Physical realism where it matters most: Disk instability and duty cycles—dominant uncertainties for LMXBs—are elevated to first-class latent variables. Metallicity-dependent winds are treated explicitly for HMXBs, preventing them from mimicking SFH variations. These additions directly respond to reviewer concerns about dominant degeneracies.
3) Numerical robustness: Smoothed thresholds make the transport operator differentiable by construction, enabling stable adjoint gradients. Conservative finite-volume schemes are retained only in the reduced state, lowering dimensionality and computational risk relative to a full 4D PDE.
4) Comparative advantage retained but clarified: The method remains distinct from population synthesis by enforcing conservation laws and torque-driven evolution, but its advantage is reframed as controlled extrapolation and calibrated uncertainty rather than absolute identifiability. The inclusion of auxiliary observables is declared necessary—not optional—for achieving the stated SFH constraints.
5) Clear, testable deliverables: By committing to recoverability maps and Fisher/SBC diagnostics, the proposal provides concrete criteria by which success or failure can be judged, aligning expectations with realistic survey capabilities and galaxy-to-galaxy systematics.","The proposal is methodologically ambitious and largely coherent: it correctly reframes “identifiability” as recovery of band-limited SFH modes and makes nuisance physics explicit to avoid absorbing it into SFH. However, several key pieces remain under-specified in ways that directly impact both correctness and feasibility. (i) The proposed state reduction to (\tau_d, M_c, Z, s) risks non-identifiability or bias unless the mapping from eliminated variables (P, M_d, q) to observable luminosity/duty-cycle distributions is demonstrated to be sufficient across mass-transfer regimes; Roche-geometry ‘invariants’ and mass–radius relations are not unique across evolutionary stages, irradiation levels, and composition, and may not preserve the kernel shapes the identifiability argument relies on. (ii) The CCSN “injection” term tied to SFH via IMF is plausible, but the joint likelihood implicitly assumes well-characterized completeness/contamination for CCSN samples across galaxy types and distances; without an explicit selection+extinction model, the Fisher/SBC results can be overly optimistic and misattribute CCSN incompleteness to SFH modes. (iii) Smoothed thresholds improve differentiability but can change the physics: the width parameters become additional hyperparameters that may reintroduce degeneracy with SFH (effectively acting like kernel broadening in lookback time). The proposal does not specify how these widths are constrained independently (e.g., from resolved populations or transient statistics) or how sensitive recoverable modes are to them. (iv) The auxiliary observables are directionally correct, but the proposal does not specify a concrete, survey-realistic data model for offsets (projection effects, astrometric uncertainties, association criteria with SF regions) or donor-type fractions (classification error, state hysteresis), both of which strongly affect information content. Overall, the scientific mechanism is sound, but the claimed ‘physically sufficient’ reduction and the practical identifiability gains hinge on assumptions that need sharper validation and error modeling."
"For neutron-star merger transients (kilonova + broadband afterglow, with optional long-lived magnetar engine), the optical peak luminosity and peak time can be predicted with lower systematic error by performing a time-domain energy-budget inversion that jointly fits (i) r-process radioactive heating and multi-component diffusion, (ii) viewing-angle–dependent radiative transfer via a calibrated emulator with explicit model-discrepancy terms, and (iii) external-shock afterglow dynamics constrained by X-ray/radio and gamma-ray prompt energetics (detections or strict upper limits), while enforcing conservation and causality structurally. Mechanistic rationale: the kilonova peak is set by the heating rate at the component-wise diffusion time (t_d,i ∝ (κ_i M_i / v_i c)^{1/2}) and by thermalization efficiency; however, the same merger also partitions energy into a relativistic outflow that produces afterglow emission and (sometimes) prompt gamma-rays. By fitting the afterglow and prompt energetics simultaneously, the inversion bounds any late-time central-engine energy injection that could otherwise be spuriously absorbed into the optical peak through opacity–mass–engine degeneracies. The refined approach overcomes reviewer-noted limitations by (a) restricting to a single coherent source class (NS mergers) and replacing the pulsar curvature-radiation module with merger-appropriate gamma-ray constraints (E_{γ,iso}, prompt duration/spectrum when detected; LAT/GBM non-detection likelihoods otherwise), (b) adding formal identifiability via synthetic injection-and-recovery across radioactive-only vs engine-injected regimes and across viewing-angle/opacity structure, (c) upgrading uncertainty quantification with calibrated hybrid posterior exploration that detects multimodality, and (d) explicitly representing kilonova complexities (multiple ejecta components, wavelength-dependent opacity/thermalization, and viewing-angle effects) with emulator uncertainty propagated into the likelihood so that any tightened peak-luminosity prediction reflects real information rather than model rigidity.","Step 0 — Scope lock and target sample (single phenomenology):
0.1 Source class: confirmed/credible NS–NS or NS–BH mergers with (a) optical/NIR kilonova light curves around peak and (b) X-ray detections or informative upper limits; include radio when available. Include GW170817/AT2017gfo as the anchor; add events from O3/O4 with reported kilonova candidates and afterglow constraints.
0.2 Gamma-ray constraints: use GRB prompt measurements when present (Fermi-GBM, Swift-BAT; include Konus-Wind where available) and incorporate LAT detections or upper limits (time-dependent) when relevant. For non-detections, treat as censoring with instrument response and background modeling (not as hard cuts).

Step 1 — Data reduction and likelihood-ready products with explicit systematics:
1.1 Distances: GW luminosity-distance posteriors when available; otherwise host-redshift distances with peculiar-velocity dispersion; keep distance as a sampled nuisance with its own likelihood term.
1.2 Optical/NIR: build multi-band light curves with extinction corrections; include calibration covariance across bands and epochs. Retain photometric zero-point uncertainty and host subtraction uncertainty as additive variance components.
1.3 X-ray: reduce Chandra/XMM/Swift-XRT spectra and light curves with response matrices; model fluxes in physical space (absorbed power-law with N_H uncertainty). Keep cross-mission calibration offsets as nuisance parameters.
1.4 Radio (if present): compile flux densities with beam/systematic uncertainties; treat scintillation as extra variance when appropriate.
1.5 Prompt gamma-rays: infer E_{γ,iso}, spectral parameters (Band/CPL), and duration with full posterior (or Gaussian approximation with covariance). For upper limits, compute energy-flux likelihood from GBM/BAT/LAT analyses given exposure and background.

Step 2 — Differentiable forward model upgraded for merger physics (multi-component, angle, wavelength):
2.1 Ejecta decomposition (minimum sufficient complexity): represent ejecta as 2–3 components with distinct (M_i, v_i, κ_i, composition proxy Y_{e,i} or lanthanide fraction X_{lan,i}). Recommended baseline:
- Dynamical component: fast, lanthanide-rich (higher κ), potentially equatorial.
- Wind component: slower/moderate κ, polar-enhanced.
- Optional “blue” early component if required by data.
Enforce priors consistent with simulations (e.g., v_i ∈ [0.03c, 0.8c], M_i ∈ [10^{-4}, 0.2] M_⊙; κ_i mapped from X_{lan,i} via bounded monotone function).
2.2 Radioactive heating + thermalization: use 
\dot{q}_{r}(t)=q_0 (t/1\,\mathrm{day})^{-\alpha} with component-specific thermalization f_{th,i}(t; M_i,v_i,κ_i) using a differentiable fit (Barnes-like functional form). Constrain (q_0, α) to r-process network-consistent ranges; allow a global “heating uncertainty” hyperparameter to capture nuclear-physics variance.
2.3 Radiative transfer emulator (viewing-angle + wavelength): replace the one-zone gray photosphere with a calibrated emulator trained on published multidimensional kilonova RT grids (e.g., multi-component, angle-dependent SEDs). Architectural specificity:
- Inputs: (M_i, v_i, X_{lan,i}) for each component, viewing angle θ_obs, time t.
- Outputs: band luminosities (ugrizYJHK) or SED coefficients.
- Use a monotone-constrained neural surrogate (e.g., lattice/partial monotonicity) enforcing that higher κ or X_{lan} reddens/delays peaks and that larger M increases diffusion time.
- Add an explicit emulator discrepancy term: per-band, time-correlated Gaussian process residual with hyperparameters learned jointly but anchored by validation errors on held-out RT models. This prevents artificial overconfidence from emulator rigidity.
2.4 Engine injection (optional, physically bounded): include a magnetar-like energy source only as a nested model with strict causal coupling:
- Spin-down luminosity L_sd(t)=L_0/(1+t/t_sd)^2 with parameters (P_0,B) mapped to (L_0,t_sd).
- Deposition into thermal ejecta via a time-dependent trapping factor g_trap(t; M_i,v_i,κ_i) that declines as optical depth drops; enforce that only trapped fraction heats the kilonova.
- Separately, allow a fraction to power late energy injection into the blast wave (afterglow energy-injection term), but enforce a single shared reservoir so the model cannot “double spend” engine energy.
2.5 Afterglow model (closure-aware but regime-robust): implement a structured-jet + external shock model with:
- Angular structure (Gaussian or power-law): E(θ), Γ(θ) with a small parameter set.
- Dynamics: semi-analytic blast-wave evolution with optional energy injection term tied to the same engine reservoir.
- Radiation: synchrotron with self-consistent spectral breaks (ν_m, ν_c, ν_a) computed and used to generate fluxes in X-ray/radio; allow both ISM and wind density profiles as competing discrete variants.
- Validity checks: compute implied temporal/spectral slopes and compare to observed slopes; if inconsistent, activate a model-misspecification flag and inflate likelihood via a controlled error model (rather than forcing a wrong closure regime).
2.6 Prompt gamma-ray constraint module (merger-appropriate):
- If prompt detected: connect E_{γ,iso} to jet energy via E_{γ,iso}=η_γ E_{k,iso} with η_γ in a bounded prior; incorporate spectral peak constraints.
- If prompt not detected: include likelihood of non-detection given instrument threshold and off-axis structured-jet emission predictions (censoring likelihood). LAT upper limits similarly constrain high-energy afterglow components.

Step 3 — Structural constraint enforcement (exact, not penalty-based):
3.1 Global energy accounting: define reservoirs for (a) radioactive energy budget (treated as heating rate with bounded normalization), (b) engine rotational energy E_rot (if engine model active), and (c) blast-wave kinetic energy E_k(t). Parameterize allocations with simplex transforms so that at any time the sum of (thermal deposition into ejecta + injected kinetic power + prompt gamma output) cannot exceed available engine power.
3.2 Causality/kinematics: enforce v_i < 0.8c via sigmoid; enforce ordering constraints where needed (e.g., diffusion time positivity; optical depth monotonic decrease).
3.3 Viewing-angle consistency: a single θ_obs controls both kilonova angle-dependent emission and structured-jet afterglow geometry.

Step 4 — Identifiability plan (mandatory synthetic recovery across regimes):
4.1 Simulation grid: generate synthetic datasets spanning:
- Radioactive-only vs engine-injected (vary P_0,B; trapped fractions).
- Opacity/composition extremes (lanthanide-rich vs lanthanide-poor), multi-component mass partitions.
- Viewing angle θ_obs from 0–90°.
- External density n spanning 10^{-5}–1 cm^{-3}, microphysics (ε_e, ε_B, p), and jet structure.
Include realistic cadence, band coverage, and instrument-specific noise/upper limits (including GBM/LAT non-detections).
4.2 Injection-and-recovery metrics:
- Peak luminosity and peak time recovery (bias, RMSE) with optical peak held out (predict-from-X/radio/gamma + pre-peak optical).
- Correct model selection: frequency of correctly rejecting engine-injection when none is present, and correctly preferring it when present, using calibrated Bayes factors/LOO or information criteria with held-out predictive scores.
- Degeneracy maps: compute posterior correlation/identifiability of (M_i, κ_i, θ_obs, engine parameters) and document regimes where peak is not identifiable (declare as limitations with required data conditions).

Step 5 — Inference and UQ upgrade beyond Laplace (hybrid, coverage-checked):
5.1 Primary inference: compute MAP with gradient-based optimization (L-BFGS/Adam) using autodiff through the full differentiable surrogate.
5.2 Posterior exploration: run tempered MCMC (parallel tempering or annealed NUTS where feasible) or a normalizing-flow variational posterior initialized at MAP. Use tempering specifically to detect multimodality (e.g., θ_obs–E_k tradeoffs).
5.3 Calibration and coverage:
- Simulation-based calibration (SBC): rank-statistics over synthetic injections for key targets (L_peak, t_peak, M_ej totals, θ_obs, E_k).
- Profile likelihood coverage checks for L_peak and t_peak: verify nominal 68/95% intervals achieve correct frequentist coverage under simulated conditions.
- Posterior predictive checks in each band and in X-ray/radio temporal slopes.

Step 6 — Prediction task and evaluation aligned to the hypothesis:
6.1 Primary prediction: infer L_peak and t_peak with partial data (exclude near-peak optical points) and quantify uncertainty; compare to held-out measurements.
6.2 Secondary outputs: component ejecta masses/velocities/opacities; θ_obs; constraints on central engine presence; circumbinary density.
6.3 Systematic error attribution: decompose uncertainty in L_peak into (distance, extinction/calibration, emulator discrepancy, afterglow model uncertainty, nuclear heating hyperparameters) via variance decomposition using posterior samples and controlled re-fits.

Step 7 — Falsification and robustness:
7.1 Mechanistic variants (nested): (A) radioactive-only, (B) radioactive+engine thermal injection, (C) radioactive+engine injection to blast wave, (D) both channels. Compare using SBC-calibrated selection metrics and held-out predictive performance.
7.2 Sensitivity to RT-emulator choice: repeat with an alternative emulator family or with inflated discrepancy priors; demonstrate that improved peak prediction is not an artifact of overly confident RT modeling.
7.3 Report explicit “non-identifiable” regimes (e.g., sparse multi-band coverage; no X-ray/radio) where the method cannot tighten L_peak beyond standard kilonova diffusion fits.","1) Population/phenomenology coherence: The revised scope uses only NS-merger kilonova+afterglow systems; gamma-ray information is incorporated solely in merger-appropriate form (prompt energetics and LAT/GBM upper limits), eliminating the earlier pulsar-analogy mismatch and the risk that a curvature-radiation module injects irrelevant structure.
2) Identifiability is made explicit rather than assumed: the proposal now includes mandatory synthetic injection-and-recovery across radioactive-only/engine-injected/opacity/viewing-angle regimes, with quantitative criteria for (i) recovering L_peak and t_peak and (ii) correctly rejecting incorrect mechanistic variants. This directly addresses the reviewer’s concern that mismodeled high-energy components could masquerade as optical engine injection.
3) Kilonova peak-controlling physics is represented at the required level: multi-component ejecta + viewing-angle dependence + wavelength-dependent opacity/thermalization are handled by a calibrated radiative-transfer emulator, and crucially, emulator error is carried as a learned discrepancy process so uncertainty is not artificially tightened near peak.
4) Afterglow modeling is robust to conditional closure validity: structured jets, discrete density-profile variants, and regime-consistency checks reduce the chance of forcing an incorrect closure relation; remaining mismatch is handled via controlled likelihood inflation and flagged as model misspecification.
5) UQ is upgraded beyond Laplace: MAP optimization is retained for computational tractability, but is paired with tempered posterior exploration (MCMC/VI) to reveal multimodality and with SBC + profile-likelihood coverage checks to calibrate interval statements. This prevents overstated precision in the presence of degeneracy.
6) Empirical anchor and data realism: GW170817 provides a well-observed benchmark spanning optical/NIR, X-ray, radio, and gamma constraints; additional O3/O4 events provide diversity in viewing angle and ejecta properties. The method’s feasibility rests on existing multi-messenger datasets and on the availability of RT grids suitable for emulator training/validation, with explicit discrepancy terms to remain conservative where grids are sparse.","Methodologically, the proposal is strong: it specifies likelihood-ready data products, a differentiable forward model, structured constraints (shared energy reservoir; single viewing angle across kilonova/afterglow), and a credible identifiability program using injection–recovery and SBC. The main deductions are (i) empirical feasibility/identifiability risk given the small number of events with simultaneous well-sampled kilonova peaks and informative X-ray/radio constraints beyond GW170817, making claims of reduced *systematic* error hard to substantiate as a population statement; (ii) the emulator/discrepancy plan is directionally correct but underdetermined—training-set coverage, domain shift from published RT grids to real events, and identifiability between “discrepancy GP” vs physical parameters can easily reintroduce degeneracy unless tightly controlled; (iii) the joint prompt non-detection likelihood for off-axis structured jets is nontrivial and may dominate constraints through instrument modeling assumptions, risking model-dependent tightening rather than information gain; and (iv) the required concept chain includes “gamma-ray pulsar,” which is explicitly excluded—scientifically correct for NS mergers, but it lowers chain compliance under the rubric as written."
"In neutron stars that alternate between accretion-powered (disk+corona) and magnetospheric-dominated emission, the commonly inferred small X-ray blackbody radius is not primarily a spectral-decomposition artifact but a geometric-selection effect produced by (i) partial occultation of the stellar surface by an optically-thick, vertically extended inner flow/corona and (ii) phase-dependent dilution by non-thermal magnetospheric synchrotron. The mechanism is that a finite-height coronal structure and truncated disk set an energy-dependent visible fraction of the surface (and boundary layer) through occultation plus anisotropic scattering, while magnetospheric synchrotron adds a pulsed, hard component that biases thermal normalization when phase-averaged. We will test this by a structurally novel methodological adaptation: replace additive multi-component spectral fitting with a joint time–energy forward model that infers the blackbody radius from eclipse/occultation geometry and pulse-phase resolved transfer, using a differentiable ray-tracing + occultation operator coupled to a minimal electrodynamic synchrotron template constrained by pair-production thresholds. This geometry-first inference will recover the true emitting area and, via GR redshift and surface gravity dependence, tighten neutron-star mass–radius and equation-of-state constraints; it will also predict whether an EGRET-like GeV tail is energetically and geometrically allowed in the same epochs.","Step 1: Specific system setup or data preparation.
- Target selection: (a) high-inclination accreting neutron-star systems with dipping/eclipsing signatures or strong orbital modulations indicating vertical structures (inner disk rim/corona), and (b) young rotation-powered pulsars historically associated with EGRET-source fields (e.g., PSR B1706-44 class) to anchor magnetospheric synchrotron pulse morphology. Require contemporaneous X-ray timing capability (NICER/XMM/Chandra) and hard X-ray coverage (NuSTAR/INTEGRAL where available); collect Fermi-LAT upper limits/detections as the modern EGRET analog.
- Data products: construct event-level time-tagged photon lists; generate (i) energy-resolved light curves across orbital phase (for dips/eclipses) and spin phase (for pulsations where present), and (ii) phase-resolved spectra (orbital-phase bins × spin-phase bins) rather than phase-averaged spectra. Build instrument response matrices per epoch and apply strict simultaneity windows.
- Priors/auxiliary constraints: distance constraints (Gaia/cluster/Type I burst PRE where available), binary inclination from optical light curves, spin frequency from timing, and an initial magnetic-field scale from torque/propeller indicators (e.g., luminosity drops) without enforcing any propeller switch model.

Step 2: Detailed implementation of the adapted methodology.
- Core adaptation: a differentiable geometric transfer operator that maps intrinsic surface emission to observed counts by explicit occultation and scattering geometry, not additive components.
  (a) Intrinsic thermal emission: parameterize surface emission as full-surface atmosphere-like intensity pattern plus optional boundary-layer belt; use a compactness-dependent beaming law I(\mu; g, T, composition) with a low-dimensional surrogate (emulator) trained on atmosphere grids. Free parameters: M, R, composition-mixture weight, and temperature map parameters.
  (b) Corona/disk occultation operator: model the inner flow/corona as a 3D toroidal/sandwich structure with height H(r) and optical depth profile \tau(r,\theta). Instead of Comptonizing via an additive kernel, implement an ""occultation + scattered-leakage"" operator: photons are either blocked (geometric occultation by disk rim/corona) or redirected with an angle-dependent single-/few-scatter approximation whose amplitude is tied to \tau and electron temperature through an energy-dependent albedo A(E; kT_e, \tau). This explicitly changes the visible emitting area as a function of energy and orbital phase.
  (c) Magnetospheric non-thermal synchrotron template: implement a pulsed synchrotron spectrum with curvature-limited maximum energy set by E_|| balance and pair-production transparency. Rather than fitting a free power law, constrain the electron Lorentz-factor distribution by requiring (i) synchrotron critical energy consistent with local B at an emission altitude h and (ii) pair-opacity \tau_{\gamma B} < 1 along escaping rays. Free parameters: emission altitude h (in units of R), pitch-angle proxy, and normalization bounded by available power (spin-down for pulsars; a bounded fraction of accretion power for accretors).
  (d) Joint time–energy likelihood: fit photon counts in (energy, orbital phase, spin phase) bins with a Poisson likelihood. The key is that blackbody radius (emitting area) is inferred primarily from the modulation/occultation geometry (how the thermal component is ""carved"" in time) rather than from spectral normalization alone.
  (e) Nuclear-physics linkage: map inferred (M,R) to EOS using a constrained EOS basis (e.g., spectral representation of the adiabatic index) with hard physical bounds (thermodynamic stability, causality c_s<=c, and ability to support >=2 M_sun). Here, EOS parameters are inferred from the geometry-driven M,R posteriors without embedding EOS priors into the radiative-transfer model itself.

Step 3: Rigorous validation and analytical framework.
- Internal identifiability tests: run simulation-based calibration with injected synthetic systems spanning H/R, \tau, and hotspot/boundary-layer morphologies; verify unbiased recovery of emitting area and compactness, and quantify degeneracy breaking gained by orbital/spin phase information.
- Cross-epoch consistency: for each accretor, test whether the recovered emitting area and (M,R) remain stable across luminosity states while geometric parameters (H, \tau) vary; instability would falsify the occultation mechanism.
- Multi-band falsification (EGRET/Fermi): using the fitted magnetospheric altitude and pair-transparency constraints, predict the 0.1–10 GeV pulsed flux and compare to Fermi-LAT limits/detections; if the model requires pair-opaque conditions or exceeds limits, magnetospheric synchrotron as the contaminant is ruled out.
- EOS impact assessment: propagate (M,R) posteriors to EOS credible bands; compare to results from traditional phase-averaged spectral fits by evaluating information gain (e.g., KL divergence) and posterior volume reduction under the same external distance priors.
- Systematics audit: vary atmosphere emulator, scattering order in the corona operator, and instrument calibration perturbations; require that EOS-relevant quantities (R at 1.4 M_sun, maximum mass) are stable within stated uncertainties.","1. Theoretical/Empirical Basis: Asset 2 shows that in transient neutron-star accretors the inner disk radius approaches the neutron-star radius in soft states and truncates in hard/decay phases, implying strong geometric changes near the star that can modulate the visible thermal area independent of true radius. Asset 3 demonstrates that thermal blackbody radii can appear small in pulsars with coexisting non-thermal magnetospheric synchrotron and that resolving/phase-separating components is crucial; this motivates a phase-resolved approach where geometry and pulsations, not just spectra, separate thermal and non-thermal emission.
2. Transfer Logic (How the adaptation fits the domain): High-energy astrophysical inference is limited by spectral degeneracies among thermal normalization, coronal reprocessing, and hard tails. The proposed adaptation shifts the primary estimator of emitting area from spectral normalization to time-domain geometric signatures (eclipses/dips and pulse-phase dependence) computed with GR-aware ray tracing plus explicit occultation. This respects conservation laws (photon number accounting through blocked vs scattered channels), includes GR light bending in the forward model, and interfaces cleanly with nuclear-physics EOS constraints via physically bounded EOS parameterizations.
3. Comparative Advantage: Unlike the rejected additive, jointly coupled spectral-transfer + hierarchical Bayesian framework, this approach is structurally different: it uses event-level, phase-resolved geometric inference with an occultation/scattered-leakage operator, making the blackbody radius a geometric observable. This reduces reliance on phenomenological Comptonization and breaks degeneracies using modulation patterns. It yields a sharper, falsifiable prediction for EGRET/Fermi-band emission through pair-transparency-limited synchrotron, and it provides EOS constraints driven by compactness inferred from GR-modulated light curves and occultation geometry rather than from potentially biased phase-averaged spectral radii.","This is a technically ambitious and intellectually serious proposal that targets a well-known bottleneck in neutron-star radius inference. The core logic—that phase-resolved geometric modulation can decouple true emitting area from spectral-normalization biases—is sound and well motivated. The engineering plan is detailed and largely credible, particularly the event-level likelihood, GR ray tracing, and identifiability tests. However, there are score deductions for (i) underestimating computational and modeling risk: the corona occultation + scattered-leakage operator is only approximately specified, yet it is central to the inference; (ii) potential parameter degeneracy between coronal geometry (H, τ), atmosphere beaming, and boundary-layer morphology, which may not be fully broken even with phase information; and (iii) the magnetospheric synchrotron component, while physically constrained, may still be too weak or absent in many accreting systems to reliably bias thermal normalization, limiting universality of the hypothesis. Evidence grounding is strong but slightly diluted by reliance on EGRET-era analogies where modern Fermi constraints are already stringent. Overall, the proposal is high-level, non-generic, and conceptually novel, but carries significant implementation risk that is acknowledged only indirectly."
"FRB 20200120E and magnetar giant-flare phenomenology (anchored by SGR 1806-20) arise from a common magnetospheric energy-loading-and-release mechanism in a neutron star, in which localized magnetic energy density (B^2/8π) intermittently crosses a crust–magnetosphere coupling threshold that excites (i) a coherent radio emission component (FRB microstructure) and (ii) high-energy flare tails with quasi-periodic oscillations tied to toroidal crustal shear modes. To test this mechanistically (rather than correlatively), we will adapt pulsar timing to a physically constrained, emission-component–aware ‘shape–phase–energy’ timing framework: a multi-component, polarization-resolved generative template model whose latent state is forced to obey energy conservation and magnetar-structure priors (TOV/causality-limited EOS + crust shear-mode spectrum). This adaptation removes the key limitation of standard timing (arrival-time estimation assuming a stationary profile) by explicitly separating intrinsic emission-component evolution from true rotational phase, enabling simultaneous inference of (a) torque/phase evolution, (b) magnetospheric energy density loading, and (c) crustal mode parameters that map to the neutron star EOS.","Step 1: Specific system setup or data preparation.
1.1 Assemble time-tagged, baseband or coherently dedispersed voltage data where available for FRB 20200120E (microsecond/nanosecond-resolved bursts) and high-time-resolution pulse-profile data for a control millisecond pulsar exhibiting profile changes (e.g., J1643-1224-like behavior) to benchmark timing bias from evolving emission components.
1.2 Compile SGR 1806-20 giant-flare tail light curves and any reported QPO catalogs; include gamma-ray decay-line constraints relevant to post-flare r-process emission components to parameterize nuclear-decay-powered high-energy components (line energies/half-lives) as a separable emission basis.
1.3 Adopt a neutron-star structural prior family: EOS parameterization constrained by causality (sound speed <= c) and stability; compute TOV mass–radius curves and crust properties (shear modulus profile) to forward-predict toroidal mode eigenfrequencies (including GR redshift) as a function of EOS parameters.

Step 2: Detailed implementation of the adapted methodology.
2.1 Build a component-resolved profile/burst generator in which the observed signal is a sum of emission components, each with its own spectral index, polarization (full Stokes), and temporal kernel. For FRB 20200120E, represent sub-bursts as a sparse mixture of relativistically time-compressed kernels; enforce an emitting-region size prior consistent with light-travel-time constraints (e.g., ~30 m scale) but allow relativistic Doppler factors.
2.2 Replace conventional TOA estimation (single fixed template cross-correlation) with a joint inference of rotational phase and component morphology: a hierarchical Bayesian model (or physics-informed variational inference) that treats profile shape changes as a low-dimensional latent process rather than timing noise. The likelihood is evaluated on Stokes profiles (not only total intensity), reducing degeneracy between true phase shift and component reshaping.
2.3 Introduce explicit physical constraint terms (methodological adaptation):
- Magnetospheric energy budget constraint: the time-integrated radiated energy in each component (radio coherent, X/gamma tail, nuclear-decay lines) cannot exceed the inferred local magnetic free energy available in a reconnecting volume, parameterized by magnetic energy density B^2/8π and an effective volume tied to the kernel size and field geometry. This couples measurable fluence/brightness temperature (FRB) and flare energetics (SGR 1806-20) to a shared latent ‘energy-loading’ variable.
- Crust–mode spectral constraint: when QPO-like modulation is present (SGR tail; and any periodic microstructure in FRB component spacing), allow only modulation frequencies consistent with the predicted toroidal shear-mode spectrum for the inferred EOS/mass/radius (including magnetic-field corrections above ~4×10^15 G for higher-order modes). This links observed modulation to crust physics rather than arbitrary Fourier components.
- Torque/phase evolution constraint: phase derivatives (spin-down/torque variations) are regularized by magnetospheric torque models consistent with dipole+twist scenarios, preventing unphysical phase wander being absorbed as morphology.
2.4 Perform joint posterior sampling/inference across datasets to obtain: (i) unbiased phase/timing parameters, (ii) component-specific evolution timescales, (iii) magnetospheric energy-density trajectories, and (iv) EOS-sensitive crust parameters. Explicitly test whether a single mechanism class (energy-loading threshold + crust coupling) can explain both FRB microstructure energetics and SGR-tail/QPO energetics within the same constrained parameter family.

Step 3: Rigorous validation and analytical framework.
3.1 Injection-recovery tests: simulate pulsar/FRB profiles with controlled component morphing and known phase evolution; quantify bias of standard timing vs the adapted method in recovering phase/torque under varying component asymmetry and polarization evolution.
3.2 Model comparison with Bayes factors / information criteria: compare (A) unconstrained shape-aware timing, (B) constrained energy-density + crust-mode model (proposed), and (C) standard stationary-template timing, using predictive checks on held-out bursts/epochs.
3.3 Physical consistency checks: verify inferred magnetic energy densities and volumes do not violate causality/light-crossing limits, and that inferred EOS parameters satisfy stability and known mass constraints; confirm that any inferred nuclear-decay component parameters are consistent with plausible r-process yields (order ~10^-6 Msun for SGR 1806-20-like events) and gamma-ray line detectability.
3.4 Deliverables: a calibrated ‘emission-component–aware timing’ pipeline; constraints on (i) the fraction of apparent timing noise attributable to emission-component variability, (ii) the allowed magnetospheric energy density needed to power FRB 20200120E components, and (iii) EOS-sensitive crustal shear properties consistent with SGR-like QPO phenomenology.","1. Theoretical/Empirical Basis: Pulse-profile variability demonstrably contaminates timing (as in the emergence of new emission components), motivating a timing framework that separates morphology from phase. Magnetar giant flares (SGR 1806-20) exhibit energetics and pulsating tails consistent with a magnetar model, and crustal toroidal modes provide a quantitative, EOS-linked frequency prediction. FRB 20200120E has measured extreme brightness temperature and tight emitting-region size constraints, enabling energetic and causal bounds on coherent emission.
2. Transfer Logic (How the adaptation fits the domain): The adaptation extends pulsar timing from a stationary-template estimator to a physically constrained inference problem that respects conservation laws and neutron-star structure constraints. By enforcing energy-density limits and crust-mode spectra derived from TOV/EOS priors, the method encodes high-energy astrophysics and nuclear-physics mechanisms directly into the statistical architecture, rather than fitting black-box correlations.
3. Comparative Advantage: Standard timing absorbs emission-component evolution into spurious TOA shifts (‘timing noise’), losing mechanistic interpretability. Unconstrained shape models can fit morphology but yield physically meaningless latent states. The proposed constraint-coupled, component-resolved timing uniquely enables (i) unbiased phase/torque inference, (ii) inference of magnetospheric energy density histories tied to observed fluence/brightness, and (iii) EOS-relevant crust constraints via mode-locked modulation—providing a multi-messenger-capable pathway to connect FRB microstructure, SGR high-energy tails, and neutron-star nuclear physics in a single, falsifiable framework.","This is an unusually ambitious and technically sophisticated proposal that demonstrates strong command of pulsar timing, magnetar phenomenology, and neutron-star structure theory. The core strength lies in the explicit mechanistic coupling between emission-component evolution, magnetic energy density constraints, and crustal shear-mode physics, rather than post-hoc correlation. However, score deductions arise from (i) feasibility risk at the integration level: joint posterior inference across FRB baseband data, SGR gamma-ray tails, and EOS-dependent crustal modes is computationally and statistically fragile, with potential identifiability issues not fully quantified; (ii) partial overreach in treating FRB microstructure periodicities as directly comparable to SGR QPOs without a clearer separation between magnetospheric plasma timescales and elastic crustal modes; and (iii) reliance on data products (e.g., polarization-resolved FRB baseband, nuclear-decay gamma-line constraints for SGR 1806-20) that may be sparse or nonexistent in practice, increasing execution risk despite conceptual rigor."
"Neutron-star systems can produce black-hole–level jet efficiencies when an initially thin Shakura–Sunyaev disk transitions into a magnetically arrested, flux-saturated inner flow whose poloidal magnetic flux is set by the time-integrated accreted mass and is regulated by the neutron-star surface/boundary-layer electrodynamics; this flux drives an ultra-relativistic jet whose power and Lorentz factor imprint a coupled signature in (i) radio-jet morphology/brightness asymmetry and (ii) X-ray spectral reflection/continuum shape. Methodological adaptation: replace standard thin-disk spectral fitting and standalone radio proper-motion jet calorimetry with a single physics-informed, GRMHD-calibrated Bayesian inference pipeline that (a) parameterizes magnetic flux accumulation and saturation as a latent state variable linked to accreted mass history, (b) enforces conservation laws and relativistic beaming constraints, and (c) incorporates neutron-star equation-of-state (EoS)–consistent boundary-layer energetics and causality-limited mass–radius priors to break degeneracies between accretion power and jet power.","Step 1: Specific system setup or data preparation.
1.1 Select a compact sample of neutron-star X-ray binaries with known radio jets (including Circinus X-1) spanning low/hard, transitional, and soft states; require near-simultaneous radio (broadband flux + polarization + resolved structure where possible), X-ray spectroscopy (0.5–30 keV to capture disk, Comptonization, and reflection), and timing (QPOs/broadband noise) to constrain inner-flow geometry.
1.2 Build a uniform accreted-mass-history proxy: infer \,\dot{M}(t) from bolometric X-ray luminosity corrected for anisotropy and boundary-layer contribution; integrate to obtain \(\Delta M\) over outburst segments, with uncertainties propagated.
1.3 Precompute a GRMHD-informed emulator library: run (or curate from existing) NS GRMHD simulations spanning magnetic flux supply, spin, inclination, and surface conductivity; extract mappings from \(\Phi_{\rm BH/NS}\) and \(\dot{M}\) to jet power \(P_{\rm jet}\), magnetization \(\sigma\), and expected Lorentz factor \(\Gamma\), while tracking radiative efficiencies compatible with thin-disk vs MAD-like inner flows.

Step 2: Detailed implementation of the adapted methodology.
2.1 Adapted inference architecture (core innovation): construct a hierarchical Bayesian model with a latent magnetic-flux state variable \(\Phi(t)\) whose evolution is explicitly tied to accreted mass: \(d\Phi/dt = \eta_{\rm adv}\,\dot{M}^{1/2} - \Phi/\tau_{\rm diff}\), with saturation \(\Phi\le \Phi_{\rm MAD}(\dot{M},R,M)\). Here \(\tau_{\rm diff}\) encodes turbulent diffusion expected in a thin disk; the adaptation is to infer \(\tau_{\rm diff}\) and \(\eta_{\rm adv}\) jointly from data rather than assuming thin-disk transport.
2.2 Enforce physical constraints directly in the likelihood and priors:
- Energy conservation: \(L_{\rm bol} + P_{\rm jet} + P_{\rm wind} \le \eta(\text{EoS},M,R,\nu_{\rm spin})\,\dot{M}c^2\), with \(\eta\) computed from GR potential + boundary-layer dissipation consistent with the NS mass-radius relation.
- Relativistic beaming: connect radio/X-ray jet brightness ratio and apparent motions to \(\Gamma\) and inclination via Doppler factors; forbid superluminal-inconsistent parameter sets.
- Causality/EoS: impose priors from contemporary NS EoS ensembles (causal sound speed, maximum mass constraints) to restrict \(M,R\) and therefore boundary-layer energetics and escape speed.
2.3 Joint forward model:
- X-ray spectrum: thin-disk + Comptonization + reflection with geometry linked to \(\Phi\) (e.g., increased coronal compactness and truncated disk radius as \(\Phi\) approaches saturation), plus a boundary-layer component whose luminosity scales with \(M,R\) and spin.
- Radio jet: synchrotron spectrum with normalization tied to \(P_{\rm jet}\) and magnetization; include polarization constraints to infer ordered poloidal field fraction.
- Ultra-relativistic jet signature: require that inferred \(\sigma\) and \(\Gamma\) satisfy \(\Gamma\lesssim \sigma\) (efficient magnetic acceleration) and match observed X-ray jet knot energetics when resolved (as in Circinus X-1).
2.4 Computation: implement Hamiltonian Monte Carlo or nested sampling with the GRMHD emulator as a differentiable surrogate; validate emulator fidelity against held-out simulations to avoid bias.

Step 3: Rigorous validation and analytical framework.
3.1 Posterior predictive checks: reproduce (i) X-ray spectral shapes including reflection fraction and high-energy cutoff, (ii) radio spectral slopes and polarization, and (iii) resolved jet knot fluxes/length scales when available.
3.2 Model comparison against baselines:
- Baseline A: standard thin-disk spectral inference with independent jet-power estimates from radio scaling relations (no flux evolution, no EoS constraints).
- Baseline B: phenomenological jet–disk coupling models (e.g., \(P_{\rm jet}\propto \dot{M}^p\)) without magnetic-flux saturation.
Use Bayes factors / information criteria and evaluate reduction in degeneracies (e.g., \(\dot{M}\) vs \(P_{\rm jet}\)).
3.3 Mechanism tests (falsifiable predictions):
- If flux saturation drives efficiency, then episodes with larger integrated \(\Delta M\) at comparable instantaneous \(\dot{M}\) must show higher inferred \(\Phi\) and higher \(P_{\rm jet}/\dot{M}c^2\), along with harder X-ray continua or increased coronal compactness.
- For a fixed \(\Delta M\), systems with more compact EoS-allowed radii (higher surface escape speed) should permit larger boundary-layer power but not necessarily larger jet power unless \(\Phi\) saturates; this separates accretion luminosity effects from magnetic-flux-driven jet launching.
3.4 Cross-system generalization: test whether the inferred flux-transport parameters (\(\tau_{\rm diff},\eta_{\rm adv}\)) cluster by accretion state rather than by source, supporting a universal mechanism.
3.5 Multi-messenger linkage (optional extension): for NS systems with burst oscillations or gravitational-wave spin constraints, incorporate them as priors on \(\nu_{\rm spin}\) to sharpen EoS-dependent boundary-layer terms and re-evaluate jet-efficiency posteriors.","1. Theoretical/Empirical Basis: Empirically, Circinus X-1 exhibits an X-ray jet aligned with its radio jet and demands high kinetic power (\(\gtrsim 5\times 10^{36}\,\mathrm{erg\,s^{-1}}\)) even in a low-flux state, indicating that instantaneous X-ray luminosity alone does not capture jet energetics. Theoretically, magnetically arrested flows provide a physically grounded route to high jet efficiencies via large-scale poloidal flux; thin-disk transport limitations motivate explicitly modeling flux advection vs diffusion rather than assuming steady thin-disk conditions.
2. Transfer Logic (How the adaptation fits the domain): The adapted pipeline embeds GRMHD-calibrated jet launching physics and neutron-star EoS/boundary-layer energetics directly into inference, enforcing causality and conservation laws while linking accreted mass history to magnetic flux accumulation—precisely the missing mechanism in thin-disk-only interpretations of jet power.
3. Comparative Advantage: Jointly fitting radio-jet observables and X-ray spectra with a latent magnetic-flux evolution model breaks key degeneracies (\(\dot{M}\) vs radiative efficiency; beaming vs intrinsic power) and yields mechanistically interpretable posteriors for \(P_{\rm jet}\), \(\Gamma\), and jet efficiency. The EoS-consistent constraints prevent unphysical energy budgets and enable a unique nuclear-physics connection (mass–radius–boundary-layer energetics) absent from standard jet–disk correlation studies.","This is an unusually ambitious and technically mature proposal that integrates GRMHD-calibrated jet physics, neutron-star boundary-layer energetics, and multiwavelength inference within a single coherent framework. The logical chain from accreted mass history to magnetic-flux saturation to jet efficiency is internally consistent and well motivated by both theory (MAD flows) and key empirical anomalies (e.g., Circinus X-1). The main weaknesses are practical rather than conceptual: (i) the feasibility of constraining flux-transport parameters (\tau_diff, \eta_adv) from current radio/X-ray datasets may be optimistic given data sparsity and systematics; (ii) the reliance on GRMHD emulator fidelity across neutron-star surface conductivity and boundary-layer microphysics introduces a potential modeling bottleneck that is acknowledged but not fully mitigated; and (iii) polarization and resolved-jet requirements may substantially reduce the viable sample size, risking underpowered hierarchical inference. These issues slightly reduce the engineering score but do not undermine the core scientific logic."
"A stochastic gravitational-wave background (SGWB) consistent with general relativity can be statistically identified in the NANOGrav 15-year dataset only through explicit generative model comparison, in which a transverse–traceless (TT) spin-2 metric-perturbation field is inferred jointly with — not in isolation from — physically parameterized non-GW correlated processes. The hypothesis is that identifiability of a genuine SGWB arises not because TT structure alone forbids contaminants, but because (i) the TT spin-2 field induces a uniquely constrained redshift response operator with fixed E/B and multipole couplings across pulsars and frequencies, while (ii) competing processes (solar-system ephemeris errors, clock errors, chromatic ISM/solar-wind processes, and flexible non-TT low-l correlated fields) imprint measurably different covariance structure once modeled with correct forward physics. By embedding the TT field within a complete likelihood that also includes these alternative generative processes, and by restricting binary-environment noise modeling to a calibrated hierarchical prior for a small, astrophysically justified subset of black widow/redback systems, the analysis can demonstrate—via Bayes factors and Fisher forecasts—that only a TT-consistent field simultaneously explains the observed quadrupolar correlations, their spectral slope, and their E/B content without violating pulsar-specific timing constraints. The SGWB inference is therefore elevated from a kernel-detection problem to a falsifiable field-level model selection problem.","Step 1: Data and baseline likelihood construction.
1.1 Ingest the full NANOGrav 15-year timing-residual dataset, timing-model design matrices, backend/receiver metadata, and published white/red noise characterizations. Retain low-frequency timing-model parameters (spin-down, astrometry) in the likelihood rather than pre-fitting.
1.2 Construct the Fourier-domain residual likelihood with explicit separation into Earth-term and pulsar-term contributions, marginalizing pulsar terms analytically under distance priors (Gaussian in parallax or DM-based distance) and assuming random pulsar-term phases.

Step 2: Explicit generative model components (mandatory competing hypotheses).
2.1 TT SGWB field model:
- Define a stationary Gaussian spin-2 metric perturbation field h_ab(f, n) expanded in spin-2 spherical harmonics:
  h(f, n) = Σ_{l=2..l_max,m} [a^E_{lm}(f) _2Y_{lm}(n) + a^B_{lm}(f) _2Y_{lm}(n)].
- Impose isotropy or controlled anisotropy via priors: ⟨a^X_{lm}(f)a^{X'}_{l'm'}(f')⟩ = δ(f−f')δ_{ll'}δ_{mm'}δ_{XX'} C_l^X(f), with C_l^X(f) ≥ 0 enforced by log-amplitude or Cholesky parameterization.
- Map coefficients to per-pulsar Fourier residuals using the exact linear response operator:
  r_p(f) = Σ_{lm,X} R^X_{p,lm}(f; \hat{n}_p) a^X_{lm}(f),
  where R includes antenna pattern factors, Earth-term projection, and analytic marginalization over pulsar-term phases.

2.2 Competing correlated processes (included simultaneously):
- Solar-system ephemeris (SSE): Parameterize barycentric position errors via principal-component modes (as in BAYESEPHEM) with physically motivated priors.
- Clock error: Include a monopolar red process common to all pulsars with independent spectrum from the SGWB.
- Chromatic common process: Model frequency-dependent red noise with ν^{-2} or ν^{-4} scaling, representing solar wind / ISM contributions.
- Flexible non-TT low-l field: Introduce a scalar correlated sky field expanded in ordinary spherical harmonics (l ≤ 4) to capture generic low-l correlations not constrained to TT structure.

Step 3: Restricted binary-environment noise module (refined WD component).
3.1 Scope limitation: Apply only to a predefined subset of black widow and redback systems with observed eclipses, wind signatures, or measured \dot{P}_b.
3.2 Hierarchical prior (not hard constraints):
- Introduce latent orbital-variability processes with PSD amplitudes drawn from hyperpriors calibrated on observed \dot{P}_b, eclipse fraction, and historical timing-noise measurements.
- Allow correlations between orbital-variability noise and spin noise, but with population-level variance parameters inferred from the data.
3.3 Injection tests: Quantify how inclusion/exclusion of this module shifts SGWB Bayes factors and quadrupolar power recovery.

Step 4: Inference and computational strategy.
4.1 Likelihood factorization: Block parameters into (i) TT field coefficients per frequency, (ii) competing correlated-process amplitudes, (iii) per-pulsar noise terms, (iv) binary-environment hyperparameters.
4.2 Sampling: Use blocked Gibbs or HMC-within-Gibbs, exploiting linear-Gaussian structure of the field coefficients; validate scaling with l_max ≤ 6 and O(30–50) frequency bins.

Step 5: Validation and identifiability demonstrations.
5.1 Fisher-matrix and Bayes-factor forecasts using NANOGrav15 cadence/sky distribution to show separability of TT SGWB from non-TT low-l fields and chromatic processes.
5.2 Injection campaigns with pure TT SGWB, pure SSE/clock/chromatic processes, and mixtures.
5.3 E/B and multipole diagnostics computed directly on the reconstructed PTA redshift field (gradient/curl decomposition), without invoking astrometric VSH unless used purely as an external comparison.

Step 6: Optional astrometric consistency check (clearly defined or omitted).
6.1 If included, define the transfer function from TT metric perturbations to both PTA redshift and Gaia astrometric deflection fields in the overlapping nHz band, and compare only integrated quadrupolar power with published Gaia limits; otherwise, restrict consistency tests to PTA-internal E/B diagnostics.","The revised proposal directly addresses reviewer concerns by abandoning the claim that TT-by-construction inference alone excludes contaminants. Instead, feasibility rests on explicit generative model comparison, a standard and scalable PTA methodology. All competing processes included (SSE, clock, chromatic noise, scalar correlated fields) already exist in validated PTA pipelines; the novelty lies in embedding them alongside a spin-2 harmonic field representation with controlled anisotropy priors. The linear operator from spin-2 coefficients to timing residuals is well defined and computationally tractable, enabling analytic marginalization over pulsar terms. Restricting the binary-environment module to a small, relevant subset avoids overreach and replaces unphysical hard energy bounds with empirically calibrated hierarchical priors. Computational cost is bounded by low l_max and modest frequency resolution, and blocked sampling exploits the Gaussian structure of the latent field. The outcome is a falsifiable, quantitatively testable framework that can demonstrate—via Bayes factors and injections—whether the NANOGrav common red process is uniquely consistent with a TT SGWB.","This is a technically sophisticated and logically coherent proposal that squarely addresses a central PTA inference bottleneck: identifiability of a genuine SGWB in the presence of correlated contaminants. The use of an explicit spin-2 harmonic field, forward-modeled into timing residuals and compared against physically parameterized alternatives within a unified likelihood, represents a meaningful elevation over kernel-based Hellings–Downs detection. The plan is generally well specified and computationally plausible, with appropriate use of analytic marginalization and low-l truncation. However, several score deductions are warranted. First, while the target concept chain is largely respected, the links to Galactic potential and mass transfer in white dwarf companions are indirect; the binary-environment module is motivated astrophysically but not explicitly connected to Galactic potential modeling, leaving that part of the chain underdeveloped. Second, the proposal occasionally overstates the discriminating power of E/B decomposition at low l given realistic PTA sky coverage and cadence; this weakens the logical certainty of the identifiability claim unless more quantitative bounds are supplied. Third, feasibility would benefit from clearer benchmarks against existing NANOGrav 15-year Bayes-factor results (e.g., how large an improvement or shift is realistically expected). These issues do not undermine the core idea but limit its evidentiary tightness."
"Transitional millisecond pulsars (tMSPs) can provide *measurable*—though deliberately modest—constraints on neutron-star compactness and the local vertical Galactic acceleration **if and only if** the reverberation observable is reformulated around a neutron-star–appropriate spacetime, realistic magnetospheric truncation, and explicitly tested identifiability. The refined hypothesis is that *specific, low-dimensional features* of the Fe K reverberation impulse response—namely (i) the minimum causal delay edge and (ii) the energy-dependent curvature of the red wing response at high Fourier frequencies—retain sensitivity to compactness (M/R) even when the disk is truncated at ≳(10–30) GM/c² and the coronal geometry is variable, provided the spacetime is modeled with a Hartle–Thorne metric whose quadrupole moment is tied self-consistently to the EOS and spin. These compactness-sensitive timing features are orthogonal, in a Fisher sense, to nuisance parameters describing coronal height distributions, inner disk radius, and ionization gradients. Separately, while individual tMSPs are torque-noisy, their *distance-anchored kinematics* still yield unbiased measurements of the line-of-sight Galactic acceleration. When embedded in a hierarchical Bayesian framework that combines (a) a small tMSP sample with (b) a larger control ensemble of rotation-powered MSPs, the tMSPs contribute incremental but well-quantified information to the local vertical acceleration and dark-matter density without over-claiming dominance. The refined approach therefore overcomes prior limitations by (1) narrowing the compactness claim to demonstrably identifiable reverberation features and (2) repositioning the dark-matter deliverable as a calibrated contribution within an ensemble, not a stand-alone breakthrough.","Step 1: End-to-end identifiability simulations (mandatory gate).
- Construct a synthetic population of tMSPs with parameters drawn from observed ranges: magnetic moment μ = 10^25–10^26 G cm^3; spin 200–600 Hz; inclination 30°–70°.
- Disk–magnetosphere interface: enforce r_in = max(r_m, r_ISCO), where r_m ∝ μ^(4/7) Ṁ^(-2/7); allow r_in(t) to fluctuate stochastically on viscous timescales.
- Coronal geometry: replace a single lamppost with a *height distribution* p(h) ∝ exp[-(h−h0)^2/2σ_h^2], with σ_h/h0 ≈ 0.3, and allow slow evolution across Fourier bands.
- Spacetime: ray tracing performed in the Hartle–Thorne metric, with quadrupole Q(M,R,ν_spin) linked to EOS tables; Kerr used only as a control.
- Generate photon arrival times and energies to produce synthetic light curves and complex cross-spectra, folded through NICER+NuSTAR response.

Step 2: Compactness-sensitive feature extraction.
- Decompose the impulse response Ψ(E,t) into basis components via non-negative matrix factorization constrained by causality.
- Identify two summary observables: (i) the earliest-arrival envelope t_min(E) across 5–8 keV, and (ii) the frequency-dependent curvature of the red wing lag-energy relation.
- Perform Fisher and full Bayesian analyses to quantify ∂Ψ/∂(M/R) relative to ∂Ψ/∂(r_in, h0, σ_h, ξ gradients).
- Explicit deliverable: plots of posterior correlation matrices demonstrating which combinations of (M,R) remain identifiable at S/N expected for 300 ks exposures.

Step 3: Non-linear absorption/scattering validation.
- Replace the multiplicative absorption operator with a two-channel model: (a) direct absorption with partial covering and (b) delayed Thomson/Compton scattering in an ionized wind.
- Simulate frequency-dependent phase lags from scattering and test failure modes of linear cross-spectral inversion.
- Define exclusion criteria: datasets where absorption-induced lags exceed 30% of the Fe-line reverberation lag are flagged and removed from compactness inference.

Step 4: Observational application (only after passing gates).
- Apply the validated inversion to 3–6 tMSPs with detected Fe K reverberation, reporting compactness constraints explicitly conditioned on truncation radius and coronal-geometry priors.

Step 5: Galactic acceleration and dark-matter forecast.
- Build a hierarchical timing model combining: (i) tMSPs with state-dependent torque noise, (ii) ~30 rotation-powered MSPs with VLBI distances.
- Include red-noise and torque terms marginalized analytically.
- Fisher/Bayesian forecast: show expected σ(a_z) ≈ (1–2)×10^(-10) m s^(-2) for the ensemble, translating to σ(ρ_DM) ≈ 0.02–0.03 M_⊙ pc^(-3), competitive only in combination with existing constraints.
- Report tMSP contribution as a fractional information gain, not a dominant driver.

Step 6: Deliverables.
- Public release of simulation and ray-tracing code.
- Explicit null results documented where compactness is not identifiable, preserving scientific credibility.","The revised plan directly addresses reviewer risks by *quantifying identifiability before inference*. Magnetospheric truncation and variable coronae are no longer treated as nuisances but are built into the generative model, ensuring that any surviving compactness sensitivity is genuine. The Hartle–Thorne spacetime removes the Kerr degeneracy by tying the quadrupole to EOS physics, preventing compactness from being absorbed into geometric parameters. Non-multiplicative absorption and scattering are explicitly simulated to test the linearity assumption, with predefined exclusion thresholds. On the Galactic side, the proposal abandons over-ambitious claims for a small tMSP sample and instead embeds them within an ensemble forecast where statistical power is demonstrable. This recalibration transforms the project from a speculative unification into a rigorously gated, falsifiable program whose success criteria—and limitations—are quantitatively defined in advance.","The strongest aspect is methodological self-awareness: the project is gated by end-to-end identifiability simulations, and it narrows the compactness claim to two low-dimensional timing features designed to survive disk truncation and coronal variability. The Hartle–Thorne choice with EOS-linked quadrupole is a real structural improvement over Kerr lamppost work and correctly targets a known degeneracy source.

However, several key physics and inference elements remain under-specified or potentially over-optimistic, warranting score deductions. (1) Identifiability: claiming Fisher-orthogonality of compactness-sensitive features to (r_in, coronal distribution, ionization gradients) is plausible but not yet mechanistically justified; with r_in ≳ 10–30 GM/c^2 the metric-induced differences in transfer functions may be sub-dominant to coronal and ionization structure, and it is not shown that the proposed summary statistics preserve the relevant information (i.e., they may be non-sufficient statistics). (2) Magnetosphere/disk interface: using a standard r_m scaling plus stochastic fluctuations is a reasonable start, but the reverberation response depends on illumination and reflecting surface geometry that in tMSPs can be strongly affected by channeled accretion, disk warps, and non-axisymmetry; these could mimic or erase the “minimum-delay edge” in ways not captured by a 1D truncation radius prescription. (3) Absorption/scattering: the two-channel wind model is a step up from multiplicative absorption, but the proposed exclusion rule (“absorption-induced lags > 30%”) is ad hoc and could bias the surviving sample toward particular states/geometries; moreover, delayed scattering can be energy- and frequency-dependent in a way that couples nonlinearly to the same red-wing curvature statistic, so simple flagging may be insufficient. (4) Hartle–Thorne regime validity: for 200–600 Hz and realistic compactness, Hartle–Thorne is generally acceptable, but the proposal does not specify quantitative validity bounds (in spin parameter or oblateness) or a fallback plan if some targets approach regimes where higher-order spin terms matter. (5) Galactic acceleration deliverable: the hierarchical approach is appropriately modest, but the forecasted σ(a_z) and σ(ρ_DM) are not convincingly tied to realistic timing baselines, cadence, state-dependent systematics (binary-parameter covariances, DM variations, astrometric systematics), and the mapping from a_los to local vertical acceleration requires careful treatment of Galactic potential model uncertainties that may dominate at the stated precision.

Overall, the proposal is technically ambitious but largely well-engineered; the main risk is that the compactness-sensitive reverberation features will not remain identifiable once more realistic (and likely non-axisymmetric) reflection/illumination physics and state-dependent spectral complexity are included, and that the dark-matter forecast underestimates dominant systematics."
