Hypothesis,Plan,Feasibility,Critique
"Replacing the “TPHG” framing with a *buried piezoelectric interfacial dipole layer* (PIL) will measurably and falsifiably improve charge extraction and slow degradation in p–i–n perovskite solar cells, provided the electromechanical polarization is (a) sufficiently large at the perovskite/ETL interface, (b) only weakly screened on the relevant time scales, and (c) implemented without transport penalties.

Mechanistic rationale (quantitative and testable): A poled Zn-Car_MOF–polymer composite PIL generates an areal polarization charge density σ at the perovskite/C60 interface under operational strain ε(t) (thermal expansion mismatch + controlled vibration). For a piezoelectric composite with effective d33, σ(t) ≈ d33·Yeff·ε(t), producing a displacement field discontinuity that changes interfacial band bending. Even if the *field inside the perovskite bulk* is largely governed by the built-in potential, a localized Δφ at the extraction interface can reduce interfacial recombination (lower J0) and contact barrier losses, increasing Voc and FF and improving EQE near the band edge where interfacial recombination is most influential.

Screening-limited operating window: Mobile ions screen electric fields over a characteristic Debye length λD and time τscr ~ λD^2/Dion. Therefore the measurable effect will be frequency- and temperature-dependent: at sufficiently high mechanical excitation frequency (f ≫ 1/τscr) and/or reduced Dion (by interface stabilization), the polarization modulation persists during a significant fraction of the carrier extraction time, producing a detectable ΔVoc and ΔJsc under 1-sun. This yields falsifiable signatures: (i) ΔVoc(f,T) should roll off as f decreases or T increases (faster ion motion), and (ii) the sign of ΔVoc and ΔJsc must invert upon reversing PIL poling direction.

Degradation suppression pathway: The primary stabilization claim is *ion-migration/accumulation suppression at the extraction interface* (not “tribo” harvesting): σ(t) periodically counter-biases ionic accumulation at the perovskite/C60 contact, reducing interfacial halide/vacancy pile-up and thus slowing interfacial decomposition and contact barrier growth during MPP operation. A secondary, de-risked catalytic concept is optional: an ultrathin Cu-HHTP “redox-buffer” sub-monolayer is only retained if its electrochemical window is shown (by energy-level alignment and operando analysis) to selectively quench interfacial radicals/iodine-related residues without parasitic carrier loss; otherwise the baseline PIL is pursued without Cu-HHTP.","Step 0 — Device baseline and fixed architecture (no tribo claims)
• Baseline PSC: ITO/MeO-2PACz/perovskite/C60/BCP/Ag in p–i–n.
• Perovskite: Cs0.05(FA0.83MA0.17)Pb(I0.83Br0.17)3 (as in outdoor-stability literature) with a thin 2D surface treatment (e.g., PEA-based) reserved as a *constant* across all variants to avoid conflating bulk stability with PIL effects.
• Encapsulation: identical glass–glass + edge seal for all samples used in vibration/thermal tests.

Step 1 — De-risked piezoelectric interfacial layer (PIL) materials and thickness
1.1 PIL composition (transport-safe)
• Replace 50–100 nm PDMS with a *semiconducting or ultrathin insulating, pinhole-free binder* to avoid series resistance:
  – Primary binder: crosslinkable fluorinated polymer or siloxane-acrylate (thin, dense) compatible with C60 deposition.
  – Zn-Car_MOF loading: 5–20 wt% (screened). Target: continuous film with isolated nanocrystals (<50–100 nm lateral) to avoid percolation voids.
• Target thickness: 5–20 nm (hard constraint). A 50–100 nm layer is only tested as a stress-test control after transport is proven.

1.2 Deposition route (coverage + solvent compatibility)
• Deposit perovskite fully; then apply PIL by:
  – Initiated chemical vapor deposition (iCVD) of an ultrathin polymer matrix followed by MOF nanoparticle deposition (dry aerosol/low-solvent), or
  – Orthogonal-solvent spin of MOF dispersion in perfluorinated/weakly interacting solvent plus in-situ crosslink (UV or thermal).
• Confirm pinhole-free coverage before C60:
  – AFM (RMS roughness, pinhole statistics),
  – Cross-sectional TEM (continuous interface, no voiding),
  – XRR/ellipsometry thickness mapping.

1.3 Dipole orientation (key variable)
• Create three PIL states:
  A) Poled “+” orientation (dipoles normal to interface toward ETL),
  B) Poled “−” orientation (reversed),
  C) Unpoled/randomized (mechanically matched control).
• Poling method (buried-layer compatible): apply an external field across ITO/temporary top electrode during PIL curing (Epol ~ 50–150 V/µm depending on breakdown; thickness 5–20 nm reduces required voltage). Validate remanent polarization via PFM/KPFM on reference stacks.

Step 2 — Coupled electromechanical + drift–diffusion modeling (quantitative predictions)
2.1 Electromechanical estimate of σ(t)
• Measure effective composite d33, Yeff on standalone PIL films (on rigid substrate) using piezoresponse force microscopy (PFM) and Berlincourt-type d33 meter where applicable.
• Strain mapping in-device:
  – Attach strain gauges to encapsulation and calibrate substrate strain vs shaker amplitude.
  – Finite-element model (FEM): compute interfacial ε(t) for vibration (1–500 Hz) and thermal cycling (25–85 °C).
• Compute σ(t) = d33·Yeff·ε(t) and its sign reversal for inverted poling.

2.2 Screening model (ions)
• Extract ionic diffusivity/conductivity from temperature-dependent EIS (see Step 5): estimate λD and τscr ~ λD^2/Dion.
• Define testable regime: select mechanical frequencies f spanning below and above 1/τscr at multiple T (e.g., 25/45/65 °C) to intentionally cross screening thresholds.

2.3 Drift–diffusion (DD) device simulation with interfacial polarization sheet charge
• Implement a Poisson–DD model (SCAPS/Sentaurus or equivalent) with:
  – A sheet charge ±σ at perovskite/C60 interface,
  – Realistic interfacial recombination velocity Sn/Sp and defect density Dit (from experiments),
  – Ionic species with measured mobility to include dynamic screening.
• Outputs (pre-registered): predicted ΔVoc, ΔFF, ΔJsc and their sign with σ; predicted frequency response ΔVoc(f) under modulated σ(t).
• Falsifiability criterion: if measured ΔVoc/ΔJsc does not match predicted sign inversion and frequency/temperature roll-off, the piezoelectric-field mechanism is rejected.

Step 3 — Transport-risk mitigation and metrics (must pass gates before stability claims)
3.1 Contact/transport resistance
• Measure contact resistivity (ρc) of perovskite/PIL/C60 using TLM-like test structures or conductive-AFM mapping.
• SCLC mobility measurements in electron-only stacks (ITO/SnO2 or ITO/C60 analog)/PIL/C60/Ag as appropriate.
• EIS under illumination: extract transport resistance (Rtr) and recombination resistance (Rrec). Gate: PIL must not increase Rtr by >10% relative to baseline at matched thickness.

3.2 Energy level/energetics preservation
• UPS/KPFM on perovskite vs perovskite+PIL to ensure PIL does not introduce a blocking barrier at C60 contact.
• If barrier detected, adjust binder/MOF loading or introduce ultrathin (<1 nm) dipole/anchoring SAM compatible with C60 (kept constant across controls).

Step 4 — Decisive controls and mechanical protocol (artifact rejection)
4.1 Control matrix (mandatory)
• C0: Baseline (no PIL).
• C1: Mechanically matched non-piezo layer (same polymer thickness, same roughness; MOF replaced with inert nanoparticles).
• C2: Zn-Car_MOF PIL unpoled/random.
• C3: Zn-Car_MOF PIL poled “+”.
• C4: Zn-Car_MOF PIL poled “−”.

4.2 Mechanical stimulation with full metrology
• Use calibrated electrodynamic shaker:
  – Frequency sweep 1–500 Hz; acceleration 0.01–1 g.
  – In-situ strain measurement (strain gauge) and device temperature (IR camera/thermocouple) to decouple heating.
• Run “light-only”, “mechanical-only (dark)”, and “light+mechanical” sequences.
• Lock-in style measurement: modulate mechanical excitation and detect synchronous ΔVoc/ΔJsc to reject drift/light fluctuations.

4.3 Artifact checks
• Measure series resistance Rs vs vibration amplitude (from J–V and impedance) to ensure ΔPCE is not from contact intermittency.
• Post-test microscopy (cross-sectional SEM/TEM) to rule out microcracking delamination.

Step 5 — Quantifying ion-migration suppression (beyond activation energy slogans)
5.1 Temperature-dependent EIS + distribution of relaxation times (DRT)
• Perform EIS (dark and 1-sun bias, near Voc and at MPP) from 1 MHz to 0.1 Hz across 25–85 °C.
• Apply DRT to separate ionic (low-frequency) vs electronic processes.
• Extract ionic conductivity σion(T), characteristic ionic time constants, and compare across C0–C4. Expect: reduced low-frequency ionic signature and slower drift for poled PIL vs controls.

5.2 Bias-stress mapping of ion accumulation
• Kelvin probe force microscopy (KPFM) on cross-sections or EBIC under bias-stress (forward bias at elevated T) to visualize field screening/charge accumulation near perovskite/C60.
• ToF-SIMS depth profiling (I−/Br−/organic cations, metal diffusion) pre/post stress to quantify reduced interfacial ionic pile-up.

Step 6 — AQY/EQE, recombination, and performance under 1-sun steady state
• EQE spectra and integrated Jsc under static and mechanically modulated conditions; analyze where changes occur (band-edge vs blue) to attribute to interfacial recombination vs optics.
• TRPL on perovskite/C60 with and without PIL to quantify interfacial quenching changes; transient photovoltage/photocurrent to separate recombination vs extraction.
• Voc(T, light intensity) analysis to extract ideality factor changes consistent with reduced interface recombination.

Step 7 — Optional Cu-HHTP module (only if non-parasitic is proven)
7.1 Clear chemistry target and energetics
• Target: remove/neutralize iodine-rich interfacial residues (I2/I3−-related) or organic decomposition fragments that create deep traps at perovskite/C60.
• Before integration, determine Cu-HHTP redox window and alignment (UPS/CV). Gate: Cu-HHTP must not introduce an efficient parallel recombination pathway (no reduced Jsc at 1-sun).

7.2 Thickness and placement
• If passed: introduce Cu-HHTP as discontinuous islands or <2 nm equivalent thickness at the PIL surface (not a continuous carrier-consuming layer).

7.3 Operando proof (non-parasitic)
• Operando/near-operando XPS or ambient-pressure XPS (where available) and/or ToF-SIMS: quantify iodine/organic residue evolution under illumination with/without Cu-HHTP.
• EPR spin-trap assays on reference stacks to detect radical suppression.
• Dark/light controls: ensure any chemical change is light-driven but does not reduce photocurrent.

Step 8 — Outdoor-relevant stability with MPP tracking (aligned with established protocols)
• Perform MPP tracking under controlled irradiance/temperature (lab solar simulator with NOCT-like temperatures) and limited outdoor trials.
• Introduce controlled mechanical perturbation blocks (on/off) while keeping irradiance constant; compare energy yield (modeled vs measured) to separate intrinsic degradation from reversible piezo-modulation.
• Endpoint analyses: EIS/DRT, ToF-SIMS, XPS, cross-sectional imaging to connect stability gains to reduced ionic accumulation/contact degradation.

Pre-registered success metrics (falsifiable)
• Sign inversion: poled “+” and poled “−” must produce opposite-signed ΔVoc and/or ΔFF under identical mechanical modulation.
• Frequency dependence: ΔVoc(f) must decrease when f drops below predicted 1/τscr and must vary systematically with temperature.
• No transport penalty: Rs and Rtr must not increase beyond gate thresholds; otherwise abandon thickness/composition and iterate.
• Ion suppression: reduced low-frequency ionic features in DRT and reduced interfacial ion accumulation in ToF-SIMS/KPFM relative to C0–C2.","1) Addressing the “field too small / screened” critique with a quantitative, falsifiable model
• The proposal no longer asserts a generic 10–50 mV µm−1 bulk field improvement; instead it targets a *sheet-charge-driven interfacial potential modulation* Δφ that primarily reduces interfacial recombination/contact losses. This is the regime where modest interfacial electrostatics can yield measurable ΔVoc via J0 reduction.
• Screening is treated explicitly through τscr extracted from temperature-dependent ionic impedance; the hypothesis predicts a frequency/temperature window and sign inversion upon poling reversal. These are decisive falsification tests.

2) Removing the non-implementable “tribo” claim in a buried interface
• The device is explicitly defined as a piezoelectric interfacial dipole layer (PIL) with no reliance on contact electrification or sliding. No electrode configuration is claimed for triboelectric charge collection.

3) De-risking the interlayer against series resistance, voiding, and solvent incompatibility
• Thickness is reduced to 5–20 nm with pinhole-free validation (AFM/TEM/XRR) and transport gates (ρc, SCLC, EIS-derived Rtr). The original 50–100 nm PDMS concept is treated as high-risk and not the primary path.
• Deposition uses orthogonal/dry or crosslinking routes to protect the perovskite and preserve C60 energetics, verified by UPS/KPFM and contact-resistance metrics.

4) Cu-HHTP ambiguity resolved by gating and operando proof
• Cu-HHTP is demoted to an optional module with explicit pass/fail gates: energetics must not enable parasitic carrier loss; thickness is constrained to sub-nm–2 nm and non-continuous coverage; operando spectroscopy (XPS/ToF-SIMS/EPR) plus dark/light controls must show selective removal of targeted residues without Jsc penalty.

5) Controls and protocol eliminate mechanical artifacts
• Mechanically matched non-piezo controls, unpoled controls, and inverted-poling controls are mandatory.
• Strain is measured directly and correlated to device response; lock-in detection rejects drift and light fluctuations; Rs monitoring and post-mortem microscopy reject contact intermittency and microcracking explanations.

6) Ion migration suppression quantified with state-of-the-art diagnostics
• Temperature-dependent EIS with DRT separates ionic and electronic processes and yields σion(T).
• KPFM/EBIC mapping and ToF-SIMS depth profiling provide spatially resolved evidence for reduced ion accumulation and contact degradation under bias-stress.

Collectively, these changes convert the concept into a model-driven, experimentally falsifiable interface-electrostatics study with explicit transport-risk gates and control experiments that can decisively attribute (or refute) performance/stability changes to piezoelectric polarization rather than morphology or measurement artifacts.","Methodology is unusually well-specified for an interface-electrostatics hypothesis: tight thickness constraints, pinhole/void metrology, polarity-reversal controls, lock-in detection, and explicit falsifiers (sign inversion + f,T roll-off) are strong. The main scientific risk is magnitude and persistence: the proposed σ(t) derived from d33·Yeff·ε(t) under realistic encapsulated-device strain may be too small once (i) viscoelastic mechanical damping of the binder, (ii) imperfect/relaxing poling in a nanocomposite, and (iii) fast interfacial ionic/electronic screening (including in C60 and at the perovskite surface) are included. The proposal gestures at τscr but does not rigorously bound expected Δφ and resulting ΔVoc (e.g., via J0 sensitivity to interfacial band bending) with realistic parameter ranges; without that, feasibility hinges on detecting very small synchronous signals that could be confounded by piezoresistive/contact micro-motion even with Rs checks. Additionally, the “ion suppression by periodic counter-bias” stabilization pathway is plausible but not uniquely attributable without an explicit comparison to a purely electrostatic (non-piezo) driven-bias waveform control that matches the inferred interfacial Δφ. Finally, relative to the rubric’s required chain, photocatalysis/AQY are not concretely defined (no photocatalytic reaction, no AQY protocol distinct from PV EQE), so grounding against the target chain is incomplete."
"Embedding rigorously verified, halide-stable Co–N4 single-atom sites *within* a thin (5–15 nm) Ruddlesden–Popper (RP) 2D perovskite surface cap—followed by an electronically decoupled Zn-carnosine MOF/thymol molecular reservoir at the outer interface—will measurably reduce hydroxyl-radical (OH•) flux and interfacial Shockley–Read–Hall recombination *without introducing new redox-driven degradation pathways*. The central mechanistic claim is quantitatively falsifiable: (i) Co remains predominantly N-coordinated and single-atom under halide-rich, illuminated, biased conditions; (ii) Co–N4 shifts interfacial oxygen reduction toward benign 2e− pathways with *lower steady-state H2O2 and suppressed H2O2→OH• conversion* relative to halide-labile or redox-inert controls; and (iii) this chemical suppression of ROS, combined with canonical 2D defect passivation, yields a statistically significant increase in implied Voc, reduced interfacial recombination velocity, and higher stabilized maximum-power-point power density under heat/RH/UV stress. The Zn-Car_MOF/thymol layer functions strictly as a chemically protective, antioxidant reservoir whose influence on charge extraction is explicitly deconvoluted and bounded through contact-physics controls.","A. De-risking and verification of Co–N4 chemical identity (precondition to device claims).
1) Design of halide-stable vs halide-labile Co controls:
   a) Primary Co–N4 precursor: ZIF-67-derived Co–N fragments pre-chelated with rigid bidentate N-ligands (e.g., bipyridine-dicarboxylate) to kinetically suppress Co–I re-ligation.
   b) Hard negative control: a deliberately halide-labile Co–amine complex (e.g., Co(en)2^2+) introduced identically into the 2D cap to demonstrate failure modes (Co–I/CoOx formation, increased ROS/recombination).
2) Near-operando speciation under realistic conditions:
   a) Co K-edge XANES/EXAFS on biased (Voc and MPP), illuminated 2D/3D stacks in controlled O2/H2O atmospheres to quantify coordination number, bond distances (Co–N vs Co–I/O), and oxidation state drift.
   b) Depth-resolved XPS/ToF-SIMS before and after 100–300 h stress to confirm confinement to top 10–20 nm and absence of metallic Co or cobalt oxide signatures.
   *Decision gate:* progression to full device statistics only if >80–90% of Co signal remains single-atom N-coordinated after stress.

B. Quantitative ORR/ROS selectivity testing (device-relevant translation).
3) Model electrochemical analogs:
   a) Fabricate planar ITO/2D-perovskite/Co–N films (no 3D bulk) as working electrodes for rotating-disk electrode (RDE) measurements in aprotic/low-water electrolytes mimicking perovskite environments.
   b) Extract electron-transfer number (n), H2O2 yield, and kinetic current densities; compare Co–N4 vs halide-labile Co vs Zn–N (redox-inert) controls.
4) Optical/chemical H2O2 assays on simplified stacks:
   a) Apply Amplex Red/HRP on optically isolated, encapsulation-free test stacks under controlled illumination and bias to quantify steady-state H2O2.
   b) Correlate H2O2 levels with OH• adduct intensity (EPR) to explicitly test whether Co–N suppresses or accelerates H2O2→OH• conversion.

C. Validated operando EPR methodology (artifact mitigation).
5) Spin-trap access and stability checks:
   a) Diffusion/penetration tests using fluorescently labeled analogs to verify access to the 2D-cap interface.
   b) Optical controls quantifying spin-trap photolysis under identical UV/visible spectra.
   c) Calibration stacks with known OH• generators to establish detection limits and linearity.
6) Full-device EPR only after validation on simplified stacks; report absolute signal normalization to absorbed photon flux and device area.

D. Proof of electronic benignity of Co–N seeding.
7) Absolute PLQY and implied Voc at matched 2D thickness for: 2D-only, 2D+Co–N, 2D+halide-labile Co.
8) Temperature-dependent PL/TRPL and transient absorption spectroscopy to extract SRH activation energies and rule out new mid-gap states.
9) Confocal PL/EL mapping to confirm spatial homogeneity and exclude Co clustering-induced recombination hotspots.

E. Zn-Car_MOF/thymol: separation of chemical protection from contact physics.
10) MOF synthesis and SSA–thymol metrics on powders and flat witness films (BET, TGA, adsorption isotherms) to establish intrinsic capacity.
11) Thin-film relevance:
    a) Ellipsometric porosimetry/QCM on nm-scale MOF films to estimate accessible porosity and thymol uptake.
    b) Thymol photostability and release kinetics under illumination/heat (GC–MS).
12) Contact deconvolution controls:
    a) HTL (PTAA) or ETL (C60) deposition on MOF-free vs MOF-bearing surfaces with identical perovskite quality.
    b) Kelvin probe/UPS to quantify surface dipole shifts; TLM or impedance-derived contact resistance to bound Voc/FF effects unrelated to ROS.

F. Device endpoints.
13) MPP tracking (300–1000 h, 65 °C, 30–50% RH, UV-enriched) reporting stabilized power density, T80/T90, hysteresis, and Rs/Rsh evolution.
14) Full control matrix to isolate each mechanism (no cap, 2D-only, Co–N-only, MOF-only, thymol-only, Zn–N control, halide-labile Co failure case).","The revised plan directly addresses the principal scientific risks by imposing explicit decision gates and negative controls. In situ/near-operando Co K-edge XAS and depth-resolved XPS provide unambiguous speciation under halide-rich, illuminated conditions, preventing over-interpretation of nominal Co–N chemistry. ORR pathway selectivity is translated from electrocatalysis to perovskite-relevant energetics via RDE analogs and optical H2O2 assays, enabling quantitative correlation between H2O2, OH•, and device degradation. Operando EPR is de-risked through staged validation, penetration tests, and photochemical controls. Electronic benignity is enforced by absolute PLQY/implied-Voc improvements and temperature-dependent recombination analysis, while spatial imaging rules out clustering artifacts. Finally, the Zn-Car_MOF/thymol layer is rigorously decoupled from charge extraction through surface dipole, contact resistance, and nucleation controls, ensuring that any gains in stabilized power density can be causally attributed to reduced ROS flux and suppressed interfacial recombination rather than contact artifacts. Together, these measures convert the catalytic-chemistry claim into a falsifiable, quantitatively constrained hypothesis aligned with state-of-the-art perovskite photovoltaic physics.","The proposal is unusually strong in experimental rigor: it anticipates the key failure mode (Co speciation drift to Co–I/CoOx or clustering) and installs appropriate negative controls and a quantitative decision gate using near-operando XAS/XPS/ToF-SIMS. The ORR/ROS package is also thoughtfully staged (RDE analogs → optical H2O2 assay → EPR) with explicit artifact controls, and the contact-deconvolution plan for the Zn-Car_MOF/thymol cap is a needed safeguard against falsely attributing Voc/FF changes to chemistry. Main score deductions arise from (1) environmental mismatch risk in the RDE translation: aprotic/low-water electrolytes and planar electrodes may not reproduce the perovskite interfacial microenvironment (halide activity, local fields, ionic migration, heterogeneous water activity), so inferred n and H2O2 yield may not map uniquely to device operation; (2) an under-specified mechanistic partition between thymol vs carnosine vs Zn-Car_MOF: the proposal asserts an ‘antioxidant reservoir’ but does not provide a quantitative, falsifiable mass-balance/flux framework linking MOF specific surface area and thymol loading/release to an expected reduction in OH• flux at the buried interface; (3) insufficiently bounded redox and coordination chemistry of Co–N4 under illumination: even if Co remains atomically dispersed, changes in Co valence and potential Fenton-like activity (or H2O2 activation) are acknowledged but not constrained by a clear kinetic model with measurable rate constants under device-relevant potentials; and (4) the 5–15 nm RP cap plus embedded single atoms introduces a nontrivial possibility of altered band alignment, dielectric environment, and ion-transport bottlenecks that could masquerade as ‘recombination suppression’—the deconvolution plan is good, but not yet fully closed with a quantitative drift-diffusion/impedance model that predicts the magnitude of contact vs recombination changes."
"A hierarchically porous, electrically percolating MOF-on-fiber interfacial scaffold can be made *functionally dual* (ionic buffering + electronic extraction) if—and only if—two quantitative conditions are simultaneously met: (H1) a depth-limited, self-terminating conversion of only the outer 1–3 nm of nm-scale ZIF-8 crystallites into a continuous N-rich conjugated “skin” that lowers interlayer sheet resistance by ≥10× while preserving ≥80% of the original ZIF-8 micropore capacity and micropore uptake kinetics; and (H2) the preserved ZIF-8 micropores are loaded with *device-relevant, size-compatible mobile species* that ZIF-8 can actually admit and bind under operational fields/chemical potentials, yielding measurable field-driven uptake/release hysteresis suppression. Mechanistically, the scaffold is engineered to decouple transport: (i) electronic percolation is provided by a conductive nanofiber backbone plus an ultrathin, partially graphitized N-rich surface skin that forms low-barrier contacts to adjacent transport layers and avoids an insulating barrier; (ii) ionic polarization is reduced not by assuming free halide passage through hydrophobic 3.4 Å apertures, but by targeting and immobilizing the most mobile *small* ionic species at the interface (notably Li+ from spiro-OMeTAD doping, and small halide-related complexes that can access/adsorb at ZIF-8 pore mouths and defect sites), and by hosting tethered/immobilized cationic passivators within accessible micropores to pin halide vacancies electrostatically at the perovskite-facing boundary. The preserved internal ZIF-8 microporosity thus acts as a high-SSA ‘interfacial ionic capacitance buffer’ (adsorption + slowed release) that reduces low-frequency ionic capacitance and bias-stress drift, while the gradient-conductive skin + fiber network prevents interfacial electronic charge pileup (higher QFLS/Voc) and limits recombination. If these constraints are met, the PSC will show simultaneously improved Voc (reduced non-radiative loss), FF (reduced ionic polarization/series resistance penalties), and operational stability. The stabilized DC output will translate into demonstrably steadier direct-coupled PV-to-electrolyzer hydrogen generation without masking by power electronics.","Step 0 — Pre-define quantitative design constraints (go/no-go gating)
0.1 Target interlayer geometry: total thickness 10–25 nm; fiber areal coverage 10–30% (revised upward from 5–20% to meet percolation and contact constraints while still limiting optical/shunt risks); ZIF-8 shell thickness 5–12 nm; ZIF-8 crystallite size ≤15–20 nm.
0.2 Electrical constraints (must not add Rs): interlayer sheet resistance Rsh reduction ≥10× after skin formation; contact resistivity to adjacent TLs < 10−3 Ω·cm2 (TLM); CAFM maps show continuous conduction paths (no isolated conductive islands over >90% scanned area).
0.3 Porosity constraints: ≥80% retained micropore capacity (ellipsometric porosimetry on sister thin films) and ≤20% change in micropore uptake time constant (kinetics) after skin formation.
0.4 Ionic-buffering constraints: demonstrate bias-dependent uptake/release of targeted species in symmetric test stacks with a measurable reduction of low-frequency capacitance (DRT-EIS) by ≥2× versus controls, without increasing trap-assisted recombination (no decrease in PLQY at matched excitation).

Step 1 — Baseline PSC platforms + identify dominant interface and dominant mobile species
1.1 Build two baseline stacks for generality:
(A) n–i–p: glass/ITO/SnO2/(FA,Cs)(I,Br)3/spiro-OMeTAD/Au (LiTFSI/tBP doped).
(B) p–i–n: glass/ITO/NiOx/(FA,Cs)(I,Br)3/C60/BCP/Ag.
1.2 Map where hysteresis/drift originates: absolute PLQY→QFLS on perovskite-on-ETL/HTL, Suns-Voc, TPV/TPC, and light-intensity-dependent J–V.
1.3 Identify “what to buffer” rather than assuming I−/FA+ transport through ZIF-8:
• For n–i–p/spiro: quantify Li+ migration propensity (operando ToF-SIMS after bias stress; Li signal as primary target).
• For both architectures: quantify halide redistribution signatures (I/Br gradients) and interfacial iodoplumbate/halide-complex signals (XPS/UPS shifts; GIWAXS changes under bias/illumination).
Deliverable: a ranked list of mobile species (Li+ primary in n–i–p; halide-related interfacial species secondary) and the dominant-loss interface to place the interlayer.

Step 2 — Fabricate MOF-on-fiber scaffold with controlled nucleation, thickness, and percolation
2.1 Conductive nanofiber network (two validated routes; choose based on target interface and processing window):
Option 1 (low-T polymeric): electrospun PEDOT:PSS/PEO fibers; post-treat with H2SO4/EG to achieve σ ≥ 500–1000 S·cm−1; rinse/dry to remove mobile acid residues.
Option 2 (oxide): low-temperature solution-grown SnO2 nanofiber-like networks (≤150–200 °C) to preserve perovskite compatibility.
2.2 Impose fiber coverage 10–30% using controlled deposition (spray/slot-die) and quantify by image analysis (SEM) + optical haze.
2.3 ZIF-8 conformal shell growth (room temperature) with seeded nucleation to avoid free MOF powder and ensure shell uniformity:
• Introduce Zn2+-binding anchoring groups on fibers (catechol/phosphonate self-assembled layer; surface density tuned to avoid continuous dense films).
• Growth solution: MeOH-based Zn(NO3)2 + 2-methylimidazole, tuned to yield 5–12 nm shell thickness; stop-growth by rapid solvent exchange.
• Characterize: cross-sectional TEM for core–shell; GIWAXS for ZIF-8 phase; ellipsometric porosimetry on planar sister films for microporosity.

Step 3 — De-risk “site-selective surface graphitization”: implement, prove depth limit, and quantify conductivity/porosity trade-off (Go/No-Go #1)
3.1 Two alternative depth-limited chemistries (run in parallel; select the one that meets acceptance criteria):
Route A: Remote (downstream) NH3/H2 plasma with low ion energy, short pulses, and sample cooling (minimize bombardment):
• Process window: 5–30 s pulses, 1–5 cycles, substrate <50 °C.
• Rationale: maximize surface dehydrogenation/conjugation and N-incorporation while minimizing Zn–N scission deeper in crystallites.
Route B: Molecular “self-limiting” surface conversion using diazine/imidazole-compatible oxidative dehydrogenation at the outermost surface (no bulk pyrolysis), followed by NH3 anneal at ≤150 °C:
• Rationale: reduce penetration depth vs plasma; keep microporosity.
3.2 Mandatory depth-proof package (performed on ZIF-8 reference stacks and on MOF-on-fiber films):
• Cross-sectional STEM-EELS: map N K-edge fine structure to distinguish imidazolate N vs graphitic/pyridinic-like N; extract converted-layer thickness distribution; acceptance: median 1–3 nm, 90th percentile ≤4 nm.
• Sputter-depth XPS calibrated with a ZIF-8/SiO2 reference stack: quantify graphitic-N fraction vs depth; acceptance: surface-enriched graphitic/pyridinic signatures decaying to pristine ZIF-8 within ≤3–4 nm.
• GIWAXS: retain ZIF-8 fingerprint peaks (no loss of crystallinity beyond minor surface broadening).
• Ellipsometric porosimetry: ≥80% micropore capacity retained and ≤20% change in uptake kinetics.
3.3 Electrical validation:
• Four-point probe Rsh on planar analog films + on nanofiber mats; acceptance: ≥10× drop in Rsh after conversion.
• CAFM current maps across 5×5 µm areas: demonstrate percolating conduction (no ‘hot spots only’ behavior).
• TLM structures (metal pads on interlayer) to extract contact resistivity to SnO2, NiOx, C60, spiro analogs.
Go/No-Go #1 decision: proceed only if *both* porosity and conductivity acceptance criteria are met.

Step 4 — Make ionic buffering real: choose admissible species, prove adsorption/immobilization under bias (Go/No-Go #2)
4.1 Define targeted mobile species and matching host–guest strategy (explicitly addressing ZIF-8 aperture/hydrophobicity):
Primary target (n–i–p/spiro): Li+ (small, highly mobile, implicated in drift). Strategy: load ZIF-8 with immobilized anionic sites or crown-ether-like moieties small enough to be pore-hosted or pore-mouth anchored (e.g., tethered sulfonates or compact chelating motifs introduced via vapor-phase infiltration / minimal-solvent infusion) to capture Li+ electrostatically/chelation.
Secondary target (both architectures): interfacial halide defect compensation at pore mouths via immobilized cationic passivators (imidazolium/diammonium) that do not need deep halide diffusion through the framework; they act at the perovskite-facing boundary and within near-surface accessible pores.
4.2 Prove adsorption and retention (no assumptions):
• In situ QCM-D on planar ZIF-8 and skin-modified ZIF-8 films exposed to controlled activities of LiTFSI, small halide salts, and selected passivator ions in low-activity solvents/vapor; quantify uptake (ng·cm−2) and desorption kinetics.
• Operando FTIR/GIWAXS during exposure to identify coordination signatures (Li+-binding, imidazolium/diammonium incorporation) without framework collapse.
4.3 Field-driven uptake/release experiments in symmetric stacks:
• Build symmetric capacitors: ITO/TL/interlayer/TL/ITO and ITO/interlayer/ITO.
• Apply DC bias (±0.5–1 V) at 25–65 °C while monitoring EIS (DRT), and QCM-D where applicable, to demonstrate bias-asymmetric uptake/release and reduced low-frequency polarization.
Acceptance: ≥2× reduction in low-frequency ionic capacitance feature vs porous-insulating control, with no increase in mid-frequency recombination-related resistance.
Go/No-Go #2 decision: proceed to full devices only upon demonstrated bias-relevant buffering of the identified primary species (Li+ in n–i–p; or another empirically verified species if baseline mapping indicates otherwise).

Step 5 — Integration into PSCs with morphology controls to isolate physics from crystallization artifacts
5.1 Integration sequence (minimize perovskite exposure to MOF growth chemistry): deposit fiber network + ZIF-8 + skin formation + guest loading entirely on the transport layer; then deposit perovskite.
5.2 Explicit morphology-risk controls:
• Track perovskite nucleation/crystallization on interlayers via in situ optical/PL during spin/slot-die, plus SEM/AFM for grain size and voids.
• Solvent scavenging check: quantify precursor depletion near interface by cross-sectional ToF-SIMS and XPS (Pb/I/Br ratios) and compare with baseline.
5.3 Mandatory control interlayers (same thickness 10–25 nm):
C1 Dense chemically similar Zn–imidazolate film (non-porous) to control chemistry without porosity.
C2 Porous-but-insulating pristine ZIF-8-on-fiber without conductive skin (tests ion sink alone).
C3 Conductive skin formed on a non-porous scaffold (or carbonized-dense analog) to test conductivity alone.
C4 ALD Al2O3 (dense barrier) thickness-matched benchmark.
5.4 Device metrics and mechanistic readouts:
• Non-radiative recombination: absolute PLQY→QFLS, EQEEL, TRPL.
• Interfacial energetics/charge pileup: UPS + KPFM; expect reduced band bending and reduced interfacial photovoltage losses.
• Ionic polarization: illuminated EIS + DRT; bias-stress drift Voc(t)/FF(t) and recovery; temperature-dependent hysteresis maps.
• Ion redistribution: ToF-SIMS after 100–500 h MPP stress; specifically track Li (n–i–p), I/Br gradients, and passivator-ion retention.

Step 6 — PV-to-electrolyzer coupling without attribution artifacts
6.1 Run two coupling modes:
Mode A (mandatory): direct coupling (no DC–DC) of stabilized mini-modules to electrolyzer; monitor operating point and H2 flow vs time.
Mode B (diagnostic): DC–DC with deliberately chosen bandwidth settings; quantify how controller dynamics can mask PV transients.
6.2 Dynamic impedance matching protocol:
• Measure small-signal output impedance of PSC module (with/without interlayer) under illumination; measure electrolyzer impedance curve; predict transient sag.
• Apply step-load profiles and record voltage/current/H2 flow; attribute stabilization only if improvement persists under direct coupling and matches reduced low-frequency ionic polarization signatures.

Milestones & decision gates
M1 (Month ~3–6): Go/No-Go #1 depth-limited conductive skin with ≥80% micropore retention and ≥10× Rsh reduction.
M2 (Month ~6–9): Go/No-Go #2 operando/bias-confirmed uptake/release buffering for the empirically identified primary mobile species.
M3 (Month ~9–15): Device-level causality proven by control matrix (C1–C4) showing separable contributions of porosity (ionic buffering) and conductivity (recombination/series resistance).
M4 (Month ~15–24): Direct-coupled PV→electrolyzer stability improvement correlating with reduced ionic polarization metrics.","Selective skin feasibility (addresses reviewer risk i–iii): The proposal no longer assumes plasma/UV-ozone will be self-limiting; it enforces depth proof (cross-sectional STEM-EELS + calibrated sputter-XPS) and defines acceptance criteria tying structure to function (≥80% micropore capacity retained while Rsh drops ≥10×). This explicitly manages the known failure modes (Zn–N scission, densification, trap creation) by (a) using remote/low-energy conditions and/or a non-plasma self-limiting chemical route, and (b) requiring retained ZIF-8 crystallinity and uptake kinetics by ellipsometric porosimetry, not only diffraction.

Ionic buffering feasibility (addresses pore aperture/hydrophobicity): The revised mechanism does not hinge on bulk transport of I−/Br−/FA+ through 3.4 Å hydrophobic apertures. Instead, it (1) empirically identifies dominant mobile species per architecture (Li+ is explicitly prioritized in spiro-based n–i–p where it is small and highly mobile), (2) uses host–guest chemistry compatible with ZIF-8’s accessible micropores and pore mouths (immobilized anionic/chelating sites for Li+, immobilized cationic passivators acting near the perovskite boundary), and (3) proves adsorption/immobilization under relevant chemical potentials and electric fields via in situ QCM-D and bias-applied symmetric test structures + DRT-EIS. This converts the ‘ionic sink’ claim from assumptive to measurable and architecture-specific.

Electronic percolation feasibility (addresses reviewer concern about percolation at low coverage): The plan adds an explicit percolation/series-resistance constraint with validation tools (TLM contact resistivity, CAFM mapping, temperature-dependent conductivity) and increases allowable fiber coverage to 10–30% to ensure a continuous conductive network without resorting to thick layers. The conductive pathway is intentionally redundant (fiber backbone + surface skin), reducing the chance that incomplete skin formation yields isolated conductive islands.

Integration feasibility (addresses morphology confounds): The proposal explicitly treats perovskite nucleation/infiltration as a first-order risk with in situ crystallization tracking and stoichiometry profiling. A stringent control set (dense Zn–imidazolate, porous-insulating MOF, conductive-nonporous analog, ALD Al2O3) isolates morphology and chemistry from the two intended functions (porosity/ion buffering vs conductivity/recombination suppression). If performance changes track only with morphology, the mechanism claim fails by design.

PV-to-electrolyzer attribution feasibility (addresses DC–DC masking): The revised coupling plan mandates direct-coupled operation and uses impedance-based matching to link observed stabilization to reduced low-frequency ionic polarization, preventing attribution artifacts from power electronics bandwidth and control loops.

Connection to literature assets (coherence with original concept chain): High loading capacity within reticular frameworks and stability of confined functional species are leveraged for immobilized interfacial passivation (Asset 1). The emphasis on SSA/porosity and mitigating mass-transfer limitations is translated from monolithic/structured MOFs into an interfacial-ion-transport context (Assets 3–4). Finally, the PV-to-hydrogen coupling relevance is framed with electrochemical-system thinking and impedance/kinetics constraints consistent with electrolyzer/fuel-cell integration (Asset 2).","The proposal is unusually well-engineered: it defines hard quantitative go/no-go criteria, uses appropriate nanoscale depth-profiling to falsify the “self-limiting skin” claim, and includes the right electrical (TLM/CAFM), porosity (ellipsometric porosimetry with kinetics), and ionic-polarization (DRT-EIS in symmetric stacks) diagnostics. The logic is largely coherent in explicitly rejecting unrealistic assumptions about halide transport through ZIF-8 apertures and instead targeting size-compatible species (notably Li+ from spiro doping) and pore-mouth/defect-site interactions.

Key deductions arise from (i) the chemical plausibility gap in achieving a continuous, electronically percolating conjugated N-rich layer at only 1–3 nm depth on ZIF-8 without creating deep trap states or altering energetics at the perovskite interface—depth-proof is necessary but not sufficient to demonstrate that the modified surface is low-recombination and forms low-barrier contacts across realistic rough interfaces; (ii) the Li+ capture concept lacks a fully specified, ZIF-8-feasible functionalization chemistry with size/steric constraints and quantified binding thermodynamics/selectivity versus competing ions/solvates (TFSI−, tBP, iodoplumbate species), which may dominate uptake and confound the intended “ionic capacitance buffer” mechanism; and (iii) the PV-to-electrolyzer section is methodologically thoughtful (direct coupling + impedance), but the required concept chain’s “fuel cell” node is not operationalized, making the chain integration slightly incomplete. Finally, perovskite crystallization/morphology controls are strong, yet the risk of interlayer-induced energetic misalignment (dipoles, work-function shifts after plasma/functionalization) is underconstrained relative to the aggressive target of improving QFLS/Voc while adding an interlayer."
"Embedding a grain-boundary (GB)-confined, electronically percolative 2D conductive MOF (2D c-MOF) network—formed in-crystallization and restricted to GBs/voids at sub‑1 vol%—will increase sustained operational power density and delivered energy yield in mixed-cation mixed-halide perovskite solar cells by (A) suppressing GB-limited trap-assisted recombination via a lateral charge-percolation scaffold and defect-state “electronic short-circuiting” at the nanoscale, (B) kinetically intercepting the dominant ROS actually present under defined O2/H2O partial pressures through fast proton-coupled electron transfer (PCET) at redox-addressable nodes/linkers that outcompetes halide/organic-cation oxidation, and (C) reducing field-driven ion migration/hysteresis through a narrowly dosed Na+ GB occupancy strategy that neutralizes halide-vacancy-rich GB sites without introducing Na-driven band bending, halide segregation, or secondary phases.

Mechanistic elevation and causality commitments (addressing reviewer critiques):
1) Spin/AFM coupling is treated as a testable modifier—not an assumed advantage. We hypothesize that if antiferromagnetic (AFM) exchange in the GB c‑MOF reduces spin-mixed recombination at defect-rich GBs (via spin-dependent charge transfer/recombination), this will manifest as measurable magneto-optoelectronic signatures (magneto-photocurrent, field-dependent PL/EL, spin-dependent recombination rates). If these signatures are absent, performance gains will be attributed solely to conductivity/chemistry, and the AFM claim is rejected.
2) ROS specificity is established experimentally under controlled atmospheres and by kinetics modeling. The functional claim is not “OH-only”; rather: the GB c‑MOF provides a redox/PCET sink whose efficacy is mapped against superoxide (O2•−), singlet oxygen (1O2), and hydroxyl radical (•OH) under oxygen-free vs oxygen-containing operation. The decisive criterion is whether MOF-mediated ROS interception rate constants at GBs exceed the competing iodide oxidation/organic-cation fragmentation pathways under those same conditions.
3) Na+ acts as a GB defect-chemistry modulator only within a predefined narrow window (10–300 ppm relative to Pb; expanded only if acceptance criteria are met). Na+ is introduced using a low-coordination, low-nucleophilicity counterion strategy with explicit counterion-only controls to decouple Na+ effects from TFSI−/BF4− processing artifacts. Na incorporation is accepted only if band-edge shifts and leakage/shunting remain within strict bounds and no halide segregation is induced.
4) The engineering risk (continuous GB percolation without shunts) is de-risked before long stability tests via explicit go/no-go thresholds: (i) conductive-AFM evidence of GB-localized conduction, (ii) lateral conductivity increase without loss of shunt resistance statistics across >30 devices, and (iii) microscopy-confirmed GB coverage fraction within a target window that avoids planar overgrowth.

Overall, the refined hypothesis is: performance and stability improvements arise from a quantifiable combination of (i) GB-localized electronic percolation, (ii) atmosphere-dependent ROS interception kinetics (not assumed OH primacy), and (iii) narrowly constrained Na+ defect buffering; any additional AFM/spin-correlation benefit must be demonstrated by discriminating magneto-optoelectronic experiments against matched paramagnetic/nonmagnetic analogues.","Step 0 — Materials set and device baseline (lock-down for comparability)
0.1 Baseline perovskite absorber: FA0.8Cs0.2Pb(I1−xBrx)3 with x tuned to Eg = 1.55–1.65 eV (same ink composition and thermal history across all groups). Target film thickness: 450–600 nm; target grain size: 300–800 nm.
0.2 Two device stacks to decouple transport-layer chemistry:
  • n–i–p: ITO/SnO2/perovskite/spiro-OMeTAD/Au
  • p–i–n: ITO/NiOx/perovskite/C60/BCP/Ag
0.3 Define baseline acceptance: PCE within ±0.7% absolute across batches; Rs and Rsh distributions stable; hysteresis index <0.08 after protocol stabilization.

Step 1 — GB-confined “in-crystallization MOF weaving” with explicit confinement parameters
1.1 Precursor timing window (in situ GIWAXS gate): cast perovskite to reach partial crystallization where perovskite (100)/(110) peaks emerge but prior to full grain coalescence (empirically defined; typically 10–60 s after antisolvent or during vacuum-assist).
1.2 MOF precursor delivery designed for GB wicking (exclude dense grains):
  • Use ultradilute polar alcohol (IPA/EtOH) or anisole/alcohol mixture with controlled water content <200 ppm.
  • Total metal-ligand concentration: 0.05–0.5 mM (screened) to prevent planar overgrowth.
  • Delivery: (a) vapor exposure (preferred for confinement) OR (b) brief 2–5 s spray/meniscus-contact followed by immediate spin-off.
1.3 MOF chemistries (three-way discriminating set; all engineered to be process-compatible and to nucleate at undercoordinated Pb/I GB sites):
  Group M1 (AFM-coupled conductive 2D c‑MOF): Ni–TTC-like (Asset 2 motif) adapted with catecholate/phenolate-rich linker enabling PCET; target conductivity ≥10−3 S·cm−1 in thin film.
  Group M2 (paramagnetic/nonmagnetic but similarly conductive 2D c‑MOF): Cu–HHTP-like (Asset 1 motif) or a diamagnetic analogue (e.g., closed-shell metal if feasible) tuned to similar sheet resistance (within 3× of M1) to isolate spin/AFM effects.
  Group M3 (insulating MOF control): isoreticular framework with similar functional groups/anchoring but low conductivity (≤10−7 S·cm−1) to isolate “chemical passivation only” vs “conductive percolation”.
  (All MOFs incorporate a GB-anchoring motif: tethered ammonium/pyridinium substituent at low density (e.g., 5–15% linker functionalization) to bias nucleation at halide-vacancy-rich GBs; maintain overall 2D stacking.)
1.4 Trigger chemistry (perovskite-compatible, confinement-preserving):
  • Ligand deprotonation using ppm-level triethylamine vapor (TEA) or buffered alcohol base for 10–60 s.
  • Temperature ≤80 °C; total exposure ≤3 min.
  • Rinse: 1–2 s pure solvent rinse to remove any non-confined residues.
1.5 Target structural metrics (must be met before proceeding):
  • GB ribbon thickness equivalent: 1–3 nm along GB walls (no continuous planar overlayer detectable by AFM step height mapping across terraces).
  • Coverage fraction along GBs: 40–80% of GB length in plan-view (below 40%: non-percolative; above 80%: shunt risk).
  • Total MOF volume fraction: 0.1–0.8 vol% (estimated by uptake + elemental quantification).

Step 2 — Na+ strategy with narrow dosing window and counterion controls (decouple chemistry)
2.1 Dosing range (predefined): 10, 30, 100, 300 ppm Na relative to Pb (stop at 300 ppm unless all acceptance criteria pass; only then explore 500–1000 ppm).
2.2 Introduction routes (factorial design):
  • Route A: Na+ in perovskite precursor via NaPF6 or NaClO4 (preferred to reduce strongly coordinating anion effects); keep total added anion constant across controls.
  • Route B: Na+ in MOF bath (same ppm range referenced to estimated perovskite mass uptake) to test preferential partitioning into GB/MOF microenvironment.
2.3 Mandatory controls:
  • Counterion-only: add TFSI−/BF4−/PF6− source without Na+ (e.g., tetrabutylammonium salts) at matched molarity to isolate anion/process effects.
  • K+ analogue at matched ppm (optional but recommended) to probe specificity of Na+ vs generic alkali occupancy.
2.4 Na acceptance criteria (must pass):
  • Band-edge shifts: ΔWork function (KPFM/UPS) ≤ 50 meV vs Na-free at same MOF condition.
  • No measurable increase in p/n-type bulk doping (Mott–Schottky/capacitance profiling consistent within 20%).
  • No new crystalline Na-containing phases (GIWAXS detection limit) and no Na-rich clusters in STEM-EDX.
  • No increase in halide segregation under illumination (operando PL peak-splitting < baseline + 10%).

Step 3 — Percolation and shunt-risk de-risking (go/no-go before long ISOS)
3.1 Conductive-AFM (c-AFM) maps on perovskite top surface and cross-sections:
  • Metric: GB-to-grain conduction contrast (I_GB/I_grain) and continuity of conductive pathways along GBs.
  • Go/no-go: median I_GB increases ≥10× over control, while grain interior remains unchanged (avoid bulk shunting).
3.2 Lateral conductivity vs loading (four-probe / TLM on dedicated test structures):
  • Go/no-go: ≥3× increase in lateral sheet conductance at ≤0.8 vol% MOF, without >20% drop in vertical device Rsh.
3.3 Device statistics (minimum n=30 per condition):
  • Go/no-go: shunt resistance Rsh distribution not degraded (median Rsh decrease ≤15%); leakage at −0.1 V in dark increases ≤2×.

Step 4 — AFM/spin-correlation claim: discriminating magneto-optoelectronic tests (mandatory)
4.1 Sample set: M1 (AFM), M2 (paramagnetic/nonmagnetic but conductive-matched), M3 (insulating) all GB-confined with matched coverage (±10%) and similar conductivity where required.
4.2 Measurements:
  • Magneto-photocurrent (MPC) and magneto-electroluminescence (MEL): field sweep (0–300 mT) at fixed bias/illumination.
  • Field-dependent PL (FDPL): quantify PL intensity/lifetime change vs B-field.
  • Temperature dependence (80–320 K) to probe spin-dependent recombination signatures.
4.3 Interpretation criteria:
  • If M1 shows statistically significant MPC/MEL/FDPL signatures distinct from M2 at matched conductivity and chemistry, attribute an additional spin-correlation role.
  • If M1≈M2 within error, remove AFM as causal and treat conductivity/PCET as the mechanism.

Step 5 — ROS specificity and kinetics dominance (separate OH, O2•−, 1O2; quantify rate competition)
5.1 Controlled atmosphere matrix during illumination + bias:
  • Dry N2 (O2 < 1 ppm, H2O < 1 ppm)
  • N2 + controlled O2 (0.1%, 1%, 21%) at <5 ppm H2O
  • N2 + controlled H2O (50–5000 ppm) at O2 < 1 ppm
  • Air with defined RH (10%, 50%)
5.2 ROS mapping (film-only and full stacks):
  • •OH: in situ spin-trapping EPR (DMPO–OH) with calibrated adduct kinetics.
  • O2•−: EPR with appropriate spin trap (e.g., DMPO–OOH signatures) and/or optical probe validated for perovskites.
  • 1O2: near-IR phosphorescence at 1270 nm and/or selective chemical trap (e.g., SOSG) with controls for probe photobleaching.
  • Include transport-layer-dependent tests (SnO2 vs NiOx vs C60) to identify interfacial ROS sources.
5.3 Kinetics modeling requirement:
  • Build a competitive reaction model at GBs: ROS generation terms (dependent on O2/H2O, bias, TL), competing sinks (perovskite iodide oxidation; organic-cation oxidation; MOF PCET sink).
  • Extract effective pseudo-first-order rate constants for ROS decay with and without MOF using time-resolved probe/EPR data.
  • Go/no-go: k_MOF,sink (effective) must exceed k_perovskite,damage by ≥5× under at least one realistic operating condition (e.g., 21% O2, RH 10–50%, 1 sun, MPP bias) to claim chemical protection.
5.4 Chemical corroboration (operando/post-mortem):
  • Operando XPS: suppression of I0/I+ species growth; O 1s evolution; Pb state shifts.
  • LC-MS/GC-MS of extracted organics: reduced signatures of organic-cation fragmentation products.

Step 6 — Recombination/transport and ion migration (separate contributions quantitatively)
6.1 Recombination:
  • TRPL + confocal PL mapping to extract GB vs grain lifetime distributions.
  • Intensity-dependent Voc and ideality factor; target: reduction in ideality factor toward 1 (trap-assisted reduced).
  • Transient photovoltage/photocurrent and impedance: separate recombination resistance and transport resistance.
6.2 Ion migration/hysteresis:
  • Temperature-dependent impedance to extract ionic activation energy.
  • Transient ion-drift (bias-step) and hysteresis index under stabilized protocol.
  • Go/no-go for Na benefit: Na-dosed must reduce hysteresis index by ≥30% vs Na-free at same MOF, without band-edge shift >50 meV.

Step 7 — Operational power density and delivered energy yield (only after go/no-go pass)
7.1 ISOS protocols:
  • ISOS-L3 (light, MPP) and ISOS-O2 (outdoor/ambient variant) as applicable.
  • Conditions: 1 sun, MPP tracking, 65 °C and 85 °C sets; atmosphere defined (dry N2 vs controlled air).
7.2 Metrics:
  • Sustained power density at MPP (mW·cm−2) vs time.
  • Time-integrated delivered energy (Wh·m−2) over test window.
  • Acceptance: ≥10% higher delivered energy than best baseline passivator control at matched initial PCE, with no catastrophic shunt failures.

Step 8 — Localization and chemical-state verification (must support mechanism claims)
8.1 Localization: cross-sectional STEM-EELS/EDX + ToF-SIMS (Ni/Cu, linker fragments, Na) to confirm GB confinement and Na partitioning.
8.2 Chemical state:
  • Solid-state 23Na NMR (where feasible) to distinguish ionic environments (GB vs bulk vs clusters).
  • XPS depth profiling for Na chemical state and any Na–I/Na–Br signatures.
8.3 Halide segregation monitoring:
  • Operando PL mapping under bias/light; operando GIWAXS for phase segregation signatures.

Decision tree summary (hard gates):
Gate G1 (Confinement): MOF GB-localized, no planar overlayer.
Gate G2 (Percolation without shunts): c-AFM continuity + Rsh/leakage criteria.
Gate G3 (ROS kinetics): MOF sink rate dominates damage pathway under at least one realistic condition.
Gate G4 (Na safety): band-edge/segregation/leakage acceptance.
Only then proceed to long ISOS energy-yield demonstrations.","1) Why the 2D c‑MOF concept is feasible in perovskite GBs (and how we bound the risk)
• Conductive 2D MOFs with measurable conductivity and redox activity are established (Asset 2), supporting the premise that a sub‑vol% framework can provide lateral electronic percolation if it is spatially concentrated at GBs (where it matters most). The proposal does not assume “more MOF is better”; it sets a constrained volume fraction (0.1–0.8 vol%) and demands conductive-AFM evidence of GB-localized conduction.
• The core engineering risk—unintended shunting/planar overgrowth—is explicitly managed by kinetic exclusion (vapor/ultradilute delivery), short triggering, and quantitative go/no-go leakage/Rsh statistics across >30 devices before stability testing.

2) AFM exchange coupling: converted from assertion into a falsifiable, discriminating experiment set
• Asset 2 motivates AFM-coupled 2D c‑MOFs as robust electronic frameworks, but that does not automatically translate to PSCs. Therefore, the revised plan compares GB-confined MOFs that are (M1) AFM-coupled, (M2) paramagnetic/nonmagnetic but conductivity-matched, and (M3) insulating. Magneto-photocurrent, magneto-EL, and field-dependent PL explicitly test whether spin correlations measurably alter recombination/charge transfer. If no spin-dependent signatures appear, AFM is removed as a causal mechanism, preventing mechanistic overreach.

3) ROS mechanism credibility: radical specificity and rate competition are treated as the central proof
• Asset 1 demonstrates that conductive MOFs can participate in ROS-related electro/photochemistry, including hydroxyl radical pathways, but PSC degradation often involves O2•− and 1O2 depending on oxygen/water and interfaces. The revised proposal therefore (i) maps •OH, O2•−, and 1O2 under controlled O2/H2O partial pressures and (ii) requires kinetics modeling showing the MOF-mediated sink outcompetes perovskite damage kinetics at GBs. Oxygen-free experiments separate intrinsic photo-chemistry from ambient-driven pathways, directly addressing reviewer concern.

4) Na+ buffering: feasibility bounded by narrow dosing, counterion controls, and explicit acceptance criteria
• The proposal narrows Na+ to 10–300 ppm (initially), avoiding the unbounded 0.1% regime that risks secondary phases and unintended doping. Counterion-only controls isolate anion/crystallization effects from Na+. Na location/chemical state is verified (ToF-SIMS + XPS depth profiling + 23Na NMR where feasible). Acceptance criteria on band-edge shifts (≤50 meV), leakage, and halide segregation prevent “apparent stability” that is actually a doped/segregated artifact.

5) Why this should improve power density and energy yield (and how we will prove it)
• Power density gains are expected only if GB recombination is reduced without adding series resistance or shunts; hence the mandatory percolation/leakage gates plus TRPL/ideality/impedance decomposition.
• Energy-yield gains require suppressing the dominant operating degradation channel under the relevant atmosphere; hence the ROS mapping matrix and requirement that MOF sink kinetics dominate at least one realistic condition (air/RH/MPP). Delivered energy (time-integrated Wh·m−2) is used as the operational analogue of “energy density”, aligning with the proposal’s original framing while remaining PSC-appropriate.

In sum, each contested causal link (AFM/spin benefit, ROS identity, Na+ role, percolation vs shunt tradeoff) is converted into a controlled, quantitative, go/no-go-structured validation plan that can either substantiate the higher-level claims or force mechanistic down-selection without compromising the central GB-confined conductive-MOF concept.","This is an exceptionally detailed and disciplined proposal with strong engineering resolution and internal rigor. The GB-confined 2D c-MOF concept is technically credible, and the conversion of contested claims (AFM/spin effects, ROS identity, Na+ role) into falsifiable experiments is a major strength. Engineering risk is explicitly bounded with quantitative gates, which is uncommon and commendable. However, two issues prevent a near-perfect score: (i) the TARGET CONCEPT CHAIN is only partially honored—the sodium-ion battery endpoint is conceptually disconnected, as Na+ is treated strictly as a defect modulator in PSCs rather than as part of an energy-density/storage framework; and (ii) the logical chain linking hydroxyl radical interception to sustained power density is well treated, but energy density is translated operationally into delivered energy yield without explicitly reconciling this semantic shift against the stated concept chain. These are not fatal flaws, but they represent conceptual misalignment rather than experimental weakness."
"If single-step solution processing is modified to (i) create a surface-confined, orientation-controlled dipole sheet using segregating polar ammonium cations and (ii) impose a reproducible, nanoscale stress-field concentration at the perovskite/HTL contact via a quantifiable Spiro-OMeTAD “flower-stem” nano-topography, then intrinsic thermo-mechanical stress from CTE mismatch and lattice/ferroelastic relaxation will transduce into an interfacial piezoelectric-like (electrostrictive + non-centrosymmetric surface) polarization that produces a stable, rectifying interfacial potential step (target ΔVint = 20–80 mV). This ΔVint will increase the quasi-Fermi level splitting at open circuit primarily by reducing interfacial non-radiative recombination (lower interfacial recombination velocity, S) and by increasing the effective built-in potential at the perovskite/Spiro contact, yielding a measurable Voc gain (target +20–60 mV) without external mechanical actuation.

Mechanistic rationale bounded by quantitative electrostatics: A surface dipole sheet produces a potential step approximated by ΔVint ≈ (N·μ⊥)/ε0εeff, where N is dipole areal density and μ⊥ is the normal dipole component. For ΔVint = 50 mV and εeff ≈ 10–20 (perovskite surface + HTL interfacial effective dielectric), the required dipole moment density is N·μ⊥ ≈ ΔV·ε0εeff ≈ (0.05 V)(8.85×10^-12 F m^-1)(10–20) = (4.4–8.9)×10^-12 C m^-1.
- Using μ⊥ ~ 1–3 Debye per surface site (3.3×10^-30 to 1.0×10^-29 C·m), the required N is ~ (4×10^17–3×10^18) m^-2. This corresponds to ~0.4–3 dipoles per nm^2, within the physically plausible range of surface termination densities (order 1–10 nm^-2) provided orientation is biased rather than random.
Stress transduction plausibility: thermo-mechanical mismatch stress can reach ~1–50 MPa in thin films depending on constraint; with effective piezoelectric-like coefficients reported/estimated in polar semiconductors of ~0.1–10 pC N^-1, an effective field/potential on the order of 10–100 mV across an interfacial region (≈1–5 nm) is plausible if symmetry is locally broken and screening is suppressed. The design explicitly suppresses ionic screening by (a) confining the polar reconstruction to a sub-nm surface layer (minimizing the ionic volume available to compensate), (b) using bulky/immobile HTL dopants to avoid mobile ions in the HTL, and (c) demanding fast, frequency-independent (above ionic cutoff) sign-reversible responses as decisive proof of an electromechanical origin.

Why this overcomes reviewer-flagged ambiguities: (1) the hypothesis predicts quantitative ΔVint and Voc targets; (2) it requires sign reversal with dipole orientation reversal (a discriminating hallmark not explained by generic work-function drift); (3) it requires thickness-localized potential drop scaling (interface-confined) and fast frequency response distinct from ion drift; and (4) it ties Voc gains to a modeled reduction in interfacial S extracted from TRPL quench modeling and corroborated by implied-Voc (PLQY) rather than to series resistance or Spiro oxidation artifacts.","Step 0 — Define quantitative success metrics (pre-registered targets)
0.1 Primary device targets: ΔVoc = +20 to +60 mV vs control at matched Jsc/FF window; PCE increase attributable to Voc not Rs/FF artifacts (ΔFF < ±0.01 unless independently justified).
0.2 Interfacial electrostatics targets: ΔVint (buried interface) = 20–80 mV with sign reversal upon dipole reversal; thermal-modulation response amplitude ≥10 mV in KPFM/EFM at frequencies where ions are too slow (see Step 3.3).
0.3 Photophysics targets: ≥2× reduction in extracted interfacial recombination velocity S (or equivalent increase in surface lifetime component) while bulk lifetime remains within ±20% of control; implied Voc (from absolute PLQY) increases consistent with measured Voc within 10–15 mV.

Step 1 — Baseline system, strict controls, and reproducibility
1.1 Control architecture (n–i–p): glass/ITO/SnO2 (or compact TiO2)/perovskite/(HTL)/Au.
- Perovskite baseline: (FAPbI3)0.85(MAPbBr3)0.15 single-step + antisolvent quench; thickness set to 500 ± 30 nm for baseline.
- HTL control: standard Spiro-OMeTAD with LiTFSI+tBP in chlorobenzene; Au 80 nm.
1.2 Baseline loss analysis:
- Absolute PLQY under 1 sun equivalent carrier density → implied Voc.
- Suns–Voc to decouple transport/series resistance from recombination.
- Temperature-dependent Voc (220–340 K) to estimate activation energies and interfacial recombination dominance.

Step 2 — Interfacial dipole-sheet engineering with sign-reversible cation pairs (orthogonal decisive control #1)
2.1 Cation selection designed for opposite net surface dipole orientation while preserving chemical passivation strength:
- “Dipole-Forward” set: e.g., 4-fluorophenethylammonium iodide (F-PEAI) or CF3-substituted PEAI (electron-withdrawing, strong permanent dipole).
- “Dipole-Reverse” set: e.g., 4-methoxyphenethylammonium iodide (MeO-PEAI) or dimethyl-substituted PEAI (opposite dipole direction relative to ammonium headgroup depending on substituent placement).
Rationale: aromatic substituent polarity reverses the molecular dipole component normal to the surface when ammonium anchoring is conserved; the proposal requires experimental verification of net orientation (NEXAFS dichroism).
2.2 Processing window to enforce surface segregation without forming a thick 2D perovskite:
- Additive loading: 0.2, 0.5, 1.0, 2.0 mol% relative to Pb.
- Antisolvent timing sweep: ±200 ms around the baseline drip time to tune segregation kinetics.
- Anneal: 100–110 °C, 20–30 min; optional brief solvent-vapor equilibration (≤2 min) to reduce bulk defect formation.
2.3 Acceptance criteria for “surface-confined reconstruction”:
- GIWAXS: absence (or ≤5% integrated intensity relative to 3D perovskite peaks) of low-q 2D RP-phase signatures.
- XPS angle-resolved (ARXPS): enriched N/C/F signal at shallow takeoff angles consistent with <2 nm surface layer.
- NEXAFS: measurable preferential orientation (dichroic ratio threshold pre-set, e.g., ≥1.2) and opposite sign/tilt signature between forward vs reverse cation sets.

Step 3 — De-risk and quantify the “flower-stem” Spiro-OMeTAD morphology (reviewer requirement #3)
3.1 Replace speculative crystallization additives with a morphology-programming approach that is measurable and energetically constrained:
- Use a volatile, low-residue nonsolvent-vapor/solvent-mix quench during Spiro deposition (e.g., controlled heptane vapor exposure for 2–10 s during spin) to induce vertical phase contrast without introducing strong acids.
- If an additive is used, restrict to a single, weakly interacting polymeric rheology modifier (e.g., PEG 400 at 50–300 ppm) and pre-register an energetics window (below).
3.2 Define morphology descriptors and acceptance criteria:
- AFM topography + phase: vertically correlated nano-domains with lateral size 30–150 nm, RMS roughness increase <3 nm vs control (to avoid shunts).
- Cross-sectional FIB-SEM/TEM: “stem” penetration depth into perovskite asperities of 3–10 nm with a distribution σ < 3 nm across >30 measurements.
- GISAXS/GIWAXS on Spiro: domain correlation length ξz (vertical) at least 2× ξx (lateral), indicating anisotropic morphology (even if amorphous).
3.3 Energetics/doping invariance gate (must pass before device claims):
- UPS on Spiro films on inert substrates: work function and HOMO shift constrained to |ΔWF| ≤ 50 meV and |ΔHOMO| ≤ 50 meV vs control at matched oxidation protocol.
- Conductivity (4-point probe) and Seebeck coefficient: both must remain within ±20% of control. If outside, morphology condition is rejected as confounded.
- Spiro oxidation level: monitored by UV–Vis/NIR (oxidized Spiro signature) with acceptance window ±15%.

Step 4 — Orthogonal discriminators separating piezo/polarization from ionic/chemical artifacts
4.1 Thickness scaling to localize the potential step (orthogonal decisive control #2)
- Perovskite thickness series: 250, 500, 800 nm at constant interface chemistry.
Prediction: if ΔV is an interface dipole/polarization step, ΔVoc and buried-interface ΔVint should be thickness-independent (within error), whereas ionic redistribution fields and bulk band-bending often scale with thickness and capacitance.
- HTL thickness series: Spiro 80, 150, 250 nm; keep dopant level constant.
Prediction: ΔVint at the interface should be largely HTL-thickness independent; HTL work-function drift would generally show thickness/processing dependence.
4.2 Frequency-domain separation of fast electromechanical vs slow ionic drift (orthogonal decisive control #3)
- Thermal modulation: apply sinusoidal temperature modulation (ΔT = 1–3 K) using a Peltier stage at f = 0.01–10 Hz while measuring surface potential (band-limited KPFM) and device Voc under illumination (Voc(f)).
Prediction: piezoelectric-like response persists up to higher f (limited by thermal diffusion and cantilever bandwidth) with minimal phase lag; ionic drift shows strong amplitude roll-off and increasing phase lag beyond an ionic cutoff (~0.1–1 Hz depending on conditions).
- Complementary impedance/IMVS: measure IMVS/IMPS across 1 Hz–1 MHz under steady illumination; extract characteristic ionic time constants (low-frequency arcs). Require that the “polarization signature” appears in a regime where ionic arc contribution is negligible.
4.3 Dipole sign reversal requirement (non-negotiable discriminator)
- Devices with Dipole-Forward vs Dipole-Reverse cations must show opposite sign in (i) thermal KPFM potential shift and (ii) ΔVoc. A same-sign Voc improvement for both is treated as evidence for generic chemical passivation/energy-level shifts rather than rectifying polarization.
4.4 Ion-screening stress test
- Compare responses under dry N2 vs controlled humidity (e.g., 20–40% RH) and with intentional ionic blocking layers (ultrathin Al2O3 by ALD ≤1 nm on perovskite before HTL in a subset). Piezo-like interface dipole should remain detectable; ion-mediated signals should change strongly.

Step 5 — Direct buried-interface band-bending / potential-step probes (reviewer requirement #4)
5.1 Hard XPS (HAXPES) or synchrotron-based depth-resolved XPS/UPS:
- Measure core-level shifts (Pb 4f, I 3d, N 1s; and Spiro-related peaks) across takeoff angles/energies to infer band bending and potential steps across the interface.
Success criterion: extracted interfacial step consistent in sign and magnitude (20–80 mV) with KPFM/Voc trends and shows sign reversal with dipole reversal.
5.2 Bias-dependent measurements:
- Apply external bias (dark) and measure core-level shifts or electroabsorption/photothermal deflection proxies to confirm rectifying field behavior.

Step 6 — Recombination-velocity extraction tied to Voc (not Rs/HTL WF drift)
6.1 TRPL with interfacial quench modeling:
- Measure TRPL on (i) bare perovskite, (ii) perovskite + Spiro (control), (iii) perovskite+dipoled surface + Spiro with/without morphology programming.
- Fit to diffusion-recombination model with boundary condition capturing interfacial S. Report S and its uncertainty; target ≥2× reduction vs control.
6.2 Absolute PLQY mapping to implied Voc pre-/post-HTL deposition:
- Require that Δ(implied Voc) tracks ΔVoc; if ΔVoc occurs without PLQY improvement, suspect energetics/transport artifacts.
6.3 Series resistance and FF artifact exclusion:
- Extract Rs/Rsh from J–V and confirm unchanged (within ±10%) when claiming Voc-driven gains.

Step 7 — Stability and screening robustness
7.1 MPP tracking + Voc retention under 1 sun at 60–85 °C for ≥500 h; periodic Suns–Voc to verify recombination-limited regime.
7.2 Bias-stress (±0.8 V in dark, 1–10 min pulses) followed by recovery; ionic mechanisms show memory/hysteresis growth.
7.3 Acceptance criterion for “stable against ionic screening”: the sign-reversible ΔVint and ΔVoc must persist after thermal soak (e.g., 85 °C, 2 h) with <20% amplitude loss and without increased hysteresis index.

Falsification map (expanded, decisive)
F1 (Sign test): If Dipole-Forward and Dipole-Reverse yield the same sign ΔVoc and same sign ΔVint, the rectifying dipole/piezo claim is rejected (passivation/energetics dominates).
F2 (Frequency test): If the potential/Voc modulation shows strong roll-off and large phase lag characteristic of ions (matching impedance low-frequency arc), the piezo-like claim is rejected.
F3 (Thickness localization): If ΔVint or ΔVoc scales strongly with perovskite thickness, the effect is not an interface step; reject.
F4 (Energetics confound): If Spiro morphology programming changes WF/HOMO or conductivity beyond the pre-set window, any Voc changes are treated as HTL energetics/doping artifacts; reject morphology claims until constraints are met.","Quantitative plausibility: The required interfacial dipole moment density to generate a Voc-relevant 20–80 mV step corresponds to ~0.4–3 dipoles nm^-2 for 1–3 D dipoles, which is compatible with realistic surface site densities if orientation is biased. The proposed cation segregation (≤2 mol%) is within established single-step processing practice and is constrained by GIWAXS/ARXPS criteria to avoid forming a thick 2D layer that would change bandgap/transport.

Mechanism discrimination is built in: The proposal does not rely on a single KPFM observation. It requires (i) sign reversal with dipole orientation reversal, (ii) frequency-domain separation from ionic drift, and (iii) thickness independence consistent with an interface-localized potential step—three orthogonal discriminators that jointly rule out common confounds (ion redistribution, trap charging, HTL WF drift).

HTL “flower-stem” risk is controlled: Spiro-OMeTAD’s tendency toward amorphous morphology is acknowledged; therefore, the proposal defines ‘flower-stem’ operationally via anisotropic vertical correlation and penetration-depth statistics rather than crystallinity. It further gates the approach with strict UPS/conductivity/Seebeck acceptance windows so that additives or processing do not inadvertently change HTL doping/energetics and falsely inflate Voc.

Direct buried-interface validation: Depth-resolved photoelectron spectroscopy (HAXPES/depth-UPS/XPS) provides an interface-specific band-bending/potential-step measurement not reducible to surface KPFM artifacts. Combined with TRPL-based extraction of interfacial recombination velocity S and PLQY-implied Voc, the proposal ties any Voc increase to reduced non-radiative interfacial recombination in a quantitatively testable way.

Alignment with literature assets: The plan leverages single-step solution processing with antisolvent engineering (Asset 2) and uses Voc as the key performance arbiter (Assets 2–4). The ‘flower-stem’ concept is translated from catalyst morphology logic (Asset 4) into a rigorously defined HTL nano-topography descriptor rather than an aesthetic analogy. The piezoelectric-like interfacial polarization concept is grounded by an explicit electrostatic target (Asset 1 inspires the need to connect polarization to measurable Voc, but here it is constrained to mV-scale photovoltaic relevance rather than large nanogenerator voltages).","The proposal is unusually strong in pre-registered success criteria, orthogonal falsification logic (sign reversal, frequency-domain separation from ions, thickness-independence), and in gating Spiro morphology claims against energetics/doping confounds. The electrostatic dipole-sheet calculation is internally consistent and lands in a plausible areal dipole-density regime.

Key score deductions stem from remaining physical and metrological ambiguities: (1) The core mechanistic leap—conversion of residual thermo-mechanical stress into a stable, rectifying, piezoelectric-like interfacial polarization in a highly polarizable, ionically soft halide perovskite—still risks being dominated by electrochemical/ionic reconfiguration and trap charging, even if the signal is “fast,” because electronic trapping/de-trapping can also be fast and sign-dependent under thermal modulation and KPFM. (2) The “dipole-forward/dipole-reverse” premise depends critically on actual molecular orientation at the buried interface; NEXAFS dichroism on the exposed perovskite surface does not by itself guarantee the same orientation persists after Spiro deposition and subsequent ionic/electronic equilibration. (3) The stress-field concentration via Spiro topography is plausible but under-quantified: there is no explicit plan to measure local strain/stress or ferroelastic domain reconfiguration at the interface (e.g., nanobeam diffraction/Raman mapping), so linking morphology → stress localization → polarization remains partly inferential. (4) Buried-interface potential-step extraction at the 20–80 mV level via HAXPES/core-level shifts is challenging; without a detailed error model (charging, referencing, illumination conditions, beam-induced ion motion) the feasibility and uncertainty budget are not yet convincing at the demanded mV precision."
"Embedding a negatively curved (Schwarz P-type) bicontinuous interlayer that hosts axially regulated M–N single-atom sites (e.g., Ni–N4–X, X = Cl/COO−) at the perovskite/ETL interface will simultaneously (i) suppress perovskite interfacial degradation and ion-driven hysteresis and (ii) maintain high Voc/FF by reducing interfacial recombination. Mechanistically, negative Gaussian curvature increases accessible interfacial area and creates continuous, low-tortuosity transport pathways for electrons while distributing local electric fields, thereby reducing hot-spot driven halide segregation. Axial coordination environment regulation (X = Cl vs COO−) tunes the single-atom site’s Lewis acidity/basicity and dipole moment to anchor/neutralize undercoordinated Pb–I species (defect passivation) and to immobilize mobile iodide via reversible coordination, increasing long-term operational stability. The same M–N sites are designed to stabilize a surface-bound carboxylate (COO−) motif that acts as a ‘buffer ligand’ to lower interfacial charge-transfer overpotential (i.e., reduce energetic/kinetic losses for electron extraction), improving fill factor without introducing ionic dopants.","Step 1: Specific system setup or data preparation.
1.1 Choose a baseline high-performance perovskite stack (e.g., FAPbI3-rich mixed-cation perovskite with a small Br fraction for bandgap tuning) in n–i–p architecture: ITO/SnO2/perovskite/interlayer/HTL/Au.
1.2 Prepare two control interlayers: (C1) flat 2D polymeric interlayer without SACs; (C2) SAC-decorated carbon interlayer without negative curvature.
1.3 Define target interlayer thickness (10–30 nm) to avoid optical parasitics and maintain tunneling/transport.

Step 2: Detailed implementation of the adapted methodology.
2.1 Methodological Adaptation (negative Gaussian curvature + axial SAC regulation): fabricate a bicontinuous mesoporous carbon (or conductive organic framework) interlayer templated by polymer cubosomes (or block-copolymer gyroid/cubosome phases) to realize a Schwarz P-like negatively curved network; carbonize at temperatures compatible with maintaining high conductivity while preserving pore continuity.
2.2 Introduce single-atom M–N sites by MOF-derived atom trapping: infiltrate a Ni-porphyrinic (or ZIF-derived) precursor into the bicontinuous template, followed by mild pyrolysis to form isolated Ni–N4 sites anchored in the curved carbon skeleton.
2.3 Axial coordination environment regulation: perform post-synthetic axial ligand insertion to generate Ni–N4–X where X is selectively (i) Cl (via controlled halide coordination) or (ii) COO− (via grafting a tethered carboxylate-bearing molecule that remains partially uncoordinated). Create a small library varying X identity and surface density.
2.4 Interface integration strategy: deposit the bicontinuous SAC interlayer directly onto the perovskite top surface using a solvent-orthogonal method (e.g., dry transfer/lamination of a pre-formed ultrathin film, or deposition from a perovskite-safe solvent such as anisole) to avoid perovskite dissolution and to preserve surface termination.
2.5 Ensure energetic alignment: tune interlayer work function via axial ligand choice (Cl vs COO−) and mild p/n-type modulation (non-ionic) so that the interlayer forms an electron-selective extraction contact (toward SnO2) or recombination-suppressing barrier (toward HTL), depending on stack design.

Step 3: Rigorous validation and analytical framework.
3.1 Structural/chemical verification: confirm negative Gaussian curvature and bicontinuity by SAXS and electron tomography; quantify SAC dispersion by aberration-corrected STEM; verify Ni–N coordination and axial ligand identity via XAS (XANES/EXAFS), XPS, and in situ FTIR (carboxylate signatures).
3.2 Optoelectronic mechanism tests: measure TRPL and absolute PLQY of perovskite films with/without interlayer to quantify non-radiative recombination reduction; perform SCLC or thermal admittance spectroscopy to estimate trap density changes; use KPFM/UPS to map interfacial dipoles and band bending.
3.3 ‘Overpotential’ proxy in PSC context: quantify interfacial charge-transfer kinetics by impedance spectroscopy (EIS) under illumination to extract charge-transfer resistance and recombination resistance; correlate with FF and series resistance changes.
3.4 Stability protocol: conduct operational MPP tracking at 60–85 °C under 1-sun and controlled RH; complement with damp-heat (85/85) on encapsulated devices. Track ΔPCE, ΔVoc, ΔFF; monitor ion migration via transient ion drift or bias-stress tests and ToF-SIMS depth profiling (I−, Br−, MA/FA fragments).
3.5 Degradation forensics: after aging, use GIWAXS/XRD (phase segregation), SEM/AFM (morphology), and XPS (Pb0 formation, halide loss). Compare Cl vs COO− axial ligands to identify which better immobilizes halides and suppresses interfacial redox.
3.6 Comparative benchmarking: evaluate against state-of-the-art 2D/3D passivation layers and conventional Lewis-base passivators at matched initial PCE; require statistically significant improvements across ≥20 devices per condition.","1. Theoretical/Empirical Basis: Negative Gaussian curvature bicontinuous architectures have empirically improved SAC utilization and lowered reaction barriers by maximizing accessible active-site density and enabling efficient mass/electron transport (Asset 1). Axial coordination regulation in M–N–C SACs demonstrably enhances kinetics and long-term stability in CO2 electroreduction by tuning electronic structure and intermediate binding (Asset 2). Carboxylate (COO−) groups act as Lewis bases and lower kinetic barriers in electrocatalysis (Asset 4), suggesting a transferable strategy for interfacial passivation/charge-transfer facilitation in PSCs.
2. Transfer Logic (How the adaptation fits the domain): PSC degradation is dominated by interfacial defects, ion migration, and field-driven chemical reactions at contacts. The proposed interlayer directly targets the perovskite/contact interface using (i) curvature-enabled continuous extraction pathways to reduce local field concentration and contact nonuniformity and (ii) axially tunable SAC Lewis chemistry to passivate undercoordinated Pb/halide defects and immobilize mobile ions. The ‘overpotential’ concept is translated into PSC-relevant interfacial kinetic/energetic losses (charge-transfer resistance and non-radiative voltage loss), measurable by EIS/PLQY-Voc analyses.
3. Comparative Advantage: Compared to flat passivation molecules or standard 2D layers, the bicontinuous negatively curved interlayer offers higher interfacial contact area without pinholes, improved mechanical compliance, and uniform site distribution. Compared to generic carbon interlayers, axially regulated single-atom M–N species provide programmable interfacial dipoles and reversible coordination to halides, enabling simultaneously high initial Voc/FF and improved long-term stability under heat/bias. The Cl vs COO− axial-ligand library provides a mechanistic knob to decouple (a) defect passivation strength, (b) ion immobilization, and (c) energetic alignment—allowing optimization rather than empirical trial-and-error.","This is a technically ambitious and largely well-justified proposal that demonstrates strong cross-domain transfer logic from SAC electrocatalysis to perovskite interfacial engineering. The engineering plan is detailed and uses state-of-the-art techniques (cubosome templating, MOF-derived SACs, axial ligand regulation, tomography/XAS). However, several deductions are warranted. (i) The interlayer’s exact electronic role is occasionally ambiguous: it is alternately framed as an electron-extraction layer toward SnO2 and as a recombination-suppressing buffer toward the HTL, which introduces architectural uncertainty for an n–i–p stack. (ii) The feasibility of depositing a 10–30 nm negatively curved, SAC-containing film onto a soft perovskite surface without inducing mechanical damage, interfacial voids, or band misalignment is under-discussed. (iii) The translation of the ‘overpotential’ concept from CO2 electroreduction to PSCs is conceptually sound but still partly metaphorical; while EIS-derived charge-transfer resistance is appropriate, the proposal does not fully decouple electronic extraction kinetics from ionic polarization effects. (iv) The chemical stability of axial Cl coordination at the perovskite interface under bias/illumination (possible halide exchange with I−/Br−) is a potential confounding factor that is not explicitly controlled for. Overall, the proposal is strong but slightly overextended in scope and would benefit from tighter architectural focus and risk mitigation."
"Introducing a curvature-engineered Schwarz P (triply periodic minimal surface, TPMS) interfacial access layer between the perovskite absorber and the electron-selective contact will *quantitatively suppress interfacial ionic hot spots and non-radiative recombination* by redistributing electrostatic fields and enforcing bicontinuous electronic connectivity, while avoiding the recombination penalties of conventional mesoporous ETLs. Mechanistically, this occurs because (i) **negative Gaussian curvature spreads electric field lines over a continuous minimal surface**, reducing peak field intensity that otherwise drives iodide accumulation at sharp corners typical of positive/zero-curvature pores; (ii) **bicontinuous TPMS connectivity ensures a near-unity electronic utilization ratio**, such that every chemically passivating site is electronically active, unlike dead-end mesopores; and (iii) a **transport–chemistry–energetics–decoupled core–shell nanolaminate** (SnO₂ core for electron transport; sub-nm Al₂O₃/MgO tunneling shell for defect/ion blocking; dipolar fullerene-SAM for band alignment) maintains low contact resistivity while stabilizing interfacial energetics under bias and heat. This hypothesis is falsifiable via coupled Poisson–Nernst–Planck (PNP) + drift–diffusion (DD) modeling and pre-registered quantitative targets: ≥30–50% reduction in peak iodide concentration at the electron contact under operating bias, ≥25 mV increase in implied Voc at fixed Jsc, and no increase in contact resistivity beyond 10 mΩ·cm² compared to planar SnO₂ controls.","### Step 1: Predictive modeling and quantitative design rules (mandatory pre-experiment)
1.1 **Geometry-resolved electrostatic/ionic modeling**: Reconstruct representative TPMS (Schwarz P) and benchmark mesoporous geometries (positive/zero curvature) from synthetic CAD and early FIB-SEM data. Solve coupled Poisson–Nernst–Planck (iodide and vacancy species) + drift–diffusion (electrons/holes) equations under steady-state illumination and forward bias (0.8–1.1 V). Explicitly include curvature-dependent boundary conditions for surface charge density at SnO₂/perovskite interfaces.
1.2 **Dimensionless groups and curvature window**: Define and sweep key ratios: (i) Debye length (λ_D ≈ 1–5 nm) / local radius of curvature (R_c), (ii) lattice constant a (80–200 nm) / perovskite grain size, and (iii) ion mobility × electric field / diffusion coefficient (Pe_ion). Identify regimes where negative Gaussian curvature yields ≥30% reduction in peak |E| and ≥30% reduction in peak iodide density relative to planar and mesoporous controls.
1.3 **Pre-registered quantitative targets**: From modeling, lock target ranges: TPMS lattice constant a = 100–150 nm; TPMS height = 40–60 nm; predicted peak iodide concentration reduction ≥40%; predicted implied Voc gain ≥25–40 mV. These become go/no-go criteria for fabrication.

### Step 2: Fabrication with infiltration/shunt-avoidance criteria
2.1 **Removable Schwarz P template**: Deposit block-copolymer cubosome or lyotropic TPMS-forming phase on ITO/SnO₂; photopolymerize/crosslink. Measure intrinsic template pore size and curvature by GISAXS.
2.2 **Conformal SnO₂ core (electronic backbone)**: Spatial ALD at 120–150 °C, thickness 6–10 nm, ensuring sheet resistance <10⁵ Ω/□ and full bicontinuous percolation.
2.3 **Core–shell nanolaminate**:
- Shell A: 0.3–0.7 nm Al₂O₃ or MgO (3–7 ALD cycles). Pre-registered limit: contact resistivity increase ≤10 mΩ·cm² vs bare SnO₂.
- Shell B: Fullerene-phosphonic-acid SAM (C₆₀-PA or PCBM-PA), target dipole 0.2–0.4 eV. Pre-registered stability criterion: work-function shift change ≤50 meV after 100 h at 85 °C under bias.
2.4 **Template removal and ‘necking’ step with capillarity control**: Remove polymer via solvent + mild O₂ plasma. Apply ultrathin SnO₂ sol–gel necking layer (<5 nm equivalent). Quantify capillary infiltration risk using Young–Laplace pressure (ΔP = 2γcosθ/r): require ΔP < critical crystallization pressure. Measure contact angle and solvent surface tension; define go/no-go window where perovskite infiltration depth <10 nm (verified by cross-sectional TEM/SEM).
2.5 **Perovskite deposition**: Use viscosity-controlled precursor and gas-assisted quench to enforce overlayer crystallization. Criterion: void fraction at interface <5% and no continuous shunt pathways (verified by conductive-AFM and dark JV leakage).

### Step 3: Operationalizing utilization ratio (U)
3.1 **Interface recombination velocity (S)**: Extract absolute S from time-resolved PL on perovskite/ETL stacks (no HTL), calibrated with optical modeling. Define S_planar as baseline.
3.2 **Spatial collection probability (P_c)**: Obtain EBIC maps across TPMS curvature; normalize to planar control to yield ⟨P_c⟩.
3.3 **Utilization ratio definition**: U = (S_planar / S_TPMS) × ⟨P_c⟩, reported with confidence intervals from ≥10 devices. Pre-register expected U ≥1.5–2× relative to planar SnO₂.
3.4 **Device correlation**: Correlate U with Voc deficit (ΔVoc from SQ limit) and hysteresis index; require monotonic correlation for mechanistic validation.

### Step 4: Transport and stability decision layer
4.1 **Contact resistivity and FF risk**: Extract contact resistivity via TLM and electron-only devices. Go/no-go: FF loss ≤1% absolute at matched Jsc.
4.2 **Energetic stability**: UPS/Kelvin probe before/after ISOS-L-2 stress (65–85 °C, bias). Criterion: work-function drift ≤50 meV.
4.3 **Ionic suppression validation**: ToF-SIMS after ±1 V bias stress; require ≥40% reduction in peak iodide accumulation vs planar and mesoporous controls.

### Step 5: Device KPIs and scaling
Demonstrate ≥25 mV Voc and ≥2–3% absolute FF gain vs planar SnO₂; T80 ≥2× at 65–85 °C MPP. Validate blade-coated 1–10 cm² devices with LBIC uniformity <10% variation.","The revised proposal directly addresses reviewer-identified weaknesses by embedding a **predictive, falsifiable modeling layer** prior to fabrication, ensuring that curvature length scales (80–200 nm) and TPMS height are not arbitrary but derived from PNP+DD simulations. This mirrors the logic used in bicontinuous single-atom catalysts (Asset 1), where negative Gaussian curvature and bicontinuity maximize utilization ratio; here, the same geometry is translated into a PSC-relevant electrostatic/ionic framework. The **capillarity-based infiltration criterion** transforms the qualitative ‘necking’ concept into a quantified processing window, reducing shunt risk. The **operational definition of utilization ratio** replaces indirect chemical proxies with device-physics-grounded metrics (recombination velocity and collection probability) and enforces correlation with Voc and hysteresis. Finally, explicit **contact-resistivity and energetic-stability bounds** mitigate the risk of sub-nm oxide + SAM layers degrading FF or stability. Together, these measures convert an ambitious architectural concept into a controlled, decision-driven research program with clear success/failure criteria, high reproducibility, and strong relevance to scalable perovskite photovoltaics.","This is unusually strong in execution planning (model-first, quantified targets, explicit failure criteria) and in anticipating manufacturability risks (template removal, shunt avoidance, contact resistivity bounds). The main scientific vulnerability is that the central mechanism—negative Gaussian curvature *quantitatively* suppressing ionic accumulation by redistributing fields—remains under-justified in the specific electrochemical environment of perovskites. In PNP-type systems, peak ionic density is often dominated by local boundary conditions (surface charge, defect chemistry, interfacial reaction terms), mixed ionic–electronic coupling, and microstructural heterogeneity (grain boundaries, local stoichiometry), not curvature alone; your plan mentions curvature-dependent surface charge but does not specify a physically validated constitutive relation for SnO2/perovskite surface charge vs bias, illumination, and chemistry, nor how it will be parameterized and independently measured. In addition, the fabrication pathway has multiple compounding uncertainties: (i) ensuring continuous bicontinuous SnO2 conduction at 6–10 nm within a removed-template TPMS without breaks/necking bottlenecks and without raising series resistance, (ii) achieving a *truly* sub-nm conformal Al2O3/MgO tunnel barrier that blocks ions/defects yet preserves low ρc across a high-area interface (area scaling could make 10 mΩ·cm² difficult), and (iii) the infiltration-control criterion (ΔP < critical crystallization pressure; <10 nm infiltration) is directionally good but currently underspecified because crystallization pressure, solvent exchange kinetics, and antisolvent quench dynamics are not captured by a static Young–Laplace bound. Finally, the utilization ratio U is a helpful metric, but EBIC in perovskites can be field- and damage-sensitive and may not cleanly map to operational carrier collection without careful beam-condition controls and complementary optoelectronic extraction (e.g., absolute quasi-Fermi level splitting under 1 sun, transient photocurrent/photovoltage)."
"Embedding a stratified Ni/Co bimetallic MOF nanoplate network within the bulk of the hole-transport layer (HTL)—while preserving a pristine perovskite/HTL contact—and subsequently generating Ni/Co single-atom coordination sites via a *hard-engineered, post-fabrication coordination-exchange process* will enhance perovskite solar cell (PSC) operational stability without sacrificing Voc or FF. The refined mechanism explicitly overcomes prior limitations as follows: (i) a physically credible infiltration architecture (edge-access diffusion combined with a nanoperforated or ultrathin Au electrode) enables spatially uniform, self-limiting coordination exchange at ≤40 °C, producing isolated Ni/Co–N/S single-atom sites without perturbing perovskite chemistry or HTL doping; (ii) the MOF nanoplates function as a *quantified, finite-capacity ionic and redox buffer*, selectively binding halides (I−/Br−) and noble-metal cations (Au+) with known isotherms and breakthrough limits, thereby reducing net ionic flux to the electrode rather than merely delaying accumulation; (iii) stabilization arises from suppression of electrode-side redox cycling and radical-mediated corrosion, which is deconvoluted from bulk transport effects using PSC-relevant kinetic observables (ideality factor, transient optoelectronic response, operando impedance with DRT) rather than relying solely on apparent Tafel slopes; and (iv) the same coordination motifs are translated to CO2 electroreduction only within a pre-registered axial-ligation and redox-potential window, allowing a falsifiable test of which descriptors (e.g., redox-buffering capacity vs CO2* binding energy) are shared or divergent between PSC stabilization and CO2RR. This approach reframes the MOF/SAC not as an interfacial modifier but as a distributed, capacity-limited chemical potential regulator embedded within the HTL.","Step 1 – Device architecture and infiltration engineering.
1.1 Baseline PSC stack: glass/ITO/SnO2/(FA,Cs)Pb(I,Br)3 with alkylammonium halide surface passivation / HTL / Au. Use dopant-minimized PTAA or alternative low-ion-mobility polymer HTL.
1.2 Stratified HTL: deposit a pristine HTL contact layer (5–10 nm) directly on perovskite, followed by a MOF-doped HTL buffer layer (30–60 nm) containing 0.3–1.5 wt% Ni/Co MOF nanoplates.
1.3 Top electrode designed for post-fabrication access: (a) ultrathin Au (≤20 nm) with controlled nanoscale pinholes (via island growth or sacrificial polymer templating), or (b) patterned Au with sealed edge-access microchannels. Uniformity target: <15% variation in Ni/Co speciation across 5 mm lateral distance.

Step 2 – MOF synthesis and pre-quantification of ion capture.
2.1 Synthesize 2D Ni_xCo_(2−x) MOF nanoplates (x = 0, 0.5, 1, 1.5, 2) using pyridine-modulated solvothermal growth (Asset 3 logic), incorporating N-donor linkers with post-synthetically introducible thiol (–SH) groups.
2.2 Ex situ quantify ion-binding capacity and selectivity of MOF-in-HTL composites: perform calibrated uptake isotherms and breakthrough experiments for I−, Br−, Li+, TFSI−, and Au+ under electric fields (10^4–10^5 V cm−1) representative of operating PSCs. Extract maximum binding capacity (mol cm−3 HTL), selectivity coefficients, and desorption kinetics.
2.3 Define failure threshold: buffer considered effective only if total captured halide flux over 2000 h <70% of binding capacity, ensuring no late-stage back-diffusion.

Step 3 – Post-fabrication coordination exchange (hard-engineered).
3.1 Exchange chemistry: Cl−-assisted or thiol-assisted coordination exchange using vapor-phase or low-activity solution precursors (e.g., Me4NCl vapor or dilute thiol solution) introduced via edge-access channels at ≤40 °C.
3.2 Diffusion–reaction model: solve Fickian diffusion with first-order coordination trapping to predict penetration depth and time constants; experimentally validate by depth-resolved XPS/XAS after varying exposure times.
3.3 Self-limiting criterion: exchange terminates when isolated Ni/Co–N/S sites are thermodynamically favored over multinuclear nodes, with no MOF collapse (verified by TEM and XRD).

Step 4 – Kinetic and mechanistic validation (beyond Tafel slopes).
4.1 Replace sole reliance on Tafel analysis with PSC-relevant observables: intensity-dependent Voc (ideality factor), Suns–Voc, transient photovoltage/photocurrent, and operando impedance spectroscopy with distribution of relaxation times (DRT).
4.2 Controlled oxygen and water dosing under bias to isolate redox-buffering effects; correlate changes in recombination resistance and chemical capacitance with Ni/Co redox state reversibility.
4.3 If Tafel slopes are extracted from hole-only stacks, explicitly verify charge-transfer-limited regimes via thickness scaling, temperature dependence, and suppression of ionic redistribution.

Step 5 – Stability and mass balance.
5.1 Track Voc, FF, Jsc, hysteresis, EL efficiency, and PLQY under ISOS-L, ISOS-O, and damp-heat protocols. Target T80 > 2000 h at 60 °C, 1-sun MPP.
5.2 ToF-SIMS and mass balance: integrate ion profiles across HTL and electrode to confirm captured ion quantities match pre-measured MOF capacities.

Step 6 – CO2RR translation with pre-registered design space.
6.1 Predefine axial-ligation/coordination matrix (Cl vs S vs mixed; Ni:Co ratio) and expected descriptors: shared (redox potential window, ROS binding energy) vs divergent (CO2* adsorption energy).
6.2 Go/no-go criteria: motifs that stabilize PSCs but show high CO2RR overpotential or poor FE are classified as divergent; only motifs satisfying both stability windows are claimed as shared.
6.3 Test on gas-diffusion electrodes under matched current densities; measure FE, partial current density, Tafel slopes, and durability.","This refined proposal directly addresses reviewer concerns by converting conceptual plausibility into engineered controllability. Physically credible infiltration architectures (edge-access channels and nanoperforated Au) ensure uniform, low-temperature coordination exchange without exposing the perovskite to aggressive chemistry. Quantifying ion-binding isotherms and breakthrough behavior transforms the MOF from a speculative sink into a capacity-limited buffer with mass balance closure, mitigating the risk of delayed failure via back-diffusion. By replacing ambiguous Tafel-only interpretations with idealiy factors, transient techniques, and operando impedance with DRT, the proposal cleanly separates interfacial charge-transfer and redox buffering from transport and ionic artifacts. Finally, the CO2RR bridge is constrained by a pre-registered coordination/axial-ligation matrix with explicit go/no-go criteria, ensuring that any claimed overlap between PSC stabilization and CO2 electroreduction rests on shared, testable descriptors rather than analogy. Empirical precedents from MOF electrocatalysis (Assets 1–3) support the stability of Ni/Co coordination environments and their kinetic signatures, while the proposed architectural controls make the adaptation compatible with fragile perovskite devices.","The proposal is unusually strong in engineering specificity for a concept that is normally hand-waved (post-fabrication chemical access through Au; spatial uniformity metrics; diffusion–reaction modeling; capacity-limited buffering with breakthrough criteria; mechanistic deconvolution via ideality factor/transients/DRT rather than Tafel-only). The main deductions are (1) chemical compatibility risk is under-controlled: the proposed Cl−/thiol-assisted exchange introduced post-metallization could alter Au morphology/work function, PTAA (or additive) chemistry, and interfacial energetics via unintended halide/thiolate migration; the plan does not define strict analytical acceptance criteria for “no HTL doping/energetics change” (e.g., UPS/KPFM, mobility, trap DOS) beyond general statements. (2) The self-limiting SAC formation claim is plausible but not yet proven: many MOFs under halide/thiol exposure undergo partial ligand exchange, defect creation, or metal leaching; isolated-site verification needs operando or statistically robust ex situ methods (e.g., EXAFS coordination number distributions with uncertainty bounds, leaching quantification) tied to device processing conditions. (3) The ionic-buffer mass-balance framework is a real advance, but the key assumption—that electrode corrosion and performance loss are dominated by halide/Au+ flux that can be captured within the HTL—needs explicit falsification pathways versus competing failure modes (HTL oxidation, perovskite decomposition, interfacial dipole drift, Au diffusion independent of halide). (4) The CO2RR “translation” is conceptually constrained (good), but it remains somewhat orthogonal: CO2RR performance depends strongly on conductivity, mass transport, wettability, and potential-dependent restructuring, which are not isomorphic to PSC redox buffering; the proposal risks being two projects sharing materials motifs rather than a single descriptor-driven mechanistic program unless the shared descriptor set is made quantitatively predictive."
"We hypothesize that a MOF-derived reticular-framework nanocomposite, converted in situ into a semiconductor/oxide heterojunction with embedded redox-active catalytic sites, can be integrated as a *recyclable charge-transport scaffold* in perovskite solar cells to simultaneously increase interfacial loading capacity, suppress ion-migration-induced degradation, and enhance operational stability. The core methodological adaptation is to transform a thin, solution-processable MOF interlayer deposited beneath the perovskite into a nanocomposite heterojunction (e.g., NiO–NiOOH@C or SnO2–SnOx@C) via low-temperature oxidative conversion, thereby creating a reticular, electrically percolative, and catalytically active framework that (i) immobilizes a high density of passivating/catalytic sites without molecular diffusion into the perovskite, (ii) forms an energetically favorable heterojunction for selective charge extraction, and (iii) catalytically buffers interfacial redox species (I0/I3−, O2−) responsible for long-term instability. Unlike conventional passivators or nanoparticle additives, the framework-derived nanocomposite remains structurally intact and can be reclaimed and reused as a transport scaffold after perovskite removal.","Step 1: System definition and reticular precursor design.
- Select two representative device architectures: (A) p–i–n: ITO/NiOx/(FA,Cs)Pb(I,Br)3/C60/BCP/Ag and (B) n–i–p: ITO/SnO2/(FA,Cs)Pb(I,Br)3/Spiro-OMeTAD/Au.
- Synthesize ultrathin MOF films directly on ITO or NiOx/SnO2 using layer-by-layer liquid-phase epitaxy (e.g., Ni-MOF-74 or Sn-based MOF analogues) to precisely control thickness (5–20 nm) and loading capacity of metal nodes.

Step 2: Methodological adaptation – in situ MOF-to-nanocomposite heterojunction conversion.
- Apply a low-temperature (≤250 °C) oxidative or plasma-assisted conversion to partially transform the MOF metal nodes into mixed-valence oxide/hydroxide domains (e.g., NiO/NiOOH or SnO2/SnOx) while carbonizing the organic linkers into a conductive, porous carbon matrix.
- This yields a reticular nanocomposite with (i) preserved framework porosity, (ii) embedded semiconductor/oxide heterojunctions, and (iii) high surface density of redox-active sites.
- Tune conversion degree to balance conductivity, work function, and catalytic activity; quantify loading capacity via ICP-MS and porosity retention via BET.

Step 3: Perovskite integration and heterojunction validation.
- Deposit the perovskite absorber directly onto the converted nanocomposite scaffold, leveraging its porous surface to promote heterogeneous nucleation and strain relaxation.
- Characterize band alignment and heterojunction energetics using UPS, KPFM, and temperature-dependent J–V.
- Probe charge extraction and recombination via TRPL, transient photocurrent/photovoltage, and absolute PLQY.

Step 4: Mechanistic interrogation of stability enhancement and catalytic activity.
- Evaluate ion migration suppression using bias-stress ToF-SIMS and impedance spectroscopy.
- Assess catalytic redox buffering by operando EPR and in situ UV–Vis to monitor superoxide and iodine species under illumination and oxygen exposure.
- Correlate catalytic turnover (redox cycling of metal nodes) with reduced Voc loss and hysteresis.

Step 5: Reusability and lifecycle testing.
- Remove degraded perovskite layers using selective solvent washing, leaving the inorganic nanocomposite scaffold intact.
- Re-deposit fresh perovskite layers for ≥3 cycles and quantify retention of Voc, FF, and interfacial energetics.
- Benchmark against conventional compact NiOx/SnO2 layers and molecular passivation strategies at matched initial PCE.","1. Theoretical/Empirical Basis: MOF-derived nanocomposites are known to retain reticular porosity while forming catalytically active semiconductor/oxide heterojunctions with high surface area and tunable redox properties. Mixed-valence oxides (e.g., NiO/NiOOH, SnO2/SnOx) exhibit proven catalytic activity toward iodine and oxygen redox couples, directly relevant to PSC degradation pathways.
2. Transfer Logic (How the adaptation fits the domain): PSC failure is dominated by interfacial recombination, ion migration, and photo-oxidative chemistry at transport-layer interfaces. Converting a reticular MOF into a stable nanocomposite scaffold embeds high loading capacity of immobilized active sites exactly at these interfaces, forming an energetically selective heterojunction while avoiding the diffusion and desorption issues of molecular additives.
3. Comparative Advantage: Compared with conventional nanoparticle-doped transport layers or organic passivators, this approach uniquely combines (i) framework-defined loading capacity, (ii) built-in heterojunction formation, (iii) catalytic stabilization of redox species, and (iv) true reusability of the transport scaffold. This directly addresses stability and sustainability bottlenecks while remaining compatible with scalable thin-film processing.","This is a technically ambitious and largely well-reasoned proposal that demonstrates strong command of MOF-derived nanocomposites and perovskite interfacial physics. The engineering plan is detailed, with credible synthesis, conversion, and characterization workflows that go beyond generic PSC passivation strategies. The logical chain connecting reticular loading capacity, immobilized redox catalysis, and suppression of ion-migration-driven degradation is coherent and mostly convincing. However, several mechanistic links remain under-quantified: (i) the assumption that catalytic buffering of I0/I3− and superoxide at buried interfaces will not introduce parasitic recombination or Fermi-level pinning is asserted rather than rigorously bounded; (ii) the impact of partial carbonization and mixed-valence oxides on interfacial defect energetics and contact selectivity is not sufficiently risk-assessed; and (iii) the reusability claim, while conceptually attractive, lacks a degradation model for the nanocomposite itself under repeated oxidative/redox cycling. Evidence grounding is strong and domain-appropriate, but the proposal occasionally leans on catalytic analogies from electrocatalysis without fully translating kinetics and turnover relevance to the low-flux PSC environment. Overall, this is a high-level proposal with minor but nontrivial logical and mechanistic gaps preventing a near-perfect score."
"Integrating a bicontinuous mesoporous Fe single-atom catalyst with FeN4 coordination and negative Gaussian curvature (bmFeSAC) as an interfacial electrocatalytic scaffold at the perovskite/transport-layer junction will actively accelerate interfacial redox equilibration and suppress non-radiative recombination, thereby increasing the effective turnover frequency (TOF) of charge extraction events and enhancing both power conversion efficiency and operational stability of perovskite solar cells. The core mechanism is that negative Gaussian curvature maximizes exposure and electronic coupling of FeN4 single-atom sites, which catalytically mediate interfacial charge transfer and defect-assisted redox reactions, reducing carrier accumulation, mitigating ion-migration-induced degradation, and stabilizing the interfacial Fermi level alignment.","Step 1: Specific system setup or data preparation.
Synthesize bmFeSAC using polymer cubosome templating to achieve Schwarz P-type bicontinuous mesoporosity with controlled Fe loading (≈1–2 wt.%) and confirmed FeN4 coordination via XANES/EXAFS. Disperse bmFeSAC as an ultrathin (<10 nm) interlayer ink compatible with orthogonal solvents. Prepare high-quality mixed-cation mixed-halide perovskite absorbers (e.g., FA0.85MA0.10Cs0.05Pb(I0.85Br0.15)3) with controlled crystallization.

Step 2: Detailed implementation of the adapted methodology.
Insert the bmFeSAC layer at a critical interface (either perovskite/electron transport layer or perovskite/hole transport layer). Unlike conventional passive interlayers, engineer partial electronic coupling by tuning the carbon matrix conductivity and surface functional groups to ensure selective charge tunneling. The negative Gaussian curvature ensures continuous percolation pathways, while isolated FeN4 sites act as single-atom electrocatalysts that accelerate interfacial electron–hole extraction and catalytically neutralize interfacial redox-active defects (e.g., Pb0/I0 species). Optimize curvature density and Fe site density to maximize interfacial TOF without parasitic recombination.

Step 3: Rigorous validation and analytical framework.
Quantify interfacial charge-transfer TOF using intensity-dependent transient photovoltage/photocurrent and electrochemical impedance spectroscopy under illumination. Correlate TOF with FeN4 density and curvature parameters. Use operando Kelvin probe force microscopy to map interfacial potential stabilization. Compare against control devices using flat Fe–N–C, Co–N–C, and no interlayer. Conduct accelerated stability tests (thermal, light, and bias stress) to link electrocatalytic activity with suppressed hysteresis and reduced ion migration.","1. Theoretical/Empirical Basis: Single-atom FeN4 sites are known to exhibit high electrocatalytic activity and fast electron-transfer kinetics. Negative Gaussian curvature bicontinuous architectures empirically maximize active-site utilization and reduce reaction barriers, as demonstrated in bmFeSAC ORR systems.
2. Transfer Logic (How the adaptation fits the domain): While electrocatalysts are traditionally used in fuel cells, this proposal adapts their function to PSC interfaces, where charge extraction and interfacial redox reactions are rate-limiting. The bmFeSAC is repurposed from bulk catalysis to an ultrathin interfacial electrocatalytic layer, directly addressing PSC-specific bottlenecks such as interfacial recombination and instability.
3. Comparative Advantage: Unlike conventional insulating passivation layers or flat M–N–C additives, bmFeSAC uniquely combines (i) single-atom catalytic precision, (ii) curvature-induced electronic modulation, and (iii) continuous transport channels. This enables active, self-regulating interfaces that enhance TOF of charge extraction rather than merely blocking defects, offering a step-change improvement in both efficiency and operational stability.","The proposal is inventive and uses reasonably modern characterization (XAS, operando KPFM, TPV/TPC, EIS), but it overstates “electrocatalytic” redox mediation at a PSC interface without specifying the operative redox couples, reaction pathways, or thermodynamic driving forces under device operating potentials. The central claim—FeN4 sites catalytically neutralize Pb0/I0 and accelerate interfacial redox equilibration—needs a chemically explicit mechanism (which defects, which charge states, what kinetics, what competing parasitic reactions) and a clear argument that such catalysis will not introduce new non-radiative channels or chemical instability (e.g., Fe-mediated halide/iodine redox cycling, carbon/Fe interactions with perovskite decomposition products, band-offset perturbations). The TOF concept is not rigorously defined for a photovoltaic interface: TPV/TPC/EIS yield time constants and recombination/extraction resistances, but converting these into a site-normalized TOF requires an explicit model tying extracted charge flux to an independently quantified active-site density actually participating at the buried interface. Engineering-wise, producing a uniform, pinhole-free <10 nm bmFeSAC layer that remains bicontinuous, electrically selective, and chemically compatible with perovskite/CTL processing is nontrivial; the plan lacks concrete deposition/solvent orthogonality details, surface energy control, and verification of interfacial continuity/coverage. Finally, “negative Gaussian curvature” is treated as inherently beneficial, but no measurement/parameterization (e.g., curvature distribution, accessible site fraction at the interface vs. in-plane) is proposed that directly connects curvature to electronic coupling and PSC-relevant kinetics."
"Embedding a dilute population of atomically precise nanoclusters (APNCs) inside an ultrathin, grain-boundary–preferential Ni3Fe1-derived NiFeOOH “reactive glaze” will increase perovskite Voc (via higher QFLS) and suppress photo-thermal coarsening by satisfying two quantitative, falsifiable conditions:

(A) Photophysics (FRET must be net-beneficial to QFLS): The glaze is engineered so that Förster energy transfer from perovskite band-edge excitations into APNC excitonic manifolds is fast compared with trap capture at the top surface/GBs (k_FRET ≥ 3×k_trap,GB) while APNC excitons do not introduce an additional non-radiative sink that couples back to the perovskite electronic quasi-Fermi levels (i.e., no efficient interfacial charge transfer and no back-transfer that re-populates traps). In a minimal donor (perovskite) kinetic model with total decay rate k_tot = k_rad + k_nr,0 + k_trap,GB + k_FRET, the condition for *Voc improvement* is not “k_FRET large,” but “k_FRET replaces a larger non-radiative channel” by reducing trap capture through competitive energy removal *and* by chemically suppressing trap formation so that k_trap,GB is reduced in the glazed state. Operationally, we set a target regime validated by measurements: after glazing, the product (k_trap,GB × N_trap,GB) must fall enough that external radiative efficiency increases despite the added k_FRET. A conservative falsifiable target is: ERE increases by ≥2× and QFLS increases by ≥15 meV at 1 sun while TRPL shows a donor lifetime decrease consistent with k_FRET ≥ (2–5)×10^7 s−1 (20–50 ns timescale) and sub-gap EQE does not increase.

(B) Chemo-mechanics/transport (ripening suppression must map onto measurable transport parameters): Instead of an abstract “ionic chemical-potential clamp,” the glaze must measurably reduce (i) the interfacial halide exchange coefficient k_ex (surface/GB exchange with the environment and adjacent grains), and (ii) the effective halide chemical diffusivity D_chem along GBs under bias/illumination, and (iii) the mobile vacancy concentration c_V (or an experimentally accessible proxy such as ionic conductivity σ_ion). The Ni3Fe1→NiFeOOH network provides catalytic redox buffering (suppressing I•/I2 and O2−/HOx that create new defects) and forms an ion-moderating hydrated oxyhydroxide pathway that passivates/blocks fast GB exchange sites, thereby lowering k_ex and D_chem. Coarsening (GIWAXS peak narrowing; grain-size exponent) must correlate with extracted reductions in D_chem and k_ex rather than being attributed solely to morphological “pinning.”

Mechanistic coherence with catalytic activity/APNC uncertainty: NiFeOOH (Ni3Fe1-tuned) is the catalytic redox-active component; APNCs are *photonic acceptors* and must be rendered catalytically inert at the perovskite interface by ligand selection (electronically insulating, halide-resistant shell) and by embedding within NiFeOOH at controlled separation. The proposal explicitly tests and rejects APNC formulations that catalyze deleterious iodide/oxygen chemistry (detected by AP-XPS/EPR and accelerated aging).","Step 0 — Pre-registered quantitative success metrics (before any device claims)
0.1 Photophysics targets (1 sun, 300 K): (i) ΔQFLS ≥ +15 meV and ΔVoc ≥ +10 mV with no FF loss >1%abs; (ii) ERE increases ≥2×; (iii) sub-gap EQE (0.7–1.2 eV window, device-dependent) does not increase (no new mid-gap states); (iv) parasitic absorption from APNC-glaze at the perovskite emission wavelength contributes <0.3 mA cm−2 Jsc-equivalent loss (integrated PDS/UV-vis).
0.2 Ion/instability targets: (i) D_chem,GB reduced ≥10× and/or k_ex reduced ≥5× relative to control; (ii) hysteresis index reduced ≥50% under scan-rate series; (iii) accelerated coarsening exponent n (from grain-size ∝ t^n) reduced by ≥30% and GIWAXS peak-width evolution slowed by ≥2×.

Step 1 — Baselines and platform selection
1.1 Perovskites: (A) FA0.8Cs0.2Pb(I0.7Br0.3)3 (wide bandgap, segregation-sensitive) and (B) FA/Cs PbI3 (narrower bandgap reference). Use identical stoichiometry/solvent engineering across batches.
1.2 Architectures: p–i–n (ITO/MeO-2PACz/perovskite/C60/BCP/Ag) and n–i–p (FTO/SnO2/perovskite/PTAA/Au). Determine dominant recombination interface via contact-specific PL quenching + TRPL and by selective insertion of an ultrathin inert barrier (e.g., 0.5–1 nm Al2O3 by ALD on witness samples only) to localize sensitivity.
1.3 Ripening-accelerated protocol (registered): 1 sun MPP at 65/75/85 °C under controlled O2 (0, 1, 21%) and RH (0, 10, 30%). Track morphology/structure: time-lapse AFM/SEM grain statistics + operando GIWAXS.

Step 2 — De-risk conversion chemistry: prove Ni(Fe)OOH formation, self-limited thickness, and GB preference before integrating APNCs
2.1 Replace the highest-risk “volatile β-diketonate chemisorption” with a perovskite-compatible, self-limiting surface reaction sequence (still additive-free in the perovskite film) that can be monitored in situ:
  • Option A (preferred): vapor-phase sequential infiltration / molecular layer deposition–like pulsing at room temperature using Ni and Fe organometallics with demonstrated low-reactivity toward halide perovskites (screened set), followed by controlled oxidant pulses (H2O/O2) to form oxyhydroxide. This maintains the original “in situ conversion glazing” logic but introduces thickness control by cycle number.
  • Option B (fallback): ultradilute, orthogonal-solvent contact (≤2 s) using non-coordinating hydrocarbon solvent with Ni/Fe precursor chosen by screening (below), followed by immediate evacuation and controlled oxidant exposure.
2.2 In situ thickness and chemistry verification on perovskite-relevant surfaces (mandatory):
  • Substrates: (i) real perovskite films, (ii) PbI2-rich and halide-vacancy–enriched perovskite (intentional mild understoichiometry) to mimic GB chemistry, (iii) inert oxide (SiO2/Al2O3) controls.
  • Tools and readouts:
    - QCM + spectroscopic ellipsometry during conversion to obtain mass uptake (ng cm−2) and thickness (target 1–3 nm facets equivalent after completion; total areal loading cap set by cycle count or precursor dose).
    - Ambient-pressure XPS (AP-XPS) during conversion under the exact H2O/O2 ppm conditions to confirm formation of Ni(Fe)OOH signatures (Ni 2p, Fe 2p, O 1s hydroxyl component) and to explicitly rule out dominant carbonate, oxide, or metal iodide formation (I 3d shifts; carbonate C 1s; O 1s lattice vs hydroxyl).
    - TOF-ERDA or angle-resolved XPS (ARXPS) post-process to quantify hydroxyl content and depth distribution.
2.3 GB selectivity test (spatially resolved):
  • Cross-sectional STEM-EELS/EDS mapping of Ni/Fe along GBs vs grain interiors, quantified as GB enrichment factor (target ≥3× relative concentration at GBs).
  • Correlative Kelvin probe force microscopy (KPFM) + conductive AFM on identical regions before/after glazing to ensure no formation of conductive shunts.
2.4 Kinetic sufficiency of “mild” oxidant: explicitly map conversion kinetics vs H2O/O2 partial pressures:
  • Conversion matrix: H2O = 10, 100, 1000 ppm; O2 = 0.1, 1, 21%; illumination on/off (405–450 nm) at fixed photon flux.
  • Endpoint: time-to-saturation thickness (QCM plateau) and stabilized NiOOH/FeOOH spectral fractions (AP-XPS). Proceed only if a reproducible self-limited regime exists within ≤30 min at ≤1000 ppm H2O.

Step 3 — APNC selection, “catalytically inert” ligand series, and parasitic-loss controls
3.1 APNC library (atomically verified): Au25(SR)18, Ag44(SR)30, and alloyed AuAg clusters with three ligand classes:
  • L1 (inert, insulating): perfluoro-thiolates or bulky aryl-thiolates to minimize interfacial electronic coupling.
  • L2 (zwitterionic): to control dispersion without halide exchange.
  • L3 (intentional risk control): more labile thiols to test degradation catalysis (should be rejected by screening).
Confirm atomic precision by ESI-MS/MALDI and EXAFS; quantify absorption overlap integral with perovskite PL.
3.2 Hard controls for parasitic absorption and heating:
  • Photothermal deflection spectroscopy (PDS) / ultra-sensitive absorption of APNC-glaze on transparent substrates to compute Jsc-equivalent parasitic loss.
  • Temperature rise under illumination (IR thermography on dummy stacks) to ensure no APNC-induced local heating artifact.
3.3 Catalytic side-reaction screening (must-pass gate):
  • AP-XPS under illumination in O2/H2O to detect accelerated iodide oxidation (I 3d chemical shifts; formation of I0/I2 species) comparing (i) NiFeOOH only, (ii) APNC only, (iii) APNC@NiFeOOH.
  • EPR spin trapping for superoxide/iodine radicals: APNC formulations that increase radical yield vs control are excluded.

Step 4 — Integrate the glaze + APNCs with controlled donor–acceptor distance (2–8 nm) and prevent shunting
4.1 Assembly sequence (distance-control logic):
  • Form ultrathin NiFeOOH first to define a chemically stable host matrix (1–2 nm equivalent on facets).
  • Introduce APNCs at sub-monolayer coverage via orthogonal deposition (perfluorinated solvent or scCO2 impregnation on test coupons) to avoid perovskite solvent damage.
  • Complete with a second, brief NiFeOOH conversion step to “cap” and lock APNCs at target separations (total thickness windows: 1–3 nm at facets; 3–8 nm at GBs).
4.2 Thickness verification per device: ARXPS + cross-sectional STEM on witness devices; reject batches outside thickness window.
4.3 Shunt control: dark JV, light-intensity dependent Voc/Jsc, and temperature-dependent JV to detect tunneling/filamentary pathways; any increase in leakage current >10× at −0.1 V rejects the process window.

Step 5 — Quantitative photophysical framework and falsification of ‘beneficial FRET’
5.1 Minimal kinetic model tied to observables:
  • Fit TRPL (and preferably TCSPC) with a model including k_rad, k_nr,0 (bulk), k_trap,GB (surface/GB), and k_FRET.
  • Extract k_FRET from lifetime change only after demonstrating unchanged charge extraction (no APNC photocurrent contribution) and no new sub-gap states.
5.2 Required regime demonstration (how FRET increases Voc rather than decreases it):
  • Measure QFLS by absolute PL under 1 sun equivalent. A net QFLS increase concurrent with donor lifetime shortening is only acceptable if ERE increases and sub-gap EQE does not.
  • Sensitized APNC signature: transient absorption detecting APNC bleach upon perovskite excitation; absence of long-lived charge-separated signals (which would imply charge transfer).
  • Distance dependence: vary total glaze thickness (controlled cycles/dose) to map k_FRET ∝ R−6 and identify a Förster radius regime; correlate with QFLS to find optimum where ΔQFLS>0.
5.3 Back-transfer/heat-loss check: monitor PL spectrum and time-resolved emission for re-population of perovskite emission; quantify non-radiative heating fraction by power-dependent PL + PDS.

Step 6 — Replace ‘chemical-potential clamp’ with extracted transport parameters
6.1 Extract D_chem and k_ex (measurable):
  • Bias-dependent ToF-SIMS depth profiling after controlled bias/light soaking to quantify halide redistribution; fit profiles with drift–diffusion to extract effective D_chem.
  • Isotope tracer experiments: use enriched halide (e.g., 81Br/79Br contrast if available) or deuterated water exposure to quantify exchange kinetics (k_ex) at the top interface.
  • Temperature-dependent impedance / ionic conductivity: separate ionic and electronic contributions (e.g., distribution of relaxation times) to quantify σ_ion and activation energy changes.
6.2 Link to coarsening: correlate extracted D_chem and k_ex with GIWAXS peak narrowing rates and grain-size evolution under identical stress; show that reduced coarsening tracks reduced ionic transport/exchange rather than only surface “armor.”

Step 7 — Catalytic redox buffering verification (Ni3Fe1 as control knob)
7.1 Stoichiometry series: Ni-only, Fe-only, Ni:Fe = 3:1, 2:1, 1:1, with matched thickness (QCM-calibrated) and matched APNC loading.
7.2 Operando AP-XPS under illumination: track oxygenated species and iodine oxidation-state evolution; quantify suppression of oxidized iodine species as a function of Ni:Fe.
7.3 Electrochemical proxy (on inert substrates): confirm Ni3Fe1-derived oxyhydroxide shows superior redox activity (OER-like metrics) relative to Ni-only/Fe-only at comparable loadings, anchoring the “catalytic activity” link.

Step 8 — Device performance, recombination/transport decomposition, and reliability
8.1 Performance: JV, stabilized MPP, Suns-Voc; absolute PL-derived QFLS; calculate non-radiative Voc loss.
8.2 Loss separation: transient photovoltage/photocurrent, impedance spectroscopy, and scan-rate hysteresis series.
8.3 Mandatory parasitic-loss readouts: ERE, sub-gap EQE, and PDS-derived absorption.
8.4 Reliability: ISOS-L-2 and ISOS-O-2 plus MPP at 65–85 °C. Report T80, Voc retention, and (for Br systems) spectral stability/phase segregation signatures.

Control matrix (must falsify)
C1 NiFeOOH only (no APNC) vs C2 APNC only (no NiFeOOH) vs C3 APNC@NiFeOOH (full) vs C4 inert ultrathin glaze (Al2O3) with APNC vs C5 spectrally mismatched APNCs (no overlap) in identical NiFeOOH vs C6 thick continuous film (≥10 nm) to prove ultrathin/GB-localized requirement.","1) Addresses the Step-2 chemistry risk by moving from assumed “selective chemisorption” to a monitored, self-limiting conversion with direct in situ evidence. QCM/ellipsometry provides thickness closure; AP-XPS under the exact oxidant ppm regime establishes whether Ni(Fe)OOH forms versus iodides/carbonates/oxides, and maps kinetic sufficiency (time-to-saturation). Spatial selectivity is no longer asserted; it is quantified via STEM-EELS GB enrichment factors.

2) Makes the FRET claim internally consistent with Voc/QFLS by requiring a specific measurable regime: ERE and QFLS must increase while TRPL shortens and sub-gap EQE does not rise. This directly tests the reviewer’s concern that adding an acceptor usually lowers radiative efficiency. The proposal pre-registers a falsifiable outcome: if QFLS decreases or ERE drops, the “beneficial FRET” hypothesis is rejected even if FRET is observed.

3) Replaces the ‘chemical-potential clamp’ narrative with extractable transport parameters (D_chem, k_ex, σ_ion, activation energies) derived from bias-dependent ToF-SIMS, temperature-dependent impedance/conductivity, and isotope tracer exchange. This framework can distinguish (a) reduced exchange/diffusion from (b) purely morphological pinning by requiring quantitative correlations between transport suppression and coarsening-rate suppression.

4) De-risks APNC catalytic uncertainty by explicitly treating APNCs as photonic acceptors that must be chemically/electronically insulated via ligand selection and embedding, and by implementing a gatekeeping screening protocol (AP-XPS/EPR under O2/H2O + illumination). APNCs that catalyze iodide oxidation or increase radical yield are excluded. This preserves the concept chain: catalytic activity is attributed to Ni3Fe1-derived NiFeOOH; APNCs are engineered energy acceptors whose only allowed role is near-field energy transfer without charge extraction or catalysis.

5) Ensures manufacturability relevance: the glaze remains ultrathin (1–3 nm facets; 3–8 nm GB) and is verified self-limiting; thick-film penalties are explicitly tested (C6). Orthogonal APNC delivery avoids solvent damage and enables sub-monolayer loading—critical for avoiding shunting and parasitic absorption.","Methodologically, the proposal is unusually well-instrumented and pre-registered, with strong in situ chemical verification (QCM/ellipsometry + AP-XPS), spatial selectivity metrics (GB enrichment factor by STEM-EELS), and a rare attempt to make ripening suppression quantitatively traceable to extracted transport parameters (D_chem, k_ex, σ_ion). The main scientific vulnerability is the central photophysics claim: removing band-edge excitations by FRET to embedded APNCs almost always competes with radiative recombination and lowers QFLS unless it *selectively* intercepts trap-mediated capture without creating an alternate loss channel. The proposal partially addresses this via an ERE↑/QFLS↑ gate, but the mechanistic pathway for how FRET reduces k_trap,GB (rather than merely adding k_FRET) remains under-justified: trap capture is generally a first-order sink proportional to trap density and capture cross-section, and FRET does not intrinsically reduce either unless coupled to independent chemical passivation; in that case, NiFeOOH passivation—not FRET—would be the primary cause of Voc gain. A second weakness is chemical compatibility risk: NiFeOOH is hydrated/ionic and can itself be a mixed ionic/electronic conductor; inserting a redox-active oxyhydroxide at perovskite/transport-layer interfaces risks (i) band misalignment and interfacial dipoles, (ii) interfacial charge transfer (quenching) inconsistent with the ‘no QFL coupling’ requirement, and (iii) providing fast ion pathways or water retention depending on hydration state—potentially worsening halide migration under some humidity/bias conditions. Finally, the transport-extraction plan is ambitious but under-specified regarding identifiability: ToF-SIMS profile fitting can conflate D_chem with field-driven drift, interfacial exchange, and sputter artifacts; impedance separation of ionic/electronic responses is model-dependent unless validated with independent tracers. Overall, the engineering plan is high-resolution and falsifiable, but the logical necessity of APNC-mediated FRET for Voc improvement remains the least convincing link, and the concept chain is internally conflicted because APNC catalytic activity is disallowed while the chain asserts it."
"Embedding an ultrathin, dual-ligand conductive MOF nanosheet (Cu3(HHTP)(THQ)) as a van der Waals (vdW) interlayer between a 3D perovskite absorber and the charge-transport layer will simultaneously (i) suppress interfacial non-radiative recombination and ion migration (boosting Voc/FF and operational stability) and (ii) enable an on-chip mode-locked, repetition-frequency-resolved optical diagnostic of interfacial trap/ion dynamics via the interlayer’s enhanced third-order nonlinear optical (NLO) response. Mechanistically, HHTP provides a π-conjugated, electron-cloud-extendable plane that supports strong χ(3) and fast saturable absorption; THQ introduces additional redox/coordination functionality that strengthens interfacial binding to under-coordinated Pb/I sites and creates a mixed electronic–ionic “buffer” that redistributes local electric fields, increasing the interfacial activation barrier for halide vacancy drift. The methodological adaptation is to repurpose a MOF/graphene ultrafast-photonics vdW heterostructure concept into a perovskite interface-engineering architecture: (a) synthesize Cu3(HHTP)(THQ) as sub-10-nm nanosheets, (b) form a vdW heterointerface with graphene (or reduced graphene oxide) to tune Fermi level and in-plane conductivity, and (c) insert this composite as a conformal interlayer that acts as both a defect-passivating contact and a nonlinear optical ‘sentinel’ layer whose mode-locking repetition frequency and saturable-absorption parameters report interfacial quality and aging.","Step 1: Specific system setup or data preparation.
1.1 Select baseline high-efficiency PSC stack (e.g., glass/ITO/SnO2/FA-Cs mixed-halide perovskite/HTL/Au) and a second stack in inverted polarity (ITO/NiOx/perovskite/C60/BCP/Ag) to decouple interlayer roles at each interface.
1.2 Synthesize Cu3(HHTP)(THQ) nanosheets via the reported competitive-coordination control (ethylenediamine mediation), then exfoliate/size-select to a narrow thickness distribution (target: 3–10 nm) and lateral size 100–500 nm to ensure conformal coverage without excessive series resistance.
1.3 Prepare Cu3(HHTP)(THQ)/graphene vdW heterostructure dispersions by electrostatic/π–π assembly (graphene: 1–3 layers; MOF:graphene mass ratio sweep).

Step 2: Detailed implementation of the adapted methodology.
2.1 Interlayer deposition adaptation: implement a ‘solvent-orthogonal, self-limiting’ deposition protocol to prevent perovskite damage—e.g., deposit MOF/graphene from nonpolar/weakly coordinating solvent (anisole/chlorobenzene blend) with controlled surface energy (trace fluorosurfactant) and immediately mild vacuum anneal (<80°C). Add an ultrathin ionic-crosslink step (vapor-phase mild amine or pyridine derivative) to lock nanosheets without introducing deep traps.
2.2 Interface targeting: (a) place interlayer at perovskite/HTL to passivate Pb-related surface defects and block iodide migration into HTL; (b) alternatively place at perovskite/ETL to test polarity dependence of ion-blocking and band alignment. Include thickness series (0.5, 1, 3, 5, 10 nm equivalent).
2.3 Energy-level and field engineering adaptation: tune graphene work function via controlled p-doping (e.g., F4TCNQ at ppm) or mild oxygen plasma to align with HTL/perovskite band edges while keeping vdW contact (no covalent disruption). Hypothesis-driven target: reduce interfacial energetic disorder while maintaining high in-plane conductivity for lateral charge extraction.
2.4 Integrate NLO diagnostic: fabricate an auxiliary photonic test chip (SiN or fiber ring cavity) with a window exposing the interlayer-on-perovskite region as the saturable absorber. Measure mode-locking threshold, pulse duration, and repetition frequency. Track how these NLO parameters evolve with controlled interfacial aging (light/heat/bias) and correlate to PSC performance drift.

Step 3: Rigorous validation and analytical framework.
3.1 Photovoltaic metrics: J–V (forward/reverse), stabilized power output, EQE, impedance spectroscopy (recombination resistance/capacitance), transient photovoltage/photocurrent (carrier lifetime/extraction), and temperature-dependent Voc to separate radiative vs non-radiative losses.
3.2 Defect/ion migration mechanisms: PLQY and absolute PL at open circuit, time-resolved PL, space-charge-limited current (trap density), Kelvin probe/UPS (work function/band alignment), and operando ToF-SIMS under bias to quantify iodide/metal diffusion. Use bias-stress hysteresis protocols and ionic conductivity extraction (low-frequency capacitance, drift-diffusion fits) to obtain activation energies for ion motion with/without interlayer.
3.3 Structural/chemical integrity: GIWAXS for perovskite surface phase, XPS depth profiling for Pb–O/N coordination signatures attributable to MOF binding, AFM/KPFM for morphology and potential landscape smoothing, and cross-sectional TEM to confirm vdW interlayer continuity.
3.4 NLO–device correlation: z-scan or pump–probe to extract χ(3), saturable absorption modulation depth, and recovery time; correlate these with interfacial trap density, recombination velocity, and operational stability. Define a predictive model linking repetition frequency stability (mode-locked cavity) to interfacial loss evolution (e.g., increased nonsaturable loss from defect growth).
3.5 Stability protocols: ISOS-L (light soaking), ISOS-D (dark storage), and damp heat (85°C/85% RH where compatible) plus maximum power point tracking. Quantify T80 and failure mode classification (interface delamination, ion-induced contact degradation, phase segregation).","1. Theoretical/Empirical Basis: HHTP-based ultrathin vdW heterostructures have demonstrated strong third-order NLO polarizability and GHz repetition-frequency mode-locking, implying fast carrier response and high optical nonlinearity suitable for saturable absorber behavior. Dual-ligand Cu3(HHTP)(THQ) exhibits high electronic conductivity, abundant active sites, and strong chemical stability with demonstrated long-term cycling robustness in Li storage, supporting the premise that its framework tolerates repeated redox/ionic perturbations and can buffer ionic flux—analogous to halide/MA/FA ion movement at PSC interfaces.
2. Transfer Logic (How the adaptation fits the domain): PSC bottlenecks are dominated by interfacial trap-assisted recombination and ion migration into transport layers/contacts. The proposed interlayer directly targets these via (i) coordination/π-interactions that passivate under-coordinated Pb/halide vacancies, (ii) a vdW, chemically robust, electronically conductive plane that reduces interfacial energetic disorder, and (iii) a mixed electronic/ionic buffering effect inspired by Li intercalation stability—reframed here as halide-vacancy flux moderation under bias.
3. Comparative Advantage: Compared with standard 2D perovskite capping or small-molecule passivators, the Cu3(HHTP)(THQ)/graphene vdW interlayer offers (i) higher in-plane conductivity without relying on doped organic HTLs, mitigating interfacial resistive losses, (ii) a mechanically and chemically resilient framework that can withstand bias/light stress while hindering ion penetration into contacts, and (iii) a unique, built-in ultrafast NLO diagnostic channel (mode-locking repetition frequency and saturable-absorption metrics) enabling rapid, non-destructive screening of interface quality and aging—reducing experimental iteration time and enabling mechanistically informed optimization rather than empirical trial-and-error.","This is an unusually ambitious and technically sophisticated proposal with clear strengths in interfacial engineering and characterization depth. The engineering plan is largely credible: nanosheet MOF synthesis, solvent-orthogonal deposition, energy-level tuning via graphene doping, and comprehensive operando diagnostics are all within reach of a well-equipped lab. The strongest element is the rigor of the validation framework, which tightly links photovoltaic metrics, ion-migration physics, and nonlinear optical measurements. However, score deductions arise from two areas. First, the logical bridge between mode-locking repetition-frequency stability and quantitative interfacial trap/ion dynamics, while intriguing, remains partially phenomenological; a first-principles or rate-equation-level justification of why specific χ(3) or nonsaturable-loss changes should map uniquely onto ionic activation energies is not fully articulated. Second, the dual-ligand MOF’s mixed electronic–ionic buffering role is inferred by analogy to Li storage rather than demonstrated halide-specific transport/selectivity arguments, leaving some mechanistic ambiguity. These are depth issues, not feasibility flaws."
"Embedding a MOF-derived Cu/Ni bimetallic carbon nanocomposite (CuNi/C) as a bicontinuous, electronically percolating interlayer at the perovskite/ETL interface will simultaneously increase interfacial active-site utilization ratio and enforce a four-electron redox pathway for oxygen/water-derived interfacial reactions, thereby accelerating benign interfacial electron transfer while suppressing superoxide/peroxide accumulation that drives perovskite decomposition. The methodological adaptation is to transform the typically randomly aggregated MOF-derived CuNi/C powder into a curvature-controlled bicontinuous thin-film (Schwarz-type negative-curvature-inspired, template-directed) with spatially confined Cu–Ni coordination environments and graphitized carbon continuity; this architecture maximizes accessible catalytic/coordination sites (high utilization ratio) and raises the effective interfacial half-wave potential (E1/2) for oxygen reduction-related processes away from peroxide-generating regimes. Mechanistically, (i) bicontinuous channels shorten electron/ion diffusion lengths and maintain continuous electron pathways (higher electron transfer efficiency), (ii) Cu–Ni synergistic sites tune *OOH/*O adsorption energies to favor 4e− reduction over 2e− routes, reducing ROS lifetime at the interface, and (iii) the carbon matrix provides Fermi-level buffering and lowers contact resistance, improving Voc and FF while stabilizing operational performance under light/oxygen.","Step 1: Specific system setup or data preparation.
1.1 Select a baseline high-efficiency n–i–p PSC stack (e.g., glass/ITO/SnO2/3D perovskite/Spiro-OMeTAD/Au) and an inverted p–i–n stack (ITO/NiOx/3D perovskite/C60/BCP/Ag) to test generality.
1.2 Synthesize bimetallic MOF CuNi-DABCO-n with systematically varied Cu/Ni ratios (e.g., 20/80, 50/50, 80/20) and matched total metal loading.
1.3 Define oxygen-stress protocols and operando environments: dry N2, dry air, 20–40% RH air, and controlled O2 with illumination.

Step 2: Detailed implementation of the adapted methodology.
2.1 Bicontinuous thin-film formation (methodological adaptation):
- Use a polymer cubosome/bicontinuous microemulsion template to cast a CuNi-MOF/polymer composite film directly onto the ETL (SnO2 or C60) or onto the perovskite top surface (depending on stack), targeting 10–30 nm thickness.
- Perform confined carbonization/graphitization (≤350–450 °C for robust substrates; or photothermal/chemical graphitization at ≤200 °C for temperature-sensitive stacks) to convert the MOF into CuNi/C while retaining bicontinuous channel morphology and preventing nanoparticle sintering.
- Introduce a thin inorganic diffusion barrier (1–2 nm ALD Al2O3 or molecular barrier such as phosphonic acid SAM) beneath the CuNi/C when deposited near perovskite to prevent Cu/Ni ion ingress while maintaining tunneling-enabled charge transfer.
2.2 Interfacial energy-level and catalytic tuning:
- Optimize Cu/Ni ratio to maximize 4e− selectivity and minimize peroxide yield using rotating ring-disk electrode (RRDE) benchmarks on identically prepared films; choose the composition with highest E1/2 and lowest H2O2 ring current.
- Adjust graphitization degree (Raman ID/IG, XPS sp2 fraction) to maximize electron transfer efficiency without introducing optical absorption penalties.
2.3 Device integration:
- Implement CuNi/C bicontinuous interlayer as: (A) ETL modifier between SnO2 and perovskite to improve electron extraction and interfacial redox buffering; and/or (B) interlayer between perovskite and C60 in p–i–n to stabilize the electron-contact interface.
- Ensure solvent orthogonality (e.g., alcohol-based deposition) and verify perovskite crystallinity is preserved (GIWAXS/PL mapping).

Step 3: Rigorous validation and analytical framework.
3.1 Establish the utilization ratio of interfacial active sites:
- Quantify electrochemically accessible Cu/Ni sites via in situ redox coulometry and compare to total metal content (ICP-MS) to derive utilization ratio; correlate with bicontinuous morphology metrics (3D tomography/ellipsometric porosimetry).
3.2 Prove the four-electron pathway and link to half-wave potential:
- RRDE on films to obtain electron transfer number (n≈4) and peroxide yield; extract E1/2 and Tafel slopes for ORR-like processes under relevant electrolyte models.
- In-device operando detection of ROS (EPR spin trapping; fluorescence probes placed in encapsulation cavity) under O2/light bias to confirm reduced superoxide/peroxide formation.
3.3 Demonstrate electron transfer efficiency improvements at PSC interfaces:
- Measure contact resistivity (TLM), impedance (EIS with interfacial RC elements), transient photovoltage/photocurrent (TPV/TPC), and intensity-dependent Voc to quantify reduced interfacial recombination.
- Use absolute PL and TRPL at the modified interface to quantify non-radiative recombination reduction; extract quasi-Fermi level splitting changes.
3.4 Stability and performance benchmarking:
- Compare PCE, Voc, FF, hysteresis index, and operational stability (MPP tracking) under ISOS-L and ISOS-O protocols; include oxygen-accelerated aging.
- Post-mortem chemical mapping (ToF-SIMS, XPS depth profiling) to check Cu/Ni migration and halide redistribution; validate barrier effectiveness.
- Statistical reproducibility: ≥30 devices per condition; report median and best-cell metrics with confidence intervals.","1. Theoretical/Empirical Basis: Asset 2 demonstrates that MOF-derived CuNi/C nanocomposites can achieve a four-electron pathway with improved electron transfer efficiency and favorable half-wave potential (E1/2), directly linking Cu/Ni synergy to interfacial redox kinetics. Asset 1 shows that bicontinuous architectures dramatically increase utilization ratio of active sites and elevate E1/2 by enhancing accessibility and transport through continuous channels; the curvature/architecture argument supports morphology-controlled improvements beyond composition alone.
2. Transfer Logic (How the adaptation fits the domain): In PSCs, oxygen/light-driven interfacial redox chemistry generates superoxide/peroxide species that accelerate perovskite and contact degradation. Translating ORR-selective, high-E1/2, 4e−-favoring CuNi/C into a thin interfacial layer provides an interfacial redox ‘sink’ that converts reactive oxygen intermediates rapidly and selectively, while bicontinuity ensures percolated electron extraction and minimized series resistance—both core PSC bottlenecks (stability and FF/Voc losses).
3. Comparative Advantage: Compared to conventional interlayers (fullerene derivatives, simple carbon, or insulating passivation layers), the proposed bicontinuous CuNi/C simultaneously (i) maximizes active-site utilization (architectural control), (ii) tunes pathway selectivity to suppress peroxide formation (mechanistic control), and (iii) improves electron transfer efficiency via graphitized percolation (electronic control). This tri-coupled strategy targets operational stability under oxygen while maintaining or improving PCE, and the barrier-assisted design directly addresses the key risk of metal-ion migration.","This is a technically ambitious and generally well-reasoned proposal that demonstrates strong command of interfacial redox chemistry, ORR selectivity concepts, and PSC degradation physics. The engineering plan is detailed, with credible routes to fabricate and integrate a bicontinuous CuNi/C interlayer and an unusually rigorous validation framework (RRDE, operando ROS detection, utilization-ratio quantification). However, several score deductions are warranted. First, the feasibility of preserving a Schwarz-type or cubosome-derived bicontinuous morphology during MOF carbonization at ≤350–450 °C—especially on device-relevant substrates—is not convincingly justified with precedent or contingency pathways; morphology retention is assumed rather than risk-mitigated. Second, the logical link between ORR half-wave potential measured in aqueous RRDE environments and the actual interfacial redox energetics in a solid-state perovskite/ETL junction remains partially inferential; the proposal would benefit from a clearer thermodynamic mapping between these regimes. Third, while Cu/Ni ion migration risks are acknowledged, the tunneling-enabled charge transfer through ultrathin Al2O3 or SAM barriers is asserted without quantitative transport modeling or prior evidence that electron transfer remains sufficiently fast under operational bias. These gaps slightly weaken the otherwise strong mechanistic narrative."
"Embedding a 9,10-dicyanoanthracene (DCA)-based, spin-active charge-transfer (CT) acceptor directly into an ultrathin (3–10 nm) n=1–2 Ruddlesden–Popper (RP) perovskite surface-sealing layer creates a perovskite-native, electrostatically addressable “field-adaptive” interface whose electronic state variable is the interfacial CT-radical fraction fCT = [DCA•−]/([DCA•−]+[DCA0]). The refined causal claim is: (i) under illumination (finite QFLS), the DCAEA-RP/3D junction establishes a quasi-equilibrium between perovskite electrons and DCA acceptor levels; (ii) an externally applied vertical displacement field, actually experienced at the buried RP/3D interface (not merely applied across the whole stack), produces a measurable Stark shift ΔECT and vacuum-level shift ΔVL that changes the Marcus driving force ΔG for DCA reduction by ≥kBT, yielding a resolvable ΔfCT; and (iii) ΔfCT causally re-biases interfacial energetics and carrier populations on sub-µs timescales (above ionic response), accelerating electron extraction into the ETL and reducing non-radiative recombination at under-coordinated Pb/halide-vacancy-related states by draining interfacial electron density and/or filling interfacial electron traps.

Why this overcomes reviewer-identified risks: (a) we do not assume the applied field equals the interfacial field; we pre-compute and directly measure the interfacial field using a calibrated multilayer capacitor model (including dielectric constants, thicknesses, screening length, and frequency-dependent ionic contributions) and we operate in a high-frequency field-modulation regime where ions cannot follow; (b) we do not assume CT is favorable; we pre-register a quantitative level-alignment/ΔG model built from UPS-derived energetics, DCAEA redox, and illumination-dependent QFLS to predict baseline fCT and the minimum ΔECT needed to change fCT detectably; (c) we make the DCA•− assignment unambiguous by using 15N-labeled DCAEA (predictable hyperfine changes) plus spin standards and oxygen/moisture perturbations; (d) we hard-gate the optoelectronic saturable-absorber (SA)/mode-locking branch behind measured CT tunability thresholds and SA dynamics targets, preventing overreach if CT is electrostatically inaccessible or dominated by slow ionic redistribution.","Step 0 — Quantitative pre-analysis and falsification gates (mandatory before full device build-out)
0.1 Electrostatic architecture definition (field-plate + encapsulated stack):
- Device under test (DUT) encapsulation: glass/ITO/(device stack)/metal with a top encapsulant (parylene-C or ALD Al2O3 + polymer) of known thickness.
- Removable field plate: ITO-coated glass separated from DUT by a defined dielectric spacer (e.g., Cytop or parylene, thickness tdiel = 0.5–2.0 µm; εr,diel measured by impedance). The plate is driven with VAC (AC modulation) + VDC (bias) while the PSC is held at open circuit (or MPP for stability tests) with no galvanic connection to the plate.
0.2 Interfacial-field calculation (what field reaches the RP/3D interface):
- Build a 1D multilayer Poisson/impedance model: layers include field-plate dielectric, encapsulation, top electrode, transport layers, RP cap (3–10 nm), and 3D perovskite surface region characterized by a Debye screening length LD.
- Use literature-informed starting values then experimentally refine: εr(3D perovskite) ≈ 20–30 (electronic) and frequency-dependent εeff including ionic contribution at low f; εr(RP) ≈ 5–10; εr(Cytop) ≈ 2.1; εr(parylene) ≈ 3.1.
- Determine LD and ionic time constants τion via temperature- and frequency-dependent impedance spectroscopy on the capped films and full stacks (10 mHz–10 MHz). Extract characteristic crossover frequency fion ~ 1/(2πτion).
- Define operating regime: field modulation frequency fmod ≥ 10× fion to suppress ionic redistribution (electronic-only response). Typical target: fmod = 50 kHz–5 MHz, chosen from impedance-derived fion.
- Compute the displacement field D = ε0 εr,diel Vplate/tdiel and propagate through the stack to estimate Eint at the RP/3D interface. Report expected Eint (MV/cm) as a function of tdiel and Vplate.
0.3 Minimum Stark/CT tunability requirement (hard gate):
- Define detection thresholds: (i) Stark shift resolvability: ΔEStark,min ≥ 1–5 meV (electroabsorption lock-in SNR-limited); (ii) ΔfCT,min ≥ 5–10% relative change measurable by differential EPR amplitude under modulated field.
- Translate to required field using quadratic Stark relation ΔE ≈ −(1/2)Δα E^2 − Δμ·E (allowing linear term if permanent dipole exists in CT state). Use electroabsorption measurements to extract Δμ and Δα; only proceed if measured coefficients predict ΔEStark at accessible Eint.
- Gate criterion G1: Demonstrate (on films) ΔEStark ≥ ΔEStark,min and/or ΔfCT ≥ ΔfCT,min at fmod ≥ 10×fion.

Step 1 — Chemistry and RP-cap formation (PV-relevant but CT-specific)
1.1 Synthesize spacer cations:
- Target: DCAEA = (15N-optional) DCA–CH2–CH2–NH3+ (as iodide/bromide salts to match surface halide chemistry). Controls: AEA (anthracene-ethylammonium, no cyano acceptor) and PEA.
- Provide redox potentials: cyclic voltammetry in relevant solvent/electrolyte; report Ered(DCAEA/DCAEA•−) vs Fc/Fc+ and convert to vacuum scale.
- Prepare isotopic spin-assignment variant: 15N2-labeled DCAEA (both cyano nitrogens) to create predictable hyperfine changes in EPR relative to 14N.
1.2 RP capping layer deposition tuned to avoid bulk doping:
- Post-deposition treatment: spin-cast dilute DCAEA-halide (1–5 mg/mL) in orthogonal solvent (IPA/EtOAc mixture) onto fully formed 3D perovskite; anneal 60–100 °C, 1–5 min.
- Target thickness: 3, 5, and 10 nm (calibrated by ellipsometry/XRR on witness samples).
- Target phase: n=1–2 dominance (GIWAXS signatures), minimal incorporation into bulk (TOF-SIMS depth profile).
- Mixed-spacer tuning for CT loading: DCAEA:PEA = 1:3, 1:1, 3:1 (molar) to vary DCA density without altering RP formation qualitatively.

Step 2 — Energetics + CT driving-force model (quantitative, illumination-aware)
2.1 UPS/XPS/KPFM-derived level alignment:
- Measure work function (WF), valence-band onset, and vacuum-level shift for: bare 3D, PEA-RP, AEA-RP, DCAEA-RP.
- Under illumination, measure quasi-Fermi level splitting (QFLS) via absolute PLQY (calibrated) to obtain electron quasi-Fermi level EFn.
2.2 Construct a Marcus-type CT feasibility model:
- Define ΔG(E) = (EFn − EDCAred) + e·Δφ(E), where EDCAred is the DCAEA reduction level on vacuum scale (from CV + solvation correction; refined by UPS-induced level pinning if observed), and Δφ(E) is the field-dependent electrostatic potential shift at the interface (from electrostatics model + KPFM/UPS shifts).
- Use Marcus rate expression kCT ∝ exp[−(ΔG+λ)^2/(4λkBT)] with reorganization energy λ estimated from optical Stokes shift/solvatochromic data of DCAEA analogs (and treated as a fit parameter within physically reasonable bounds).
- Predict baseline fCT and ΔfCT under Eint, then compare to EPR-derived fCT (below).
- Gate criterion G2: Model predicts ΔfCT ≥ ΔfCT,min at computed Eint and measured QFLS; otherwise, revise spacer electronic structure (stronger acceptor) or terminate CT-field actuation aim.

Step 3 — Unambiguous CT-radical detection and assignment (EPR + standards)
3.1 EPR measurement design:
- Use X-band CW-EPR (and, if needed, Q-band for resolution) on: (i) capped films on quartz; (ii) capacitor-geometry stacks enabling in situ field application at fmod.
- Include spin counting with a calibrated standard (e.g., TEMPO) to quantify absolute radical density (spins/cm2).
3.2 Assignment controls (mandatory):
- Isotopic labeling: compare 14N-DCAEA vs 15N-DCAEA. A true DCA•− should show systematic hyperfine pattern changes consistent with N coupling; perovskite defects should not.
- Chemical controls: AEA-RP and PEA-RP must show no DCA-like hyperfine structure.
- Environmental controls: oxygen exposure (quenches many organic radicals) vs inert glovebox; moisture control; dark vs illuminated; temperature-dependent linewidth analysis to separate organic radical behavior from perovskite paramagnetic centers.
- Spectral simulation: fit EPR spectra using EasySpin (or equivalent) to extract g-tensor/hyperfine tensors; require goodness-of-fit and consistency across field/illumination.
- Gate criterion G3: Unique, label-verified DCA•− spectral signature with field-dependent amplitude at fmod ≥ 10×fion.

Step 4 — Stark/electroabsorption to quantify Δμ/Δα and CT-state polarizability
4.1 Electroabsorption (EA) / Stark spectroscopy:
- Use a transparent capacitor stack (ITO/dielectric/perovskite+DCAEA-RP/transparent top electrode such as thin ITO or PEDOT:PSS with barrier) to apply known displacement fields.
- Perform lock-in detected EA at fmod (chosen from impedance) to suppress ionic artifacts.
- Extract CT-related EA features and fit to first/second derivative components to quantify Δμ and Δα; correlate EA amplitude with EPR-derived fCT.
- Gate criterion G4: measurable CT-feature Stark response consistent with EPR modulation and electrostatic model.

Step 5 — Fast (ionic-decoupled) linkage to interfacial charge extraction and recombination
5.1 Half-stack ultrafast tests under high-frequency field modulation:
- Build half-stacks: SnO2/3D/(cap) and 3D/(cap)/C60.
- Use transient absorption (TA) and time-resolved PL (TRPL) with synchronized field modulation: compare kinetics at +E and −E, using fmod ≥ 10×fion and phase-sensitive detection where possible.
- Primary observables: electron extraction time constants (ns–µs), interfacial recombination rates, and field-odd vs field-even responses (helps separate linear electrostatic vs quadratic Stark contributions).
- Require that extraction/recombination changes track ΔfCT and occur on timescales faster than ionic drift.

Step 6 — Full PSC integration with mechanistic closure
6.1 Baseline PSCs (two polarities):
- n–i–p: glass/ITO/SnO2/(FA,Cs)Pb(I,Br)3/(cap)/PTAA/Au.
- p–i–n: ITO/NiOx/(FA,Cs)Pb(I,Br)3/(cap)/C60/BCP/Ag.
6.2 Field-plate protocol on encapsulated devices:
- Apply VDC and small VAC at fmod while holding PSC at open circuit; quantify Voc/QFLS shifts and nonradiative losses via absolute PLQY.
- Confirm that observed modulation disappears at low f where ionic effects dominate, and persists at high f (electronic regime).
6.3 Quantitative causal map (pre-registered analysis):
- Regress Δkext (TA/TRPL), ΔVnr (from PLQY/QFLS), and changes in ideality factor against fCT (EPR spin density) and EA-derived Δμ/Δα under matched Eint.
- Perturbation axes: DCA loading (mixed spacer ratios), cap thickness (3/5/10 nm), and operating point (dark vs illuminated QFLS).

Step 7 — Ion-migration decoupling and stability constraints
7.1 Ionic response characterization:
- Impedance spectroscopy + bias-stress capacitance transients to quantify τion and ionic contribution to screening.
- ToF-SIMS after accelerated bias/illumination aging to detect halide migration into the RP cap and any DCAEA decomposition signatures.
7.2 ISOS-style stability (contingent on passing G1–G4):
- ISOS-L-2 / ISOS-O-2 at 65–85 °C MPP ≥ 1000 h with periodic extraction of PLQY/QFLS and EPR to assess whether CT functionality survives operational stress.

Step 8 — Saturable absorber/mode-locking arm (secondary, contingent deliverable)
8.1 Predefined SA targets (hard gate):
- Minimum modulation depth target: ΔR or ΔT ≥ 1–3% at the intended wavelength; saturation fluence competitive with perovskite SA literature; recovery time τrec ≤ 10–50 ps for robust mode-locking (or explicitly justify longer τ for specific cavity designs).
- Photostability target: no irreversible loss of modulation depth after exposure to representative intracavity fluence (benchmarked in pump–probe).
- Gate criterion G5: demonstrate field-tunable modulation depth ≥ 2× while maintaining τrec within target and no rapid photobleaching.
8.2 If G5 passes:
- Measure saturable absorption via open-aperture Z-scan and pump–probe under the same capacitor geometry used for EA/EPR, with fmod ≥ 10×fion.
- Demonstrate mode-locking in a cavity only after SA metrics are met; correlate modulation depth changes to ΔfCT (EPR) and Stark coefficients (EA), leveraging the charge-transfer ↔ nonlinear optics precedent (Asset 1).

Primary success criteria (updated, gated)
- Mechanistic gates: G1–G4 all pass (interfacial field quantified; CT energetically feasible under QFLS; label-verified EPR; Stark response measurable in electronic regime).
- PV: relative to PEA-RP at matched bandgap: +40 mV Voc and/or ≥10% relative FF improvement, ≥2× hysteresis reduction, and demonstrated reduction in Vnr consistent with ΔfCT.
- SA: only if G5 passes, show monotonic field-tunable modulation depth ≥2× correlated to ΔfCT and stable mode-locking ≥1 h.","Electrostatics feasibility (addresses critique i): The revised plan explicitly computes and measures the interfacial field Eint rather than assuming the applied plate field reaches the CT layer. A multilayer Poisson/impedance framework, parameterized by measured dielectric constants and impedance-derived ionic crossover frequency, defines an electronic-only modulation regime (fmod ≥ 10×fion) where ionic screening cannot follow. This directly answers whether Stark tuning is electrostatically accessible at the buried RP/3D interface and prevents misattribution to ion motion.

Energetics/CT feasibility (addresses critique ii): CT formation is treated as a quantitative, illumination-dependent level-alignment problem. UPS provides WF/vacuum-level shifts and band edges; PLQY-derived QFLS provides EFn under operating conditions; DCAEA reduction energy from CV is mapped to the vacuum scale. These inputs feed a Marcus-type ΔG model that predicts baseline fCT and the minimum ΔECT/Δφ required to change fCT by a detectable amount. This pre-analysis creates a hard falsification gate: if ΔfCT is predicted to be below detectability at computed Eint and measured QFLS, the CT-field-adaptive premise is rejected or chemically redesigned before device-scale effort.

Spin assignment rigor (addresses critique iii): EPR ambiguities in perovskites are handled with isotope labeling (15N) to create a diagnostic hyperfine fingerprint unique to DCA•−, plus spectral simulations and environmental perturbations (O2, light/dark, temperature) to separate organic radicals from perovskite defect centers and light-induced paramagnetism. Quantitative spin counting anchors the radical density to a physically meaningful interfacial population (spins/cm2), enabling correlation with recombination metrics.

Ionic vs electronic decoupling (addresses critique iv): All field-dependent CT measurements (EA/EPR) and the causality tests to extraction/recombination (TA/TRPL) are performed with field modulation above ionic response frequencies determined by impedance. Observing consistent high-frequency (electronic) modulation of fCT and concomitant changes in ns–µs extraction kinetics provides a stringent discriminator against slow ionic redistribution artifacts.

Scope control for SA/mode-locking (addresses critique v): The SA/mode-locking arm is explicitly secondary and gated by demonstrated CT tunability (ΔfCT) and SA benchmarks (modulation depth, recovery time, photostability). This preserves proposal coherence—CT fraction remains the shared state variable—while preventing the optoelectronic demonstration from diluting the PV mechanistic objective if perovskite SA dynamics or stability prove limiting.

Literature transfer logic (Assets 1–2): Asset 2 motivates that DCA-derived CT occupancy and emergent spin signatures can be tuned by external electric fields via substrate/field coupling; we translate this to a perovskite-native, buried-interface CT equilibrium and explicitly quantify field delivery and level alignment. Asset 1 links enhanced charge transfer in ultrathin heterostructures to strong third-order nonlinear optical response and mode-locking; in our system, CT-population control is the mechanistic bridge to modulation-depth tunability, but only pursued once CT tunability is proven under electronic-only field conditions.","The proposal is unusually strong in execution planning and falsification discipline (G1–G4), with a credible strategy to decouple electronic Stark/CT effects from ionic screening—an endemic perovskite artifact. The main scientific risk is not acknowledged with enough quantitative severity: achieving a ≥kBT modulation of ΔG at the *buried* RP/3D junction may require interfacial fields that are unrealistic once geometric attenuation, electrode screening, and perovskite electronic screening are accounted for at the chosen fmod. The electrostatics section is directionally correct but under-specifies key parameters that dominate Eint (built-in fields, interfacial band bending, finite density of states/quantum capacitance of the CT layer, and whether the RP cap behaves as a simple linear dielectric versus having field-dependent polarization). Second, the Marcus/ΔG→fCT mapping is underdetermined: fCT is treated as quasi-equilibrium with EFn, but no explicit thermodynamic model is provided (e.g., Fermi–Dirac occupancy of a broadened acceptor manifold with Coulomb interactions, image-charge stabilization, and a finite areal density of DCA sites). Without that, “ΔfCT ≥ 5–10%” is not yet a rigorous prediction target. Third, the causal link from ΔfCT to reduced nonradiative recombination is plausible but currently ambiguous in sign and pathway: DCA•− could (a) drain electrons and reduce electron density at defect states, but also (b) introduce additional interfacial states, dipolar disorder, or mid-gap charge-assisted recombination depending on coupling and back-transfer; the plan lacks a decisive experiment to distinguish beneficial extraction from added recombination channels (e.g., intensity-dependent ideality analysis vs trap-assisted recombination fingerprints, or direct measurement of interfacial recombination velocity versus extraction selectivity). Finally, the SA/mode-locking arm remains conceptually attached but scientifically thin: modulation-depth tunability is asserted to correlate with fCT/EA, yet there is no quantitative linkage from CT population change to χ(3), excited-state absorption bleaching, or recovery pathways in the perovskite/RP/DCA ensemble, making this portion more of a demonstration prospect than a hypothesis-driven deliverable."
"Embedding a Zn‑Car_MOF–templated, transiently formed quasi‑2D/3D perovskite surface termination functions as a chemically rigid, low‑ionic‑mobility ‘ionic‑sink cap’ that suppresses *Staebler–Wronski‑like* light‑induced metastability at the perovskite/transport‑layer interface during MPP operation. Mechanistically, this approach operates via two separable but synergistic pathways: (i) **defect-chemical stabilization**—Zn2+–carboxylate/imidazole coordination and grafted carnosine/carboxylate motifs convert under‑coordinated Pb2+ and halide‑vacancy‑adjacent sites into thermodynamically stable complexes, reducing the formation probability of light‑activated metastable defects analogous to SW bond switching; and (ii) **ionic‑kinetic suppression**—the templated quasi‑2D RP‑like termination (≤10–15 nm) increases the activation energy for halide migration and polaron‑assisted bond rearrangement at the surface, thereby decoupling reversible Voc losses from fast ionic redistribution. Crucially, by removing the MOF after templating, the method decouples chemical stabilization from electronic insulation, yielding higher stabilized Voc, reduced reversible light‑soaking losses, and slower MPP power decay. The hypothesis explicitly predicts that SW‑like defect creation will exhibit distinct intensity‑ and temperature‑scaling and recovery kinetics from ion‑migration‑dominated effects, enabling unambiguous experimental discrimination.","### Phase I – Factorial Chemical Decomposition and Surface Formation Attribution
**Objective:** Isolate which chemical components induce quasi‑2D surface formation versus which suppress metastable defect creation.

**I.1 Full factorial matrix (primary screen):**
- Variables (binary): MOF (Zn‑Car_MOF present/absent) × bulky ammonium halide (present/absent) × Zn2+ (salt present/absent) × carnosine (present/absent).
- Mandatory arms include: (a) MOF only (no ammonium), (b) ammonium only (no MOF), (c) Zn‑salt + ammonium, (d) carnosine + ammonium, (e) inert porous template + ammonium.
- Fixed perovskite: Cs0.05(FA0.83MA0.17)Pb(I0.8Br0.2)3 with 2–3% excess PbI2.

**I.2 Structural attribution:**
- GIWAXS (incident angle 0.2–0.3°) to identify RP‑like (n≤2) diffraction features confined to surface.
- Cross‑sectional STEM‑EELS to confirm thickness (<15 nm) and continuity.
- Decision gate: quasi‑2D formation must correlate uniquely with *ammonium presence*, while metastability suppression beyond standard RP caps must correlate with *MOF‑templated chemistry*.

---
### Phase II – Chemically Orthogonal MOF Lift‑Off with Mass Balance
**Objective:** De‑risk the highest‑impact failure mode (template removal).

**II.1 Lift‑off protocol:**
- Primary route: mechanical dislodgement + polarity‑orthogonal solvent wash (anhydrous anisole → dry chlorobenzene) exploiting weak MOF–perovskite adhesion post‑anneal.
- Secondary (only if needed): ultra‑dilute (≤1 mM) amino‑acid–based Zn chelator in nonpolar/alcohol‑free solvent; exposure <10 s.

**II.2 Validation and numeric thresholds:**
- ICP‑MS of rinse solutions for Zn mass balance (≥95% Zn removal relative to deposited amount).
- XPS depth profiling (Zn 2p, Pb 4f, I 3d, Br 3d): residual Zn <0.2 at.% in top 10 nm.
- AFM/ellipsometry: thickness change ≤1.5 nm post‑lift‑off.
- Electronic acceptance: no increase in Urbach energy (>2 meV), no new deep‑level signature in sub‑bandgap EQE/PDS, and ΔVoc ≤5 mV at matched QFLS compared to Zn‑free RP cap.

---
### Phase III – Discriminating Staebler–Wronski‑like Defect Creation vs Ion Migration
**Objective:** Establish causality, not correlation.

**III.1 Kinetic decision tree:**
- **Intensity scaling:** Measure reversible Voc loss ΔVoc_rev ∝ I^α. SW‑like defect creation predicts sub‑linear α<1 with saturation; ionic redistribution predicts near‑linear scaling.
- **Temperature scaling:** Extract activation energies (Ea) from stretched‑exponential fits to Voc(t) under light (25–65 °C). Ea ~0.1–0.3 eV → ionic; Ea ≥0.5 eV → bond‑switching/defect creation.
- **Recovery bias dependence:** Dark recovery at 0 V vs forward bias. Ionic effects recover bias‑dependently; SW‑like defect annealing is bias‑insensitive but thermally activated.

**III.2 Direct defect spectroscopy:**
- Operando sub‑bandgap EQE/PDS during light soaking to track mid‑gap state density evolution.
- Correlate defect density changes with Voc/QFLS decay and recovery.

---
### Phase IV – Direct Quantification of Ionic Mobility Suppression
**Objective:** Provide quantitative support beyond impedance heuristics.

**IV.1 Temperature‑dependent transient ionic current (TIC):**
- Extract ionic conductivity and Ea_ion using validated equivalent‑circuit models (separating electronic and ionic branches).

**IV.2 Tracer diffusion:**
- Bias‑assisted halide migration followed by TOF‑SIMS depth profiling; extract effective diffusion coefficients (D_eff) at interfaces.
- Success criterion: ≥3× reduction in D_eff relative to control and standard RP cap.

---
### Phase V – Device‑Level Validation under MPP and Outdoor‑Relevant Stress
- Absolute PLQY/QFLS → Voc reciprocity.
- Long‑term MPP tracking (ISOS‑L‑2+) with temperature/irradiance logging and energy‑yield modeling.
- Endpoints: stabilized Voc, reversible vs irreversible loss partitioning, T80, and Voc,stab distributions (≥25 devices/condition).","This refined plan directly addresses reviewer concerns by converting the proposal from a plausibility‑based narrative into a falsifiable, decision‑tree‑driven investigation. First, Staebler–Wronski‑like behavior is no longer inferred indirectly but discriminated using intensity/temperature scaling, activation energies, bias‑dependent recovery, and operando sub‑bandgap spectroscopy—approaches that can separate bond‑switching‑driven defect creation from ion redistribution. Second, the chemically orthogonal lift‑off protocol is explicitly de‑risked through mass balance (ICP‑MS), surface stoichiometry (XPS I/Pb/Br ratios), morphology (AFM/ellipsometry), and numeric residual‑Zn thresholds tied to electronic metrics (Urbach energy, deep‑level signatures, Voc at matched QFLS). Third, a full factorial chemical matrix ensures unambiguous attribution of quasi‑2D formation versus metastability suppression, preventing mechanism conflation. Finally, ionic immobilization is quantified via activation energies and tracer diffusion coefficients, not inferred solely from low‑frequency capacitance. The approach remains scalable (short post‑treatments compatible with blade coating), aligns with outdoor MPP degradation frameworks (Asset 2), and leverages coordination chemistry principles validated in Zn‑Car_MOF systems (Asset 1) while explicitly addressing SW‑type stability challenges known from thin‑film PVs (Asset 3).","The proposal is unusually strong in experimental structure (factorial attribution, quantitative lift-off thresholds, operando defect tracking, and tracer diffusion to avoid impedance-only claims). The main scientific weakness is that the “Staebler–Wronski-like” assignment is still somewhat inferential: the proposed kinetic discriminants (α intensity scaling, apparent Ea thresholds, bias-dependent recovery) are not uniquely identifying in halide perovskites because mixed ionic–electronic coupling, field-dependent ion drift, interfacial dipoles, and light-induced de-trapping can also produce sub-linear intensity response, stretched-exponential kinetics, and higher apparent activation energies. In addition, the lift-off strategy remains a high-risk integration point: mechanical dislodgement/solvent wash may alter the RP-like termination (or remove it), and XPS/ICP thresholds alone do not guarantee that residual Zn/carnosine coordination chemistry remains in the intended bound state rather than redistributed into the perovskite or transport layer. Finally, the causal linkage “MOF-templated chemistry → reduced metastable defect creation” would benefit from a more direct structural/chemical fingerprint of the proposed stabilized complexes (Pb–ligand coordination and halide-vacancy-adjacent binding) and a control demonstrating that identical quasi-2D thickness/orientation without MOF does not reproduce the effect."
"Embedding a carboxylic acid-based Co-MOF as an ultrathin, bicontinuous interfacial scaffold with Schwarz P (negative Gaussian curvature) at the perovskite/HTL interface will simultaneously (i) lower interfacial charge-transfer overpotential for hole extraction and (ii) suppress interfacial degradation by immobilizing iodide and coordinating under-coordinated Pb2+. The specific methodological adaptation is to convert a conventional flat MOF interlayer into a conformal Schwarz P-architected MOF film whose curved, bicontinuous channels are infiltrated with a crosslinkable ionic polymer (Nafion-like sulfonate ionomer in trace loading) to (a) tune Co-node coordination toward transient Co–OHx/Co–O motifs that act as fast redox mediators for interfacial hole transfer and (b) create steric/ionic gating that reduces halide back-diffusion and metal-ion migration. Mechanistically, negative curvature increases accessible coordination site density and optimizes intermediate adsorption/charge localization (analogous to curvature-enhanced electrocatalysis), while carboxylate-Pb binding passivates trap states; together these reduce non-radiative recombination (higher Voc) and interfacial energetic losses (lower overpotential) under operational bias.","Step 1: Specific system setup or data preparation.
1. Select a high-Voc baseline perovskite stack (e.g., p–i–n: ITO/NiOx/FA0.83Cs0.17Pb(I0.9Br0.1)3/C60/BCP/Ag or n–i–p: FTO/SnO2/perovskite/spiro-OMeTAD/Au) and define the target interface to engineer (perovskite/HTL for n–i–p or perovskite/NiOx for p–i–n).
2. Prepare a carboxylic-acid linker set enabling robust Co-MOF growth at low temperature (e.g., trimesic acid/BTC, terephthalic acid/BDC derivatives) and incorporate a small fraction (1–5 mol%) of multifunctional linkers bearing latent crosslink sites (e.g., vinyl, epoxide) to lock morphology after formation.
3. Establish a curvature template route compatible with PSC processing: polymer cubosomes or block-copolymer bicontinuous templates that yield a Schwarz P-like network at 20–80 nm length scale, stable in perovskite-compatible solvents.

Step 2: Detailed implementation of the adapted methodology.
1. Schwarz P templating on perovskite: Spin-coat a thin bicontinuous polymer cubosome layer (10–30 nm effective thickness) directly on the perovskite surface under dry inert conditions; anneal mildly (<80–100 °C) to set the cubic phase without damaging the perovskite.
2. Interfacial MOF conversion (adaptation): Grow a Co-carboxylate MOF conformally within/on the cubosome channels via a vapor-assisted or low-polarity solvent-assisted coordination process (to avoid perovskite dissolution). This converts the initially polymeric Schwarz P morphology into a mechanically supported, continuous Co-MOF framework with negative Gaussian curvature and high accessible site density.
3. Trace ionomer infiltration for controlled Co–OHx formation: Introduce a very low loading of a sulfonated ionomer (Nafion-like) from an orthogonal solvent, followed by brief humidity-free activation. The ionomer provides steric hindrance and localized ionic microenvironments to favor formation of small, defective Co–OHx/Co–O motifs at/near Co nodes (without bulk insulating coverage), creating a redox-active mediator network.
4. Crosslink/lock the scaffold: Activate the multifunctional linkers (thermal/UV depending on chemistry) to crosslink the MOF/ionomer composite, preventing morphological collapse during HTL deposition and operation.
5. Deposit the transport layer: Apply HTL (spiro-OMeTAD/PTAA) or NiOx atop the Schwarz P Co-MOF interlayer; complete devices and include controls: (i) no interlayer, (ii) flat Co-MOF (no Schwarz P), (iii) Schwarz P polymer only, (iv) Schwarz P Co-MOF without ionomer, (v) ionomer only.

Step 3: Rigorous validation and analytical framework.
1. Quantify “low overpotential” in PSC-relevant terms: Use intensity-dependent J–V, Suns-Voc, and electroluminescence quantum efficiency (EQEEL) to extract non-radiative voltage loss; use impedance spectroscopy (EIS) and transient photovoltage/photocurrent (TPV/TPC) to quantify charge-transfer resistance and interfacial recombination.
2. Mechanistic proof of curvature/function: Use GISAXS/ellipsometry/SEM-TEM tomography to confirm bicontinuous Schwarz P-like morphology; measure accessible Co-site density via chemisorption probes and XPS/EXAFS for Co coordination changes with/without ionomer.
3. Interface defect passivation: Track trap density and surface recombination velocity via thermal admittance spectroscopy, time-resolved PL (TRPL), and absolute PLQY on perovskite films with the interlayer.
4. Ion migration and chemical stability: Perform bias-stress and light-soaking tests (MPP tracking at 1 sun, 65–85 °C optional) while monitoring hysteresis, Voc drift, and EIS signatures; use ToF-SIMS depth profiles for I−/Br−/Co/S distributions before/after aging to test halide immobilization and metal diffusion.
5. Performance and scaling checks: Report stabilized PCE, Voc/FF gains, and device-to-device variance; demonstrate compatibility with larger-area substrates (e.g., 1–10 cm2) by slot-die/spin hybrid deposition of the template and vapor-assisted MOF growth.","1. Theoretical/Empirical Basis: Curvature-engineered Schwarz P architectures have been empirically shown to increase electrocatalytic turnover by maximizing accessible coordination sites and lowering reaction barriers via electronic/adsorption optimization. Separately, carboxylic acid-based Co-MOFs can be transformed/activated to Co–OHx-like active motifs and achieve low overpotential in OER when modified with Nafion due to steric hindrance yielding smaller, more defective hydroxide domains with more active sites.
2. Transfer Logic (How the adaptation fits the domain): In PSCs, the dominant losses and instability often originate at interfaces (trap-assisted recombination, energetic barriers, ion migration, chemical reactions with transport layers). The proposed Schwarz P Co-MOF interlayer is not used as a bulk conductor; it is a nanometric interfacial mediator/passivator: carboxylates coordinate Pb2+ to reduce traps (boost Voc), while the bicontinuous, ionomer-tuned Co-node chemistry provides a fast interfacial redox/charge-transfer pathway (lower interfacial overpotential/charge-transfer resistance) and ionic gating (reduced halide back-diffusion under bias).
3. Comparative Advantage: Versus a flat MOF or conventional SAMs, the Schwarz P scaffold provides (i) far higher interfacial site utilization at equal thickness, (ii) continuous percolation pathways for charge transfer without requiring thick layers that impede transport, and (iii) morphological locking that resists interlayer rupture during HTL deposition and thermal cycling. Versus adding catalytic dopants directly into perovskite, the interlayer localizes Co chemistry away from the bulk absorber, minimizing deep-level defect formation while still enabling interfacial kinetic acceleration and improved operational stability.","This is an unusually sophisticated and technically ambitious interfacial engineering proposal with strong internal coherence. The engineering plan demonstrates high resolution: low-temperature Schwarz P templating, vapor-assisted MOF conversion, trace ionomer infiltration, and linker crosslinking are all actionable and largely compatible with PSC constraints. The mechanistic logic—curvature-enhanced coordination site accessibility, carboxylate–Pb2+ passivation, and Co–OHx-mediated interfacial redox facilitation—is well articulated and largely defensible by analogy to electrocatalysis and known MOF chemistry. However, two points slightly weaken the logical rigor: (i) the assumption that Co–OHx redox mediation will accelerate hole extraction without introducing mid-gap recombination channels is not quantitatively bounded (e.g., redox potential alignment vs perovskite quasi-Fermi level), and (ii) the stability of Co carboxylate frameworks under prolonged iodide-rich, biased PSC operation remains uncertain despite ionomer gating. Evidence grounding is strong and domain-relevant, though some electrocatalysis-to-PSC transfer claims rely on qualitative analogy rather than PSC-specific precedent. Overall, this is a high-risk, high-reward concept with exceptional depth, but it would benefit from tighter energetic and degradation-risk constraints."
"A MXene-confined, mechanochemically pre-assembled 2D reticular ‘nanoreactor’ (COF/MOF-to-2D-polymer hybrid) that encapsulates atomically precise Ag44 clusters will create a chemically buffered and electronically percolating interfacial interlayer in perovskite solar cells, simultaneously (i) suppressing small-molecule oxidation in the hole-transport region by lowering interfacial oxygen/water activity and scavenging reactive oxygen species, and (ii) reducing non-radiative recombination by passivating under-coordinated Pb/I defects and homogenizing the interfacial electric field. The methodological adaptation is to replace conventional solution-phase additive blending (which degrades APNCs and yields uncontrolled phase segregation) with a two-stage confined synthesis: mechanochemical encapsulation of Ag44 into a redox-inert COF/MOF scaffold followed by MXene-gap confined 2D reticular growth/polymer-locking to form an ultrathin, continuous, solvent-resistant nanocomposite interlayer that can be laminated onto the perovskite without exposing Ag44 to halide-rich polar solvents. Mechanistically, the COF/MOF pore microenvironment stabilizes Ag44 against aggregation/oxidation; MXene provides a high-conductivity 2D electron reservoir enabling fast interfacial charge extraction and screening of ionic defect fields; and the 2D polymer ‘locking’ converts the reticular framework into a mechanically robust diffusion barrier that blocks O2/H2O ingress and suppresses dopant/small-molecule oxidation pathways that otherwise accelerate HTL/perovskite interfacial degradation.","Step 1: Specific system setup or data preparation.
1.1 Select PSC stack to target oxidation-driven interfacial loss: glass/ITO/SAM (MeO-2PACz)/FA0.9Cs0.1Pb(I0.9Br0.1)3/perovskite-interface interlayer/undoped or lightly doped HTL (e.g., PTAA with minimized LiTFSI)/Au.
1.2 Prepare baseline controls: (A) no interlayer, (B) MXene-only ultrathin layer, (C) COF/MOF-only layer, (D) solution-blended Ag44 additive (expected to be unstable), (E) proposed nanocomposite interlayer.

Step 2: Detailed implementation of the adapted methodology.
2.1 Mechanochemical encapsulation (adapted from APNC@reticular frameworks):
- Synthesize/obtain Ag44(SR)30 (choose thiolate ligands with moderate polarity and perovskite-compatible binding, e.g., aromatic thiolates).
- Select a redox-inert COF (e.g., imine/β-ketoenamine-linked) or 2D MOF with pore aperture slightly larger than Ag44 core+ligand shell, prioritizing chemically neutral internal surfaces.
- Perform solvent-minimized ball-milling (or mortar grinding) of Ag44 + COF/MOF precursor/host under inert atmosphere to form Ag44@COF (or Ag44@MOF) without exposing clusters to polar halide solvents; confirm preserved Ag44 integrity (UV–vis fingerprints, XPS Ag 3d, MALDI/ESI where feasible).
2.2 MXene-gap confined 2D reticular growth (confined synthesis adaptation):
- Prepare Ti3C2Tx MXene flakes with controlled surface terminations (Tx tuned via mild post-treatments to enrich –O/–OH while limiting –F).
- Assemble a laminar MXene film (few nm effective thickness) on a sacrificial substrate or directly on the perovskite via dry transfer/lamination to avoid solvent attack.
- Introduce Ag44@COF (or Ag44@MOF) as a “seeded reticular paste” and confine it within MXene interlayer galleries by hot-press lamination at low temperature (<80–100 °C) under inert gas.
2.3 2D polymer ‘locking’ to prevent dissolution and set thickness:
- In the confined MXene galleries, trigger a mild, diffusion-limited polymerization/crosslinking that converts residual monomer/linker functionality into a 2D polymer network (e.g., interfacial Schiff-base reformation, photoinitiated crosslinking, or click-type reactions compatible with perovskite). The goal is a continuous 5–20 nm interlayer with (i) MXene percolation for conductivity, (ii) reticular porosity for gas buffering, and (iii) polymer locking for solvent/thermal robustness.
2.4 Device integration:
- Form perovskite films with standardized antisolvent protocol.
- Apply the pre-formed nanocomposite interlayer by dry transfer/lamination (or extremely nonpolar orthogonal solvent if unavoidable).
- Deposit HTL and top electrode.

Step 3: Rigorous validation and analytical framework.
3.1 Structural/chemical integrity:
- Verify Ag44 survival after integration: UV–vis (cluster signature), XPS (Ag oxidation state), TOF-SIMS depth profiling (Ag spatial localization), GIWAXS (reticular order), TEM on extracted cross-sections.
- Confirm interlayer continuity and thickness: cross-sectional SEM/TEM, AFM.
3.2 Mechanistic optoelectronic tests (link to recombination and field homogenization):
- Absolute PLQY and TRPL of perovskite with/without interlayer; target reduced non-radiative rate and increased quasi-Fermi level splitting.
- Impedance spectroscopy and transient photovoltage/photocurrent to quantify recombination resistance and carrier extraction.
- KPFM/UPS to map work function shifts and interfacial dipole formation; correlate with Voc changes.
3.3 Oxidation and stability quantification (small-molecule oxidation suppression):
- Track HTL dopant oxidation signatures (if doped controls are included) via UV–vis/EPR; monitor O2 uptake and ROS formation using operando probes where possible.
- Damp-heat and light-soaking: ISOS-L-2 or equivalent (1 sun, 65–85 °C, controlled RH) with maximum power point tracking; compare T80.
- Bias-stress ionic migration: measure hysteresis index, time-dependent Voc decay, and ToF-SIMS for halide/metal migration.
3.4 Benchmarking and statistics:
- >20 devices per condition; report mean±SD of PCE, Voc, FF.
- Failure-mode analysis post-aging (XRD for PbI2, XPS for iodine loss, contact degradation).","1. Theoretical/Empirical Basis: Asset 1 demonstrates mechanochemical encapsulation preserves atomically precise nanoclusters (including Ag44) in COFs/MOFs, preventing degradation typical in liquid processing; Asset 2 shows layered materials (including MXenes) act as nanoreactors enabling confined synthesis of 2D MOFs/COFs/2D polymers and improved small-molecule oxidation catalysis—here inverted to oxidation suppression by controlling interfacial chemistry and transport. In PSCs, ultrathin interlayers that passivate defects and block O2/H2O are known to increase Voc and operational stability.
2. Transfer Logic (How the adaptation fits the domain): PSC performance is often limited by interfacial non-radiative recombination and oxidation-driven degradation in/near HTLs. The proposed adaptation explicitly targets these bottlenecks by (i) creating a dry-processable interlayer (compatible with fragile perovskites), (ii) confining reticular growth to guarantee nm-scale thickness control and coverage, and (iii) stabilizing Ag44 so its redox/field-modulating functionality persists under illumination and bias.
3. Comparative Advantage: Compared with solution-blended nanocomposites, the confined + mechanochemical route prevents Ag44 decomposition and phase segregation, yielding reproducible interfacial energetics and uniform coverage. Compared with MXene-only interlayers, the reticular/polymer matrix mitigates MXene-induced shunting and provides a diffusion/chemical buffer. Compared with COF/MOF-only layers, MXene percolation improves interfacial conductivity and reduces series resistance, while Ag44 introduces tunable interfacial dipoles and ROS buffering, collectively enabling higher Voc, improved FF, and markedly extended T80 under light/heat stress.","This is a technically ambitious and largely well-reasoned proposal that targets a genuine PSC bottleneck: oxidation-driven interfacial degradation coupled with non-radiative recombination. The mechanochemical + confined-synthesis strategy is thoughtfully chosen to address Ag44 instability and perovskite solvent sensitivity. However, several elements remain under-specified at the level required for full confidence: (i) the chemical identity and reaction kinetics of the ‘polymer locking’ step are only loosely constrained, raising questions about reproducibility and unintended electronic barriers; (ii) long-term redox and structural stability of Ag44 under simultaneous light, bias, and halide ion flux is assumed rather than mechanistically bounded; and (iii) MXene/perovskite contact physics (band alignment, ion-blocking vs. ion-trapping) are treated optimistically without clear failure-mode mitigation. These gaps do not invalidate the concept but reduce certainty that all claimed functions can be simultaneously realized in a 5–20 nm interlayer."
"Embedding a negative-Gaussian-curvature (Schwarz P–like) bicontinuous interlayer that hosts high-density FeN4 single-atom coordination (Fe–N–C SAC) at the perovskite/ETL interface will increase the utilization ratio of interfacial active sites for redox-mediated defect neutralization and oxygen/water radical quenching, thereby suppressing interfacial non-radiative recombination and chemically stabilizing the junction under bias/illumination. Mechanistically, the saddle-shaped (K<0) curvature increases accessible site fraction and reactant/product transport (O2/H2O, superoxide, iodide/iodine species) while simultaneously altering local electronic structure/adsorption energetics at FeN4 to lower barriers for undesired ROS consumption and halide-oxidation side reactions; this raises electrocatalytic activity specifically toward benign scavenging pathways and reduces catalytic pathways that accelerate perovskite degradation. The methodological adaptation is to repurpose the electrocatalyst architecture concept (bicontinuous negative-curvature SAC maximizing FeN4 utilization ratio) into a nanometer-thick, electronically selective, optically benign interfacial scaffold that functions as (i) a curvature-enabled ‘active-site amplifier’ and (ii) a catalytic chemical buffer layer for perovskite interfaces.","Step 1: Specific system setup or data preparation.
1.1 Select a high-Voc, stable 3D absorber (e.g., FA/Cs mixed-cation iodide-bromide tuned to ~1.55 eV) and a baseline device architecture where interfacial chemistry dominates stability losses (n–i–p: glass/ITO/SnO2/perovskite/HTL/Au; and p–i–n: ITO/NiOx/perovskite/C60/BCP/Ag for cross-validation).
1.2 Prepare a Fe–N–C precursor polymer/cubosome formulation capable of forming a Schwarz P–like bicontinuous mesophase at sub-50 nm thickness. Build a control library: (A) flat Fe–N–C layer (no bicontinuity), (B) bicontinuous carbon without Fe, (C) bicontinuous Fe present but not atomically dispersed (nanoclusters), (D) no interlayer.

Step 2: Detailed implementation of the adapted methodology.
2.1 Curvature templating at thin-film scale (adaptation of cubosome-templated SAC synthesis): deposit a cubosome-forming block-copolymer/phenolic-resin film (or similar carbonizable network) on the relevant transport layer (SnO2 or C60). Induce an ordered bicontinuous cubic mesophase (Schwarz P topology) via solvent-vapor annealing to lock in negative Gaussian curvature.
2.2 Introduce Fe and N coordination under confinement: infiltrate Fe and N precursors (e.g., Fe-porphyrin-like motif precursors or Fe salts + N-rich ligands) into the mesophase; then perform low-damage conversion to FeN4 sites using mild thermal treatment compatible with underlying layers (target ≤200–250 °C for ITO/SnO2, lower if on organic layers; if higher temperature needed, synthesize on a sacrificial substrate and transfer as a free-standing ultrathin network).
2.3 Densify/functionalize for PSC compatibility: apply an ultrathin wide-bandgap, ion-blocking skin (e.g., a few cycles of ALD Al2O3 or molecular crosslinking) that preserves bicontinuous porosity but prevents direct Fe contact with perovskite to avoid unwanted metal diffusion; tune work function via controlled N-speciation to maintain selective extraction (electron-selective near SnO2/C60, hole-selective near NiOx).
2.4 Interface integration: deposit perovskite atop the interlayer with crystallization control (antisolvent or gas-quench) ensuring conformal wetting into the bicontinuous topography without pinholes. Complete devices with standard HTL/ETL stacks.

Step 3: Rigorous validation and analytical framework.
3.1 Structural/chemical proof of adaptation: GISAXS/TEM tomography to confirm Schwarz P–like bicontinuity and curvature; BET/ellipsometric porosimetry for accessible surface area at thin-film scale; XAS (XANES/EXAFS) + Mössbauer to quantify FeN4 single-atom coordination vs clusters; XPS/NEXAFS to map N species and Fe oxidation state.
3.2 Quantify utilization ratio of FeN4 active sites in-operando: combine electrochemical redox titration (thin-film electrode in non-aqueous electrolyte) with operando spectroscopies (in-situ EPR/UV–Vis) to determine fraction of Fe sites participating in ROS scavenging and halide-redox buffering under light and bias proxies.
3.3 PSC performance and recombination diagnostics: JV (hysteresis), stabilized MPP, Suns-Voc, TRPL and absolute PLQY at 1 sun to extract quasi-Fermi level splitting; impedance spectroscopy to deconvolute interfacial charge-transfer vs recombination resistances; transient photovoltage/photocurrent to assess carrier lifetimes and extraction.
3.4 Mechanistic validation of catalytic buffering: illuminate devices in controlled O2/H2O atmospheres while tracking superoxide/iodine intermediates (EPR spin trapping; operando GIWAXS/ToF-SIMS for iodide migration and interfacial composition). Compare degradation kinetics (T80 under ISOS-L-2 / MPP tracking at 65–85 °C) across controls to attribute improvements specifically to (i) curvature (accessibility/transport) and (ii) FeN4 site chemistry (selective scavenging).
3.5 Failure analysis and guardrails: monitor Fe diffusion (ToF-SIMS depth profiles after aging), trap-density (SCLC), and band alignment (UPS/KPFM). Iterate skin-layer thickness and Fe loading to eliminate Voc penalties or shunts.","1. Theoretical/Empirical Basis: Negative Gaussian curvature bicontinuous architectures are empirically shown to increase surface area and active-site utilization ratio for FeN4 SACs, enhancing electrocatalytic activity through improved accessibility and modified adsorption energetics. In PSCs, the dominant losses often arise at interfaces via ROS-driven chemistry, halide redox, and defect-mediated non-radiative recombination—processes that can be mitigated by interfacial chemical buffering and passivation.
2. Transfer Logic (How the adaptation fits the domain): The proposal does not import electrocatalysis generically; it adapts the curvature-enabled SAC concept into an ultrathin interfacial scaffold tailored to PSC constraints: low optical loss, band alignment control, ion/metal diffusion suppression, and compatibility with low-temperature processing. The FeN4 sites are positioned to act as chemically active ‘interfacial sinks’ for ROS and halide-redox intermediates while the bicontinuous topology maximizes the fraction of sites actually participating (high utilization ratio) in the confined PSC interface.
3. Comparative Advantage: Compared with flat passivation layers (2D perovskites, SAMs) that are chemically passive, the bicontinuous FeN4 interlayer adds an active catalytic buffering function without requiring thick layers. Compared with adding nanoparticles or redox additives, single-atom FeN4 reduces parasitic absorption/scattering and enables atom-efficient activity. The negative-curvature topology provides a unique lever—site accessibility/transport and curvature-tuned energetics—that directly targets the utilization ratio bottleneck, enabling stability gains under O2/H2O/light where conventional passivants often fail.","This is a technically ambitious and unusually well-resolved proposal that demonstrates deep cross-domain synthesis between single-atom electrocatalysis and perovskite interfacial chemistry. Engineering resolution is high: the cubosome-templated Schwarz P mesophase, FeN4 confinement strategy, low-temperature conversion constraints, diffusion guardrails, and multi-modal operando validation are articulated at a level suitable for execution in an advanced materials lab. Logical consistency is strong but not perfect: while the curvature–utilization–activity argument is convincing in electrocatalysis, the proposal partially overextends by implying curvature-tuned adsorption energetics at FeN4 sites without a clearly defined electronic-structure mechanism under solid-state, low-dielectric PSC interfacial conditions. Evidence grounding is robust: the proposal stays anchored to FeN4 SAC literature, ROS/halide chemistry in PSCs, and negative-Gaussian-curvature accessibility arguments, avoiding speculative photonic or plasmonic claims. Rationale quality is high: the work targets a real bottleneck (interfacial chemical instability under O2/H2O/light) with a non-trivial structural adaptation rather than incremental passivation. Minor deductions arise from (i) uncertain feasibility of achieving high-quality FeN4 coordination at ≤200–250 °C without sacrificing site density, and (ii) the risk that the catalytic activity window overlaps with unwanted perovskite redox pathways, which is acknowledged but not fully bounded theoretically."
"We hypothesize that a mechanically gated, ROS-scavenging “breathing electrode” built from a Zn-Car_MOF–carbon composite as the perovskite solar cell (PSC) top contact will simultaneously (i) reduce photo-oxidative degradation driven by singlet oxygen (^{1}O_{2}) by adsorption/physical removal of O2/H2O and catalytic quenching of ROS at the device surface, and (ii) preserve high power conversion efficiency by providing a low-barrier, conductive carbon current-collecting network. The methodological adaptation is to replace the conventional metal/Au (or carbon-only) top electrode with a laminated, microstructured tribo–piezoelectric hybrid nanogenerator (TPHG) electrode stack that periodically modulates the local oxygen chemical potential and interfacial charge distribution through contact–separation microcycles. Mechanistically, cyclic piezo/tribo polarization in the electrode induces reversible “gating” of O2 uptake/release within Zn-Car_MOF pores while the carnosine–Zn coordination sites chemically quench ROS (including ^{1}O_{2}) and the carbon component provides fast lateral transport; together this converts an otherwise open-air PSC surface into a self-regulating, adsorption-dominated oxygen sink that suppresses ^{1}O_{2}-initiated halide/perovskite oxidation and interfacial non-radiative recombination.","Step 1: System setup and material preparation.
1.1 Synthesize Zn-Car_MOF microcrystals (100–500 nm) with controlled porosity and surface histidine/imidazole exposure (via modulated synthesis using carnosine:Zn ratio and pH) to maximize ROS interaction sites while maintaining chemical compatibility with iodide-rich perovskites.
1.2 Prepare a conductive carbon component as a hierarchical network: (i) few-layer graphene or CNTs for percolation, plus (ii) mesoporous carbon black for contact conformity. Form a Zn-Car_MOF/carbon composite ink where MOF is the oxygen/ROS-active phase and carbon is the continuous conductor.
1.3 Fabricate a flexible TPHG laminate that is not electrically wired into the PSC circuit: a patterned PDMS tribolayer + piezoelectric PVDF (or BaTiO3–PVDF) layer, designed for repeated contact–separation under ambient vibrations. The TPHG is used as a mechanically active cap/laminate that produces local polarization fields at the electrode surface rather than injecting current into the device.

Step 2: Detailed implementation of the adapted methodology.
2.1 Device architecture: inverted (p–i–n) PSC to enable low-temperature processing and stable top electrodes: glass/ITO/NiOx (or MeO-2PACz)/3D perovskite (FA/Cs mixed-cation)/C60 (or PCBM)/BCP.
2.2 Methodological adaptation—“breathing electrode” formation:
• Deposit (doctor-blade or screen-print) a 5–20 µm Zn-Car_MOF/carbon composite as the top electrode directly on BCP, optimized to be porous (gas-accessible) yet conductive.
• Laminate the TPHG film on top of this electrode with a microstructured spacer array (10–50 µm pillars) so that ambient mechanical stimuli generate periodic micro-contact without crushing the PSC.
2.3 Functional mechanism engineering:
• Engineer the MOF fraction and pore accessibility to maximize adsorption removal efficiency for oxygen/water: quantify O2 uptake isotherms and tune composite hydrophobicity (e.g., partial fluorinated binder in carbon ink) so the electrode preferentially sequesters O2 while limiting liquid water accumulation.
• Use the TPHG-induced periodic polarization to modulate adsorption/desorption kinetics: in the contact state, enhanced local fields and pressure promote O2 uptake into MOF pores and improve interfacial sealing; in the separation state, partial release prevents saturation and maintains long-term scavenging capacity.
• Ensure charge selectivity is preserved by maintaining a thin electron-selective layer (BCP) beneath the composite and by keeping the MOF electronically decoupled from the perovskite (MOF embedded within carbon matrix, minimizing direct MOF/perovskite charge extraction pathways that could introduce recombination).

Step 3: Rigorous validation and analytical framework.
3.1 ROS and ^{1}O_{2} quantification under operational illumination:
• Operando EPR with TEMP/TEMPO for ^{1}O_{2} and DMPO for •OH/•O2−, comparing (a) standard metal electrode, (b) carbon-only electrode, (c) Zn-Car_MOF/carbon breathing electrode without TPHG laminate, (d) full breathing electrode + TPHG laminate under mechanical actuation.
• Complement with singlet oxygen sensor green (SOSG) in a sealed optical microcell placed against the electrode surface to map ^{1}O_{2} flux.
3.2 Adsorption removal efficiency and oxygen chemical potential control:
• Measure O2/H2O uptake of the composite (gravimetric sorption, QCM) and correlate to ^{1}O_{2} suppression rate constants.
• Use operando mass spectrometry (or sealed-chamber O2 sensor) to track O2 depletion near the device surface during illumination with/without mechanical cycling.
3.3 Photovoltaic performance and recombination analysis:
• J–V (forward/reverse), stabilized MPP tracking, Suns-Voc, and impedance spectroscopy to confirm unchanged charge-selective behavior.
• TRPL and transient photovoltage/photocurrent to quantify non-radiative recombination reduction attributed to lower oxidative defect formation.
3.4 Stability testing with mechanistic attribution:
• ISOS-L-2 (light soaking) and ISOS-O-2 (oxygen-containing atmosphere) with controlled vibration spectra to activate the laminate; track Voc, FF, and PCE decay.
• Post-mortem XPS/ToF-SIMS for iodate/lead oxide formation, and GIWAXS for phase changes, linking suppressed oxidation signatures to measured ^{1}O_{2} reductions.
3.5 Controls to isolate mechanisms:
• Replace Zn-Car_MOF with an isostructural non-antioxidant MOF (same porosity, no carnosine) to decouple adsorption from chemical quenching.
• Replace carbon percolation network with low-conductivity carbon to show conductivity–stability trade-offs.
• Use a non-piezo/tribo inert laminate (same mechanical barrier) to isolate the mechanically gated adsorption effect from simple encapsulation.","1. Theoretical/Empirical Basis: Zn-Car_MOFs (carnosine–Zn bio-MOFs) provide chemically active coordination sites capable of interacting with ROS, while carbon composites are established as conductive, porous electrodes in PSCs. Literature demonstrates MOF-derived carbon systems can generate/mediate ROS and that carbon components enhance adsorption removal efficiency in oxidative environments; here we invert that logic to suppress ROS by sequestration and quenching rather than promoting AOP chemistry.
2. Transfer Logic (How the adaptation fits the domain): The approach targets a dominant PSC failure pathway—oxygen/light-driven interfacial oxidation—without injecting external bias or adding unstable molecular antioxidants into the perovskite bulk. By relocating ROS management into a replaceable, printable top electrode compatible with inverted PSC processing, the method aligns with scalable manufacturing (screen printing/lamination) and maintains high PCE via a continuous carbon conduction network.
3. Comparative Advantage: Unlike the rejected electrically addressable interlayer concept, this is a structurally novel, circuit-independent architecture: the TPHG functions as a mechanically active laminate that modulates adsorption kinetics rather than powering/biased electrochemistry. The breathing electrode provides (i) regenerative oxygen scavenging (avoids one-time antioxidant consumption), (ii) direct suppression of ^{1}O_{2} at the device/air interface, and (iii) scalable, metal-free top contacts that can improve stability and reduce cost/toxicity relative to noble-metal electrodes.","This is an unusually ambitious and well-articulated proposal that demonstrates strong command of PSC degradation physics, ROS chemistry, and functional electrode design. Engineering resolution is high: materials synthesis, device architecture, lamination strategy, and operando diagnostics are specified with actionable detail. The main score deductions arise from mechanistic overreach in the tribo–piezoelectric gating argument. While polarization-induced modulation of adsorption kinetics is plausible, the proposal does not yet quantitatively justify the magnitude, spatial extent, or timescale of the local electric fields relative to O2 diffusion and singlet oxygen lifetimes at the PSC surface. In addition, the assumption that cyclic adsorption/desorption will be regenerative rather than kinetically limited or fatigue-prone remains speculative. Evidence grounding is strong and largely disciplined, though the dual role of carbon (conductor vs. adsorption mediator) could be more clearly disentangled to avoid conceptual circularity. Overall, the logic is coherent but occasionally stacks multiple second-order effects without a clear hierarchy of dominant mechanisms."
"Embedding an electrochemically addressable Ni(OH)2/NiOOH-in-Zn-Car_MOF nanolayer as a wired, redox-buffering interfacial contact on the electron-selective side of perovskite solar cells will suppress oxygen-induced interfacial degradation and reduce non-radiative recombination by quantitatively lowering steady-state electron accumulation at the ETL interface rather than by invoking true oxygen evolution. Under 1-sun operation, the dominant oxygen chemistry at PSC electron contacts is oxygen reduction (O2 + e− → O2•−, E° ≈ −0.33 V vs NHE in aprotic media) and subsequent superoxide/peroxide interconversion. The Ni(II)/Ni(III) redox couple (Ni(OH)2/NiOOH, formal potential ≈ +0.45–0.50 V vs NHE in mildly hydrated environments, shifted cathodically in confined/solid-state conditions) does not drive OER under PSC conditions but instead acts as a fast, reversible electron reservoir with high areal pseudocapacitance. By providing a local redox density that can accept excess photogenerated electrons on sub-ms timescales, the Ni redox layer clamps the electron quasi-Fermi level at the ETL interface to values insufficient to sustain O2 → O2•− reduction, thereby shortening superoxide lifetime and suppressing downstream peroxide- and radical-driven perovskite oxidation. Any residual reduced oxygen species are further mitigated by rapid, catalytic electron back-transfer and disproportionation pathways occurring at the Ni sites within the MOF nanoreactor environment, spatially displaced from the perovskite by a molecular buffer. The Zn-Car_MOF is repurposed from a release medium into a programmable redox-access scaffold that controls the temporal accessibility and density of Ni active sites without ionic leaching. Quantitatively, the hypothesis predicts that achieving an interfacial pseudocapacitance ≥5–10 mF·cm−2 with a charge-transfer resistance ≤5 Ω·cm2 at ≥1 kHz will reduce the steady-state interfacial electron density by ≥3× under illumination, yielding a ≥20–40 mV increase in implied Voc and ≥2× improvement in oxygen-limited T80 lifetime, without introducing additional recombination or series resistance.","Step 1 – Architecture and energetic baselining. (1.1) Fabricate inverted p–i–n (Glass/ITO/NiOx or MeO-2PACz/perovskite/C60/BCP/Ag) and reference n–i–p stacks to isolate polarity effects. (1.2) Establish baseline band alignment and electron quasi-Fermi level position at the C60 interface using UPS and KPFM under dark and 1-sun conditions; target EFn(C60) ≈ −3.9 to −4.0 eV vs vacuum under operation. (1.3) Synthesize 20–50 nm Zn-Car_MOF nanocrystals with 1–5 mol% π-conjugated carboxylate co-linker to enhance electronic coupling; verify porosity (BET), crystallinity (PXRD), and defect density (FTIR/XPS).

Step 2 – Wired MOF interlayer with non-alkaline Ni conversion. (2.1) Form a 3–10 nm ultrathin Zn-Car_MOF film co-deposited with 0.1–0.3 wt% carboxylated graphene quantum dots to achieve in-plane conductivity ≥10−6 S·cm−1 while keeping vertical leakage <10−7 A·cm−2 at ±1 V. (2.2) Deposit the wired MOF between C60 and BCP, or between perovskite and C60 separated by a ≤1 nm fullerene-SAM, confirmed by cross-sectional TEM. (2.3) Introduce Ni via nickel(II) acetate tetrahydrate infiltration from anhydrous ethanol with excess acetate ligand; convert to Ni(OH)2/NiOOH using a fully non-alkaline solid-state route: brief electrochemical oxidation/reduction pulses (charge density 1–10 mC·cm−2) through ITO using a solid polymer electrolyte containing bound hydroxide donors (e.g., quaternary ammonium hydroxide immobilized in PEO), followed by vacuum annealing to remove residual species. Verify absence of free OH− ingress by ToF-SIMS depth profiling.

Step 3 – Quantitative redox and capacitance tuning. (3.1) Measure Ni redox potential and kinetics in symmetric test stacks (ITO/C60/wired MOF:Ni/C60/ITO) via CV and EIS; tune Ni loading to achieve areal pseudocapacitance ≥5–10 mF·cm−2 at 1 kHz and redox time constants <1 ms. (3.2) Ensure added series/contact resistance ≤1 Ω·cm2 and DC leakage ≤10−7 A·cm−2 at operating bias. (3.3) Encode time-dependent active-site accessibility via reversible MOF pore-gating (Zn2+ back-coordination or linker protonation), monitored as gradual increases in redox charge over 10–100 h without Ni migration.

Step 4 – Oxygen-redox mechanism validation (ORR-focused). (4.1) Operando oxygen analysis in sealed micro-chambers under controlled O2 (200 ppm–air): quantify O2 consumption, H2O2 formation/decay (colorimetric or electrochemical probes), and compare superoxide lifetime using in situ EPR spin trapping on witness stacks. The discriminating signature is reduced O2•− signal amplitude and lifetime without net O2 evolution. (4.2) Correlate Ni redox state (operando Ni K-edge XAS or Raman) with transient photovoltage/photocurrent and EIS-derived recombination resistance under MPP.

Step 5 – Optoelectronic and degradation diagnostics. (5.1) Measure absolute PLQY and implied Voc of perovskite/C60/contact stacks; target ΔVoc,implied ≥20–40 mV. (5.2) Perform dark J–V (ideality factor), SCLC trap DOS, and temperature-dependent recombination analysis to verify no new trap-assisted pathways. (5.3) Conduct MPP stability at 45–65 °C under controlled oxygen; success criteria: ≥95% PCE retention after 500 h at 1% O2 and ≥2× T80 in air. (5.4) Post-mortem ToF-SIMS, XPS, and STEM-EDS to confirm suppressed iodide oxidation, Pb0 formation, and metal halide migration.

Step 6 – Controls and falsification. Compare against (i) wired MOF without Ni, (ii) Ni(OH)2 without MOF, (iii) Ni acetate without electrochemical conversion, (iv) MOF without nanocarbon wiring, and (v) oxygen-free encapsulation. The mechanism is falsified if superoxide lifetime, implied Voc, or stability gains are observed without achieving the targeted pseudocapacitance or if added redox density increases recombination or leakage.","The revised framework aligns the oxygen chemistry with thermodynamically accessible pathways at PSC electron contacts, replacing the unrealistic OER claim with an ORR/superoxide-suppression model grounded in known redox potentials and kinetics. MOF@Ni(OH)2 composites are empirically demonstrated to provide high pseudocapacitance and fast Ni(II)/Ni(III) redox, supporting the quantitative capacitance targets defined here. Nickel(II) acetate tetrahydrate is a validated precursor for ultrathin hydroxide phases, and the proposed solid-state, non-alkaline electrochemical conversion eliminates hydroxide ingress risks. Band-alignment (UPS/KPFM), leakage, and recombination diagnostics directly address materials-compatibility concerns, while explicit numerical thresholds for capacitance, resistance, and leakage create clear go/no-go criteria. By spatially separating the redox buffer from the perovskite and proving function through falsifiable oxygen-species signatures rather than assumed OER activity, the approach de-risks integration and tightly links electrochemical design parameters to measurable device-level gains in Voc and operational stability.","The proposal is unusually strong in mechanistic specificity and falsifiability for an interfacial-stability concept in PSCs: it correctly reframes the oxygen chemistry away from unrealistic OER toward ORR/superoxide-driven degradation, and it translates the redox-buffer idea into measurable interface-electrochemistry metrics (areal pseudocapacitance, Rct, time constants) tied to Voc and lifetime predictions. However, several high-risk elements remain under-resolved. (i) The central quantitative claim—clamping the interfacial electron quasi-Fermi level sufficiently to suppress O2→O2•−—is not rigorously linked to a device-relevant electrochemical model (e.g., coupling pseudocapacitance/kinetics to interfacial electron density and local potential under MPP), so the ≥3× reduction in electron accumulation and 20–40 mV implied-Voc gain reads aspirational without a derived relationship. (ii) Achieving ≥5–10 mF·cm−2 at ≥1 kHz in a 3–10 nm solid-state interlayer is aggressive; many Ni(OH)2/NiOOH pseudocapacitive responses are far slower (diffusion/PCET-limited) and shift to much lower effective capacitance at kHz. The proposal acknowledges confinement shifts but does not provide a clear plan to prove sub-ms PCET in the intended dry/weakly hydrated stack. (iii) The non-alkaline ‘bound hydroxide donor’ polymer-electrolyte conversion step risks introducing mobile ionic species, residual water, or quaternary ammonium fragments that can themselves accelerate perovskite/C60 interface degradation; ToF-SIMS alone may not be sufficient to exclude electrically active ionic contamination. (iv) The added nanocarbon wiring and redox sites could introduce new surface states and increase interfacial recombination; while controls are listed, there is no explicit strategy for chemical passivation of Ni/MOF surfaces toward the perovskite/ETL or for maintaining a benign density of states. (v) Some operando oxygen analytics (EPR spin trapping, H2O2 quantification) are technically challenging in thin-film device-like stacks and can generate ambiguous signals without careful calibration and oxygen mass-balance; the plan would benefit from more explicit artifacts/blank protocols and detection limits. Overall, the concept is coherent and methodologically detailed, but the key performance-enabling electrochemical kinetics and the contamination/recombination risks need tighter quantitative mitigation plans."
"A redox-gated, Fe-porphyrin–functionalized porous oxide contact (RG-FeN@MOF-derived contact) enhances perovskite solar cell Voc, FF, and operational stability through two *chemically and electrochemically distinct but testable mechanisms*: (1) **Specific axial coordination and dipole-mediated passivation at the buried interface**, where under-coordinated Pb2+ and halide-vacancy complexes interact preferentially with the *axial Fe center or anchoring-group oxygen atoms* of surface-grafted Fe-porphyrins (rather than porphyrin ring nitrogens), reducing interfacial trap density and non-radiative recombination; and (2) **Solid-state redox gating of interfacial ionic charge**, where reversibly addressable Fe(III)/Fe(II) centers embedded in an electrochemically accessible internal surface act as a distributed charge reservoir that buffers ionic space-charge accumulation under operation without engaging in parasitic halide redox. The hypothesis explicitly rejects nonspecific “Pb–N ring coordination” and instead posits a falsifiable binding hierarchy (Fe axial site > anchoring group > dipole-only interaction) and a requirement that Fe redox activity remains reversible, spatially confined to the contact, and electronically coupled to the oxide backbone under device-relevant quasi-Fermi levels.","Pre-registered discriminator phase (mandatory before scaling):

**A. Chemical binding locus discriminator (go/no-go #1)**
A1. Model buried-interface system: fabricate PbI2-terminated perovskite thin films and PbI2 single-crystal surfaces contacted with RG-FeN@MOF-derived porous SnOx or NiOx films grafted with (i) Fe-porphyrin, (ii) metal-free porphyrin, and (iii) Fe-porphyrin with blocked axial site (e.g., CO- or pyridine-ligated Fe).
A2. Spectroscopic probes:
- N K-edge XAS/XANES: detect shifts indicative of axial ligation at Fe vs unchanged porphyrin ring N.
- Fe K-edge XANES/EXAFS: identify changes in Fe coordination number/bond length consistent with axial Pb–I/Pb–O interaction.
- 15N-labeled porphyrin ssNMR (where feasible) to rule out ring-N involvement.
- DFT-calibrated Pb 4f / I 3d core-level shifts to assign binding energetics (target ΔEbind ≥ 0.2–0.3 eV for specific interaction).
A3. Go/no-go criterion: proceed only if axial-Fe or anchor-mediated interaction is detected with metal-free and axial-blocked controls showing ≤20% of the effect.

**B. Solid-state redox-gating discriminator (go/no-go #2)**
B1. Solid-state operando spectroelectrochemistry: integrate the RG-FeN@MOF contact into a solid stack (ITO/contact/Al2O3(1–2 nm)/inert semiconductor) and bias across ±0.2–0.6 V vs perovskite-relevant quasi-Fermi levels.
B2. Probes: UV–Vis–NIR (Fe-porphyrin redox fingerprints), Fe Mössbauer/EPR (Fe(III)/Fe(II) ratio), or Fe K-edge XAS under bias and illumination.
B3. Correlation: simultaneously measure low-frequency capacitance (10–1–10–2 Hz) to confirm suppression of ionic accumulation concurrent with reversible Fe redox.
B4. Go/no-go thresholds: ≥90% reversibility of Fe redox signal after 100 h bias at 85 °C; no emergence of I3−/I2 spectral signatures; leakage current increase <10%.

**C. Quantified porous-contact architecture (risk mitigation)**
C1. Morphology targets: porosity 30–45 vol%, pore diameter 15–40 nm, contact thickness 30–60 nm, oxide volume fraction above vertical percolation threshold.
C2. Transport targets: sheet resistance ≤2× compact oxide; vertical conductivity ≥10−3 S cm−1; contact resistivity ≤10−2 Ω·cm2.
C3. Fabrication window: MOF-900 nanocrystals 40–60 nm; oxide:MOF volume ratio tuned 55:45–65:35; MOF removal via UV–ozone + ≤150 °C anneal.
C4. Surface functionalization density: Fe-porphyrin coverage 0.3–0.8 nm−2 (sub-monolayer) verified by QCM/XPS.

**D. Solvent and processing orthogonality**
D1. Anchoring chemistry: phosphonate/catechol binding tested for stability against DMF/DMSO/GBL exposure (<10% loss by XPS after soak).
D2. Perovskite deposition: viscosity-tuned precursor (η ≥ 10 mPa·s), brief antisolvent (<3 s) to avoid pore infiltration; confirm continuity by cross-sectional SEM/TEM.

**E. Descriptor translation and device validation (post go)**
E1. Measure EASA (Cdl) and solid-state E1/2 analogue/k0 on the same films; confirm trends persist without liquid electrolyte by solid-state charge-modulation spectroscopy.
E2. Correlate with Voc, FF, hysteresis index, ideality factor, and T80 lifetime; apply falsification logic (EASA-only vs kinetics-only regimes).","The revised plan directly addresses reviewer concerns by narrowing the mechanistic claims to *testable, orthogonal interactions* and embedding explicit failure criteria. Chemical passivation is no longer assumed to arise from porphyrin ring nitrogens; instead, the proposal specifies axial Fe coordination or anchor-mediated Pb interaction as the dominant pathway, supported by orthogonal spectroscopy and DFT-calibrated signatures. This sharply reduces interpretational ambiguity inherent in buried-interface HAXPES alone. Redox gating is explicitly validated in the solid state—without electrolyte—using operando spectroelectrochemistry tied to ionic-capacitance suppression, ensuring relevance to device physics and ruling out parasitic halide redox. Quantitative morphology, transport, and solvent-orthogonality windows convert porous-contact integration from a qualitative risk to a bounded engineering problem. By enforcing pre-registered go/no-go discriminators, the proposal ensures that only if specific binding and reversible solid-state redox accessibility are demonstrated will the EASA/E1/2 descriptor program be scaled to full devices, thereby aligning ambition with credible mechanistic validation.","The proposal is methodologically strong and unusually falsifiable for an interfacial-mechanism claim in perovskites: axial-site blocking controls, metal-free porphyrin controls, and multiple orthogonal spectroscopies are appropriate to reject the common but ambiguous “Pb–N ring” narrative. The redox-gating test usefully insists on solid-state operation and couples redox-state readout to low-frequency capacitance—this is a coherent device-physics discriminator. Key deductions: (i) the half-wave potential/E1/2 concept is imported from electrochemistry but the translation to a solid-state, electrolyte-free stack remains underdefined (reference scale, band-alignment dependence, and how an ‘E1/2 analogue’ is extracted reproducibly across morphologies); (ii) the ionic-buffering claim risks non-uniqueness—changes in low-frequency capacitance/hysteresis can also arise from altered interfacial recombination, dielectric response, contact selectivity, or ion-blocking by Al2O3/porosity, so the current correlation plan may not isolate ‘redox reservoir’ causality; (iii) the buried-interface binding assignment remains challenging because Pb 4f/I 3d shifts and N K-edge signatures can conflate chemical interaction with electrostatic dipoles and band bending—DFT-calibrated shifts help, but the proposal does not specify how it will deconvolute electrostatic vs chemical contributions experimentally (e.g., via thickness dependence, hard/soft XPS depth profiling, or Kelvin probe). Overall, strong engineering and logic, with the main weakness being the incomplete, quantitative closure of the half-wave-potential descriptor chain under device-relevant solid-state conditions."
"A 2D RP surface cap can be converted from an electronically passivating barrier into a conductive, virtual-state–mediated charge relay if (and only if) (i) the π-acceptor spacer introduces energetically *off-resonant* (virtual) states that enhance interlayer electronic coupling without forming a real charge-transfer complex (CTC) and (ii) transport shows a decisive *distance (thickness) dependence* consistent with superexchange/tunneling rather than barrier-limited hopping. In this design, a TCNQ-like π-acceptor spacer is incorporated as the organic layer of an n=1–3 RP cap on a 3D perovskite. The spacer’s acceptor level is tuned to sit near—but not within—the perovskite band edges such that carriers traverse the RP cap via virtual-state participation (superexchange), yielding: (a) a steeper-than-activated increase in through-plane conductance with decreasing RP thickness and a weaker temperature dependence of the interfacial transfer rate, and (b) maintained or improved Voc via reduced interfacial recombination velocity from defect passivation and ionic blocking.

A sparse, chelation-anchored Ni(OH)2·x decoration is introduced *only if Ni remains in an acceptable hydroxide/oxyhydroxide speciation window* under halide exposure and bias. The Ni decoration is not intended to provide percolative conductivity; instead it functions as a localized, high-accessibility redox/ion buffer at the 2D/HTL contact where halide/radical activity initiates. By enforcing a sub-percolation, site-pinned distribution (high “utilization ratio” of accessible Ni sites analogous to high active-site utilization in bicontinuous catalysts), the interfacial redox buffering mitigates iodide/bromide oxidation products and suppresses bias-stress hysteresis and degradation without introducing shunts or creating new recombination centers.

This refined hypothesis directly addresses prior ambiguities: superexchange is claimed only if (1) conductance scales exponentially with RP thickness with a decay constant distinct from simple thermionic barrier modulation and (2) ultrafast interfacial hole-transfer kinetics are weakly temperature dependent while recombination decreases; spacer-induced electronic states are acceptable only if sensitive sub-gap and CTC probes remain below strict thresholds; Ni chemistry is accepted only if operando/ex situ speciation confirms hydroxide/oxyhydroxide dominance and negligible Ni–X formation.","Step 0 — Pre-registered go/no-go criteria (applies throughout)
0.1 Superexchange/virtual-state “go” criteria:
- Through-plane conductance G vs RP thickness d must fit G(d)=G0·exp(−βd) over ≥3 distinct d values (quantified by n and nm), with β in the tunneling/superexchange regime (operationally: β ≥ 0.8 nm−1 and stable within ±20% across bias window where band-bending changes are minimal).
- Interfacial hole-transfer time constant (fs–ps TA) changes by <2× between 200–320 K while recombination indicators improve (ΔQFLS ≥ +20 meV at matched carrier density).
0.2 Spacer electronic “no-harm” criteria:
- Sub-gap absorption (PDS and sensitive sub-gap EQE) attributable to spacer/CTC must be below 10−4 relative EQE (or equivalent absorption coefficient threshold pre-defined per instrument) and show no new broad CTC band.
- Absolute PLQY-derived nonradiative loss must not worsen by >10 meV in implied Voc (vs alkyl-spacer RP control) at equal excitation density.
0.3 Ni chemistry “go” criteria:
- Ni speciation: ≥80% Ni(OH)2/NiOOH-like components by operando XAS linear-combination fitting (LCF) under relevant bias/illumination; Ni–X fragments in ToF-SIMS must remain below a pre-set detection ratio (e.g., NiI+/Ni+ and NiBr+/Ni+ below 0.05) after stress.
- No measurable RP/3D decomposition: GIWAXS signatures preserved; ex situ FTIR/NMR of extracted films shows no increase in common decomposition markers beyond control.

Step 1 — System definition and thickness-quantifiable RP cap formation
1.1 Device stack (isolated top interface): glass/ITO/SnO2/(FA,Cs)(Pb,I,Br)3 (high-Voc composition)/2D RP cap/HTL/Au in n–i–p; all variants share identical 3D perovskite recipe and HTL to isolate interface effects.
1.2 RP cap thickness control with explicit n/distribution:
- Form RP cap by post-treatment using π-spacer salts in orthogonal solvent (IPA/EtOAc), controlling water content <0.5 vol%.
- Target discrete RP phases: n=1, n=2, n=3 by controlling spacer concentration (e.g., 0.5–5 mM), contact time (5–60 s), and anneal (70–100 °C, 1–5 min) to avoid bulk conversion.
- Quantify d and n distribution via GIWAXS (out-of-plane RP peaks), spectroscopic ellipsometry (nm-scale thickness), and cross-sectional STEM for calibration (limited set). Only samples with narrow n distribution (pre-defined GIWAXS peak ratio window) proceed to transport tests.

Step 2 — Spacer library with bounded energetics and explicit CTC avoidance
2.1 Spacer design rules (chemically explicit):
- Use pyridinium/ammonium-anchored π-acceptors derived from TCNQ/F4-TCNQ-like motifs, but incorporate insulating “linker spacing” (e.g., short alkyl/ether spacer of 2–4 atoms) between the cationic anchor and the acceptor core to reduce direct orbital overlap that promotes real CTC formation while still enabling virtual-state coupling.
- Systematically tune electron affinity (EA) via fluorination/cyano density to scan from near-resonant to more off-resonant coupling.
2.2 Screening workflow (must pass all):
- DFT (periodic slab + dielectric embedding) to estimate level alignment and interfacial dipole; reject spacers predicted to yield real integer charge transfer at equilibrium.
- UPS/IPES in dark and under controlled illumination (to reveal photoinduced pinning) on 2D-capped perovskite surfaces to confirm no Fermi-level pinning consistent with deep acceptors.
- Sub-gap state exclusion: PDS + sensitive sub-gap EQE on complete stacks and on simplified perovskite/2D films; reject any spacer producing new broad sub-gap bands consistent with CTC.
- Quantify interface recombination velocity surrogate: absolute PLQY and QFLS vs carrier density on perovskite/2D and perovskite/2D/HTL coupons; only spacers that improve or maintain QFLS at matched density proceed.

Step 3 — Decisive transport falsification: thickness scaling + field/bias dependence
3.1 Conductance vs thickness (primary superexchange test):
- Fabricate vertical test structures: ITO/SnO2/3D perovskite/RP(π-spacer; n=1–3, quantified d)/thin inert top contact (e.g., MoOx/Au for hole collection or C60/BCP/Ag for electron collection depending on polarity) to isolate one-carrier injection.
- Measure J–V and small-signal admittance over frequency; extract G at low-field regime to minimize band-bending artifacts.
- Fit ln(G) vs d to obtain β; compare to alkyl-spacer RP controls. A genuine virtual-state pathway must show (i) robust exponential distance dependence and (ii) reduced apparent activation of transfer kinetics without relying solely on SCLC-derived Ea.
3.2 Bias-dependent admittance spectroscopy (secondary discriminator):
- Map capacitance and conductance vs frequency and bias to separate barrier-height modulation from bulk-like hopping; identify interfacial state response times. Consistency requirement: changes in β with bias must be small in the regime where superexchange dominates; strong bias sensitivity suggests barrier-limited conduction.
3.3 Ultrafast kinetics cross-check:
- fs–ps transient absorption (selective excitation) on perovskite/RP/HTL coupons to measure hole transfer and back-transfer; confirm weak temperature dependence of forward transfer for accepted spacers while recombination slows (TPV/TPC).

Step 4 — Ni(OH)2·x incorporation with non-destructive chemistry and speciation control
4.1 Replace humidity/base vapor with orthogonal, low-water alkoxide hydrolysis:
- Pre-complex Ni(II) to a chelating motif on the spacer (catechol or hydroxamate) in anhydrous alcohol (e.g., iPrOH) using Ni(OR)2 or Ni(acac)2 with controlled ligand exchange.
- After RP formation, introduce Ni via the same orthogonal solvent, then trigger *mild* hydrolysis using a precisely metered alkoxide-to-hydroxide conversion (trace water delivered via Karl–Fischer-verified micro-addition, total water <0.2 vol%) at room temperature, short exposure (<30 s), followed by immediate drying.
- Aim for sub-percolation loading: target areal Ni density defined by XPS atomic % window (pre-registered, e.g., 0.05–0.3 at% relative to Pb at surface). Verify no continuous Ni-rich phase by c-AFM (no low-resistance shorts).
4.2 Acceptable speciation window and verification:
- Ex situ Ni 2p XPS with shake-up analysis to distinguish Ni(OH)2/NiOOH from NiX2; operando XAS (Ni K-edge) under bias/illumination with LCF against Ni(OH)2, NiOOH, NiI2/NiBr2 references.
- ToF-SIMS to detect Ni–X fragments after stress; reject conditions showing significant NiX2 formation.
- GIWAXS before/after Ni incorporation to confirm RP/3D integrity.

Step 5 — Make “utilization ratio” measurable using dedicated symmetric/blank test cells
5.1 Build faradaic-isolation structures (mandatory):
- Metal/RP(π-spacer:Ni)/Metal vertical capacitors (e.g., Au/RP:Ni/Au) on inert substrates to measure Ni redox without perovskite ionic currents.
- Symmetric HTL/RP:Ni/HTL stacks and (separately) HTL/3D perovskite/RP:Ni/HTL to bound contributions.
5.2 Operational utilization ratio definition (measurable):
- Define utilization ratio U = Qredox,rev / (nNi·F), where Qredox,rev is reversible faradaic charge from CV/chronoamperometry in an inert, non-halide electrolyte or solid-state ion-gel that does not attack the RP; nNi is Ni moles (from calibrated XPS/ICP on replicate films).
- Confirm that redox peaks persist with cycling and correlate U with stability improvements in full PSCs.

Step 6 — Control matrix (expanded per reviewer directive)
Mandatory controls (in addition to original):
- Chelating spacer without Ni (isolates chelation/dipole effects).
- Ni-complexed spacer without hydrolysis trigger (isolates Ni coordination vs hydroxide cluster formation).
- Inert hydroxide/oxide analog with same chelation motif (e.g., Mg(OH)2 or Al2O3-like via alkoxide route) at matched loading (decouples redox buffering from physical ion scavenging).
- π-spacer RP with intentionally “too-strong” acceptor (expected to show CTC/sub-gap features) as a negative mechanistic control.

Step 7 — Device-level endpoints and stress protocols
7.1 Performance:
- Report Voc, FF, stabilized PCE; quantify hysteresis with forward/reverse scans and stabilized MPP.
- Correlate FF gains with thickness-scaling β and with extracted interfacial transfer rates.
7.2 Stability:
- MPP tracking under 1 sun at 60–85 °C (pre-defined), controlled RH (e.g., 20–40%), with periodic QFLS/PL checks.
- Degradation forensics: ToF-SIMS depth profiles for halide redistribution and Ni–X; GIWAXS for phase changes.

Step 8 — Decision logic to prevent post hoc fitting
- If spacer passes transport falsification but fails sub-gap/CTC thresholds → revise spacer EA downward (more off-resonant) or increase anchor–acceptor separation.
- If Ni speciation fails (Ni–X rises) → stop Ni pathway and proceed with spacer-only superexchange cap as primary deliverable; Ni branch only continues under validated speciation window.
- If neither transport falsification nor QFLS improvement is met → abandon superexchange claim and re-scope to dipole/passivation-only mechanism with explicit disclosure.","Transport falsifiability is strengthened by making superexchange a *distance-scaling* claim rather than a temperature-activation inference. Exponential conductance decay with precisely quantified RP thickness (n=1–3; ellipsometry+GIWAXS calibrated) is a decisive observable that is difficult to mimic by simple Marcus hopping alone across a fixed barrier, especially when combined with bias-dependent admittance constraints and ultrafast hole-transfer kinetics that are weakly temperature dependent.

Spacer risk (CTC, Fermi-level pinning, Voc loss) is explicitly bounded by a three-layer screening gate: (i) DFT rejection of integer charge transfer propensity, (ii) UPS/IPES measured in dark and under illumination to reveal pinning/photoinduced effects, and (iii) sensitive sub-gap probes (PDS + sub-gap EQE) plus QFLS-vs-density to quantify any increase in interface recombination velocity. This converts “avoid mid-gap traps” into measurable acceptance thresholds.

Ni chemistry is de-risked by (i) replacing humidity/base hydroxylation with a low-water alkoxide-hydrolysis route in orthogonal solvent to minimize perovskite attack, (ii) pre-defining acceptable Ni speciation and proving it by complementary operando XAS (LCF), ex situ Ni 2p XPS shake-up analysis, and ToF-SIMS detection of Ni–X fragments, and (iii) enforcing sub-percolation loading verified by c-AFM so Ni does not become an electronic shunt. This addresses the reviewer concern that “few-Å clusters” are ill-defined by shifting emphasis from nuclearity claims to *speciation + loading window + spatial confinement* that can be reproducibly verified.

The utilization ratio metric becomes experimentally well-conditioned by moving its extraction away from buried PSC interfaces into dedicated metal/RP:Ni/metal and symmetric HTL/RP:Ni/HTL structures where faradaic signatures can be isolated from perovskite ionic currents. This mirrors the logic in high-utilization catalysts: accessibility and reversibility are operationally quantified, then correlated to device stabilization, rather than inferred from ill-conditioned buried measurements.

Finally, the proposal maintains coherence with the original concept chain while integrating reviewer-mandated controls (chelating-no-Ni, Ni-without-hydrolysis, inert hydroxide/oxide analog) to disentangle redox buffering from passive ion scavenging/physical blocking. The combined approach preserves the core objective—simultaneous FF and Voc gains—while adding explicit stop/go criteria to prevent post hoc mechanism assignment.","The proposal is unusually strong in engineering resolution and in pre-registered falsification logic for the superexchange claim (distance-scaling + weak T-dependence + bias-stability constraints). That said, several key deductions remain. (i) The central mechanistic discriminator—exponential conductance vs thickness—can still be mimicked by barrier tunneling through an insulator with thickness-dependent band bending or contact resistance artifacts; your current plan mitigates but does not decisively eliminate these confounds (e.g., independent extraction of barrier height and contact-limited contributions is not fully locked down). (ii) The “virtual-state–mediated relay without real CTC” hinge is conceptually plausible but under-specified quantitatively: you set strict sub-gap thresholds, yet do not provide a quantitative coupling/energy-detuning model connecting spacer EA (HOMO–LUMO gap alignment) to β and to the observed transfer kinetics, which weakens causal depth. (iii) The Ni(OH)2·x branch is chemically cautious, but the utilization-ratio construct risks being only loosely connected to halide/radical suppression at the buried PSC interface unless you define which redox couples are being buffered (I−/I2, Br−/Br2, superoxide, HTL radical cations) and demonstrate that Ni redox potential aligns under device-relevant quasi-Fermi-level splitting; otherwise it can devolve into an empirical additive. (iv) The target concept chain includes MOF and electrocatalytic activity; MOF is not actually instantiated, and “electrocatalytic activity” is inferred from reversible charge (U) rather than linked to measured interfacial reaction kinetics relevant to degradation pathways."
"A carnosine-anchored, nitroxide-terminated interfacial reconstruction layer can be engineered to (i) convert the 3D perovskite surface into a verifiable quasi-2D Ruddlesden–Popper-like (RP-like) slab of predefined thickness (≈1–5 nm) and (ii) act as a stoichiometrically bounded, regenerable redox buffer that suppresses interfacial ROS-triggered halide/organic oxidation, thereby increasing maximum-power-point (MPP) stabilized power density retention. Mechanistic rationale addressing reviewer limitations: (1) Strain node reframed and falsified: instead of asserting intrinsic piezoelectricity, we treat bending as a controlled accelerator of (a) ion migration and (b) interfacial redox/permeation via microcracks/permeability changes. We will only invoke flexoelectric/piezopotential contributions if directly observed as strain-dependent surface-potential signatures (KPFM/Kelvin probe under bending) that correlate with ROS formation and degradation. (2) TEMPO “ROS-gate” is kinetically/stoichiometrically constrained: TEMPO will be immobilized (no dopant-like diffusion) and monitored operando by EPR to quantify its nitroxide fraction over time. Its function is defined as a reversible one-electron redox reservoir (TEMPO•/TEMPO+) that intercepts oxidizing equivalents at the surface and suppresses the propagation steps that generate or amplify 1O2/OH-driven perovskite oxidation. We will explicitly bound side reactions by tracking iodine speciation (I−/I3−/IOx) and ensuring TEMPO does not catalyze iodine redox cycling. (3) RP-like formation is treated as an experimentally testable structural claim with pre-registered diffraction/chemical signatures and benchmarks: we will define GIWAXS peak positions/intensity ratios expected for n=1–3 RP-like phases and corroborate by FTIR/solid-state NMR/XPS depth profiling and a canonical ammonium-spacer RP reference. If those signatures fail, the hypothesis collapses to “coordination-only passivation + redox buffer” and performance/stability will be interpreted accordingly (explicit go/no-go criteria).","Step 0 — Pre-registration of falsifiable discriminators (before fabrication)
0.1 Define three success tiers with quantitative thresholds:
  Tier A (full claim): RP-like slab + intact nitroxide + improved stability. Criteria: (i) GIWAXS shows new low-q RP-like features + shifted/quantized out-of-plane periodicity consistent with n=1–3 relative to RP benchmark; (ii) depth profiling indicates an enriched carnosine/TEMPO-containing surface layer confined to ≤10 nm; (iii) operando nitroxide EPR retains ≥50% of initial nitroxide signal after 250 h MPP in air; (iv) ≥2× increase in T80 of PMPP in air (relative control).
  Tier B (partial): no RP-like diffraction, but clear coordination + redox buffering. Criteria: (i) FTIR/NMR/XPS show Pb–N(imidazole) coordination + reduced Pb0/Iox; (ii) nitroxide EPR retention and iodine speciation show non-catalytic behavior; (iii) ≥1.5× T80.
  Tier C (fail): nitroxide consumed rapidly (<20% remaining at 100 h) or iodine cycling enhanced, or Rs penalty >0.5 Ω·cm² with no stability gain.

Step 1 — Device and materials platform (baseline + controls)
1.1 Baseline PSC stack (n–i–p): glass/ITO/SnO2/(FA,Cs)Pb(I,Br)3/HTL/Au. Target initial PCE >21%, with matched Voc deficit across batches (document via QFLS-PLQY).
1.2 Surface-treatment library (all processed from orthogonal solvent, identical thermal budget):
  A) Car–TEMPO conjugate (test).
  B) Carnosine-only (coordination without redox buffer).
  C) TEMPO-only analog (redox without anchoring/coordination; choose a neutral small molecule with comparable volatility).
  D) Imidazole-free peptide analog (anchors/sterics without Pb–imidazole coordination).
  E) Canonical cationic RP spacer benchmark (e.g., PEACl/PEAI or BA-based) to calibrate “true RP” GIWAXS and band-offset behavior.
  F) “Redox-inactive tether” control: Car–(alkyl) replacing TEMPO with similar size/dipole to isolate dipole/band-bending from redox.
1.3 Car–TEMPO synthesis and verification (expanded):
  - Confirm structure (1H/13C NMR, HRMS).
  - Confirm redox couple and stability: CV/DPV in non-aqueous electrolyte; report E1/2, ΔEp, and diffusion/film-confined behavior.
  - Quantify nitroxide fraction in films by CW-EPR (spin concentration calibration vs standard) before device integration.

Step 2 — Engineering a bounded interfacial layer (composition + thickness + electronic benignity)
2.1 Post-deposition reconstruction protocol (explicit parameter window):
  - Spin-coat Car–TEMPO from IPA:MeCN (e.g., 4:1 to 1:1; optimize to avoid perovskite dissolution) at 2000–4000 rpm for 20–40 s.
  - Concentration series: 0.05, 0.1, 0.25, 0.5, 1.0 mg mL−1.
  - Anneal: 80 °C for 2 min (primary), plus 70/90 °C brackets to map kinetics.
  - Confinement target: ellipsometry/AFM step-height on masked coupons to quantify thickness (goal 1–5 nm; hard cap ≤10 nm).
2.2 Electronic impact constraint:
  - Extract Rs and recombination parameters from J–V + impedance under 1 sun at MPP bias. Go/no-go: ΔRs ≤0.3 Ω·cm² and no >10% loss in initial PMPP vs baseline.
2.3 Adhesion and mechanical integrity of the cap (before strain tests):
  - Cross-hatch/tape test on perovskite/HTL stacks; nano-scratch if available.
  - Contact angle mapping and surface energy estimation (cap uniformity proxy).

Step 3 — Proving (or falsifying) RP-like formation vs coordination-only passivation
3.1 GIWAXS (pre-defined assignments + benchmark calibration):
  - Measure out-of-plane linecuts and in-plane texture for baseline, Car–TEMPO, carnosine-only, and RP benchmark.
  - Pre-register expected features: (i) emergence of low-q periodicity peaks associated with layered spacing (compared directly to RP benchmark); (ii) relative intensity changes consistent with preferential orientation.
3.2 Chemical coordination signatures:
  - FTIR: imidazole ring mode shifts upon Pb coordination; compare carnosine-only vs imidazole-free analog.
  - Solid-state NMR (as available): 13C/15N (or DNP-enhanced if accessible) to detect coordinated imidazole environments; otherwise use XPS N 1s chemical shift mapping as a minimum.
3.3 Composition-depth profiling:
  - Angle-resolved XPS and/or ToF-SIMS to confirm a surface-confined layer: nitrogen (carnosine) and TEMPO fragments enriched at top surface, decaying into bulk over ≤10 nm.
  - Cross-sectional TEM/EELS to exclude gross intermixing and to assess continuity (no requirement of perfect crystallinity, but continuity must be demonstrated if RP-like claim is made).

Step 4 — Quantitative redox/ROS balance for the immobilized TEMPO gate
4.1 Define the redox accounting to be tested:
  - Inputs: photogenerated holes/electrons at the interface + O2/H2O ingress.
  - Competing pathways (to be discriminated): (i) O2 reduction/ROS generation at traps; (ii) direct oxidation of I−/organic cations; (iii) nitroxide-mediated interception.
  - Readouts: nitroxide fraction (EPR), iodine speciation (XPS/Raman/UV–vis), and ROS probes (SOSG/EPR spin trapping).
4.2 Operando/aged-state nitroxide integrity tracking:
  - Operando CW-EPR on dedicated thin-film stacks under controlled illumination and bias (MPP-relevant potential), at 45–65 °C in dry air and N2.
  - Ex situ EPR before/after 100 h and 500 h MPP stress to quantify irreversible loss.
  - Complement with NEXAFS (if available) or high-resolution XPS on N/O environments to detect conversion to oxoammonium/hydroxylamine-like states.
4.3 Rule out catalytic iodine redox cycling (mandatory control set):
  - Operando/ex situ iodine speciation: XPS I 3d (I− vs higher oxidation states), Raman for polyiodides (I3−), and UV–vis of extracted films (where feasible) to detect I3−/polyiodide signatures.
  - Compare Car–TEMPO vs Car–(alkyl) dipole control and TEMPO-only control. Go/no-go: Car–TEMPO must show reduced (not increased) I3−/IOx signatures relative to baseline at equal aging dose.
4.4 Direct ROS quantification near the interface:
  - SOSG on encapsulated optical coupons (glass/perovskite/cap) with identical illumination dose; report photon-flux-normalized 1O2 signal.
  - EPR spin trapping for •OH/superoxide-related intermediates on analogous stacks; normalize to absorption and film thickness.

Step 5 — Deconvoluting strain effects: permeability/cracking vs electrostatic (flexo/piezopotential) contributions
5.1 Strain protocol (explicit) on flexible devices:
  - Substrate: ITO/PET or ITO/PI; bending radius calibrated to 0–0.5% strain.
  - Apply cyclic bending (e.g., 10^3–10^4 cycles) combined with light soaking at MPP; record Voc, FF, Rs evolution.
5.2 Crack formation and delamination monitoring (to remove ambiguity):
  - In situ optical microscopy during bending (crack onset density vs strain).
  - AFM topography before/after cycling for microcracks/roughness change.
  - Adhesion re-test post-bending.
5.3 Permeability proxies (oxygen/water ingress sensitivity):
  - Track water contact angle drift and photoluminescence quenching under controlled O2/H2O exposure.
  - If available, use Ca test (calcium corrosion) on separately prepared barrier stacks to compare relative WVTR/OTR proxies between caps.
5.4 Electrostatic signature test (only if present, to justify “piezo/flexo” node):
  - KPFM (or scanning Kelvin probe) mapping under controlled bending to detect strain-dependent surface potential/band-bending changes.
  - Correlate any observed Δsurface potential with ROS probe signal (SOSG/EPR) and degradation rate. If no reproducible Δpotential beyond noise, interpret strain effects purely as mechanical/permeation/ionic acceleration.

Step 6 — Performance/stability endpoints linked to ‘power density’
6.1 Standard PV metrics:
  - J–V forward/reverse, stabilized MPP tracking, and PMPP/area (power density) under 1 sun.
  - Report hysteresis index, ideality factor vs intensity, and temperature dependence.
6.2 Accelerated aging matrix:
  - 45–65 °C MPP in N2 and dry air (mandatory) plus controlled RH steps.
  - Encapsulated damp-heat screening (85/85) on mini-modules for barrier synergy.
6.3 Mechanistic linkage analysis:
  - Mixed-effects models across ≥25 devices/condition and ≥3 batches.
  - Regression linking PMPP decay to (i) nitroxide EPR decay, (ii) iodine oxidation markers, (iii) ROS probe signals, and (iv) crack density/permeability proxies under strain.

Step 7 — Scale-up compatibility
7.1 Slot-die/meniscus coating of Car–TEMPO on 1–10 cm² devices.
7.2 Uniformity criteria: spatial PL mapping, sheet resistance stability (no added series resistance gradients), and ToF-SIMS spot checks for nitrogen/TEMPO fragment uniformity.","1) Addressing the “piezoelectric response” ambiguity with hard discriminators
Perovskite bending degradation can be dominated by ionic motion and mechanically induced permeability/cracking rather than true piezoelectric polarization. This proposal now treats strain as a controlled accelerator with mandatory measurements of crack formation, adhesion loss, and permeability proxies. Flexoelectric/piezopotential contributions are not assumed; they are tested directly via strain-dependent surface-potential mapping (KPFM/Kelvin probe under bending) and only used in interpretation if a reproducible Δsurface potential correlates with ROS generation and degradation kinetics.

2) Kinetic/redox closure for TEMPO under PSC operating conditions
The ROS-gating function is reformulated as an immobilized, regenerable redox buffer rather than an unbounded “ROS scavenger” claim. Feasibility hinges on two measurable conditions: (i) operando/ex situ EPR must show that a substantial fraction of nitroxide persists under illumination/bias, consistent with regeneration; (ii) iodine speciation must show suppression (not enhancement) of I3−/IOx signatures, ruling out catalytic iodine redox cycling. By including TEMPO-only and redox-inactive dipole/steric controls, we can separate anchoring, dipole/band-bending, and true redox-buffer effects.

3) RP-like formation is made testable rather than asserted
Because carnosine is non-ammonium and may not spontaneously yield a textbook RP lattice, we predefine structural expectations and introduce a canonical ammonium RP spacer as a calibration benchmark. GIWAXS is complemented by coordination-specific spectroscopy (FTIR/solid-state NMR or XPS chemical shifts) and depth profiling to determine whether the interfacial layer is (a) a true layered RP-like slab, (b) a mixed coordination complex, or (c) merely molecular passivation. The proposal remains scientifically valuable under Tier B (coordination + redox buffering) even if Tier A (RP-like slab) fails, preserving logical closure.

4) Coherence with the concept chain and literature assets
The proposal preserves the core chain: controlling redox chemistry to protect stabilized power density, while translating “ROS generation/quenching” logic (Asset 1) and “redox-engineered performance” logic (Asset 2) into a perovskite-native interface architecture without catalytic metal centers. The revised plan tightens causal inference by directly measuring ROS, interfacial redox state (iodine/Pb), and nitroxide integrity, and by deconvoluting mechanical strain pathways that could otherwise masquerade as electrostatic/piezo effects.","Methodological execution is strong: the proposal pre-registers falsifiable structural discriminators (GIWAXS benchmarks, depth profiling), constrains interfacial thickness, and uses operando EPR to close the redox-accounting loop—rarely done rigorously in interfacial additive work. The major scientific risk is the Tier-A claim: converting a 3D halide perovskite surface into a well-defined 1–5 nm “RP-like slab” using a non-ammonium, zwitterionic peptide (carnosine) is chemically under-justified; even if GIWAXS shows low-q features, distinguishing true RP stacking from surface texturing/solvent-induced reorganization will be difficult without decisive cross-sectional structural proof (e.g., lattice-resolved STEM with layer periodicity and composition contrast). The TEMPO gate logic is plausible, but the proposal does not fully specify the thermodynamic alignment (TEMPO•/TEMPO+ potential vs perovskite hole quasi-Fermi level, vs iodide/iodine couples) that determines whether TEMPO will be regenerative or simply sacrificial; without that, EPR retention could reflect kinetic isolation rather than functional buffering. The strain/piezo node is handled responsibly (conditional), but it becomes peripheral to the core mechanism; if piezo/flexo signals are absent, the concept chain element is effectively unused rather than integrated."
"If curvature in flexible inverted perovskite solar cells produces a *quantifiable* bending-induced electrostatic potential swing (Δφbend) across the absorber—arising from strain-gradient piezo/ flexoelectric polarization in the perovskite + curvature-amplified contact asymmetry—then this Δφbend will modulate the ionic electrochemical potential (μion) and interfacial band bending at the HTL-side, increasing low-frequency ionic capacitance (Cion), recombination activation, and J–V hysteresis, thereby degrading Voc under cycling. Embedding a *buried, sparse, vertically oriented* ferroelectric nanolaminate layer (sub-percolation platelet network) at a designed depth (100–250 nm from the HTL) will act as an internal electrostatic clamp that reduces ∂φ/∂κ (electric potential sensitivity to curvature κ) by (i) providing a high effective dielectric susceptibility χeff and (ii) adding a switchable remanent polarization Pr that can be oriented to oppose the curvature-induced field at the HTL-side. The hypothesis is falsifiable via (A) predicted Δφbend(κ) from an electromechanical stack model; (B) a required χeff/Pr threshold for a targeted suppression factor S = Δφbend,control/Δφbend,laminate; and (C) polarity dependence: reversing the ferroelectric dipole should *invert* the sign or increase the magnitude of Δφbend and hysteresis if screening—not generic passivation—is responsible. The refined approach overcomes feasibility concerns by (1) using platelets and passivation designed to retain switching (minimized depolarization via controlled shell thickness and partial screening), (2) aligning platelets with a demonstrably out-of-plane field geometry/dielectrophoresis rather than in-plane AC fields, (3) separating ferroelectric switching from ionic motion through blocking-layer test structures and time/frequency/temperature discrimination, and (4) employing matched-chemistry nonpolar platelet controls to isolate electrostatics from trap passivation.","PHASE 0 — Quantitative model + go/no-go gates (mandatory before full device campaigns)
0.1 Stack mechanics: compute neutral axis (z0) and strain profile εxx(z)=κ(z−z0) for the full flexible stack (PI / TCO or Ag-mesh/IZO / HTL / perovskite / ETL / top electrode / encapsulation). Use measured layer thicknesses and elastic moduli (nanoindentation or literature) to locate z0; report uncertainty. Define curvature κ=1/R for R=3,5,10 mm.
0.2 Electromechanical-to-electrostatic mapping (order-of-magnitude + FEM):
  • Baseline source term: represent bending-induced polarization density as Pbend(z)=μβend·∂ε/∂z ≈ μeff·κ (flexoelectric-like term) plus a possible piezo-like term if texture/strain breaks centrosymmetry locally. Use μeff as an extracted parameter from dedicated bending-KPFM measurements on pristine films (Phase 1), not assumed.
  • Solve Poisson with mobile-ion screening limits: bracket two regimes—(i) fast electronic screening/slow ionic (short-time, ‘frozen ions’), (ii) partial ionic screening (long-time). Implement as an effective Debye length λD,ion fitted from EIS/impedance spectroscopy of pristine devices. Outcome: predicted Δφbend at HTL-side and its relaxation time.
  • Laminate effect: treat embedded platelet layer as an effective medium slab with thickness tL (set by second-layer deposition thickness, 50–150 nm) and permittivity εL,eff( f, field ) plus optional remanent polarization Pr,eff·cosθ (θ: platelet tilt). Use Maxwell–Garnett mixing for εL,eff(φ,εplatelet,εPVK) with volume fraction φ=0.1–0.5 vol% (global) but locally higher within the buried slab; include depolarization reduction factor Nd for thin platelets.
  • Define screening target: require S≥3 reduction in |Δφbend| at HTL-side at κ corresponding to R=5 mm under ‘frozen-ion’ conditions (the condition most relevant to scan-direction hysteresis). This translates to a required εL,eff and/or Pr,eff. Output: predicted design window {φ, tL, depth d, θ-distribution}.
0.3 Feasibility gate G0 (pass/fail): proceed to device campaign only if model predicts S≥3 with realizable θ (≤20° mean tilt), and if the required Pr,eff does not exceed what is measured in Phase 1 composites.

PHASE 1 — De-risk ferroelectric functionality inside perovskite (materials-only proof)
1.1 Nanoplatelets: prepare BaTiO3 and K0.5Na0.5NbO3 (KNN) nanoplatelets with thickness 10–30 nm (revised from 5–20 nm to reduce size-suppressed remanence risk) and lateral size 200–800 nm. Target aspect ratio >20. Confirm via AFM/TEM.
1.2 Passivation shell (engineered for partial screening + non-shunting):
  • Use a bifunctional phosphonate monolayer (e.g., alkyl/aryl phosphonic acid) with controlled thickness ~1–2 nm; verify by XPS and ellipsometry on model oxide surfaces.
  • Add a secondary wide-bandgap inorganic “spacer” only if needed (e.g., 0.5–1 nm ALD Al2O3 on platelets before ligand) to suppress interfacial traps while keeping capacitance high. Reject shells >3 nm total (would overly depolarize).
1.3 Composite ferroelectric characterization in perovskite-like dielectric:
  • Prepare perovskite/composite films on conductive substrates with a symmetric capacitor geometry using ionic-blocking electrodes (e.g., ITO/NiOx as bottom, and sputtered Au with an ultrathin blocking layer such as ALD-Al2O3 1–2 nm to suppress halide exchange) to minimize ionic current during polarization measurements.
  • Measure Pr and switching using:
    - Double-wave method (DWM) / PUND with pulse widths 1–100 µs (ferroelectric timescale) and 1–100 ms (to detect ionic contamination). Ferroelectric signature: switching charge saturates at short pulses and shows weak temperature activation; ionic: strong pulse-width/temperature dependence.
    - Charge integration under triangular wave at multiple frequencies (100 Hz–100 kHz) to separate hysteretic polarization from ionic drift.
    - Cross-sectional PFM (after focused-ion-beam cross-section prep with low-damage conditions) to map switchable domains; require reversible phase contrast localized to platelets.
  • Retention/imprint tests: track Pr, coercive field, and imprint after (i) 1 sun equivalent light soaking at 45–60 °C, (ii) thermal cycling 25↔60 °C, (iii) bias stress ±0.8 V for 5–30 min in dark. Define gate G1: ≥30% of initial Pr retained after 24 h at 60 °C + light, and DWM indicates switching charge dominated by fast component.

PHASE 2 — Alignment that is truly out-of-plane (replace in-plane AC alignment)
2.1 Revised alignment geometry (out-of-plane field / dielectrophoresis):
  • Use patterned bottom electrodes (already present TCO/Ag-mesh) plus a temporary transparent top gate during wet-film stage (e.g., a removable PEDOT:PSS-coated PET sheet or ITO-PET) separated by a calibrated spacer (10–50 µm) to apply an out-of-plane AC field across the wet precursor.
  • Apply AC 50–500 kHz at field amplitude 10^4–5×10^5 V/m. Use high frequency specifically to reduce electrode polarization and ionic screening in the wet ionic film.
  • Optionally superimpose dielectrophoretic gradient (non-uniform field via interdigitated edge features) to promote vertical standing and suppress lateral chaining.
  • Immediately lock orientation via gas-quench/antisolvent and rapid crystallization.
2.2 Alignment quantification (mandatory):
  • GIWAXS: quantify Herman’s orientation factor for platelet-related scattering (or use oxide signature peaks) and perovskite texture changes. Target: orientation factor consistent with mean tilt ≤20°.
  • Cross-sectional SEM/TEM: compile orientation statistics (N≥200 platelets/sample) at three positions across coating width (center + two edges) to verify uniformity; report distribution.
  • Gate G2: if vertical orientation fraction (>70% within ±20° of normal) is not met, iterate field amplitude/frequency and wet-film viscosity (solvent ratio, precursor concentration) before device fabrication.

PHASE 3 — Device architecture + buried laminate implementation (absorber-centric, not interfacial)
3.1 Baseline flexible inverted PSC (constant across all groups): PI / (ITO on PI or Ag-mesh/IZO) / HTL (NiOx or PTAA) / perovskite / ETL (C60/BCP or PCBM/BCP) / top electrode (evaporated Ag OR printed Ag-carbon via dry press deposition; choose one and hold constant).
3.2 Buried placement (depth-controlled):
  • Two-step perovskite deposition:
    - Layer A (seed): 100–150 nm perovskite without platelets.
    - Layer B (laminate slab): 50–150 nm perovskite containing platelets at a locally higher fraction to yield global φ=0.1–0.5 vol% but slab-local φslab ~0.5–2 vol% (derived from Phase 0 modeling). This places the electrostatic clamp 100–250 nm from the HTL, not at the interface.
3.3 Poling protocol (decoupled from ion migration):
  • Perform poling only after encapsulation and only on devices with verified ionic-blocking layers for the poling experiment subset (see Phase 4). Use short, bipolar pulses (µs–ms) at amplitudes determined from Phase 1 coercive fields, rather than a single DC ≤1 V assumption.
  • Primary poling condition: pulse train (e.g., 10–10^3 pulses, 10–100 µs width) with amplitude producing the same field across the laminate slab as used in PUND switching; estimate internal field distribution using series-capacitance model (HTL/perovskite/ETL) and validate by comparing switching charge to capacitor test structures.
  • Include reverse-poling and “sham” pulse sequences below coercive threshold.

PHASE 4 — Controls strengthened to isolate electrostatics vs passivation (expanded set)
4.1 Control matrix (all with identical ligand chemistry):
  • C1: pristine perovskite.
  • C2: ferroelectric platelets, random orientation, unpoled.
  • C3: ferroelectric platelets, vertically aligned, unpoled.
  • C4: ferroelectric platelets, vertically aligned, poled +.
  • C5: ferroelectric platelets, vertically aligned, poled −.
  • C6 (mandatory passivation-matched nonpolar): identically passivated nonpolar platelets with matched geometry and surface chemistry, e.g., SrTiO3 or CaTiO3 (high-κ but paraelectric at operating T) prepared with identical phosphonate shell; this isolates chemistry/defect effects from remanence.
  • C7 (optional): same oxide core but thermally depolarized/phase-modified (if feasible) to remove remanence without changing surface.
4.2 Trap density metrics: SCLC (electron-only and hole-only), thermal admittance spectroscopy, and PL/TRPL to quantify trap density changes across groups. Use these in regression against hysteresis to ensure improvements are not purely trap-passivation driven.

PHASE 5 — Coupled mechanical–electrical testing with model-linked endpoints
5.1 Bending protocol: radii 3, 5, 10 mm; tensile vs compressive; cycling 10^2, 10^3, 3×10^3, 10^4; hold-at-curvature dwell tests (0–60 min) for relaxation kinetics.
5.2 In-situ J–V and MPP tracking: forward/reverse at scan rates 10–1000 mV/s, fixed pre-bias; mandatory MPP tracking under curvature to avoid scan artifacts.
5.3 In-situ EIS (curved): 1 MHz–0.1 Hz at Voc and near MPP, under 1-sun, held at fixed curvature. Fit with a constrained model including Rtr, Rrec, Cgeo, Cchem, and Cion with finite-length diffusion when required. Primary readouts: curvature-induced ΔCion and ΔRrec.
5.4 Direct Δφbend measurement and relaxation: time-resolved KPFM/SKP on partial stacks (no top metal) while bending/unbending; extract Δφbend(κ,t) and compare to Phase 0 predicted ∂φ/∂κ. Expect: aligned+poled shows reduced Δφbend amplitude and faster relaxation.
5.5 Ion migration validation: bias-stress ±0.8 V (dark) + recovery; ToF-SIMS depth profiles post-cycling focusing on HTL-side accumulation; correlate ToF-SIMS gradients with Cion changes.

Success criteria (quantitative, tied to model)
• Mechanical durability benchmark: ≥90% PCE retention after 3000 cycles at R=5 mm.
• Voc retention: ΔVoc ≤20–30 mV after 3000 cycles at R=5 mm.
• Hysteresis suppression: ≥50% reduction in hysteresis index vs C1 under bending.
• Ionic response stabilization: ≤20% increase in extracted Cion under bending relative to flat state (vs much larger in C1).
• Model validation: measured Δφbend(κ) reduced by ≥3× in aligned+poled vs C1, and polarity dependence observed (C4 vs C5 diverge in sign/magnitude consistent with screening).","Addresses (i) ferroelectric viability at nanoscale: the platelet thickness is revised upward (10–30 nm) to reduce remanence suppression; passivation shell is constrained to ~1–2 nm (≤3 nm total) to avoid excessive depolarization while preventing shunting. Ferroelectric switching/Pr retention is not assumed; it is gated by composite-appropriate measurements (PUND/DWM across frequency and pulse-width, cross-sectional PFM) under light/temperature/bias stress relevant to PSC operation. This directly tests depolarization, imprint, and retention in situ.

Addresses (ii) alignment realism: the in-plane AC field is replaced with an out-of-plane field geometry using a temporary top gate (parallel-plate) and high-frequency AC (50–500 kHz) to mitigate ionic screening and electrode polarization in wet precursors. Alignment is not asserted; it is quantified by GIWAXS orientation factors and cross-sectional TEM/SEM orientation statistics across the coating width, with an explicit gate (≥70% within ±20° of normal).

Addresses (iii) poling sufficiency and confounding ion migration: poling is redesigned from a low-DC-bias concept to a pulse-based protocol matched to measured coercive fields in blocking-layer capacitors. Ferroelectric switching is discriminated from ionic redistribution by (a) frequency/pulse-width dependence (fast vs slow components), (b) ionic-blocking test structures, and (c) time-resolved KPFM relaxation after poling/bending. This provides causality: if a fast, polarity-dependent Δφbend suppression occurs without slow ion signatures, the mechanism is ferroelectric screening; if only slow relaxation is seen, it indicates ionic redistribution.

Addresses (iv) missing quantitative coupling: a required, falsifiable electromechanical model is added. Neutral axis and strain are computed, a bending-induced polarization source term is introduced and *empirically calibrated* via bending-KPFM on pristine films, and Poisson + screening limits yield predicted Δφbend(κ,t). The laminate is mapped to εL,eff and Pr,eff via effective-medium theory including depolarization factors and orientation distribution. This model outputs a required screening factor S and corresponding design window for {φ, tL, depth}. The chosen 0.1–0.5 vol% global loading and 100–250 nm placement become model-derived, not arbitrary.

Addresses (v) new interfaces/traps and separating screening from passivation: controls are strengthened with a geometry- and chemistry-matched nonpolar platelet (e.g., SrTiO3/CaTiO3) using the same ligand shell, plus trap-density measurements (SCLC, thermal admittance, PL/TRPL). If hysteresis/Voc improvements correlate with polarity and Δφbend suppression but not with trap-density reduction, screening is supported. If improvements track trap reductions equally in polar and nonpolar controls, passivation is implicated.

Overall success probability is increased by staged feasibility gates (G0–G2, G1 for Pr retention) that prevent committing to full device campaigns until the key physical assumptions—(a) measurable, stable Pr in composite; (b) demonstrable vertical alignment; (c) predicted and measured Δφbend suppression—are validated quantitatively.","This is an unusually detailed and self-critical proposal with strong methodological resolution. The electromechanical-to-electrostatic model, feasibility gates (G0–G2), and polarity-dependent falsification strategy significantly elevate it above typical PSC mechanics–hysteresis studies. Engineering execution is strong but not flawless: (i) the extraction of an effective flexoelectric coefficient μeff from bending-KPFM in halide perovskites remains experimentally fragile and may conflate surface dipoles, ion redistribution, and true bulk polarization; (ii) maintaining stable, switchable Pr in a halide-rich, light-soaked perovskite environment—even with 10–30 nm platelets—remains a high-risk assumption despite the excellent gating strategy; (iii) alignment via temporary top gates at 50–500 kHz in wet ionic precursors is plausible but operationally complex and may introduce thickness nonuniformity or solvent-flow artifacts not fully addressed. Logical consistency is high, but the chain from Δφbend suppression to long-term Voc retention under cycling still partially relies on correlational evidence (Cion, hysteresis) rather than a single decisive causal observable. Evidence grounding is strong and stays within the target concept chain, with minimal disciplinary drift. Rationale quality is high: the buried electrostatic clamp is a genuinely creative adaptation addressing a known bottleneck (bending-induced hysteresis/Voc loss) rather than incremental passivation."
"Embedding an ultrathin dual-ligand conductive MOF van der Waals heterostructure—Cu3(HHTP)(THQ) laminated with graphene—at the buried perovskite/transport-layer interface will simultaneously (i) increase Voc by suppressing non-radiative recombination via coordinative passivation of under-coordinated Pb2+/halide-vacancy sites and (ii) enhance operational stability by creating a redox-buffered, ion-blocking interphase. The specific methodological adaptation is to convert the battery-inspired ‘active-site-rich’ Cu3(HHTP)(THQ) into a photovoltaic interfacial ‘pseudocapacitive defect-sink’ by (a) engineering partial amorphization and Cu-valence accessibility to enable fast, reversible interfacial faradaic charge accommodation (pseudocapacitance) that clamps interfacial quasi-Fermi level fluctuations and reduces hysteresis, while (b) assembling the MOF as an oriented vdW heterostructure with graphene to provide high in-plane conductivity and minimize series resistance. Mechanistically, aromatic benzene-ring π systems in HHTP/THQ provide delocalized pathways for ultrafast interfacial charge extraction, while Cu–O4 nodes act as Lewis-acid/base coordination centers that bind perovskite surface dangling bonds and immobilize migrating iodide/MA/FA species, reducing ion-accumulation-driven interfacial fields that accelerate degradation.","Step 1: Interface and materials selection/design.
1.1 Choose a high-Voc perovskite baseline (e.g., FA0.9Cs0.1Pb(I0.9Br0.1)3) deposited on SnO2 (n–i–p) or NiOx (p–i–n) to isolate the effect at one buried interface.
1.2 Define the target interface: perovskite/ETL for n–i–p (perovskite on SnO2) or perovskite/HTL for p–i–n (perovskite on NiOx).
1.3 Synthesize Cu3(HHTP)(THQ) with controlled ligand ratio and ethylenediamine coordination moderation to ensure dual-ligand incorporation and high electrical conductivity.

Step 2: Methodological adaptation—vdW lamination + partial amorphization to induce pseudocapacitive ‘defect-sink’ behavior.
2.1 Prepare ultrathin Cu3(HHTP)(THQ) nanosheets (few-nm) and assemble a vdW heterostructure with graphene via surfactant-assisted solution synthesis followed by mild sonication-assisted exfoliation; target lateral size 0.5–5 µm to form continuous interfacial coverage.
2.2 Induce partial amorphization (key adaptation) without collapsing electronic percolation: apply a controlled solvent-vapor anneal (e.g., ethanol/water mixed vapor) or low-power plasma/UV-ozone exposure to create short-range disorder and increase accessible redox-active Cu sites while maintaining sheet integrity. Quantify amorphization by pair distribution function (PDF) and Raman D/G evolution (graphene) + MOF vibrational broadening.
2.3 Interfacial deposition protocol (buried interface compatible):
- For n–i–p: deposit the Cu3(HHTP)(THQ)/graphene heterosheets on SnO2 as an ultrathin interlayer (target 1–5 nm equivalent coverage) using Langmuir–Blodgett transfer or meniscus-guided coating to achieve oriented, low-roughness coverage; then crystallize perovskite atop.
- For p–i–n: deposit heterosheets onto NiOx before perovskite deposition.
2.4 Add a molecular-level anchoring step to ensure intimate electronic coupling while avoiding perovskite decomposition: introduce a sub-monolayer bifunctional linker (e.g., phosphonic acid or catechol-terminated aromatics) on the oxide surface to promote vdW-aligned MOF/graphene stacking and reduce interfacial voids.

Step 3: Device fabrication and rigorous validation with mechanistic tests.
3.1 Fabricate control and test devices: (i) no interlayer, (ii) graphene-only, (iii) crystalline Cu3(HHTP)(THQ) only, (iv) partially amorphized Cu3(HHTP)(THQ) only, (v) crystalline vdW heterostructure, (vi) partially amorphized vdW heterostructure (full adaptation).
3.2 Quantify optoelectronic improvements: J–V (forward/reverse hysteresis), stabilized MPP, Suns-Voc, and EQE; extract non-radiative voltage loss using absolute PLQY on completed stacks and/or quasi-Fermi level splitting on perovskite films.
3.3 Prove defect passivation mechanism: XPS/UPS to track Pb 4f shifts and halide-vacancy signatures; time-resolved PL and transient photovoltage/photocurrent to separate recombination vs extraction; Kelvin probe force microscopy for interfacial potential uniformity.
3.4 Demonstrate pseudocapacitive ‘interfacial redox buffering’: perform impedance spectroscopy under illumination over bias, fit with distribution of relaxation times (DRT) to identify a faradaic/pseudocapacitive arc distinct from ionic accumulation; conduct cyclic voltammetry on simplified stacks (oxide/interlayer/perovskite) to detect reversible redox features associated with Cu nodes.
3.5 Track ion-migration suppression and stability: operando bias-stress tests at 1 sun and elevated temperature (ISOS-L protocols), ToF-SIMS depth profiling pre/post stress for iodide and organic cation redistribution, and GIWAXS to monitor perovskite phase stability.
3.6 Establish structure–function causality: correlate amorphization degree (PDF/Raman) and accessible Cu redox fraction (XANES/EXAFS) with Voc, hysteresis index, and DRT-derived ionic time constants to identify the optimal disorder window (max passivation + buffering, minimal resistive loss).","1. Theoretical/Empirical Basis: HHTP-based 2D MOFs can form ultrathin vdW heterostructures with graphene that enhance charge transfer and electron cloud extension (Asset 1). Dual-ligand Cu3(HHTP)(THQ) contains abundant active sites and aromatic rings that enable fast redox-assisted ion/electron interactions and high-rate storage in LIBs (Asset 2), implying intrinsically accessible faradaic centers and high conductivity. Amorphization of MOFs is known to increase active-site accessibility and promote pseudocapacitance by improving ion migration and charge transfer (Asset 3), which can be repurposed as an interfacial charge/ion buffer in PSCs.
2. Transfer Logic (How the adaptation fits the domain): PSC bottlenecks often originate at buried interfaces where under-coordinated Pb, halide vacancies, and ion accumulation drive non-radiative recombination (Voc loss), hysteresis, and accelerated degradation. The adapted interlayer converts ‘battery pseudocapacitance’ into a photovoltaic function: reversible, fast interfacial faradaic accommodation reduces local field spikes and stabilizes band alignment under operation, while Cu–O coordination sites passivate defects and immobilize mobile ions.
3. Comparative Advantage: Compared to conventional passivation molecules or insulating 2D perovskites, the Cu3(HHTP)(THQ)/graphene vdW interlayer adds (i) high in-plane conductivity to avoid transport penalties, (ii) a tunable density of redox-active sites (via controlled amorphization) to actively buffer interfacial charge/ion transients, and (iii) an ultrathin, conformal, solution-processable architecture compatible with scalable coating. The design is not a material swap: it is a structurally and functionally modified interphase whose disorder-engineered pseudocapacitance is directly mapped to reduced hysteresis, higher Voc, and improved operational stability.","The proposal is ambitious and unusually mechanistic for an interfacial-layer concept, with a reasonably actionable fabrication/control matrix and a good attempt to separate passivation, transport, and ionic effects (controls i–vi; PLQY/QFLS; DRT-EIS; ToF-SIMS). The main logical vulnerability is the central claim that a Cu-based MOF can act as a fast, reversible ‘pseudocapacitive defect-sink’ at a perovskite buried interface without introducing new non-radiative channels or chemical instability. In PSCs, interfacial faradaic activity is double-edged: Cu(II)/Cu(I) accessibility and halide coordination can also catalyze halide redox chemistry, promote I−/I3− formation, or enable metal migration, potentially worsening Voc and stability. The proposal does not yet specify a thermodynamic/electrochemical window (redox potentials vs perovskite quasi-Fermi levels, band edges, and halide redox couples) that guarantees the desired buffering remains benign and does not become a recombination/catalysis pathway under illumination/bias. Engineering-wise, several steps are plausible but underdetermined for reproducibility: achieving 1–5 nm ‘equivalent coverage’ of a composite MOF/graphene heterosheet with consistent orientation over rough SnO2/NiOx at scale is nontrivial; the amorphization protocol (solvent vapor vs plasma/UV-ozone) risks uncontrolled oxidation of graphene, ligand loss, and Cu–O node alteration, which could change work function and energetics unpredictably. Finally, the evidence plan would benefit from stronger discriminants between (a) true pseudocapacitance (reversible faradaic storage at Cu sites) and (b) enhanced ionic accumulation or interfacial trap charging that merely mimics capacitive signatures in EIS/DRT; as written, the electrical signatures could be ambiguous without stringent controls and rate/temperature dependence."
"Embedding a tribo–piezoelectric hybrid nanogenerator (TPHG) as an opto‑mechano‑active encapsulation laminate can increase PSC short‑circuit current (Isc) and operational stability via a *quantitatively bounded, spatially confined* mechano‑chemical adaptation at the encapsulation/HTL domain (not at the perovskite). Under 1–5 Hz cyclic compression, the Zn‑Car_MOF piezoelectric layer produces an oscillatory surface potential that (after accounting for humid/oxygenated screening) induces interfacial charge accumulation at a Cu‑HHTP catalytic layer. This drives oxygen activation with *tunable ROS speciation*. We explicitly target a low ROS areal generation rate (to avoid long-range diffusion) while biasing toward singlet oxygen (1O2) by (i) operating the TPHG in open circuit to avoid Faradaic current injection into the PSC, (ii) selecting an O2‑rich, H2O‑limited microenvironment inside the encapsulation (via moisture barrier + controlled RH), and (iii) incorporating an engineered quench/consumption geometry such that 1O2 is consumed within the mesoporous HTL before reaching the perovskite interface.

Mechanistically, the 1O2 field (low-flux, short diffusion length) triggers confined oxidative coupling of thymol inside a 5–10 nm mesoporous HTL scaffold, forming an in‑situ crosslinked phenoxy/ether network that is (a) hydrophobic and oxygen-buffering, lowering O2/H2O ingress and suppressing interfacial p‑type over‑doping of the perovskite/HTL contact; (b) a local ROS sink that kinetically outcompetes transport toward the perovskite; and (c) an interfacial dipole modifier whose magnitude and sign will be *measured* (UPS/KPFM) and correlated to reduced hole-extraction barrier/contact resistance. The proposal is falsifiable because each link—(surface potential → ROS speciation/flux → spatial confinement/no ROS at perovskite → HTL percolation preserved → measured energetic shift → Isc gain)—has predefined quantitative acceptance thresholds and hard controls (inert MOF, no actuation, quencher, thymol absent, pre‑crosslinked network).","A. Device and materials architecture (baseline + integration-ready variants)
A1. Baseline PSC (p–i–n) fabrication for reproducible Isc reference:
- Stack: glass/ITO/(SAM: MeO‑2PACz, 1.0–1.5 mg mL−1 in EtOH, 5–10 min)/(Perovskite: FA0.9Cs0.1Pb(I0.85Br0.15)3, target 500–650 nm)/(HTL variant set below)/Au (80–100 nm).
- Acceptance: baseline champion PCE ≥ 19% and stabilized Isc within ±5% across n≥12 devices.

A2. Mesoporous HTL scaffold that is reproducible and electronically percolating:
- Replace dense spiro‑OMeTAD with *mesoporous organic HTL scaffold* formed by templated spiro‑OMeTAD (or PTAA) using removable porogen (e.g., PS-b-PEO micelles) to yield 5–10 nm pores, thickness 50–120 nm.
- Two HTL arms to de-risk: (i) mesoporous spiro‑OMeTAD scaffold; (ii) mesoporous PTAA scaffold (dopant-free), to avoid dopant volatility.
- Acceptance (before thymol): hole-only device mobility ≥ 10−4 cm2 V−1 s−1; sheet resistance within 2× of dense control.

A3. Encapsulation laminate with mechano-active ROS generator but PSC electrically isolated:
- Laminate (outer→inner): patterned PDMS triboelectric film (micro-pyramids 5–20 µm)/Zn‑Car_MOF piezoelectric film (thickness 10–50 µm)/Cu‑HHTP catalytic layer (100–500 nm) on inert support.
- Separation from PSC: a gas-permeable, ion/solvent-blocking fluoropolymer membrane (Teflon AF 2400, 0.5–2 µm) plus an additional *ROS quench interlayer* on the PSC side (see Section C) if needed.
- Mechanical actuation: 100 kPa peak pressure, 1–5 Hz, matched to Asset 1 regime; operation strictly open-circuit (no galvanic connection to PSC).

B. Quantify piezo/tribo surface potential at Cu‑HHTP and link to speciated ROS (Mandatory Milestone 1)
B1. Model the effective surface potential delivered to Cu‑HHTP:
- Use a capacitor/screening model: Zn‑Car_MOF polarization → surface charge density σ(t); include dielectric stack (PDMS, membrane) and Debye screening length in humid air film.
- Output: predicted ΔVsurf(t) at Cu‑HHTP for 1–5 Hz, 30–70% RH, and O2 0.21–1 atm.

B2. Measure ΔVsurf(t) under realistic encapsulation conditions:
- Kelvin probe (macroscopic) + EFM/KPFM (microscale) on the Cu‑HHTP surface while cyclically loading the laminate (1–5 Hz, 50–200 kPa), under controlled RH (30%, 50%, 70%) and O2 partial pressure.
- Quantitative milestone M1a (go/no-go): achieve |ΔVsurf| ≥ 0.3 V peak-to-peak at 1–5 Hz at 50% RH (or revise laminate thickness/materials to reach this threshold).

B3. Quantify ROS speciation and areal flux vs ΔVsurf:
- 1O2: 1270 nm phosphorescence (time-resolved), calibrated with a chemical actinometer.
- O2•−/•OH: EPR spin trapping (DMPO for •OH/O2•− adduct discrimination; TEMP/TEMPO for 1O2 corroboration); include dark controls.
- Define selectivity metric: f(1O2)=R1O2/(R1O2+RO2•−+R•OH) based on calibrated rates.
- Quantitative milestone M1b: f(1O2) ≥ 0.70 at total ROS areal generation rate Rtotal ≤ 1×10−9 mol m−2 s−1 under 1–5 Hz actuation (adjust Cu‑HHTP thickness, O2 availability, RH, and surface modifiers if off-target).
- Competing pathway bounding: map f(1O2) as a function of RH and O2; if superoxide dominates at RH≥70%, impose encapsulation RH spec ≤50% using desiccant perimeter + moisture barrier topcoat.

C. Demonstrate spatial confinement and ‘no ROS at perovskite’ with built-in kinetic consumption (Mandatory Milestone 2)
C1. Introduce a sacrificial reporter layer at the perovskite-side interface:
- Insert a thin 1O2 reporter film (e.g., SOSG immobilized in PMMA, 10–30 nm) at (i) HTL/perovskite interface (test coupon devices) and (ii) immediately under the fluoropolymer membrane on PSC side.
- Operate under actuation and illumination (1 sun) and quantify reporter response.
- Quantitative milestone M2a: reporter signal at perovskite-side interface ≤ LOD (≤3σ of blank) after 10^5 cycles at 1–5 Hz.

C2. Kinetic quenching/consumption calculations + engineered quench placement:
- Use 1O2 lifetime and diffusion length estimates in organic matrices; require Ld(1O2) << membrane-to-perovskite path length.
- If M2a fails, add a dedicated quench interlayer *above HTL but below perovskite* is impossible; therefore implement on the PSC-facing side of the membrane: a nanometric scavenger coating (e.g., hindered amine/physical quencher like DABCO derivative immobilized in fluoropolymer, 10–50 nm) to consume 1O2 before it reaches PSC.
- Quantitative milestone M2b: with quench interlayer, maintain Cu‑HHTP-side 1O2 generation while perovskite-side reporter remains ≤ LOD.

D. Thymol confinement and oxidative coupling inside mesoporous HTL without loss of electronic percolation (Mandatory Milestone 4)
D1. Thymol loading into mesoporous HTL (controlled uptake):
- Vapor infiltration at 30–50 °C (below perovskite thermal stress) to target 5–20 wt% thymol in HTL; quantify via QCM/gravimetry and FTIR.
- Ensure no thymol reaches perovskite by using dense interlayer at HTL/perovskite (already present in p–i–n via SAM/perovskite interface; confirm by ToF-SIMS depth profiling on test stacks).

D2. Mechanically gated oxidative coupling protocol:
- Encapsulate with TPHG laminate; actuate 1–5 Hz for defined cycle counts (10^3, 10^4, 10^5) under controlled O2 and RH.
- Confirm coupling: FTIR/Raman (phenoxy/ether features), solid-state NMR on peeled HTL films, and GPC/solubility change (crosslinking proxy).

D3. Electronic percolation and series resistance constraints:
- Build hole-only devices (ITO/SAM/HTL/Au) from identical mesoporous HTL films pre/post coupling; measure SCLC mobility and conductivity.
- Impedance (Nyquist) under 1 sun for full PSCs to extract Rs and Rrec.
- Quantitative milestone M4: post-coupling HTL conductivity drop ≤ 30% and PSC series resistance increase ΔRs ≤ 0.5 Ω·cm2 (else reduce thymol loading or pore volume).

E. Replace qualitative ‘dipole improves extraction’ with measured energetic shifts and barrier extraction (Mandatory Milestone 3)
E1. Measure work function / VBM alignment changes:
- UPS on HTL surfaces (before and after coupling) to extract work function shift ΔΦ and VBM position; complement with KPFM maps on cross-sections for spatial localization.
- Define directionality requirement: shift must reduce hole extraction barrier at perovskite/HTL (sign determined from baseline alignment).

E2. Quantify contact barrier/resistance changes:
- Temperature-dependent J–V and TPC/TPL to extract activation energy for extraction and contact-limited behavior.
- Quantitative milestone M3: achieve either (i) ΔΦ (or ΔVBM) ≥ 0.10 eV in the barrier-reducing direction, or (ii) ≥ 30% reduction in extracted contact resistance (from impedance/TPC fits) sufficient to explain targeted ΔIsc.

F. Photovoltaic validation + stability under mechanochemical conditioning
F1. Isc-centered PV metrics:
- J–V (forward/reverse), stabilized Isc at 0 V, and EQE integration before/after conditioning.
- Target effect size: ΔIsc ≥ +3% absolute relative to passive encapsulation control at matched light soaking history.

F2. Operational stability:
- 1-sun MPP tracking in O2-rich atmosphere (controlled RH ≤50%) for ≥1000 h, with and without actuation periods (duty cycle defined, e.g., 10 min actuation per hour).
- Track PbI2 formation (XRD), interfacial oxidation states (XPS), and metal migration indicators.
- Acceptance: Isc retention ≥ 90% at 1000 h with actuation, and no increased PbI2 relative to passive control.

G. Hard controls to isolate causality (Mandatory Milestone 5)
- C1: Cu‑HHTP present, no mechanical actuation (tests electrostatic necessity).
- C2: Mechanical actuation with inert MOF (replace Cu‑HHTP with non-catalytic porous carbon/MOF) (tests catalytic necessity).
- C3: Mechanical actuation + 1O2 quencher interlayer on PSC-facing side of membrane (tests 1O2 dependence).
- C4: Thymol absent (tests polymer network necessity).
- C5: Pre-crosslinked thymol network (prepared ex situ in HTL) without TPHG (tests whether actuation-formed chemistry is uniquely beneficial).
- C6: Replace thymol with a non-coupling hydrophobe (tests whether simple hydrophobization explains results).

Go/No-Go logic (decision points)
- Gate 1 (after B): if M1a or M1b fails, redesign laminate (thickness, dielectric, Cu‑HHTP surface) before PSC integration.
- Gate 2 (after C): if M2a/M2b fails, implement/optimize quench interlayer or abandon ROS route.
- Gate 3 (after D/E): if M4 fails or M3 fails, adjust thymol loading/pore fraction or pivot to alternative coupling chemistry that preserves mobility.
- Gate 4 (after F): if ΔIsc < +3% or stability worsens vs control, terminate integrated approach and publish negative mechanistic findings as boundary conditions.","1) Addressing ‘open-circuit polarization → selective 1O2’ with quantitative boundaries: Asset 1 supports strong piezoelectric response (high Voc under pressure) and Cu‑HHTP ROS generation under electrifying conditions, but reviewers correctly demand the *effective surface potential* at Cu‑HHTP under humid screening and the *speciated* ROS yields. The revised plan makes this a first-class milestone: ΔVsurf(t) is modeled and measured (Kelvin probe/EFM) under RH/O2 control, then directly correlated to ROS speciation using orthogonal methods (1270 nm for 1O2; EPR spin traps for O2•−/•OH). We predefine selectivity and flux targets (f(1O2) and Rtotal) so the approach is falsifiable and tunable (via RH, laminate dielectric thickness, Cu‑HHTP thickness/surface).

2) Spatial confinement is no longer asserted; it is tested with a perovskite-side sacrificial reporter and enforced by design: The critique that gas-permeable membranes do not block 1O2 is explicitly handled by (i) short-lived/short diffusion-length kinetics for 1O2, (ii) a consumption geometry where thymol in mesopores acts as the primary sink, and (iii) an engineered scavenger coating on the PSC-facing side of the membrane if required. Acceptance is ‘no detectable ROS at the perovskite-side reporter after 10^5 cycles’, which is decisive.

3) ‘Dipole improves extraction’ is converted into measurable energetics and barrier parameters: UPS/KPFM quantify ΔΦ/ΔVBM and its sign; temperature-dependent JV plus TPC/impedance extract barrier/contact resistance changes. A minimum energetic/contact-resistance change is defined to plausibly account for the targeted ΔIsc, preventing narrative-only interpretation.

4) Mesoporous HTL risk is mitigated by dual HTL arms and strict percolation constraints: The plan recognizes that crosslinking within 5–10 nm pores could impede transport. Therefore, thymol loading is controlled (vapor infiltration, wt% targets), and post-coupling mobility/conductivity plus ΔRs thresholds are enforced (go/no-go). A PTAA mesoporous option de-risks spiro‑OMeTAD reproducibility and dopant-related instability.

5) Integration/materials risks (outgassing, moisture uptake, Cu proximity) are converted into controls and gates: Encapsulation RH is specified; MOF proximity is buffered by fluoropolymer + optional scavenger; and hard control experiments isolate each causal step (actuation, catalysis, 1O2, thymol chemistry, pre-formed networks). This ensures that if performance changes occur, they can be causally assigned rather than conflated.

Overall, the revised proposal maintains the original concept chain (TPHG open-circuit → gated ROS → confined thymol coupling → dipole/hydrophobic buffer → improved Isc) but replaces unbounded assertions with measurable fields, speciated ROS selectivity/flux targets, confinement acceptance criteria, electronic percolation thresholds, energetic-shift quantification, and decisive controls.","The proposal is unusually well engineered for a mechanochemical/ROS-driven PSC concept: it replaces qualitative claims with measurable intermediates (ΔVsurf, f(1O2), Rtotal, reporter LOD, ΔΦ, ΔRs) and hard controls. The primary scientific risk remains the physical plausibility of sustaining ≥0.3 Vpp effective surface potential at the Cu-HHTP interface under realistic humid, oxygenated encapsulation boundary layers while avoiding unintended electrochemical pathways; Kelvin probe/KPFM under cyclic loading helps, but translating that field into reproducible, selective 1O2 at the stated low areal flux is still uncertain. Second, the confinement argument hinges on kinetics in complex multilayers: 1O2 lifetimes/diffusion lengths are highly matrix- and impurity-dependent, and the membrane is explicitly gas-permeable; the sacrificial reporter is good, but fluorescence-based 1O2 probes (e.g., SOSG) can be artifact-prone under illumination and in the presence of redox-active surfaces, requiring stringent calibration and orthogonal confirmation. Third, the mesoporous HTL scaffold introduces a large variability/stability axis independent of the ROS concept (pore formation reproducibility, mechanical integrity under cyclic stress, dopant/oxidation sensitivity, and long-term morphological drift), which could dominate Isc/stability trends and complicate attribution even with controls. Finally, the mechanistic link from confined thymol coupling to a beneficial interfacial dipole that measurably reduces extraction barriers is plausible but not guaranteed; dipole sign/magnitude could be heterogeneous and may instead increase energetic disorder or trap densities, depressing FF/Voc even if Isc rises."
"A mechanochemically synthesized, 2-methylimidazole–rich ZIF-8 nanophase can improve the thermal stability and optoelectronic quality of α-FAPbI3 perovskite solar cells not by acting as a bulk ion conductor, but by acting as a *surface-accessible coordination micro-reservoir* at grain boundaries and interfaces. The falsifiable central mechanism is:
(1) **Interfacial Pb2+ coordination buffering (surface-limited)**: Accessible imidazolate/2-MI motifs at the external surface and defect sites of nano-ZIF-8 (not necessarily internal micropores) form reversible Pb–N coordination to undercoordinated Pb2+ at perovskite grain boundaries/CTL interfaces, measurably shifting Pb 4f binding energies and imidazole vibrational modes. This reduces deep trap formation and suppresses thermally accelerated interfacial decomposition.
(2) **Guest-ion hosting (verified, not assumed)**: Only ions demonstrably incorporated/retained in ZIF-8 (after rigorous washing) contribute to stabilization. Mn2+/Rb+/I− “loading” is treated as an experimentally bounded variable with explicit rejection criteria (amorphization, salt microcrystallites, Zn-exchange/etching). Any observed device benefit must track *framework-hosted uptake* (ICP-MS + XAS/XPS) rather than physical salt admixture.
(3) **Ion-migration mitigation via boundary chemistry, not pore transport**: The expected reduction in halide/vacancy migration arises from passivated grain-boundary pathways and reduced interfacial electric-field hot spots (lower interfacial defect density), which should produce causally linked changes in impedance spectra, operando EL/Voc stability under bias-thermal stress, and TOF-SIMS depth profiles.
Given ZIF-8’s small pore windows and hydrophobicity, the proposal explicitly limits claims of “ultra-high ionic loading” to the *experimentally verified* uptake that preserves crystallinity/porosity. The working design target is a <50 nm ZIF-8 population with high external surface area and controlled surface chemistry, enabling coordination buffering without imposing transport barriers.

Option on emission/CRI is made falsifiable and architectural: the core deliverable is PV thermal stability; a secondary, gated aim explores Mn2+-enabled down-conversion as an *optical* color-conversion layer (remote phosphor concept) rather than claiming intrinsic broadband/high-CRI EL from a FAPbI3 PV stack unless a dedicated LED sub-architecture is built and benchmarked.","Step 0 — Define acceptance criteria and control matrix (pre-registered)
A0. **ZIF-8 nanophase targets**: particle size D50 = 20–50 nm; BET surface area retained ≥70% of pristine after any loading step; XRD crystallinity retained (no broad amorphous halo dominance); no detectable crystalline salt impurities by XRD/PDF above detection limit.
A1. **Integration window targets**: additive loading in perovskite ≤0.05–0.5 vol% (screened); interfacial layer thickness 2–10 nm equivalent (spin-coated ultra-dilute dispersion) to avoid series resistance.
A2. **Perovskite film metrics to hit**: α-FAPbI3 phase fraction (GIWAXS) ≥95% post-anneal; grain size distribution tracked (SEM) and no δ-phase increase after 85–120 °C aging.
A3. **Controls required (mandatory)**: (i) free 2-MI additive; (ii) imidazole-poor ZIF-8 (stoichiometric 2-MI, lower linker excess); (iii) amorphous Zn–2MI gel (same chemistry, no reticular order); (iv) inert SiO2 nanoparticles (20–50 nm, similar size); (v) physical salt mixing without MOF uptake (Mn/Rb salts mixed post-synthesis).

Step 1 — Mechanochemical synthesis of nano-ZIF-8 with tunable surface-accessible 2-MI
1.1. **Ball-milling recipe**: ZnO or Zn(OAc)2·2H2O with excess 2-MI (2-MI:Zn = 8–20 molar) to bias toward 2-MI-rich surfaces/defect sites; milling frequency/time systematically varied (e.g., 20–30 Hz; 10–60 min). If liquid-assisted grinding is needed, use minimal water/ethanol (green, ≤50 µL per g) and document.
1.2. **Size control**: post-milling size selection by centrifugation/antisolvent fractionation to obtain <50 nm fraction; verify by DLS + TEM.
1.3. **Baseline characterization**: PXRD (Rietveld where feasible), total scattering/PDF for short-range order, BET (N2 at 77K and CO2 at 273K for ultramicropore accessibility), TGA/DSC (thermal stability and guest content), FTIR/Raman (linker modes), XPS (Zn 2p/N 1s baseline).

Step 2 — Define and verify “ion loading” vs physical admixture (explicit falsification)
2.1. **Loading methods compared** (two orthogonal routes):
(a) *Co-milling loading*: add MnCl2/MnI2, RbI, KI at controlled mole fractions during milling.
(b) *Post-synthetic incipient wetness*: expose nano-ZIF-8 to minimal-volume ethanolic or aqueous salt solutions, then dry under mild vacuum (to reduce framework damage and isolate adsorption/coordination effects).
2.2. **Rigorous washing protocol**: repeated washing (ethanol/water sequence) until supernatant conductivity and ICP signal plateau; only then proceed.
2.3. **Quantify uptake**:
- ICP-MS of digested solids to quantify Mn/Rb/K/I loading (mmol g−1) *after washing*.
- TGA/DSC to corroborate guest mass and identify decomposition changes.
- PXRD + PDF/total scattering to detect amorphization and exclude salt microcrystallites.
- XPS for Mn 2p/Rb 3d/I 3d presence; depth-sensitive angle-resolved XPS to distinguish surface-enriched vs bulk.
- EXAFS/XANES (Mn K-edge; Zn K-edge as needed) to determine Mn coordination environment and detect Zn↔Mn exchange or framework etching.
2.4. **Pore accessibility before/after**: N2/CO2 sorption changes interpreted as (i) pore blocking by true inclusion, (ii) collapse/amorphization (ruled in/out by XRD/PDF), or (iii) external adsorption.
2.5. **Go/no-go criteria**: any loading condition that causes (i) >30% BET loss *with* strong amorphization signatures, or (ii) detectable crystalline salt peaks, is rejected for device integration and kept only as a negative control.

Step 3 — Engineer perovskite integration without transport penalties
3.1. **Two deployment modes (kept distinct)**:
Mode A (Interfacial): ultrathin nano-ZIF-8 layer between perovskite and CTL (select architecture: n–i–p or p–i–n). Target thickness 2–10 nm equivalent; confirm via ellipsometry/AFM step edge and cross-sectional TEM.
Mode B (Bulk additive): disperse nano-ZIF-8 at 0.05, 0.1, 0.25, 0.5 vol% into FAPbI3 precursor (or FA/Cs mixed-cation for phase robustness). Use dispersants only if they do not bind Pb2+ strongly (document); verify colloidal stability by DLS in solvent.
3.2. **Morphology/phase control readouts**:
- SEM (top-view and cross-section) for grain size and pinholes.
- GIWAXS for α/δ phase fraction, texture/orientation, and thermal evolution.
- PL/TRPL mapping to identify whether improvements localize to grain boundaries.
- Electrical transport: SCLC trap density (electron-only/hole-only devices) and series resistance tracking.
3.3. **Upper bound selection**: choose maximum ZIF-8 vol% that does not degrade mobility/FF (quantified) and does not increase haze/scattering beyond set threshold (UV–vis haze measurement).

Step 4 — Prove the interfacial coordination mechanism (not inferred)
4.1. **In-situ/operando vibrational spectroscopy**:
- In-situ FTIR/Raman during perovskite crystallization on ZIF-8-coated substrates to detect imidazole mode shifts consistent with Pb–N coordination.
4.2. **XPS evidence of Pb–N interaction**:
- Compare Pb 4f, I 3d, N 1s spectra for: (i) baseline perovskite, (ii) perovskite on ZIF-8, (iii) perovskite with free 2-MI, (iv) perovskite on amorphous Zn–2MI gel, (v) perovskite on SiO2.
- Expectation: reproducible Pb 4f binding-energy shift and N 1s component consistent with coordinated N in ZIF-8 case; absence or different signature in SiO2 control.
4.3. **Competitive binding falsification**:
- Add a competing Lewis base (carefully chosen to not dissolve perovskite) in a controlled experiment; if Pb–N coordination is central, trap density and interfacial recombination should revert toward control.

Step 5 — Establish causality for migration/defect suppression under bias-thermal stress
5.1. **Operando bias-thermal protocol**: apply forward bias near Voc and reverse bias conditions at 85–120 °C under 1-sun equivalent illumination; track degradation kinetics.
5.2. **Coupled diagnostics**:
- Impedance spectroscopy (EIS) to extract interfacial recombination resistance/capacitance evolution.
- Thermal admittance spectroscopy for defect activation energies.
- TOF-SIMS depth profiling *pre/post stressing* to quantify halide and cation redistribution; compare against controls.
- Correlate changes with Voc loss rate and (if measured) EL turn-on shift—linking migration suppression to device physics rather than co-variation.

Step 6 — Clarify the emission/CRI claim with a gated, architecture-specific model
Primary deliverable: PV stability + reduced non-radiative recombination.
Secondary (optional, gated by Step 2 success):
6.1. **Replace intrinsic high-CRI EL claim with a feasible path**:
Option (preferred): Mn2+-loaded ZIF-8 as a *down-conversion color conversion layer* (remote or on-glass), optically pumped by a separate UV/blue source or by a dedicated perovskite LED sub-stack, not by a standard FAPbI3 PV junction. Measure photoluminescence quantum yield (PLQY), thermal quenching, and CRI of converted emission.
Option (only if pursuing true PV–LED): build a separate wide-bandgap perovskite LED stack (e.g., Br-rich or quasi-2D) adjacent to Mn@ZIF-8 conversion, define energy-transfer pathway (host exciton → Mn2+), and benchmark EL spectra, EQE, and operational stability. Otherwise, CRI is removed from PV claims.
6.2. **Benchmarks**: report CIE coordinates, CRI, and thermal drift for the conversion layer; for EL, report EQE and spectral stability at fixed current density and temperature.","1) Addressing ZIF-8 pore/ion-access skepticism: The refined hypothesis explicitly treats ZIF-8 as a *surface coordination buffer* rather than a bulk ion conductor. Ion “loading” is no longer assumed; it is experimentally bounded by ICP-MS (after rigorous washing), sorption (N2/CO2), and structural integrity checks (PXRD + PDF). This directly answers the reviewer concern that ZIF-8’s small apertures/hydrophobicity may limit true uptake.

2) Decoupling true framework-hosted loading from physical mixing: The plan includes orthogonal loading routes (co-milling vs incipient wetness), strict washing, and rejection criteria based on salt crystallites (XRD/PDF) and amorphization (total scattering). EXAFS/XANES and XPS explicitly determine whether Mn2+/Rb+ are coordinated/adsorbed or simply present as residues, and whether Zn2+ exchange/etching occurred.

3) Preventing nanoparticle-induced transport/morphology penalties: The integration window is engineered with explicit constraints (particle size <50 nm; ≤0.5 vol% bulk additive; 2–10 nm interfacial layer). Film morphology/phase targets are enforced by GIWAXS (α/δ-FAPbI3), SEM/TEM (grain boundaries), haze/scattering metrics, and SCLC/EIS to quantify whether any passivation benefit is offset by transport losses.

4) Interfacial mechanism is made falsifiable with competitive controls: Pb2+–imidazolate coordination is verified via in-situ FTIR/Raman and Pb 4f / N 1s XPS shifts, with mandatory controls (free 2-MI, imidazole-poor ZIF-8, amorphous Zn–2MI gel, inert SiO2). This disambiguates effects of chemistry vs nanofiller morphology.

5) Migration/defect causality beyond correlation: TOF-SIMS is paired with operando bias-thermal stressing and impedance/admittance analyses. The claim becomes: reduced migration signatures must coincide with stabilized Voc/EL metrics and improved recombination resistance evolution, establishing causal linkage.

6) CRI claim is no longer overstated: The proposal either (i) focuses on PV stability, or (ii) treats Mn2+-related high-CRI output as a separate, explicitly architected down-conversion/LED sub-system with appropriate excitation physics and benchmarking. This removes the weakest speculative link while preserving the mechanochemical loading concept as a testable materials platform.

Overall, mechanochemical synthesis remains the enabling route (green, solvent-minimizing, scalable) consistent with literature on reticular-framework encapsulation/loading capacity, while the perovskite-relevant mechanism is reformulated around *surface-accessible coordination chemistry* and rigorously verifiable guest states.","Methodologically, the proposal is unusually well-resolved: it pre-registers quantitative go/no-go criteria (BET retention, crystallinity, salt-impurity exclusion), separates interfacial vs bulk-additive deployment, and provides a control matrix that can actually disambiguate chemistry (2-MI/Pb–N) from morphology (nanofiller) and from non-framework salt mixing. The mechanistic claim is also made testable via paired spectral signatures (Pb 4f/N 1s XPS; imidazole vibrational shifts) and stress-coupled causal diagnostics (bias-thermal + EIS/admittance + TOF-SIMS). The main remaining weaknesses are (i) ambiguity in what constitutes “2-MI–rich surface” in ZIF-8 (defect density, missing-linker vs dangling linker, protonation state) and how it will be quantitatively controlled/normalized across batches; (ii) risk that mechanochemical excess-2-MI conditions produce non-ZIF amorphous Zn–imidazolate phases or persistent surface-adsorbed 2-MI that could mimic the intended buffering mechanism, complicating attribution even with washing; (iii) the competitive-binding falsification experiment is underspecified and may be chemically unrealistic without perturbing the perovskite (most strong Lewis bases/chelators will also solvate PbI2/FAI or alter surface termination); and (iv) the ion-loading branch (Mn/Rb/I) still carries a nontrivial probability of framework damage or surface salt residues at the low aperture size—this is acknowledged and gated, but it may consume significant effort relative to the primary PV-stability objective. Evidence grounding is strong and stays within the concept chain; the only mild drift is the breadth of characterization (EXAFS, operando Raman/FTIR, TOF-SIMS, TAS) which is appropriate but may be resource-intensive and vulnerable to underpowered execution if access/time is limited."
"A photo-inert, electronically selective, and ion-blocking interlayer can be created at the perovskite/HTL interface by a de-risked two-step dry process: (i) perovskite-benign, purely coordinative tethering of atomically precise Ag44 nanoclusters (APNCs) to undercoordinated surface Pb2+ sites via multidentate phosphonate (or halide-agnostic chelating) ligands—without generating new vacancies or Pb0—and (ii) subsequent self-limited growth of an ultrathin conjugated reticular overlayer by solvent-free interfacial oligomerization using a vapor-infiltration Knoevenagel pathway that avoids free base exposure at the perovskite surface (latent/base-free chemistry or base-quench cycling). Mechanistically, immobilized and electronically decoupled Ag44 clusters function as sub-monolayer ‘polarizable defect-screeners’ by increasing local interfacial dielectric response and stabilizing charged point defects (e.g., halide vacancies) electrostatically, thereby lowering interfacial capture cross-sections and suppressing trap-assisted recombination—provided that Ag44/ligand frontier levels are kept outside the perovskite bandgap and the coupling is tunneling-limited. The reticular network (3–6 nm target) provides a rigid, hydrophobic, size-selective barrier that increases the activation energy for halide/organic-ion migration and suppresses interfacial redox degradation, while its ionization potential/work-function shift is tuned into a quantitative window that maintains hole extraction and blocks electrons without raising contact resistance beyond a predefined series-resistance budget. The central feasibility risk (interfacial chemistry damage, redox activity of Ag species, and incomplete vapor-phase condensation) is addressed upfront via hard go/no-go gates: (a) orthogonal quantification of Ag44 anchor density and bonding chemistry without relying on PL, (b) electronic-structure and photoredox risk assessment (UPS/IPES + DFT + operando XANES/XPS in iodide contact), (c) staged validation of vapor Knoevenagel growth first on inert analogs and then on perovskite under strict base-exposure limits with in situ QCM/FTIR tracking, and (d) quantitative design targets (interlayer thickness, work-function shift, allowable Rs increment, and percolation/shunt threshold) enforced as kill-criteria before full device statistics.","PHASE 0 — Quantitative design targets + kill-criteria (must pass before device integration)
0.1 Energy-level/selectivity targets (hard targets):
- Interlayer thickness (ellipsometry/AFM): 3–6 nm (kill if >8 nm or <2 nm with persistent pinholes).
- Work-function shift at perovskite surface (Kelvin probe/UPS): +0.10 to +0.30 eV (toward higher WF to aid hole extraction). Kill if |ΔWF| <0.05 eV (no measurable dipole) or if ΔWF shifts in the wrong direction.
- Interlayer ionization potential (UPS): within 0–0.4 eV deeper than HTL HOMO to preserve hole injection; electron-blocking: LUMO/EA at least 0.3 eV above perovskite CBM (from IPES or optical gap + UPS). Kill if predicted electron barrier <0.2 eV.
- Series resistance budget: ΔRs ≤ 0.5 Ω·cm^2 relative to no-interlayer control at matched HTL (kill if ΔRs > 1.0 Ω·cm^2 or FF drops >3% absolute at matched Jsc).
- Shunt/percolation constraint: Jleak(0.1 V reverse) increase ≤ 2× control; Rshunt ≥ 1 kΩ·cm^2. Kill if leakage indicates percolation.

0.2 Percolation/shunt model to pre-define safe Ag44 areal density:
- Treat clusters as conductive inclusions separated by tunneling barriers through ligand shells + framework. Use a conservative 2D percolation threshold p_c ≈ 0.59 for random disks; convert to areal density N via effective inclusion radius r_eff = r_core + 2·t_ligand.
- With Ag44 core ~1.2–1.6 nm and ligand shell t_ligand ~0.7–1.0 nm, r_eff ~2.0–2.6 nm. Set maximum N_max to keep area fraction p = N·πr_eff^2 <0.05 (large safety factor vs p_c). This gives N_max ~ (0.05)/(πr_eff^2) ≈ 2.3×10^11 cm^-2 for r_eff=2.6 nm; adopt N_max = 1×10^11 cm^-2 as safe upper bound; explore 1×10^10, 3×10^10, 1×10^11 cm^-2.
- Validate experimentally by conductive-AFM current maps + device leakage.

PHASE 1 — Perovskite-benign tethering chemistry and orthogonal anchor-density quantification (no plasma/UV-ozone vacancy generation)
1.1 Perovskite and architecture (kept constant through Phase 1):
- Absorber: FA0.8Cs0.2Pb(I0.8Br0.2)3 (or closely matched high-Voc composition), n–i–p: ITO/SnO2/perovskite/interlayer/HTL/Au.
- HTL for screening tests: dopant-free PTAA (primary), spiro-OMeTAD (secondary) to test contact-resistance sensitivity.

1.2 Define a tethering reaction that is selective and non-damaging:
Option A (primary): Multidentate phosphonate coordination to surface Pb2+.
- Ligand design on Ag44: mixed-thiolate shell Ag44(SR)30 where 5–10% of SR are ω-phosphonic-acid-terminated aryl/alkyl thiolates (e.g., HS–(CH2)n–Ar–PO(OH)2) and the remainder are inert thiolates chosen to keep Ag44 atomically precise.
- Rationale: phosphonate–Pb2+ binding is coordinative, does not require generating radicals/vacancies, and is halide-agnostic.
- Implementation (dry): deposit Ag44 onto perovskite by vacuum soft-landing (electrospray deposition into vacuum with differential pumping) at low kinetic energy; immediately anneal 40–60 °C under N2 for 10–20 min to promote coordination without driving ion migration.

Option B (backup): Neutral chelating anchors (e.g., pyridyl/terpyridyl) that bind undercoordinated Pb2+ without strong basicity.
- Avoid strongly basic amines; prefer weakly basic aromatic N donors to minimize perovskite deprotonation.

1.3 Orthogonal quantification of Ag44 anchor density (mandatory):
- QCM-D (or QCM) during soft-landing onto a perovskite-analog QCM crystal (same surface chemistry; see 1.4) to quantify mass uptake per area and infer cluster density using known Ag44 molecular weight.
- XPS absolute quantification on films: Ag 3d/Pb 4f ratio converted to areal density using sensitivity-factor correction and attenuation-length model; cross-check with angle-resolved XPS.
- ToF-SIMS with standards: prepare calibration samples by depositing known Ag44 areal densities on inert substrates; use Ag-containing fragment counts vs known density to build a transfer function; apply to perovskite samples.
- Kill-criterion: if the three methods disagree by >2×, halt and resolve metrology before proceeding.

1.4 Prove tethering is perovskite-benign (no deep trap creation / stoichiometry damage):
- Surface chemistry: XPS for Pb0/PbOx signatures (Pb 4f), I/Br ratios, and emergence of phosphate binding shifts (P 2p).
- Optical/electronic: absolute PLQY at 1-sun equivalent (QFLS extraction) before/after tethering; kill if QFLS decreases >10 meV relative to pristine.
- Trap density: SCLC on electron-only/hole-only test structures; kill if trap density increases.
- Morphology: AFM roughness; kill if RMS increases >20%.

1.5 Controls for Phase 1:
- No interlayer.
- Same ligand shell without Ag44 (free ligand deposition) to decouple ligand vs cluster effect.
- Non-atomically-precise Ag nanoparticles at identical Ag mass loading (dry deposited).

PHASE 2 — Electronic-structure + photoredox risk assessment of Ag44 at iodide-rich perovskite interface (mandatory before framework growth)
2.1 Frontier-level alignment and electronic decoupling assessment:
- UPS (and IPES if available) on perovskite surfaces: pristine vs tethered Ag44 vs ligand-only.
- Kelvin probe mapping for WF uniformity.
- PDS and EL reciprocity/Suns-Voc to detect sub-gap absorption or increased J0.
- DFT (computational gate):
  - Compute Ag44-ligand cluster frontier levels and density of states; evaluate whether states fall within perovskite bandgap.
  - Model cluster–surface binding motif (phosphonate–Pb) and electronic coupling; require that any new states are outside gap or sufficiently localized without enhancing nonradiative recombination.
- Kill-criterion: evidence of mid-gap state formation (new sub-gap PDS feature correlated with increased J0 or reduced QFLS) or UPS/IPES indicating interfacial states near mid-gap.

2.2 Photostability/redox assay under iodide contact:
- Prepare perovskite/Ag44 samples and expose to 1-sun equivalent at 45–65 °C under N2 and under dry air; monitor for 24–100 h.
- Operando or quasi-operando XANES/XPS: track Ag oxidation state (Ag0/Ag+), iodide oxidation signatures, and any AgI formation.
- Complement with GI-XRD for AgI.
- Kill-criterion: detectable AgI formation or systematic Ag oxidation correlated with PLQY/QFLS decline.

PHASE 3 — Solvent-free reticular framework growth: de-risk vapor Knoevenagel with base-free/latent-base strategies and staged substrates
3.1 Stage A: demonstrate SVI-Knoevenagel on inert analog surfaces (mandatory):
- Analog substrates: ALD-Al2O3, SnO2, and PbI2 thin films (less fragile than perovskite) to validate chemistry and thickness control.
- In situ monitoring: QCM mass gain per cycle + in situ FTIR (C=O consumption; vinylene C=C formation).
- Outcome: establish a cycle window (temperature, pulse time, purge time) that yields monotonic growth with minimal residual aldehyde.

3.2 Stage B: translate to perovskite under strict base-exposure limits:
- Replace continuous base vapor with one of the following (priority order):
  (i) Base-free activated-methylene system: choose linkers with sufficiently acidic methylene groups enabling condensation via surface-assisted catalysis or intrinsic polarization at Ag44 sites (screen multiple candidates; proceed only if FTIR confirms conversion).
  (ii) Latent base strategy: co-dose a thermally labile base precursor that releases trace base only after monomer adsorption (e.g., blocked amidines or carbonate-protected amines) and is fully purged after reaction.
  (iii) Base microdosing + quench cycling: if a base is unavoidable, use ppm-level pyridine dosing for <1 s pulses followed by extended purge and an immediate acidic-scavenger pulse on chamber walls (not on sample) to prevent base carryover; validate no perovskite compositional shift by XPS.
- Temperature: 30–60 °C (cap at 60 °C during growth to limit ion migration).
- Kill-criterion: any measurable perovskite decomposition markers (loss of FA/Cs signatures, halide loss, Pb0 increase) or QFLS drop >10 meV after growth.

3.3 Site-directed nucleation test (must be proven, not asserted):
- Compare framework growth kinetics and film closure on: (a) perovskite-only, (b) ligand-only, (c) Ag44-tethered.
- Metrics:
  - Nucleation density/closure: AFM pinhole statistics + conductive-AFM current maps.
  - Growth per cycle: QCM (mass/cycle) and ellipsometry (thickness/cycle).
  - Chemical conversion: FTIR ratio of vinylene/aldehyde peaks.
- Acceptance: Ag44-tethered samples must show either faster closure (lower pinhole density at same thickness) or higher conversion at the same thermal/base budget.

3.4 Reticular framework design parameters for electronic selectivity:
- Monomers: volatile multi-aldehyde node + activated-methylene aromatic linker to form vinylene-linked conjugated network.
- Substituent tuning: incorporate moderate electron-withdrawing substituents (e.g., F, CN) to deepen IP and create an interfacial dipole; screen 2–3 monomer sets.
- Thickness control: terminate growth at 3–6 nm; if growth continues linearly, introduce a bulky “capping” monomer cycle (steric stop) to enforce self-limitation.

PHASE 4 — Mechanism-first validation on films (before full device statistics)
4.1 Recombination/QFLS mechanism:
- Absolute PLQY under 1-sun equivalent to quantify QFLS; target: +20–40 meV vs control after Ag44 + framework.
- Suns-Voc to extract J0 and ideality factor changes; require reduced J0.
- TRPL/transient photovoltage to isolate interfacial lifetime gain.

4.2 Ion-migration barrier mechanism:
- Temperature-dependent impedance spectroscopy to extract ionic activation energy; target: increase by ≥0.05–0.10 eV relative to control.
- Bias-stress hysteresis and operando PL mapping for interfacial degradation initiation.

PHASE 5 — Device integration and benchmarking (only after gates pass)
5.1 Device set and controls (≥30 devices/condition):
- (i) no interlayer, (ii) framework-only (SVI-Knoevenagel), (iii) Ag44-only tethered, (iv) Ag nanoparticles (same Ag mass), (v) ligand-only.

5.2 Electrical targets and diagnostics:
- Maintain FF within 3% absolute of control; ΔRs within Phase 0 budget.
- Voc gain must correlate with QFLS gain (reciprocity check).

5.3 Stability and beta metric:
- beta(t)=PCE(t)/PCE(0) under MPP tracking, 1 sun, 65–85 °C; report beta@200 h and beta@1000 h + T80.
- Post-mortem: ToF-SIMS for Ag/halide redistribution; XPS for interfacial chemistry; check for AgI or halide depletion signatures.

Decision tree / go-no-go summary (enforced):
- Gate 1: Tethering benign + anchor density metrology consistent.
- Gate 2: No mid-gap states / no increased J0; Ag photoredox stable in iodide contact.
- Gate 3: Vapor Knoevenagel works on analogs, then perovskite with no QFLS penalty; demonstrable pinhole closure advantage with Ag44.
- Gate 4: Film-level mechanism metrics achieved (QFLS gain, J0 reduction, ionic Ea increase) before scaling to full device statistics.","This revision converts the highest-risk links flagged by reviewers into constrained, testable steps with orthogonal metrology and explicit kill-criteria.

(1) Perovskite-benign tethering: The proposal removes plasma/UV-ozone ‘reactive-site creation’ and replaces it with a selective, coordinative anchoring mechanism (multidentate phosphonate–Pb2+ binding or weakly basic chelation). This directly addresses the risk of deep-trap creation, stoichiometry drift, and vacancy inflation. Anchor density is quantified independently of PL via QCM (mass uptake), XPS absolute quantification (Ag/Pb with attenuation modeling), and ToF-SIMS calibrated with standards—meeting the directive for orthogonal validation.

(2) Physical grounding of ‘dielectric defect-screening’ without mid-gap penalties: The hypothesis is conditioned on electronic decoupling: Ag44 must remain atomically precise, isolated below percolation, and have frontier levels outside the perovskite bandgap. This is enforced by a mandatory electronic-structure risk assessment (UPS/IPES + PDS/EL reciprocity) combined with DFT of Ag44/ligand and cluster–surface binding motifs. Photoredox risk (Ag-catalyzed halide chemistry) is explicitly tested using operando/quasi-operando XANES/XPS under illumination in iodide contact with kill-criteria for AgI formation or Ag oxidation.

(3) De-risking vapor Knoevenagel and base exposure: The plan introduces a staged demonstration: SVI-Knoevenagel is first proven on inert/robust analog surfaces using in situ QCM+FTIR to confirm conversion and growth-per-cycle. Translation to perovskite uses a base-free or latent-base approach first, with base microdosing only as a last resort and with explicit exposure limits and chemical decomposition checks. This addresses the reviewer concern that base vapors can degrade perovskites and that low-temperature vapor reactions may yield defective, pinholed films.

(4) Quantitative selectivity and contact-resistance constraints: The revised plan defines numerical target windows for thickness, work-function shift, band alignment, and maximum ΔRs/FF loss. These parameters are measured early (UPS/Kelvin probe, ellipsometry, J–V + Rs extraction) and used as go/no-go criteria before committing to large device batches—mitigating the risk of an insulating barrier harming FF.

Conceptual coherence with the original chain is retained: Ag44 remains the sub-monolayer electrostatic screening element and nucleation bias; the reticular Knoevenagel network remains the solvent-free barrier against ion migration and redox/moisture ingress. The proposal’s novelty (dry tethering + site-directed, thickness-limited vapor oligomerization) is preserved, but feasibility is strengthened by replacing speculative interface activation with chemically conservative coordination, by adding electronic/redox risk gates, and by requiring mechanism-first film metrics (QFLS, J0, ionic activation energy) before full stability-driven beta benchmarking.","The proposal is unusually well-engineered for a high-risk interface concept: it defines quantitative design windows (thickness, ΔWF, ΔRs, leakage), enforces staged go/no-go gates, and uses orthogonal metrology for Ag44 areal density and interfacial chemistry. These are major strengths.

Key score deductions arise from mechanistic and chain-alignment tensions. First, the central mechanism—Ag44 as a 'polarizable defect-screener' that reduces capture cross-sections by locally increasing dielectric response—is plausible but currently under-specified and not tightly linked to a discriminating, falsifiable observable beyond generic QFLS/J0 improvement. The dielectric-screening hypothesis competes with more conventional explanations (dipole-induced band bending, chemical passivation by phosphonate, reduced interfacial energetic disorder, altered HTL wetting/nucleation), and the current plan does not include an experiment set that uniquely separates electrostatic screening from chemical passivation/dipole effects.

Second, there is an internal constraint conflict: the proposal requires Ag44 to be electronically decoupled (to avoid mid-gap states and redox activity) while also asserting that Ag44 biases nucleation/closure and potentially assists condensation chemistry. If Ag44 is truly tunneling-limited and covered by ligand shells, its ability to influence nucleation/condensation must be justified via specific surface-energy/adsorption arguments or through controlled partial exposure sites—otherwise 'site-directed nucleation' may be weak or non-reproducible.

Third, Ag chemistry risk remains nontrivial even with XANES/XPS gates. In iodide-rich environments, silver–iodide formation and Ag+/Ag0 redox can be subtle and spatially localized; a 'no detectable AgI' criterion may be met while still catalyzing interfacial degradation at defect hot-spots. The plan would benefit from more stringent sensitivity limits and spatially resolved probes.

Finally, concept-chain grounding is incomplete because the original chain emphasizes catalytic activity and liquid-phase Knoevenagel reactions, whereas the revised proposal intentionally pivots to non-catalytic, dry, base-avoiding chemistry. That pivot is scientifically reasonable, but it weakens strict alignment to the required chain unless the applicant explicitly benchmarks against (or mechanistically connects to) canonical liquid-phase Knoevenagel/catalysis literature and demonstrates why Ag44 is not acting as a catalyst under these conditions."
"We hypothesize that a twin-boundary–rich MOF nanobrick interlayer can be engineered as a quantitatively “curvature-programmable” buried-interface modifier that improves perovskite solar-cell (PSC) Voc and stability by (i) imposing a measurable curvature/strain field that shifts local surface dipoles and band bending at the perovskite/C60 junction, (ii) increasing the operando-accessible utilization ratio of isolated FeN4 sites (bmFeSAC-like motifs) that act as chemically selective redox buffers for interfacial defect/halide-oxidant reactions, and (iii) increasing ionic activation barriers for halide/vacancy migration through strain–electrostatic coupling.

Mechanistic rationale translated into falsifiable, quantitative predictions:
1) Curvature/strain → electrostatics (band bending/work function): Twin density generates local negative Gaussian curvature and associated elastic strain gradients that produce a flexoelectric-like polarization and/or curvature-induced surface dipole redistribution at the hybrid interlayer. Prediction P1 (falsifiable): A monotonic relationship between the curvature descriptor κ̄ (defined below) and the local contact potential difference ΔCPD (KPFM) / work function shift ΔΦ (UPS), with a target magnitude ΔΦ = +50 to +200 meV relative to the no-interlayer control at identical perovskite composition and processing, yielding increased built-in field and higher quasi-Fermi level splitting (QFLS).
2) Curvature/strain → defect chemistry and recombination: Strain gradients and modified electrostatics alter interfacial defect formation energies (iodine vacancy/undercoordinated Pb) and suppress interfacial nonradiative pathways. Prediction P2: Interfacial recombination velocity S (from absolute PLQY-derived QFLS and optical outcoupling-corrected radiative limit) decreases systematically with κ̄, targeting ≥2× reduction vs planar-MOF control at matched thickness and coverage.
3) Curvature/strain + FeN4 utilization → chemical turnover without parasitic catalysis: FeN4 sites embedded in a partially converted MOF/oxide hybrid provide reversible one-electron buffering within a bounded redox window that passivates reactive intermediates (superoxide/iodine radicals) without driving I−→I2 or O2 reduction/ROS formation. Prediction P3: In a three-electrode illuminated stack using defined redox probes, the areal reversible charge (Qrev) and small-signal interfacial buffering capacitance (Cbuf) scale with operando-verified FeN4 density (NFeN4,operando), while Faradaic currents for iodide oxidation remain below a strict threshold (see go/no-go).
4) Curvature/strain → ion migration barrier: The curvature field and interlayer microstructure increase activation energy for ionic migration across the buried interface. Prediction P4: Arrhenius analysis of bias-stress/temperature-dependent EIS yields an increase in ionic activation energy Ea,ion by ≥0.10 eV (target 0.10–0.25 eV) for high-κ̄ samples relative to controls.

Central claim (falsifiable): If κ̄ is increased by tuning twin density while keeping FeN4 density constant, then ΔΦ and Ea,ion will increase and S will decrease. Conversely, if FeN4 density is increased at fixed κ̄, Qrev/Cbuf will increase without a proportional change in ΔΦ or Ea,ion. Failure of these orthogonal dependencies falsifies the proposed curvature-mediated causality and separates curvature effects from chemical-site effects.","Step 0 — Baseline device and control architecture (locked before optimization)
0.1 Baseline PSC: Blade-coated FA0.85Cs0.15Pb(I0.85Br0.15)3 (target 1.55–1.60 eV bandgap), inverted p–i–n stack: ITO/NiOx (or MeO-2PACz as a secondary baseline)/Perovskite/Interlayer/C60/BCP/Ag.
0.2 Fixed perovskite processing window: identical solvent system, anneal temperature/time, and surface quench for all interlayer comparisons to avoid confounding morphology.
0.3 Mandatory controls (all thickness-matched and coverage-matched): (C1) no interlayer; (C2) planar MOF-derived film (no twin features); (C3) twin-like MOF without Fe (isostructural Zn/Al or Ni-only analogue); (C4) Fe-containing interlayer intentionally oxidized to FeOx-rich (negative control for deep-state/catalysis risk).

Step 1 — Define and implement a quantitative curvature/twin-density descriptor (pre-registered)
1.1 4D-STEM acquisition: Cross-sectional lamellae (FIB with low-kV cleaning) through perovskite/interlayer/C60. 4D-STEM nanobeam diffraction mapping across the interface (pixel size 1–3 nm) to extract local strain tensor ε(x,y) and lattice rotation.
1.2 Curvature descriptor (primary): κ̄ = ⟨|∇·(∇u)|⟩A within the interlayer (u = displacement field from 4D-STEM), reported as mean absolute curvature over the interlayer area A; secondary: twin boundary areal density ρTB (nm−1) from HRTEM/4D-STEM segmentation.
1.3 Sample set design: Synthesize ≥3 interlayer variants spanning κ̄ (low/medium/high) by tuning twin density (ρTB) while holding Fe loading constant (±10%) and thickness constant (10 ± 2 nm). A second set spans FeN4 density at fixed κ̄ (adjust Fe precursor ratio post twin-setting).

Step 2 — Interlayer synthesis with speciation-preserving, low-temperature chemistry
2.1 Twin-like MOF nanobrick synthesis (twin density as control knob):
- System: bimetallic Fe/Ni–BDC (or Fe–BDC with controlled secondary metal) synthesized solvothermally in DMF/ethanol/water with modulated coordination kinetics.
- Twin control parameters: (i) Fe:Ni molar ratio (e.g., 1:3, 1:1, 3:1), (ii) modulator concentration (acetic acid/benzoic acid, 0–50 mM), (iii) water content (0–10 vol%) to tune nucleation rate.
- Target morphology: quasi-2D nanobricks 10–30 nm thick, lateral size 50–200 nm, with explicit ρTB ranking verified by TEM.

2.2 Partial conversion to FeN4-containing hybrid without collapsing twins (avoid plasma-first)
- Conversion route A (primary, gentler than plasma): low-temperature ammonolysis/amine-assisted ligand transformation at 150–200 °C in NH3/Ar (≤5% NH3) or urea-derived NH3 release, 30–120 min, designed to (i) introduce N coordination around isolated Fe, (ii) partially carbonize/condense linkers, (iii) retain crystallographic twin features.
- Conversion route B (secondary): remote (downstream) N2/H2 plasma at low power and substrate cooling, with dose calibrated using in situ QCM; used only if route A fails to yield FeN4 signatures.
- Explicit “do not exceed” conditions: temperature >200 °C or exposure that produces Fe clusters/FeOx dominance (see go/no-go).

2.3 Redox-window engineering to prevent halide catalysis
- Introduce electron-withdrawing linker substitution (e.g., F-substituted BDC fraction) or incorporate a thin oxide-like passivating fraction (Fe–O–C/N) to shift Fe(III/II) couple away from I−/I2.
- Pre-register acceptable redox window: interlayer redox features must lie outside the effective perovskite iodide oxidation regime under illumination; operational criterion implemented via three-electrode tests (Step 5) and device bias-stress (Step 6).

Step 3 — Manufacturable interlayer deposition + shunt mitigation (primary + fallback)
3.1 Primary deposition (lab-scale, controllable coverage): electrostatic layer-by-layer (LbL) assembly using a cationic polyelectrolyte primer (ultrathin, <1 nm equivalent) to promote percolative-but-discontinuous nanobrick adsorption; target coverage 40–70% with percolation paths but no continuous metallic conduction.
3.2 Fallback deposition (manufacturability): slot-die/meniscus coating of ligand-assisted nanobrick ink:
- Ink: nanobricks dispersed in alcohol (IPA/EtOH) with 0.01–0.05 wt% short bifunctional ligand (e.g., amino-silane or pyridine derivative) that (i) promotes adhesion, (ii) prevents aggregation, (iii) limits infiltration into perovskite.
- Process window: web-compatible drying (<80 °C), no chlorinated solvents.
3.3 Shunt/leakage mitigation and statistics:
- Enforce thickness 5–15 nm by ellipsometry/cross-section TEM.
- Pinhole statistics: conductive-AFM mapping (≥50×50 µm) to quantify fraction of high-conductance spots; accept ≤0.1% area above threshold current at fixed bias.
- Cross-sectional conductivity mapping: scanning microwave impedance microscopy (sMIM) or c-AFM on lamella to verify no continuous shunt path between perovskite and Ag.

Step 4 — Work function/band bending validation tied to κ̄ (Directive 1a)
4.1 KPFM under controlled humidity/O2: map ΔCPD across perovskite/interlayer surface before C60 deposition and (if feasible) through thin C60.
4.2 UPS/XPS: determine work function Φ and valence-band position; track chemical shifts indicating interfacial dipole formation.
4.3 Falsifiable correlation test: regress ΔΦ and/or ΔCPD against κ̄ and ρTB at constant FeN4 density; require monotonic trend (P1). If absent, curvature-electrostatics pathway is rejected and the hypothesis is narrowed to purely chemical buffering.

Step 5 — Replace “TOF-like” with separable kinetic scheme (Directive 2)
5.1 Electron extraction kinetics (non-Faradaic, device-relevant):
- Ultrafast transient absorption (TA) on complete stacks with selective contacts (NiOx/perovskite/interlayer/C60) using excitation densities matched to 1-sun carrier concentrations; extract electron-transfer time constants τET and interfacial charge-separation yield.
- Complement with TPV/TPC and intensity-dependent transient photovoltage to obtain recombination order and interfacial time constants; interpret using an equivalent circuit that includes ionic branch (validated in Step 7).
- Output metric: kext = 1/τET (or contact-limited extraction rate) independent of Fe redox chemistry.

5.2 Interfacial chemical turnover / buffering (Faradaic-capable, isolated from device extraction):
- Construct three-electrode “PSC-mimic” stacks: ITO/NiOx/perovskite/interlayer/transparent inert electrode (thin Au grid or carbon) in non-aqueous electrolyte compatible with perovskite (e.g., acetonitrile-based with low water content) and/or solid polymer electrolyte; illumination matched (AM1.5G equivalent intensity at sample).
- Use defined redox probes with potentials chosen to bracket the expected FeN4 redox but not overlap iodide oxidation (e.g., ferrocene derivatives as external standards), and quantify reversible charge Qrev and apparent heterogeneous rate k0 via cyclic voltammetry/EIS.
- Normalize chemical turnover to operando FeN4 density NFeN4,operando from XAS/Mössbauer (Step 8) and probe-binding (Step 8.3). Output metric: kchem (s−1 per FeN4) and Cbuf per FeN4.

Step 6 — Ionic activation barrier and ion-migration suppression (Directive 1b)
6.1 Temperature-dependent EIS (dark and 1-sun, 25–85 °C): fit with drift-diffusion–informed equivalent circuit containing an ionic resistance/capacitance element; extract ionic time constant τion and ionic conductivity proxy σion.
6.2 Bias-stress Arrhenius protocol: apply constant forward bias near Voc and at MPP for fixed times; measure hysteresis index, Voc decay, and EIS recovery vs temperature; obtain Ea,ion from ln(τion) vs 1/T.
6.3 Falsifiable target: Ea,ion increases by ≥0.10 eV with κ̄ (P4). Validate with ToF-SIMS depth profiles after stress (I−, Br−, MA/FA fragments if present) to confirm reduced interfacial accumulation.

Step 7 — Interfacial recombination velocity from absolute PLQY/QFLS (Directive 1c)
7.1 Absolute PLQY on complete half-stacks (ITO/NiOx/perovskite/interlayer and with C60) using integrating sphere; compute QFLS and nonradiative voltage loss ΔVnr.
7.2 Convert QFLS change to an effective interfacial recombination velocity S using optical/electrical modeling with measured absorption/outcoupling.
7.3 Falsifiable target: ≥2× reduction in S for high-κ̄ interlayers vs planar-MOF control at matched thickness/coverage (P2).

Step 8 — Fe speciation stability and go/no-go criteria (Directive 3)
8.1 Operando XAS (Fe K-edge) under light/heat/bias:
- Conditions: (i) 1-sun equivalent illumination, (ii) 65 °C, (iii) forward bias near Voc, (iv) oxygen-controlled atmospheres (N2 vs 1% O2) to test oxidative susceptibility.
- Outputs: oxidation state (edge position), coordination (EXAFS), single-atom signature vs Fe–Fe scattering.
8.2 Mössbauer (ex situ + post-stress) to distinguish FeN4 vs FeOx vs Fe clusters.
8.3 Operando site accessibility/utilization ratio: probe-binding (NO/CO) coupled with spectroscopic signature and electrochemical addressability in the three-electrode stack; define utilization ratio U = Naccessible/Ntotal.

Go/no-go thresholds (hard stops):
- G1 (single-atom preservation): EXAFS shows no significant Fe–Fe peak (coordination number consistent with isolated sites) and post-stress change in Fe–N coordination ≤20%.
- G2 (redox safety): In iodide-containing test environments, Faradaic current attributable to I− oxidation at operational potentials is ≤10% of control (no interlayer) and no net I2/tri-iodide formation detected by UV–Vis; if exceeded, Fe chemistry is deemed parasitic and the Fe content must be reduced or Fe replaced (fallback: Ni-only twin-MOF for curvature-only test).
- G3 (Fenton/ROS risk screen): Under controlled humidity/O2, no accelerated PL quenching or rapid Voc decay relative to planar-MOF; if observed, implement hydrophobic capping/oxygen-barrier overlayer or remove Fe.

Step 9 — Device benchmarking and causality map
9.1 Performance: J–V (forward/reverse), stabilized MPP, EQE; ensure FF loss ≤1% absolute vs control for acceptance.
9.2 Stability: ISOS-L-2 style at 65 °C MPP tracking; target T80 ≥1500 h (as proposed) but now interpreted through measured Ea,ion and S.
9.3 Causality matrix (pre-registered):
- Primary axis (curvature): κ̄ → (ΔΦ, Ea,ion, S) with Fe held constant.
- Secondary axis (chemistry): NFeN4,operando/U → (Qrev, Cbuf, kchem) with κ̄ held constant.
- Decision rule: device Voc/stability improvements must co-vary with the axis-consistent metrics; otherwise claims are restricted to the validated axis only.","1) Quantitative, falsifiable mechanism now defined: The proposal pre-registers a curvature/twin-density descriptor (κ̄, ρTB) derived from 4D-STEM and explicitly predicts measurable shifts in (a) work function/band bending (KPFM/UPS), (b) ionic activation barriers (temperature-dependent EIS + Arrhenius), and (c) recombination velocity (absolute PLQY/QFLS). These are direct, disprovable links from structure → electrostatics/ionics → device metrics, avoiding post hoc correlations.

2) Metrology risk (ill-defined “TOF-like”) addressed by separable kinetics: Charge extraction is quantified independently (ultrafast TA/TPV/TPC-derived τET, kext) in solid-state device stacks, while chemical turnover/buffering is quantified in a controlled three-electrode illuminated mimic with defined redox probes (Qrev, Cbuf, kchem), both normalized to operando-verified FeN4 density. This disentangles non-Faradaic extraction from Faradaic-capable interfacial chemistry in a mixed ionic–electronic junction.

3) Materials-compatibility and parasitic catalysis are explicitly bounded: The interlayer is required to operate within a redox-safety window enforced by go/no-go criteria (iodide oxidation suppression; no detectable I2/tri-iodide; controlled O2/humidity screens). Operando XAS/Mössbauer under bias/heat/light provides hard acceptance thresholds for Fe single-atom stability and excludes Fe clustering/FeOx drift that would create deep states or catalyze degradation.

4) “Curvature field preservation” is treated as an experimental variable, not an assumption: Twin/curvature descriptors are measured after each processing step (as-synthesized MOF → partially converted hybrid → post-UV-ozone/anneal). If κ̄ collapses upon conversion, the curvature hypothesis is falsified early, and the work pivots to a curvature-only (Fe-free) or chemistry-only (FeN4 without twin enrichment) interpretation.

5) Manufacturability and shunt risk are integrated: In addition to LbL (lab control), a slot-die compatible ligand-assisted ink route is provided. Shunt/leakage is quantitatively managed through thickness constraints, conductive-AFM pinhole statistics, and cross-sectional conductivity mapping; acceptance criteria are defined before device optimization.

6) Literature-to-proposal coherence (concept chain preserved):
- From twin-like MOF nanobricks (Asset 3), we retain the twin-boundary–driven high electroactive site density concept but translate it into a PSC-relevant interfacial architecture with explicit leakage controls.
- From negative Gaussian curvature improving reaction barriers and utilization (Asset 1), we convert “curvature advantage” into a measured κ̄–property relationship and test it against band bending, ionic barriers, and recombination.
- From overpotential/TOF frameworks (Asset 2), we retain rigorous kinetic normalization but replace ambiguous “TOF-like” metrics with two orthogonal, experimentally separable rate descriptions suitable for PSC buried interfaces.

Overall, the revised project is executable with clear stop conditions, orthogonal variable control (κ̄ vs NFeN4), and quantitative predictions that can validate—or falsify—the curvature-mediated causality central to the hypothesis.","The proposal is unusually strong in experimental rigor: it pre-registers structural descriptors (κ̄, ρTB), enforces orthogonal controls (curvature vs FeN4 density), and ties each mechanistic leg to falsifiable readouts (ΔΦ/ΔCPD, S from absolute PLQY→QFLS, Ea,ion from Arrhenius EIS). However, the core causal leap—twin-boundary-driven negative Gaussian curvature producing a flexoelectric-like polarization that reliably shifts band bending by 50–200 meV at a buried perovskite/C60 junction—remains under-theorized and may be over-ambitious given (i) screening/ionic redistribution in halide perovskites, (ii) the interlayer being discontinuous/percolative by design, and (iii) the fact that κ̄ derived from interlayer lattice displacement is not obviously the same as interfacial geometric curvature experienced by the electronic junction. The ‘Schwarz P surface’ element is invoked conceptually but not demonstrated structurally (no 3D bicontinuous minimal-surface topology verification), weakening grounding to the required chain. The electrochemistry plan is thoughtful, but perovskite-compatible three-electrode illumination experiments are high-risk: electrolyte/perovskite incompatibility, potential infiltration, and ambiguous assignment of Faradaic vs capacitive currents can compromise Qrev/Cbuf interpretation. Finally, controlling Fe loading to ±10% while independently tuning twin density and maintaining identical coverage/thickness is practically challenging; without a robust statistical design (DoE, hierarchical modeling), residual covariance between κ̄, chemistry, and morphology could masquerade as ‘orthogonal dependencies’."
"Embedding a carnosine-derived, metal-chelated zwitterionic “dipole brush” at 3D perovskite grain boundaries (GBs) will increase voltage efficiency (Voc and FF) and operational stability by two coupled but separable mechanisms that yield falsifiable quantitative signatures:

(H1) Defect-chemistry mechanism (passivation + charge-state control): multidentate carnosinate coordination (imidazole/carboxylate) preferentially binds under-coordinated Pb2+ and halide-vacancy-adjacent Pb sites at GBs, lowering the density of deep recombination-active states and shifting defect charge-state equilibria. Prediction: complete-stack PLQY-implied Voc increases by ≥30–60 mV at matched absorptance, with reduced ideality factor and a measurable reduction in midgap trap signatures (TAS/DLTS-like) without requiring poling.

(H2) Electrostatic/ionic mechanism (fixed-orientational dipole gradient + raised migration barrier): a nm-thick, percolating GB network of zwitterionic dipoles produces a thickness-direction internal electrostatic potential step ΔV_GB that is (i) measurable as band bending across the film thickness and (ii) retained after operational stress beyond the timescale of ionic relaxation. This internal potential biases the ionic chemical potential and increases the effective activation barrier for halide/vacancy drift along GB pathways. Crucially, persistence is not assumed; it is engineered by (a) anchoring dipoles via metal–ligand coordination to GB Pb sites (reducing rotational freedom), and (b) using a poling protocol only within a bounded temperature/time window where dipoles can orient but mobile ions are comparatively less able to permanently redistribute.

Falsifiable predictions for (H2): (i) cross-sectional KPFM/UPS-derived potential profiles show a reproducible thickness-direction potential step ΔV (target 30–120 mV across the absorber) that remains ≥50% after 1 sun MPP stress (≥24 h) and after thermal cycling (25↔85 °C) with minimal recovery kinetics indicative of slow ion back-diffusion; (ii) bias-stress/recovery kinetics yield increased ionic activation energy by ≥0.10–0.20 eV (from C–t, hysteresis relaxation, or transient ion-drift methods) relative to baseline and to “passivation-only” controls; (iii) dielectric/TSDC signatures reveal a dipolar relaxation process separable from ionic conductivity (different activation energy and frequency/temperature dependence) and preserved under an ion-blocking architecture.

Mechanistic comparator made predictive (Mn–Co synergy analogy): Rather than a metaphor, the Mn/Co motif is used to pre-register a descriptor-based prediction: metals that strengthen carnosinate binding and increase local electrostatic polarization at GBs will (a) more strongly stabilize charged defect configurations (e.g., V_I^+ / V_I^0 balance) and (b) raise halide migration barriers along GB models. Pre-registered DFT outputs (binding energies, defect formation energies vs charge state, and migration barriers) will be mapped onto experimentally extracted activation energies and built-in potential retention. If DFT predicts that Mn/Co–carnosinate introduces redox-active deep states or lowers barriers, those formulations are expected to underperform or destabilize devices—this becomes a falsification point rather than an assumed benefit.","Step 0 — Define device baseline and diagnostic architecture (to make internal-field claims testable)
0.1 Baseline stack: glass/ITO/SnO2/(FA0.8Cs0.2)Pb(I0.9Br0.1)3/SAM-HTL (MeO-2PACz)/metal.
0.2 Add two diagnostic variants explicitly to separate ion motion from dipole effects:
  (A) Ion-blocking stack: introduce ultrathin ion-blocking interlayers that minimally alter energetics but suppress ionic exchange at contacts (e.g., 1–2 nm ALD Al2O3 on SnO2 and/or a dense 3–5 nm organic barrier at HTL interface). Goal: if the effect is primarily interfacial ion accumulation, it should collapse; if a GB dipole network exists, ΔV and Voc gains should persist.
  (B) Single-halide vs mixed-halide: compare (FA/Cs)PbI3 (or low-Br) vs mixed I/Br to leverage different ion-mobility/segregation behavior. Prediction: a true dipole-based ΔV should be less sensitive to halide composition than an ion-migration artifact.

Step 1 — Additive design with explicit anti-incorporation constraints
1.1 Synthesize/prepare four additives: free carnosine; Zn–carnosinate; Mn–carnosinate; Co–carnosinate; plus mixed Mn/Co–carnosinate.
1.2 Mandatory controls to isolate metal-doping artifacts:
  (C1) “Metal salt without carnosine” at identical metal mol% (ZnI2, MnI2, CoI2 or acetates matched for solubility).
  (C2) “Non-zwitterionic analogue” (e.g., N-acetylhistidine) at identical mol%.
  (C3) “Carnosine + chelator lockout” (carnosine pre-blocked at a binding site if feasible) to test multidentate requirement.
1.3 Loading window narrowed to electronically safe regime with a staged screen: 0, 0.01, 0.03, 0.05, 0.10 mol% vs Pb (start lower than original 0.5 mol% to reduce bulk-incorporation risk). Only if incorporation is proven negligible do we explore higher.
1.4 Coordination verification: FTIR (Δν COO−), 1H/13C NMR where soluble, UV–Vis/ICP of solutions to ensure speciation, and XPS on dried additive films.

Step 2 — Enforced grain-boundary localization protocol (chemical + kinetic)
2.1 Two-stage crystallization tuned for GB segregation:
  (i) Rapid nucleation using antisolvent quench.
  (ii) Growth/redistribution anneal at 80–110 °C for 10–20 min at controlled RH 10–20%.
Rationale: allow additive diffusion to GBs while limiting bulk lattice incorporation.
2.2 Verify “no bulk substitution” early: compare lattice parameter shifts (GIWAXS), but do not rely on this alone (see Step 4).

Step 3 — Poling engineered as a bounded, retention-tested variable (not assumed)
3.1 Poling geometry: use a temporary transparent top electrode (ITO/PET or thin Au grid on insulator) to apply a uniform field across the perovskite during the final 2–5 min of anneal.
3.2 Field and thermal window matrix (pre-registered): E = 0 (no poling), 0.2, 0.5, 1.0 V/µm; T = 60, 80, 100 °C; time = 1, 3, 5 min.
3.3 Immediate and delayed readouts required for “persistence”: measure ΔV profile at t = 0, 1 h, 24 h after poling in dark and after 1 sun soak, to test relaxation kinetics.
3.4 Failure criterion: if ΔV decays to <10% within 1 h in all cases, abandon the “persistent dipole gradient” claim and proceed with a non-poled, passivation/ionic-barrier-only framing.

Step 4 — Quantify metal incorporation and electronic impact (mandatory)
4.1 ICP-MS: digest full films (and scraped perovskite only) to quantify total metal content down to ppm.
4.2 XPS depth profiling + ToF-SIMS: determine whether metals reside at surfaces/GBs vs distributed through bulk.
4.3 Electronic impact screening beyond XRD:
  - TRMC or μ-PCD to probe photoconductance and recombination independent of contacts.
  - Temperature-dependent PL and PLQY to detect new nonradiative channels.
4.4 Decision gate: formulations with measurable bulk metal incorporation correlated with lifetime reduction are deprioritized even if initial PCE is high.

Step 5 — Direct measurement of internal field/band bending and retention (Directive #1)
5.1 Cross-sectional KPFM: prepare clean cross-sections (FIB or cleave) and map potential across thickness for baseline, additive-only, and poled samples.
5.2 UPS depth-probing (angle-resolved) or stepwise gentle ion etch + UPS to reconstruct work function/VBM shifts vs depth (with controls for damage).
5.3 Impedance-derived built-in potential: track changes in V_bi (Mott–Schottky where valid) and correlate with KPFM/UPS.
5.4 Stress retention protocol: ISOS-L-2-like continuous illumination at MPP for 24–100 h checkpoints; repeat cross-sectional potential mapping and V_bi extraction to quantify retention.

Step 6 — Separate dipole reorientation from ion motion (Directive #2)
6.1 Field-dependent dielectric spectroscopy (10^2–10^6 Hz) vs temperature (200–350 K): extract relaxation peaks; distinguish dipolar relaxation (frequency-dispersive peak with modest conductivity) from ionic conduction (low-frequency dispersion, strong DC component).
6.2 Thermally stimulated depolarization current (TSDC): poling at defined T/E, cool, then heat with zero bias and record depolarization current. A true dipolar polarization should show a characteristic release peak distinct from ionic drift; compare activation energies.
6.3 Bias-stress/recovery kinetics:
  - Apply DC bias under illumination; monitor Voc, FF, capacitance, and PL mapping; then remove bias and record recovery.
  - Fit time constants and extract activation energies (Arrhenius) for migration-related processes. Prediction: carnosinate GB network increases activation energy and slows redistribution.
6.4 Ion-blocking architecture test (from Step 0.2A): repeat dielectric/TSDC and bias-stress/recovery. If the observed “pseudo-piezoelectric-like” potential shifts vanish only when ions are blocked, the effect was ionic; if a component remains, it supports dipolar contribution.

Step 7 — Mechanistic passivation metrics and Voc/FF causality
7.1 Absolute PLQY on complete stacks → implied Voc; correlate with measured Voc to partition contact vs absorber losses.
7.2 TRPL + transient photovoltage/photocurrent to extract recombination order and lifetime.
7.3 TAS / DLTS-like admittance to quantify trap density/energies; compare across controls (free carnosine vs metal–carnosinate vs metal salt only).

Step 8 — Predictive Mn–Co linkage (Directive #4) + optional translational task
8.1 Pre-register DFT calculations on representative surfaces and GB models:
  - Binding energies of carnosine and M–carnosinate (M = Zn, Mn, Co, Mn/Co) at PbI2-terminated and mixed termination surfaces.
  - Defect formation energies (V_I, V_Pb, I_i) vs charge state with/without additive.
  - Migration barrier changes for I−/V_I along GB-like pathways.
8.2 Map DFT outputs to experiments:
  - Predicted barrier increase ↔ extracted activation energies (C–t, hysteresis kinetics).
  - Predicted stabilization of charged defects ↔ changes in ideality factor, TAS signatures, and KPFM band bending.
8.3 Translational add-on (only if retained in scope): demonstrate that the same carnosinate coordination motif measurably tunes Mn–Co ORR adsorption descriptor in a Zn–air relevant electrolyte (alkaline), and explicitly relate the adsorption-energy shift to the perovskite defect-descriptor shift. If not executed, remove Zn–air discussion from claims.

Step 9 — Device validation and stability endpoints
9.1 J–V forward/reverse, stabilized MPP, and Voc(T) to assess proximity to radiative limit.
9.2 Operational stability: ISOS-L-2 (MPP, 1 sun, controlled temperature) and ISOS-O-2; report retention of Voc and FF explicitly (not only PCE). Target: ≥90% Voc retention after 1000 h with reduced hysteresis growth.
9.3 Post-mortem mapping (ToF-SIMS, KPFM, XPS) to identify whether failure correlates with loss of ΔV profile, metal migration, or new trap formation.","1) Addressing persistence of internal electrostatics (reviewer point i): The revised plan does not assume a stable dipole gradient; it operationalizes it as a retention-tested variable with direct cross-sectional potential profiling (KPFM/UPS) at defined time points before/after illumination and bias stress. Poling is constrained within a temperature/field window and subjected to a strict failure criterion (rapid decay → claim dropped). This converts the internal-field concept into a measurable, falsifiable hypothesis.

2) Discriminating dipole reorientation vs ion migration (reviewer point ii): Temperature- and frequency-domain dielectric spectroscopy plus TSDC provide orthogonal observables to decouple dipolar polarization from ionic conduction. The ion-blocking architecture and mixed- vs single-halide comparison are explicit discriminating controls. Activation energies from bias-stress/recovery kinetics serve as quantitative separators: a dipolar relaxation process should exhibit different Ea and frequency signatures than halide/vacancy drift.

3) Mitigating metal-cation risks and proving localization (reviewer point iv): The execution includes mandatory metal-salt-only controls and multi-technique quantification of incorporation (ICP-MS + XPS depth + ToF-SIMS), coupled to contact-independent recombination probes (TRMC/μ-PCD). A decision gate deprioritizes any formulation where metal incorporation correlates with lifetime loss, preventing false attribution of performance changes to “dipole brush” effects when they arise from inadvertent doping/redox chemistry.

4) Making the Mn–Co analogy predictive (reviewer point iii): The proposal pre-registers DFT-derived descriptors (binding energies, defect charge-state stabilization, migration barriers) and explicitly commits to testing them via experimentally extracted activation energies and band-bending retention metrics. The Mn/Co element becomes a falsifiable design axis (some metals may worsen deep traps), not a rhetorical parallel. If the Zn–air endpoint is retained, it is converted into a concrete task that links adsorption descriptors in ORR catalysis to defect descriptors in perovskites; otherwise it is removed from the claims.

Overall feasibility rests on: (a) carnosine’s established multidentate coordination and intrinsic zwitterionic dipole enabling simultaneous passivation and electrostatic modulation; (b) a controlled low-loading regime with rigorous metal-incorporation accounting; and (c) a diagnostic-first architecture (cross-sectional potential mapping + dielectric/TSDC + activation-energy extraction) that can confirm or falsify each causal link in the chain from GB brush formation → internal electrostatics → ionic suppression → durable Voc/FF gains.","Methodological resolution is strong: the proposal converts a usually hand-waved ‘internal field/dipole’ claim into falsifiable, time-resolved observables with stringent controls (ion-blocking, salt-only, non-zwitterionic analogue, poling decay criterion). The main scientific risk is logical identifiability of H2: cross-sectional KPFM/UPS potential steps in halide perovskites are notoriously sensitive to surface prep, FIB/cleave artifacts, local charging, and illumination history; without pre-registered metrology calibration/uncertainty budgets and multiple orthogonal validators (e.g., scanning Kelvin under controlled bias/illumination, operando methods), ΔV persistence could still be confounded with slow ionic redistribution, trapped charge, or contact-induced band bending. The dipole-vs-ion separation plan (dielectric/TSDC + ion-blocking) is directionally correct, but the interpretation is non-unique unless the proposal explicitly models Maxwell–Wagner effects, electrode polarization, and the expected spectral/temperature signatures for each process in this specific multilayer stack. Evidence grounding against the required concept chain is uneven: the perovskite portion is tightly grounded, but the Mn–Co ‘synergy’ and zinc–air linkage are not presently supported by a single shared descriptor set that would make the chain scientifically necessary rather than thematic. As written, zinc–air is unlikely to strengthen the perovskite hypotheses and may dilute reviewer confidence unless executed as a tightly constrained, descriptor-bridged task with clear go/no-go criteria."
"Embedding a bicontinuous Schwarz P-surface lanthanide metal-organic framework (LnMOF) as an interfacial “curvature scaffold” between the 3D perovskite and electron-transport layer will increase the utilization ratio of redox-active FeN4 single-site coordinations (introduced as isolated Fe centers anchored to N-rich MOF linkers), thereby increasing the interfacial charge-transfer turnover frequency (TOF) and suppressing non-radiative recombination. Mechanistically, the negative Gaussian curvature and continuous nanochannels of the Schwarz P surface maximize accessible FeN4 sites and create a percolated, low-tortuosity electronic/ionic transport manifold; simultaneously, Lewis-acidic Ln nodes (e.g., Eu/Tb) coordinate halide/lead undercoordinated defects while the FeN4 moieties act as interfacial electron-extraction relays (fast interfacial hopping) that reduce interfacial charge accumulation, mitigate field-driven ion migration, and stabilize band alignment. A key methodological adaptation is to translate Schwarz P-surface single-atom catalyst architecture into a thin, conformal optoelectronic interlayer by (i) templated growth of a bicontinuous LnMOF film with controlled curvature at 20–80 nm thickness, and (ii) post-synthetic metalation to generate isolated FeN4 sites at high areal density without forming Fe clusters, enabling quantifiable TOF gains for charge extraction rather than chemical catalysis.","Step 1: Specific system setup or data preparation.
1.1 Choose PSC stack: n–i–p (ITO/SnO2/perovskite/spiro-OMeTAD/Au) or p–i–n (ITO/NiOx/perovskite/C60/BCP/Ag) as baseline; fix one architecture for controlled comparisons.
1.2 Prepare a stable, high-Voc perovskite baseline (e.g., FA0.9Cs0.1Pb(I0.8Br0.2)3) with identical thickness and additive set across all variants.
1.3 Define control groups: (C0) no interlayer, (C1) planar (non-bicontinuous) LnMOF interlayer, (C2) Schwarz P LnMOF without Fe metalation, (C3) Fe metalation on a non-Schwarz MOF, (T) Schwarz P LnMOF + FeN4.

Step 2: Detailed implementation of the adapted methodology.
2.1 Schwarz P template adaptation: fabricate a polymer cubosome (bicontinuous) thin film on the relevant interface (either atop SnO2 before perovskite deposition for bottom interface engineering, or atop perovskite for top interface engineering). Use a volatile co-solvent system where ethanol is the primary processing solvent to tune cubosome self-assembly and film wetting on oxide/perovskite surfaces.
2.2 In situ growth of LnMOF on the cubosome: immerse/coat the cubosome film with an ethanol-compatible Ln salt + multidentate N-rich ligand solution (ligand chosen to support subsequent FeN4 formation, e.g., porphyrin-like or tetraaza linkers). Perform room-temperature or mild-temperature (≤60 °C) conversion to a conformal LnMOF that inherits Schwarz P curvature.
2.3 Template removal and densification: selectively remove polymer template (solvent extraction) to leave a robust bicontinuous LnMOF interlayer; verify continuity and thickness (ellipsometry/cross-sectional SEM).
2.4 Post-synthetic FeN4 site installation (single-site metalation): expose the LnMOF to dilute Fe precursor under conditions that favor isolated Fe coordination to four N atoms (no nanoparticle formation). Lock sites via gentle thermal treatment compatible with PSCs (≤100 °C) and optional reductive/oxidative conditioning to set Fe oxidation state.
2.5 Integrate into PSC fabrication: deposit the interlayer at the chosen interface, then deposit the perovskite (if bottom interface) or ETL/HTL (if top interface). Maintain identical annealing and encapsulation for fair stability tests.

Step 3: Rigorous validation and analytical framework.
3.1 Structural verification: GISAXS/SAXS to confirm Schwarz P periodicity; TEM/SEM tomography for bicontinuity; XPS/XANES/EXAFS and Mössbauer (if available) to confirm FeN4 coordination and absence of Fe clustering; BET is optional on powder analogs.
3.2 Optoelectronic mechanism tests: TRPL/TCSPC and absolute PLQY to quantify non-radiative loss reduction; transient photovoltage/photocurrent (TPV/TPC) to extract recombination and transport lifetimes; impedance spectroscopy to assess interfacial capacitance and ion-migration signatures.
3.3 TOF definition and extraction: define interfacial charge-transfer TOF as (extracted interfacial electron flux per unit time)/(areal density of FeN4 sites). Determine FeN4 areal density from calibrated XPS/ICP on matched-area films plus EXAFS confirmation. Extract electron flux from Jsc under selective excitation or from light-intensity-dependent charge extraction at short circuit; report TOF vs. bias and illumination.
3.4 Device benchmarking: J–V (forward/reverse), stabilized MPP, EQE-integrated current, Voc–light intensity slopes, and energy-level alignment (UPS/KPFM).
3.5 Stability validation: ISOS-L (continuous 1-sun at 65–85 °C), ISOS-D (dark thermal), and damp-heat (85 °C/85% RH with encapsulation). Track performance decay, hysteresis evolution, and interfacial chemistry (post-mortem XPS/ToF-SIMS for halide migration suppression).
3.6 Comparative analysis: correlate utilization ratio (fraction of FeN4 sites participating, inferred from TOF saturation behavior and site-blocking experiments) with Voc gains and hysteresis suppression; demonstrate curvature dependence by comparing Schwarz P vs planar MOF at matched FeN4 loading.","1. Theoretical/Empirical Basis: Schwarz P-surface bicontinuous architectures are known to maximize active-site accessibility and lower transport barriers; FeN4 single-site motifs are established fast redox/charge-transfer centers when atomically dispersed; LnMOFs provide Lewis-acidic nodes and rigid frameworks that can coordinate/interact with ionic species and surface defects. Ethanol-processing enables mild, PSC-compatible solution steps and controlled self-assembly/wetting.
2. Transfer Logic (How the adaptation fits the domain): The proposal reinterprets catalytic TOF/utilization concepts as interfacial charge-extraction kinetics in PSCs. The methodological adaptation is not a simple additive swap: it structurally imposes negative Gaussian curvature and bicontinuity at a buried interface, aiming to simultaneously (i) increase effective interfacial electronic coupling and (ii) reduce local charge accumulation that drives ion migration and interfacial degradation.
3. Comparative Advantage: Compared with flat MOF interlayers or conventional passivators, the Schwarz P LnMOF + FeN4 interlayer should deliver higher areal density of electronically addressable sites (higher utilization ratio), a measurable increase in interfacial charge-transfer TOF, reduced interfacial recombination (higher Voc), and improved operational stability (lower hysteresis and slower burn-in) without requiring high-temperature processing or thick transport layers that penalize series resistance.","This is an unusually sophisticated proposal with clear awareness of both perovskite interfacial physics and single-site MOF chemistry. The engineering plan is detailed and largely executable, especially the control matrix and multimodal characterization. The main weakness lies in the assumption that FeN4 redox activity will remain kinetically accessible and electronically coupled under operating PSC biases without introducing parasitic recombination or mid-gap states; the electronic coupling between FeN4 states, LnMOF bands, and the ETL is asserted but not quantitatively modeled or bounded. Additionally, while the TOF definition is innovative, extracting a clean electron-flux-to-site-density ratio at a buried interface risks convolution with bulk transport limits and contact resistance, which may blur mechanistic attribution. These issues do not invalidate the logic but slightly reduce its rigor."
"A redox-buffered, adsorption-tunable NiFe-layered double hydroxide (NiFe-LDH) “ionic sponge” can be made PSC-compatible if (and only if) it is engineered as a sub‑10‑nm, laterally non-percolating nanosheet network with quantified electronic/ionic blocking and a defined ROS-capture kinetic budget. Under illumination in O2 (±H2O), superoxide (O2•−) forms via electron transfer to O2 at/near the perovskite surface and transport-layer interfaces, initiating iodide/organic oxidation cascades and accelerating interfacial non-radiative recombination. The refined mechanism is two-pronged and falsifiable: (i) adsorption/compartmentalization: hydroxylated NiFe-LDH basal/edge sites plus interlayer anions (quinone-disulfonate) provide a tunable microenvironment that increases the residence probability of oxygenated intermediates near the LDH rather than the perovskite, shifting reaction partitioning away from perovskite decomposition; (ii) redox buffering (rate-competitive): Ni(II)/Ni(III)–Fe(III)/Fe(IV) + quinone/quinone•− couples provide an interfacial redox sink that lowers the steady-state hole chemical potential at the perovskite/CTL boundary under O2, decreasing the probability that trapped holes drive iodide/organic oxidation steps. This will increase Voc (via reduced interfacial SRH recombination) and extend operational stability, provided three design rules are met: (DR1) ROS-capture capacity per area exceeds the measured O2•− flux by ≥10× over the intended stress duration (no early saturation), (DR2) lateral coverage remains below the percolation threshold and cross-plane conductance remains ≤10−7 S·cm−2 (no shunts/FF loss), and (DR3) processing leaves ≤5 at% organic residue from dispersant/primer/counterions at the buried interface (no confounded passivation/energetics).","Step 0 — Quantitative design rules and kinetic/stoichiometric budget (mandatory, pre-registered)
0.1 Define ROS flux target under PSC-relevant stress. On baseline stacks (no interlayer), quantify superoxide generation rate J_ROS (molecules·cm−2·s−1) under: 1 sun equivalent, controlled O2 (1 atm), 0–50% RH, and device bias (MPP and Voc). Methods (two orthogonal):
  • Operando EPR spin trapping (e.g., DMPO or BMPO in a thin, inert, permeable overlayer on model stacks; calibrate to absolute concentration using standard radicals).
  • Operando optical ROS probe layer (thin polymer matrix containing a selective O2•− probe such as dihydroethidium derivative; calibrated photometrically; ensure probe layer is not in the electronic pathway).
Output: J_ROS time trace and steady-state value; extract apparent time constant τ_ROS for accumulation/decay.
0.2 Compute required accessible site density and redox capacity. For candidate NiFe-LDH formulations, estimate accessible active sites N_site,acc (sites·cm−2) from (i) BET-equivalent surface estimates on nanosheets, (ii) AFM thickness + lateral size distribution, and (iii) areal coverage from microscopy (below). Define a conservative stoichiometry S (ROS molecules neutralized per redox site before regeneration) and a minimum safety factor of 10:
  Requirement: N_site,acc × S ≥ 10 × J_ROS × t_stress.
Set t_stress = 100 h (screening) and 1000 h (down-selected). This becomes a go/no-go gate before full device integration.
0.3 Rate-competitiveness gate. Using operando EPR decay after light-off and AP-XPS O 1s transient under light/O2 switching, require that the interlayer reduces the superoxide-associated signal rise rate by ≥3× and/or increases decay rate by ≥3× relative to controls at matched illumination and bias.

Step 1 — De-risk processing physics on model substrates (before PSCs)
1.1 Nonpolar-compatible exfoliation/dispersion with residue accounting.
  • Synthesize NiFe-LDH (Ni:Fe = 3:1 and 1:1) by coprecipitation at controlled pH (9.5–10.0), followed by carbonate removal (nitrate form) to enable anion exchange.
  • Exfoliation route A (preferred, residue-minimized): intercalate a volatile, exchangeable small anion (e.g., formate/acetate) to weaken interlayer coupling, then shear-exfoliate in low-polarity aliphatic solvent (isoparaffin) with a deliberately minimal amphiphile (≤0.05 wt%) that is (i) fluorinated or siloxane-based for volatility/low residue, and (ii) quantifiable by XPS/ToF-SIMS. Route B (backup): disperse in weakly polar, perovskite-benign solvent (anisole/ethyl acetate) and transfer to nonpolar via solvent exchange; quantify any retained polar fraction by GC-MS.
  • Residue metric: after deposition and mild anneal (≤80 °C), quantify dispersant/ligand residue at the interface by XPS (C 1s components) and ToF-SIMS; enforce DR3 (≤5 at% organic residue attributable to processing additives) on model substrates.
1.2 Intercalation chemistry with explicit controls.
  • Intercalants: (I1) quinone-disulfonate (redox-active, dianion), (I2) alkyl/aryl disulfonate analog (redox-inactive control, matched charge/size), (I3) carbonate/nitrate (baseline LDH control).
  • Verify gallery chemistry: XRD basal spacing shift; FTIR signatures; ICP-OES for Ni/Fe; elemental S quantification for sulfonate loading; TGA to estimate intercalant fraction.
1.3 Demonstrate SILD “locking” on device-scale areas with composition mapping.
  • Substrates: glass/ITO/SnO2 and glass/ITO/NiOx (10×10 cm where possible).
  • Primer: ultrathin (<1 nm) quaternary-ammonium silane (SnO2) or phosphonate (NiOx) chosen for nonpolar processability. Deposit by vapor-phase or ultra-dilute solution; verify thickness by ellipsometry and coverage by contact-angle + XPS.
  • SILD cycle (explicit): (a) deposit nanosheet dispersion (spin or spray), (b) dry N2 purge 30–60 s, (c) expose to volatile counterion vapor (e.g., trialkylammonium sulfonate) or ultra-dilute nonpolar counterion solution for 5–20 s, (d) dry purge. Repeat 1–6 cycles to reach 3–8 nm.
  • Uniformity targets: thickness 3–8 nm (ellipsometry), RMS roughness change <2 nm (AFM), areal coverage 30–70% with no connected percolating network at ≥1 µm scale (SEM/AFM image analysis).
  • Residual counterion/primer mapping: XPS depth profiling + ToF-SIMS to confirm spatial confinement and quantify residues (enforce DR3).

Step 2 — Quantify electronic/ionic transport impact and percolation thresholds (mandatory deconvolution)
2.1 Cross-plane electronic conductance and barrier heights.
  • Fabricate test stacks: ITO/CTL/(interlayer)/Au (or ITO/CTL/(interlayer)/C60/Au depending on architecture). Measure cross-plane current–voltage in dark; extract specific conductance; gate DR2: ≤10−7 S·cm−2 in the relevant bias window.
  • Measure work function and band alignment: UPS + Kelvin probe force microscopy (KPFM) to quantify interfacial dipoles; require ΔWF within a pre-set window (e.g., |ΔWF| ≤ 0.2 eV unless intentionally tuned with a separate dipole SAM).
2.2 Impedance and recombination/selectivity metrics on full devices.
  • EIS under illumination at Voc and near MPP: extract recombination resistance (R_rec) and chemical capacitance; require R_rec increase (or unchanged with improved Voc) and no new low-frequency feature consistent with ionic shunts.
  • SCLC / transient measurements (where appropriate): quantify interfacial recombination velocity changes.
2.3 Percolation study (explicit experimental matrix).
  • Control areal coverage via (i) SILD cycle number, (ii) nanosheet lateral size fractionation, (iii) primer charge density. For each, quantify coverage and connectivity using automated image analysis; correlate with FF, shunt resistance (R_sh), and cross-plane conductance.
  • Define percolation threshold p_c experimentally as the coverage where R_sh drops by >10× or FF penalty >2% absolute. Operate at p ≤ 0.7 p_c for all “mechanism” tests.
2.4 Ionic pathway screening.
  • ToF-SIMS after bias stress to detect migration of sulfonate/quinone species into perovskite. Require no measurable penetration beyond the interlayer within detection limits.
  • Bias-temperature stress on symmetric stacks to test ion conduction signatures (EIS activation energy, hysteresis markers).

Step 3 — PSC integration (only after Steps 1–2 gates pass)
3.1 Device platforms (as originally proposed) with refined placement logic.
  • Platform A (n–i–p): ITO/SnO2/(ionic sponge)/FA0.83Cs0.17Pb(I0.9Br0.1)3/spiro-OMeTAD/Au.
  • Platform B (p–i–n): ITO/NiOx/(ionic sponge)/same perovskite/C60/BCP/Ag.
  • Placement decision rule: choose interface where baseline J_ROS and AP-XPS oxygenated species buildup are highest under O2 + light.
3.2 Interlayer architecture parameters (locked).
  • Thickness: 3–8 nm; coverage: 30–70% but ≤0.7 p_c; nanosheet thickness: single/few-layer (confirm by AFM).
  • Intercalant loading: target S content that yields a reproducible basal spacing (XRD) and redox signature (see below).
  • Optional dipole SAM: only if UPS shows unfavorable alignment; SAM must be tested alone to decouple its passivation/dipole effects.
3.3 Reference set (expanded to deconvolve chemistry vs processing).
  • R0: no interlayer.
  • R1: primer only.
  • R2: SILD counterion only (no LDH).
  • R3: inert nanosheet (h-BN) with identical primer/SILD protocol.
  • R4: NiFe-LDH without intercalant (nitrate/carbonate).
  • R5: NiFe-LDH + redox-inactive sulfonate.
  • R6: NiFe-LDH + quinone-disulfonate (target).

Step 4 — PSC-relevant superoxide/iodide oxidation validation (replace OER surrogates)
4.1 Operando EPR on device-relevant stacks.
  • Measure O2•− formation on (i) CTL/perovskite and (ii) CTL/interlayer/perovskite under controlled O2 and illumination while applying external bias to mimic MPP/Voc. Quantify reduction in EPR radical yield and altered kinetics (rise/decay constants).
4.2 Iodide oxidation/decomposition markers (chemical specificity).
  • Operando/near-operando AP-XPS: track I 3d chemical shifts, emergence of oxidized iodine species, and O 1s components attributable to adsorbed oxygenated intermediates; compare time constants with/without interlayer.
  • Complement with UV–vis/PL signatures of iodine formation where applicable and quantify PbI2 emergence via operando GIWAXS.
4.3 Redox-buffer verification under illumination.
  • Identify Ni/Fe oxidation-state modulation under light/bias/O2 using XAS (if available) or XPS (Ni 2p/Fe 2p trends) on model stacks; correlate with reduced ROS signatures. Require that any oxidation-state cycling occurs without permanent growth of insulating oxides that increase series resistance.

Step 5 — Photophysics, performance, and stability endpoints (tied to design rules)
5.1 Voc/non-radiative loss linkage.
  • Absolute PLQY and QFLS on full stacks (CTL/interlayer/perovskite and complete devices). Success: ≥20 mV Voc gain or unchanged Voc with demonstrable non-radiative loss reduction and reduced hysteresis.
5.2 Standard device metrics.
  • J–V (scan-rate series), stabilized MPP, EQE. Enforce: FF penalty ≤2% absolute; R_sh not degraded.
5.3 Operational stability under oxygen (primary claim).
  • Stress matrix: dry O2, O2 + 30–50% RH, and air at 45–65 °C under 1 sun MPP. Report T80 and Voc retention; require ≥2× T80 improvement under O2 illumination vs matched controls.

Step 6 — Down-selection and falsification logic (explicit)
6.1 Mechanism passes only if all are met:
  • (M1) Direct ROS suppression: ≥3× reduction in operando EPR O2•− yield (or ≥3× faster decay) under matched conditions.
  • (M2) Chemical outcome: delayed/attenuated iodide oxidation signatures (AP-XPS) and reduced PbI2 emergence rate (GIWAXS) under O2 stress.
  • (M3) Electrical neutrality: cross-plane conductance and EIS show no added shunt/ionic leakage; barrier heights remain selective.
6.2 If M1 fails but Voc improves: attribute benefit to passivation/dipole/processing residue; iterate primer/dispersant minimization or terminate ROS-claims.
6.3 If M1 passes but FF drops: reduce coverage below p_c, modify intercalant loading to reduce conductivity/ionicity, or introduce an ultrathin insulating spacer (≤1 nm) and re-test DR2.","Processing de-risking: The plan front-loads proof of the most criticized premise—nonpolar deposition and SILD locking—on model substrates with quantitative residue limits (DR3) verified by XPS/ToF-SIMS, plus device-scale thickness/coverage uniformity metrics. This prevents ambiguous “passivation-by-residue” outcomes and ensures that any performance/stability change can be attributed to the designed NiFe-LDH/intercalant chemistry rather than uncontrolled organics.

Selectivity/shunt risk control: Rather than assuming LDH is electronically benign, the proposal makes lateral percolation and cross-plane conductance primary design constraints (DR2) with an explicit percolation-threshold study tied to R_sh, FF, and dark conductance. EIS-derived recombination resistance/capacitance and UPS/KPFM-defined barrier heights quantitatively bound interfacial dipoles and transport impacts.

Mechanistic feasibility (rate/flux): The mandatory kinetic/stoichiometric budget converts the OER-inspired “adsorption + redox buffering” concept into falsifiable requirements: ROS flux (operando EPR/optical), accessible site density/coverage (microscopy + geometry), and time constants (AP-XPS transients). The interlayer is advanced only if its measured capacity and kinetics outcompete the measured ROS generation under PSC-relevant bias/illumination.

PSC-relevant chemistry: OER-onset surrogates are deprioritized and replaced by direct superoxide and iodide-oxidation readouts under device-relevant electron-injection and bias conditions (operando EPR + AP-XPS + GIWAXS). This aligns the mechanistic tests with the dominant oxygen photochemistry in perovskites (O2•− formation and subsequent iodide/organic oxidation) and prevents mis-mapping from aqueous OER proxies.

Literature-grounded tunability: The Ni/Fe ratio and intercalant microenvironment are retained as rational optimization axes, consistent with 2D catalyst literature emphasizing adsorption-energy regulation and active-site tuning. The proposal borrows the key transferable concept—stability and function via controlled microenvironments and immobilization strategies—while adding PSC-specific constraints (ultrathin, non-percolating, residue-controlled, band-aligned).","Methodologically, this is unusually well-engineered for a chemistry-derived interlayer concept: it front-loads the key failure modes (processing residue, shunting/percolation, ionic leakage) with quantitative go/no-go gates, and it replaces OER surrogates with PSC-relevant operando ROS/iodide-oxidation readouts. The main deductions are scientific-risk/assumption gaps rather than vagueness: (1) the central ‘redox buffering lowers hole chemical potential’ claim is asserted without a measurable, pre-defined thermodynamic metric (e.g., operando QFLS shift at fixed generation rate, or quasi-equilibrium interfacial redox potential) that isolates it from passivation/dipole effects; (2) ROS probes/spin traps at buried interfaces can perturb local O2/H2O transport and interfacial energetics—controls are listed, but the plan lacks an explicit perturbation analysis (thickness dependence, probe-free validation, and diffusion-reaction modeling) to ensure J_ROS is not an artifact; (3) NiFe-LDH redox activity near halide perovskites carries a non-trivial risk of unintended halide/iodide chemistry (e.g., Ni/Fe-mediated iodide oxidation or complexation) and metal-ion leaching—ToF-SIMS penetration checks are helpful but do not directly bound catalytic side-reactions or cation migration; (4) DR2’s conductance threshold (≤10−7 S·cm−2) is stated but not justified against realistic device-area shunt sensitivity and operating bias, making it hard to judge if the gate is sufficiently strict; (5) the adsorption/compartmentalization mechanism is plausible but not anchored to measurable adsorption capacities/energetics for O2•−/O2/H2O at LDH vs perovskite—without that, ‘partitioning’ risks being post-hoc interpretation of a generic interfacial passivation layer."
"Embedding a mechanically rechargeable, electrically floating tribo–piezoelectric hybrid nanogenerator (TPHG) laminate at the illumination-side ETL interface of a perovskite solar cell (PSC) can operate within a quantifiable electrostatic operating window to measurably suppress singlet oxygen (¹O₂) generation and improve short-circuit current (Isc) and stability. The refined mechanism is twofold and explicitly parameterized: (i) **Electrostatic field effect**—mechanically refreshed transferred charge density (σQ) stored on a high-capacitance MOF dielectric (UiO-66-NO₂–rich layer) generates a persistent interfacial potential (ΔV ≈ 50–300 mV) across a defined 5–20 nm Al₂O₃ barrier, inducing downward band bending in SnO₂ and the perovskite surface. Drift–diffusion/Poisson modeling predicts that a ΔV ≥ 100 mV reduces interfacial electron density by ≥1 order of magnitude (Δn/n₀ ≈ −10×), lowering the steady-state population of triplet excitons and superoxide precursors that sensitize O₂ to ¹O₂. This reduction is sufficient to yield a detectable decrease (>30%) in ¹O₂ flux under illumination at 1 sun and pO₂ = 0.2 atm. (ii) **Chemical ROS interception**—Cu-HHTP is repositioned to be directly exposed to the O₂/ROS diffusion pathway within the laminate (but still chemically isolated from the PSC by Al₂O₃) and functions as a purely chemical, redox-active ROS scavenger rather than an electrocatalyst. Cu(II/I) sites quench ¹O₂ and derived ROS with measurable pseudo-first-order kinetics (k_q ~10⁶–10⁷ M⁻¹ s⁻¹, target), providing a parallel suppression channel that is decoupled from electronic injection. The combined, but deconvolutable, actions (field-induced carrier depletion + chemical ROS quenching) are designed to exceed noise/artifact thresholds and to selectively act at the ETL/perovskite interfacial zone, thereby increasing Isc via reduced interfacial recombination and extending operational stability by interrupting ¹O₂-driven oxidation pathways.","1) **Quantitative operating-window definition (pre-fabrication modeling):**
   - Use Poisson–drift–diffusion simulations (SnO₂/perovskite/Al₂O₃ stack) with realistic dielectric constants (ε_Al2O3 ≈ 9, ε_MOF composite ≈ 12–20) to map σQ (10⁻⁶–10⁻⁴ C m⁻²) to ΔV across 5, 10, and 20 nm Al₂O₃. Set a target σQ ≥ 5×10⁻⁵ C m⁻² to achieve ΔV ≥ 100 mV.
   - Translate ΔV into interfacial electron density reduction (Δn) and predicted change in superoxide/¹O₂ generation rate using literature rate laws for O₂ reduction and triplet sensitization.

2) **Device and laminate architecture (parameterized):**
   - Baseline PSC: glass/ITO/SnO₂ (≈30 nm)/alkali-halide passivation (≤1 nm)/FA-Cs mixed-halide perovskite/2D RP capping (1–2 layers)/PTAA/Au.
   - Laminate stack (illumination side, floating):
     a) Tribo–piezo layer: patterned PDMS + Zn-Car_MOF (20–30 vol%) in fluoropolymer binder.
     b) Charge-reservoir dielectric: UiO-66-NO₂ microcrystals (optimized 10–20 wt%) to maximize σQ and decay time (>10³ s).
     c) Inner floating electrode: graphene or ITO nanomesh.
     d) Al₂O₃ spacer: ALD-grown, thickness series (5/10/20 nm) defining C_int.
     e) ROS-quenching layer: Cu-HHTP MOF thin film (≤50 nm) positioned on the laminate side facing the O₂-permeable encapsulation channel, directly exposed to diffusing O₂/ROS but not to the PSC.

3) **Charge and field validation:**
   - Measure σQ via Faraday cup electrometry post-lamination and under illumination; map surface potential and decay with KPFM.
   - Extract effective ΔV and interfacial band bending using impedance spectroscopy and surface photovoltage (SPV).

4) **Electrostatic vs mechanical-only controls:**
   - Controls include: (A) full laminate; (B) identical laminate mechanically excited but pre-neutralized (grounded) before measurement; (C) high-C dielectric laminate without MOFs; (D) laminate with non-redox MOF replacing Cu-HHTP. This isolates pure field effects from strain/pressure artifacts.

5) **ROS and oxygen-transport quantification:**
   - Measure O₂ permeability and diffusion length through encapsulation/laminate layers using calibrated gas transmission tests; model local pO₂ at the ETL.
   - Use location-sensitive ¹O₂ probes (TEMP-EPR depth profiling, selective quenchers at defined layers) to confirm the ETL/perovskite interface as the dominant affected zone.

6) **Operando performance and stability:**
   - Correlate σQ-refresh cycles with Isc changes under vibration (1–200 Hz) while monitoring temperature and strain.
   - Conduct ISOS-L tests under controlled pO₂, followed by XPS/ToF-SIMS to link reduced oxidation markers to quantified field strength and ROS quenching capacity.","The proposal now defines a realistic and testable electrostatic operating window grounded in measured σQ values reported for MOF-based triboelectric systems (Asset 2) and translates these into explicit ΔV and Δn targets using standard semiconductor modeling. This addresses the reviewer concern that Isc gains might fall within noise. The Cu-HHTP role is redefined from ambiguous ‘electrocatalysis’ to chemically exposed ROS quenching with measurable kinetics and turnover, eliminating the need for an undefined redox circuit while remaining consistent with Asset 1’s demonstrated ROS reactivity. Oxygen transport is no longer implicit: permeability and diffusion are quantified and spatially correlated with ¹O₂ detection to avoid misattribution. Finally, the expanded control set (neutralized-charge, field-only, non-redox MOF) and thickness-dependent Al₂O₃ series close the causal loop by independently verifying electrostatic and chemical contributions. Collectively, these refinements convert an ambitious concept into a quantitatively bounded, falsifiable, and PSC-compatible interface-engineering strategy.","This is a technically ambitious and unusually well-parameterized proposal that addresses common reviewer failure modes in TENG/PSC hybrid concepts. The definition of an explicit electrostatic operating window (σQ–ΔV–Δn mapping) substantially strengthens credibility and makes the claimed Isc and stability gains falsifiable rather than speculative. The separation of electrostatic carrier depletion from chemical ROS quenching is logically sound and experimentally deconvolutable, which is rarely achieved in this literature. However, several deductions remain warranted. First, the assumption that a ~100 mV floating interfacial potential can be maintained under continuous 1-sun illumination without rapid charge screening by mobile ions in the perovskite is only partially addressed; ion migration and field relaxation timescales are not quantitatively integrated into the drift–diffusion framework. Second, the projected ≥30% reduction in ¹O₂ flux relies on rate-law extrapolations that may be optimistic given the low absolute ¹O₂ yields at buried interfaces and the spatial resolution limits of TEMP-EPR. Third, mechanical excitation as a charge-refresh mechanism introduces a deployment realism gap (vibration spectrum, duty cycle) that is acknowledged but not yet convincingly bounded for practical PSC operation. These issues do not invalidate the concept but prevent a near-perfect score."
"Embedding an ultrathin (5–15 nm), electrically percolating, MOF-derived single-site ORR interlayer at the perovskite/ETL interface will improve PSC stability only if (and because) it enforces a quantitatively bounded interfacial ROS budget under realistic nanoconfined water films. Under illumination, electrons accumulate at the perovskite/ETL contact and reduce infiltrating O2 within an RH-dependent adsorbed water layer (sub-nm to few-nm). The interlayer’s metal–N4 sites provide a kinetically dominant sink for these electrons that (i) accelerates O2-to-OOH* turnover relative to trap-assisted superoxide formation on perovskite/SnO2 defect sites, reducing superoxide residence time, and (ii) controls product selectivity via site identity (Co–N4 biased toward 2e− to H2O2; Fe–N4/MnOx biased toward 4e−/decomposition). Crucially, the design does not assume H2O2 is benign: it imposes an explicit constraint that local [H2O2] must remain below a perovskite damage threshold by ensuring that H2O2 decomposition/disproportionation kinetics (TOF × areal site density) exceed the maximum plausible H2O2 generation flux determined from O2 transport through the interfacial water film. The refined hypothesis therefore has two pre-registered outcomes: (A) if the required decomposition capacity is achievable in a 5–15 nm interlayer, a controlled 2e− pathway can act as a ‘ROS shunt’ while maintaining low H2O2 activity; (B) if not, the program will pivot to a 4e−-dominant interlayer (Fe–N–C/Mn-based) that minimizes H2O2 formation entirely, while retaining the electronic passivation/extraction benefits. This explicitly resolves the reviewer’s concern that ‘intentional H2O2 generation near perovskite’ could be internally inconsistent without a quantitative transport/kinetics bound.","Step 0 — Quantitative interface ORR/ROS transport model (hard gate before materials down-selection)
0.1 Define interfacial water film thickness δw(RH) and water activity aw(RH): use ellipsometry + QCM on (i) bare SnO2, (ii) perovskite-terminated surfaces, and (iii) candidate interlayers, under 10–80% RH at 25–60 °C. Fit δw to a BET/GAB-type adsorption isotherm and report δw ranges (target: δw ~0.3–3 nm from dry-to-humid conditions).
0.2 Define O2 transport-limited flux through nanoconfined water: set J_O2,max ≈ D_O2,eff·(C_O2,air·S(aw))/δw, where D_O2,eff is reduced in nanofilms (measure via oxygen-permeation QCM transient or adopt a conservative lower bound 10−10–10−9 m2/s). Use Henry’s-law solubility corrected by aw.
0.3 Convert J_O2,max into an upper-bound H2O2 generation flux: J_H2O2,gen,max = (selectivity_2e)·J_O2,max, where selectivity_2e is a design variable bounded between 0 and 1.
0.4 Set an explicit allowable H2O2 surface concentration threshold C_H2O2,crit at the interface (to be empirically refined in Step 3.2 using perovskite coupon tests): initial working criterion: C_H2O2,crit ≤ 1–10 µM equivalent within the interfacial water film, because peroxide accelerates iodide oxidation and organic cation degradation.
0.5 Derive the minimum required first-order decomposition rate constant k_dec,min such that steady-state C_H2O2 stays below C_H2O2,crit: for a film of thickness δw with volumetric generation rate r_gen ≈ J_H2O2,gen,max/δw and pseudo-first-order decay r_dec = k_dec·C_H2O2, require k_dec ≥ r_gen/C_H2O2,crit. Translate k_dec into a required areal catalytic capacity: k_dec = (TOF_dec·N_sites,area)/(δw·N_A), where N_sites,area is the areal density of active decomposition sites.
0.6 Feasibility gate G0 (pass/fail): only pursue the 2e− route if the required (TOF_dec·N_sites,area) is within an achievable range for ultrathin oxide/single-site catalysts (pre-validated by independent thin-film peroxide decomposition measurements on inert substrates). If not, default to a 4e−-dominant design.

Step 1 — Device baseline and controlled interfacial chemistry
1.1 Fabricate baseline n–i–p PSCs: glass/ITO/SnO2 (low-temp, <150 °C)/FA/Cs mixed-cation, I/Br mixed-halide perovskite/HTL (spiro-OMeTAD)/Au. Include a second ETL option (ALD-SnO2 vs solution SnO2) to decouple ETL hydroxyl density effects.
1.2 Prepare perovskite surfaces with controlled termination: (i) FAI-rich, (ii) PbI2-rich via brief post-treatments. Confirm termination by XPS (I/Pb ratio, N 1s signature) and contact potential difference (KPFM) mapping.
1.3 Establish oxygen stress protocols with quantified RH and temperature: dry O2 (<1% RH), humid O2 (30/50/70% RH), and AM1.5G light soaking at 25/45/60 °C; record interfacial water uptake concurrently (QCM on parallel witness stacks).

Step 2 — Perovskite-safe interlayer formation (replace/augment plasma; add go/no-go diagnostics)
2.1 Solvent-free nano-MOF skin growth (5–15 nm; <50 nm lateral domains):
  - Approach A (primary): vapor-assisted coordination (VAC) of 2-methylimidazole (ZIF-like) or terephthalate derivative (UiO-like) onto the perovskite surface while dosing metal nodes by sequential, spin-free micro-pulses (e.g., metal-organic precursor vapor exposure at ≤60–80 °C) to avoid polar solvents.
  - Control domain size via modulated nucleation: short ligand pulses (seconds), controlled aw (10–30% RH), and low supersaturation; target lateral domain size <50 nm (GISAXS + plan-view TEM) to minimize diffusion lengths.
  - Thickness target 5–15 nm (cross-sectional TEM/ellipsometry) to prevent series resistance; pinhole density quantified by conductive-AFM mapping.
2.2 Conversion to conductive single-site network with a perovskite-safe pathway:
  - Approach B (primary): photothermal ligand carbonization using NIR/visible absorption in an overlayer photothermal transducer (e.g., a removable/benign light-absorbing cap on top of the MOF) to localize heating in the interlayer while maintaining the perovskite bulk at ≤85–100 °C (measured by IR thermography + embedded micro-thermocouple calibration on dummy stacks). Atmosphere: inert (N2) with trace NH3 or pyridine vapor to enrich N functionality without high temperature.
  - Approach C (secondary/conditional): remote plasma (not direct) with calibrated ion energy (<10 eV at sample), short dose cycles (≤10–30 s per cycle, total ≤2–3 min), and in situ optical emission monitoring. This is only used if photothermal conversion cannot reach sufficient conductivity.
2.3 Immediate post-process go/no-go diagnostics (mandatory):
  - XPS within 30 min of processing: quantify Pb0 fraction (Pb 4f), halide depletion (I/Pb, Br/Pb), emergence of metallic clusters (Co 2p/Fe 2p satellite changes), and carbonate/oxide signatures.
  - GIWAXS: check for new PbI2, δ-phase, or lattice contraction (halide loss proxy).
  - Optical metrics: steady-state PL, TRPL, Urbach energy (absorption edge) to detect defect creation.
  - Electrical percolation gate: lateral conductivity of the interlayer on inert substrates and on perovskite (TLM or c-AFM); if sheet resistance is too high to avoid Rs penalty, revert to a mixed architecture (conductive carbon scaffold + sparse sites).
  - Gate G1: if Pb0 rises above a pre-set threshold (e.g., >1–2 at.% relative to Pb) or I/Pb drops beyond a set tolerance, abandon that conversion condition.

Step 3 — Architectures explicitly designed from the model (2e− route vs 4e− route)
3.1 Architecture set A (2e− + enforced decomposition): Co–N–C single-site layer (2–8 nm equivalent active region) directly on perovskite, capped by an H2O2-disproportionation motif (2–5 nm) such as MnOx (amorphous, mixed-valence) or Fe-based decomposition sites. Design parameter: areal site density N_sites,area inferred from XPS metal loading + EXAFS (single-site confirmation) and compared to k_dec,min from Step 0.
3.2 Architecture set B (4e−-dominant, H2O2-minimizing): Fe–N–C (or Mn–N–C) tuned for lower H2O2 yield; omit the decomposition cap or keep a thin oxide scavenger depending on measured selectivity.
3.3 Architecture set C (electronic-only controls to deconvolute catalysis vs contact engineering):
  - C1: carbonized ligand network without metal (N–C only) matched in thickness/conductivity.
  - C2: insulating, non-converted nano-MOF skin (same thickness) to isolate mere barrier/passivation.
  - C3: passivation-only molecular/ionic layer with similar work-function shift (measured by UPS/KPFM) but no ORR sites.
  - Decision gate G2: if C-series controls reproduce the full benefit, the ‘catalysis’ claim is rejected and the project reframes to contact/passivation engineering.

Step 4 — Direct solid-state validation of interfacial ORR selectivity (replace RRDE primacy)
4.1 Isotope-labeled oxygen tracing under thin water layers: expose encapsulated half-stacks (ITO/SnO2/interlayer/perovskite) to 18O2 at defined RH under illumination and bias. Collect interfacial extracts using a microfluidic capture layer placed adjacent to the interface (engineered ‘sampling window’ devices) and quantify H2(18)O2 / H2(18)O formation by LC-MS or isotope-ratio MS after derivatization; verify oxygen incorporation into peroxide/water rather than lattice oxygen.
4.2 Operando vibrational spectroscopy for OOH* (interface-relevant): apply operando SEIRAS on Au/ITO nanostructured substrates coated with perovskite-representative layers + interlayer to detect OOH* / HO2* signatures under controlled RH and illumination. Use complementary operando Raman if SEIRAS selection rules limit sensitivity.
4.3 Controlled thin-water-layer electrochemistry (bridging environment): build a ‘nanofilm electrolyte’ platform where a calibrated water nanolayer (δw from Step 0) is maintained (humidity-controlled chamber) and the quasi-Fermi level splitting under illumination defines the driving force. Measure peroxide accumulation/depletion kinetics with surface-bound probes (e.g., immobilized TMB-like reporters) while monitoring photovoltage.
4.4 RRDE analog (secondary, model-parameter support only): use RRDE to parameterize intrinsic selectivity trends of Co–N4 vs Fe–N4 under varied aw/pH proxies, not to claim direct translatability. Explicitly fit RRDE-derived kinetic constants into the Step 0 model and report uncertainty.

Step 5 — Quantifying ROS, electronic effects, and stability with pre-registered decision points
5.1 Electronic/passivation metrics: TRPL, absolute PLQY, SCLC trap density, impedance, TPV/TPC; extract ideality factor and recombination order. Correlate with UPS/KPFM-derived band alignment and contact selectivity.
5.2 Operando ROS: in situ EPR spin trapping under controlled RH/O2 with illumination to quantify superoxide vs peroxide-related radicals; fluorescence probes used only with artifact controls (light/probe reactivity).
5.3 H2O2 quantification and thresholding: microfluidic colorimetry (TMB assay) calibrated for thin-film extracts + iodometric titration cross-check. Independently expose perovskite coupons to known H2O2 activities at matched RH to empirically determine C_H2O2,crit (damage threshold defined by PL loss, XPS iodide oxidation signatures, and GIWAXS phase change).
5.4 Stability protocols: ISOS-L2 plus oxygen-rich aging; damp-heat 85/85 with encapsulation; map degradation by ToF-SIMS/XPS depth profiles (iodine/metal migration, oxygen incorporation), GIWAXS (phase segregation), and Voc/PCE decay rates.
5.5 Predefined pivot/stop rules:
  - If measured interfacial H2O2 exceeds C_H2O2,crit for architecture A under any realistic RH, abandon the 2e− strategy and proceed with architecture B.
  - If conversion conditions violate G1 (stoichiometry/defect gates), restrict to non-thermal conversion routes or revert to non-converted MOF + separate conductive layer.
  - If stability improves but Voc/FF drops (series resistance), reduce thickness, increase percolation (conductivity gate), or alter site density distribution (surface-localized sites rather than bulk).

Step 6 — Integration variants (to isolate dominant locus of benefit)
6.1 Two stack orders: (i) perovskite/interlayer/SnO2 vs (ii) SnO2/interlayer/perovskite. Use identical interlayer chemistry. Compare oxygen uptake, ROS, and electronic metrics to pinpoint whether the interlayer acts primarily at the perovskite surface or within/atop the ETL.
6.2 Benchmark control: Pt NP@nano-MOF (thin, <50 nm domains) as a catalytic efficiency comparator (not a target technology), linking to the nano-MOF diffusion-path logic; evaluate whether activity gains correlate with diffusion length reduction and site accessibility.","Addresses (1) processing realism / perovskite safety: The revised plan removes ‘plasma at 200–250 °C’ as the default and replaces it with perovskite-safe photothermal conversion keeping the perovskite bulk ≤85–100 °C, plus an explicitly gated remote-plasma alternative with calibrated low ion energy and short doses. Immediate post-process diagnostics (XPS for Pb0/halide loss, GIWAXS for secondary phases, PL/Urbach for defect creation, conductivity percolation) are formal go/no-go criteria, directly answering reviewer concerns about halide loss, FA volatility, SnO2 chemistry shifts, and metallic clustering.

Addresses (2) H2O2 near perovskite and required catalytic capacity: The proposal now front-loads a quantitative ORR/ROS transport model that converts RH-dependent water film thickness into an O2 flux bound and an upper-bound H2O2 generation flux, then derives the minimum required decomposition/disproportionation rate (k_dec,min) and corresponding TOF × areal site density. This converts the ‘H2O2 cap’ from an assumption into a measurable design constraint with a feasibility gate (G0). Empirical determination of C_H2O2,crit using perovskite coupon tests further anchors the model to perovskite-specific damage thresholds.

Addresses (3) nonstandard ORR medium at solid/solid interface: The revised mechanism explicitly defines the reaction medium as an RH-controlled nanoconfined water film with water activity aw(RH), rather than an implicit liquid electrolyte. Proton source is treated as the water film (and potentially surface –OH on SnO2) and becomes a controlled variable via RH and surface hydroxylation; the driving force is framed by the electron quasi-Fermi level under illumination (measured via photovoltage/KPFM), not an imposed electrochemical potential. This aligns the ORR claim with the actual PSC interfacial environment.

Addresses (4) RRDE translation gap: RRDE is demoted to a parameterization tool; primary selectivity validation is moved to solid-state, interface-relevant methods: 18O2 isotope tracking into H2O2/H2O, operando SEIRAS/Raman detection of OOH* intermediates, and controlled thin-water-layer platforms. These directly probe whether the designed interlayer changes oxygen chemistry under nanoconfined hydration, satisfying the reviewer’s ‘direct solid-state validation’ directive.

Deconvolution of catalysis vs contact engineering (mandatory): A matched set of electronic-only controls (metal-free N–C, insulating MOF, and passivation layers with similar work-function shift) is explicitly included, with a decision gate (G2) that rejects the catalysis claim if controls replicate performance. This ensures mechanistic coherence and prevents over-attribution.

Pivot logic (pre-registered): The program no longer relies on the 2e− pathway being net-protective. It defines explicit decision points to abandon the 2e− H2O2 route in favor of 4e− reduction if H2O2 cannot be held below C_H2O2,crit under realistic RH/O2 flux. This directly resolves internal inconsistency risk while preserving the central concept: an interface-embedded catalytic/electronic interlayer that suppresses oxygen-induced degradation by controlling interfacial electron/oxygen chemistry.

Connection to literature assets (toolbox alignment): The nano-MOF size/diffusion-path premise and encapsulation logic (Assets 1 and 3) are translated into an ultrathin, high-accessibility interlayer with <50 nm domains; the metal-center dependence of ORR activity/selectivity (Asset 2) is operationalized via Co–N4 vs Fe–N4/Mn motifs under controlled hydration; and the need to accelerate redox cycling / peroxide handling (Asset 4) is made quantitative through the required decomposition capacity and validated by peroxide kinetics assays adapted to thin films.","The proposal is unusually strong in mechanistic rigor and pre-registered pivot logic: the ROS-budget framing with an explicit transport-limited upper bound and a derived k_dec,min is a defensible way to address the “H2O2 near perovskite” inconsistency. Engineering planning is detailed (perovskite-safe conversion routes, immediate XPS/GIWAXS/PL gates, conductivity percolation checks, catalysis-vs-contact controls with G2). However, several key quantities are still under-specified for a hard gate to be credible: (i) the electron supply term (maximum interfacial electron flux available to ORR under illumination) is not explicitly bounded and could exceed O2-transport limits under some conditions, affecting ROS speciation and charge accumulation; (ii) δw(RH) and D_O2,eff in sub-nm films are highly uncertain and substrate-dependent—without a conservative uncertainty propagation, G0 may be non-decisive; (iii) the feasibility of achieving simultaneously (a) electrical percolation at 5–15 nm, (b) high single-site density without clustering, and (c) high H2O2 decomposition TOF at ≤100 °C conversion remains a major risk—especially because N–C conductivity and M–N4 stabilization typically require higher-temperature pyrolysis; (iv) the proposed microfluidic ‘sampling window’ and thin-water-layer platforms are conceptually good but experimentally nontrivial and may perturb the interface hydration/oxygen access they aim to measure, risking artifacts unless rigorously benchmarked. Overall: excellent structure and decision logic, but the gate hinges on parameters and fabrication claims that need tighter bounding and independent pre-validation in perovskite-relevant stacks."
"Embedding an optically and chemically active radical-sink distributed Bragg reflector (RS‑DBR) within the perovskite top region can simultaneously enhance photostability, preserve short-circuit current (Jsc), and stabilize fill factor (FF) only if its placement, thickness, and chemistry are co-optimized through a coupled opto‑electronic‑chemical design loop. Specifically, we hypothesize that (i) positioning a 2–3 period, low-contrast organosilica RS‑DBR at a depth corresponding to a local minimum in photocarrier generation—predicted by transfer‑matrix + drift‑diffusion simulations—will suppress UV‑driven hydroxyl‑radical (OH) formation without increasing interfacial recombination; (ii) confining cerium redox nanoclusters (CeOx) behind a quantitatively validated ion‑blocking SiOx cap (>15 nm, low permeability) will allow Ce3+/Ce4+ cycling to quench OH and related oxidants (HO2•, O2•−) while preventing halide oxidation or iodine exchange; and (iii) a chemically passivated SnO2/ZnO:Al/SAM electron‑transport cascade, incorporating ultrathin Al2O3 or MgO barriers on ZnO:Al, will reduce series resistance and FF loss during aging without introducing ZnO‑driven photochemical instability. This refined architecture overcomes prior limitations by explicitly minimizing optical‑field‑induced recombination sensitivity, bounding redox chemistry, and enforcing dielectric and electronic compatibility, thereby enabling true synergistic gains in stability, Isc retention, and FF.","Step 0: Coupled opto‑electronic pre‑design (go/no‑go gate).
0.1 Use transfer‑matrix optics combined with 1D drift‑diffusion simulations (e.g., SETFOS + SCAPS) on a reference FA/Cs perovskite stack (500–600 nm) to map wavelength‑resolved generation rate G(z,λ) and recombination current sensitivity vs depth.
0.2 Define RS‑DBR placement window where (a) UV (350–420 nm) field intensity is high, (b) dJrec/dG is minimal, and (c) predicted ΔJsc <2% and ΔVoc (via QFLS) <10 mV. Only designs meeting these thresholds proceed.

Step 1: Quantitative RS‑DBR fabrication and barrier validation.
1.1 Fabricate a 2–3 period organosilica DBR (Δn ≈ 0.15–0.2) using TEOS/MTES sol–gel layers with controlled porosity (pore size <2 nm) and total thickness ≤120 nm to limit dielectric charging.
1.2 Infiltrate CeOx (3–5 nm clusters) only into designated porous layers using chelated Ce(acac)3, followed by mild oxidative conversion; target Ce3+/Ce4+ ≈ 1:1.
1.3 Deposit a dense SiOx cap of 15–20 nm by plasma‑enhanced ALD or UV‑cured sol–gel to ensure ion/solvent blocking.
1.4 Barrier efficacy tests (coupon level): (a) solvent swelling via in‑situ ellipsometry (<1% thickness change in DMF/DMSO vapor), (b) water/oxygen permeation via Ca test (WVTR, OTR benchmarks vs ALD‑SiOx), (c) iodine diffusion using 129I‑labeled perovskite and ToF‑SIMS depth profiling. Failure to meet blocking criteria halts device integration.

Step 2: Bounding CeOx redox chemistry.
2.1 Prepare CeOx/SiOx/perovskite and ZrOx/SiOx/perovskite coupons.
2.2 Expose under controlled O2/H2O and UV while monitoring in‑situ XPS (Pb 4f, I 3d, Ce 3d) and UV–vis to detect halide oxidation or iodine formation.
2.3 Proceed only if CeOx shows no higher halide oxidation than ZrOx control.

Step 3: ETL cascade with explicit ZnO mitigation.
3.1 Deposit compact SnO2 (<120 °C) followed by ZnO:Al (low‑defect aqueous or spatial ALD).
3.2 Passivate ZnO:Al with 1–2 nm ALD Al2O3 or MgO, then apply a phosphonic‑acid SAM dipole.
3.3 Quantify UPS/XPS band alignment, photoconductivity under UV, defect density, and PL quenching to confirm reduced photoreactivity.

Step 4: Integration and shunt control.
4.1 Assemble four device sets (baseline, RS‑DBR only, ETL cascade only, full system).
4.2 Verify pinhole‑free multilayers via cross‑sectional SEM/TEM, AFM roughness (<2 nm RMS), conductive‑AFM leakage mapping, and statistical yield (>90% functional devices).

Step 5: Mechanistic validation and aging.
5.1 Operando EPR spin‑trapping for OH/O2•− under UV‑enriched light.
5.2 IEC‑like MPP tracking (≥1000 h, 65–85 °C) with EQE, EL, and QFLS evolution to decouple optical vs electrical degradation.","This refined plan directly addresses reviewer‑identified risks by imposing quantitative design constraints and staged go/no‑go criteria. Optical‑field placement is no longer heuristic but optimized against recombination sensitivity, ensuring RS‑DBR insertion does not inadvertently raise interfacial carrier density. Chemical compatibility is validated before device fabrication through permeability, swelling, and isotope‑diffusion tests, reducing the risk of CeOx‑induced halide chemistry. ROS specificity is bounded by comparing CeOx with redox‑inert yet electronically similar ZrOx controls, clarifying whether stability gains arise from redox quenching rather than dielectric effects. ZnO:Al reactivity is mitigated through explicit ultrathin oxide passivation and quantified via spectroscopic and photoconductive metrics. Finally, shunt and dielectric‑charging risks from the embedded multilayer are controlled through low‑contrast DBR design, rigorous morphological diagnostics, and statistical yield analysis. Collectively, these measures transform the RS‑DBR from a speculative integrative concept into a testable, failure‑aware architecture with a realistic pathway to simultaneous stability, Jsc, and FF improvements.","This is a technically sophisticated and unusually well-gated proposal that demonstrates strong command of perovskite optoelectronics, optical-field engineering, and redox chemistry. The engineering plan is detailed, failure-aware, and includes quantitative go/no-go criteria that substantially reduce integration risk. The logical chain—from UV field localization to OH suppression, bounded CeOx redox cycling, and preserved FF via ETL cascade passivation—is largely coherent and well justified. Minor deductions arise from residual uncertainty in two areas: (i) the assumption that a 2–3 period low-contrast DBR can deliver sufficient UV field enhancement without introducing parasitic capacitance or long-term dielectric charging is plausible but not yet convincingly bounded analytically; and (ii) the ZnO:Al mitigation strategy, while careful, still relies on ultrathin oxide layers whose long-term electronic stability under bias/UV is not fully de-risked. Evidence grounding is strong, though the narrow-band reflective filter concept could be more quantitatively connected to measurable EQE/Jsc trade-offs rather than inferred optically. Overall, the proposal is clearly above the current state of the art in methodological rigor."
"Recasting Zn-Car_MOF from a continuous interlayer into a depth-confined (30–80 nm) chelation-seeded crystallization additive will increase Isc and operational stability by two *causally separable* mechanisms that are explicitly testable and falsifiable: **(H1) nucleation/collection control** and **(H2) adsorption-thermodynamics–regulated interfacial ion dynamics**. 

(H1) During early nucleation at the SnO2/perovskite interface, multidentate carnosine–Zn coordination transiently binds under-coordinated Pb2+, reducing heterogeneous nucleation density specifically at the ETL-adjacent growth front. This biases crystallization toward larger, vertically coherent grains with lower interfacial trap density, thereby increasing carrier collection efficiency and Isc without altering bandgap or bulk energetics. 

(H2) After crystallization, the immobilized MOF nanoseeds act as *interfacial adsorption buffers* whose isosteric heat of adsorption for H2O (Qst) is deliberately tuned via linker-shell grafting (LSG). A moderated Qst profile—high at ultralow coverage (<0.2 monolayer equivalent) and sharply decreasing at higher coverage—reduces steady-state interfacial water chemical potential and residence time under humid bias. This lowers water-assisted halide vacancy mobility and suppresses interfacial electric-field screening during current spikes. Quantitatively, reduced interfacial water coverage increases the activation energy for halide migration (Ea,ion) and decreases the effective ionic mobility μion(H2O), leading to a measurable reduction in Isc decay under controlled humidity pulses and PV–electrolyzer load cycling. 

Crucially, adsorption thermodynamics is elevated from a correlational descriptor to a *predictive variable*: reversible, chemically invariant H2O adsorption (verified in situ) feeds directly into a pre-registered drift–diffusion/ionic-transport model that predicts the magnitude and direction of Isc degradation as a function of humidity, bias, and time. ATIG-related solvent-history effects and interfacial energetics shifts are isolated via mandatory controls, ensuring causal attribution to MOF-mediated chelation and Qst-governed water residence.","### Step 0: Variable Collapse and Pre-Registration
0.1 **Freeze interfacial energetics variables**: Omit SnO2 SAMs entirely in the primary study (SnO2 as-deposited, identical UV–ozone treatment for all devices). SAM effects, if any, are deferred to a separate exploratory appendix.
0.2 **Pre-register quantitative expectations**: Before experiments, define expected Isc decay ratios under humidity pulses (e.g., 40%→70% RH at 25 °C, short-circuit and near-MPP bias). Based on the transport model (Step 4), predict ≥2× slower Isc decay for MOF+LSG vs control and ≥30% reduction in transient Isc overshoot during current spikes.

### Step 1: Baseline Devices and Materials
1.1 **Device architecture**: Glass/ITO/SnO2/perovskite/HTL/Au, n–i–p. Perovskite: FA0.83Cs0.17Pb(I0.9Br0.1)3, bandgap 1.55–1.60 eV, thickness 500–550 nm.
1.2 **Zn-Car_MOF nanoseeds**: 5–15 nm colloids synthesized via ligand-controlled solvothermal routes; narrow dispersity (Đ < 1.3). Characterization: TEM/DLS (size), PXRD (phase), FTIR/XPS (carnosine coordination), ζ-potential and stability in DMF:DMSO.

### Step 2: Depth-Confined Incorporation with Explicit Controls
2.1 **ATIG-enabled seeded underlayer**:
- Underlayer precursor: perovskite solution + 0.01–0.10 wt% Zn-Car_MOF (relative to perovskite solids), targeted final thickness 30–80 nm.
- Spin-coat on SnO2, followed by antisolvent drip (anisole:chlorobenzene = 3:1) at a calibrated delay to induce rapid interfacial gelation.
- Immediately overcoat with MOF-free bulk precursor to complete absorber.
2.2 **Mandatory ATIG-only control**: Identical two-step ATIG process *without* MOF to isolate solvent-history and gelation effects.
2.3 **Annealing**: Controlled ramp (e.g., 25→100 °C) with N2 quench to promote vertical grain growth.

### Step 3: Post-Crystallization Linker-Shell Grafting (LSG)
3.1 **Selective surface modification**: Vapor-phase fluorinated anhydride or isocyanate at ppm–mM equivalent, exposure ≤5 min, targeting only exposed MOF functional groups.
3.2 **Verification**: GIWAXS (no peak shifts), XPS stoichiometry (Pb:I:Br unchanged), UPS/Kelvin probe depth profiling to confirm no extraction barrier at ETL.

### Step 4: Adsorption Thermodynamics with Reversibility Gates
4.1 **Thin-film H2O sorption**: QCM or microgravimetry at ≥3 temperatures (e.g., 20/30/40 °C) on (i) control perovskite, (ii) MOF-seeded, (iii) MOF-seeded+LSG.
4.2 **Reversibility/chemical invariance** (mandatory):
- In situ GIWAXS during H2O dosing/desorption: exclude hydrate or δ-phase signatures over the coverage range used for Qst fitting.
- In situ FTIR: confirm reversible OH/H2O signals with no new irreversible vibrational modes.
- Only reversible isotherm segments are used for Clausius–Clapeyron Qst extraction.

### Step 5: Quantitative Transport Model (Minimal but Predictive)
5.1 **Model framework**: Field-assisted drift–diffusion with water-dependent ionic mobility:
μion(H2O) = μ0·exp[−(Ea,0 − α·θH2O)/kT], where θH2O is interfacial coverage from isotherms and α is a fitted coupling constant.
5.2 **Link to Isc decay**: Increased μion enhances interfacial charge screening and recombination velocity under bias; the model outputs ΔIsc(t,RH,bias).
5.3 **Pre-registered test**: Compare predicted vs measured Isc(t) under defined humidity pulses and current spikes.

### Step 6: Device Performance and Mechanistic Validation
6.1 **PV metrics**: J–V (hysteresis-controlled), stabilized MPP, EQE (integrated Jsc vs Isc).
6.2 **Depth and microstructure**: Cross-sectional STEM-EDX/EELS for Zn confinement; GIWAXS incident-angle series; SEM grain statistics at bottom vs top.
6.3 **Defect and transport**: TRPL (top/bottom), transient photocurrent/voltage, SCLC trap density, impedance spectroscopy.
6.4 **Ionic migration**: Bias-stress + ToF-SIMS for halide accumulation at SnO2.

### Step 7: PV–Electrolyzer Coupling
7.1 **Load emulator**: PEM-like polarization + capacitance; square-wave and solar-following current protocols.
7.2 **Metrics**: Isc-equivalent current stability, transient losses, correlation with θH2O and model predictions.","This revision directly addresses reviewer concerns by (i) collapsing variables, (ii) enforcing reversibility and chemical-invariance gates on adsorption measurements, and (iii) embedding Qst within a minimal, predictive transport model rather than treating it as a correlational descriptor. Thin-film H2O sorption is rendered interpretable by excluding irreversible hydration regimes through in situ GIWAXS/FTIR, ensuring that extracted Qst reflects true adsorption thermodynamics. The ATIG-only control decouples solvent-history effects from MOF chemistry, while UPS/Kelvin probe profiling rules out unintended extraction barriers. The quantitative μion(H2O) model provides a falsifiable link between adsorption energetics and Isc decay under humidity and dynamic load, with pre-registered expectations that can be disproven experimentally. Grounded in established MOF chemistry (functional-group-dependent Isc modulation) and in the proven role of Qst as an actionable parameter in MOF–electrolyzer systems, the proposal translates adsorption thermodynamics into a rigorously testable stability lever for perovskite photovoltaics operating under realistic PV–electrolyzer conditions.","This is a comparatively rigorous and falsifiable mechanistic proposal: (i) it cleanly separates nucleation control (H1) from adsorption/ion-dynamics control (H2), (ii) includes mandatory solvent-history controls (ATIG-only) and chemical-invariance gates for Qst extraction, and (iii) attempts a predictive (not merely correlational) link between adsorption thermodynamics and Isc decay. Main deductions: (1) the central quantitative claim—water coverage and Qst extracted on thin films mapping to *interfacial* θH2O and thus μion in operating devices—remains under-validated; QCM/microgravimetry averages over the whole film/stack and can be dominated by non-interfacial uptake unless the geometry is explicitly interface-selective. (2) The μion(H2O) ansatz is plausible but currently under-parameterized: no independent measurement of Ea,ion shift (or field dependence) is specified, making α potentially a free fit that can ‘explain’ any trend post hoc. (3) LSG selectivity is a major risk: vapor reagents can interact with perovskite/HTL or alter SnO2 surface chemistry; GIWAXS “no peak shifts” and XPS stoichiometry are insufficient to rule out subtle interfacial dipoles, band bending, or surface passivation that also change Isc. (4) The electrolyzer linkage is still indirect—load emulation is useful, but it does not reproduce catalyst-side humidity, thermal gradients, gas evolution, or electrical noise spectra of real PV–electrolyzer coupling, weakening the second “electrolyzer” node in the concept chain."
"Embedding Fe single-atom motifs at curvature-defined FeP–CoP interfacial boundaries on a negatively Gaussian-curved (K<0) scaffold, deployed as an external catalytic back-electrode electrically coupled (via an engineered recombination junction and verified alkaline barrier stack) to a wide-bandgap perovskite PV, will reduce the OER voltage demand at technologically relevant current densities while preserving perovskite optoelectronic integrity. Mechanistically, negative Gaussian curvature is hypothesized to create a quantifiable, spatially heterogeneous interfacial strain field (εxx, εyy with opposite signs along principal directions) that (i) shifts the local Fe/Co electronic structure (operationalized by ΔEd-band, ΔBader charge, and ΔΦ/work function) and (ii) tunes *OH/*O/*OOH adsorption free energies toward the Sabatier optimum, thereby decreasing ηOER at fixed j beyond what can be explained by ECSA/mass-transport gains. Because FeP/CoP will reconstruct under anodic OER to (oxy)hydroxide-rich surfaces, the active-phase hypothesis is explicitly reconstruction-aware: curvature and initial FeP–CoP interfacial chemistry are posited to control (a) the composition/dispersion of reconstructed Fe–Co (oxy)hydroxide motifs, (b) their turnover frequency per electrochemically addressable metal site, and (c) Fe single-atom retention (or bounded clustering) under OER potentials. The perovskite is stabilized not by placing catalysts at internal perovskite interfaces, but by spatial decoupling and by a pinhole-tolerant multilayer barrier/recombination stack with defined band-alignment targets and leakage diagnostics, preventing OH−/O2 ingress and eliminating recombination/shunting pathways that previously dominated failure in monolithic or interlayer-centric PEC designs.","Step 0 — Define falsifiable descriptors, controls, and success criteria (pre-registered metrics)
0.1 Curvature descriptors (structure): Map local Gaussian curvature K(x,y) and mean curvature H(x,y) on the catalyst scaffold; define target distributions: (A) K = −(2–10)×10^−4 nm^−2 (equivalent principal radii ~20–70 nm), (B) K≈0 planar control, (C) positive-curvature control if manufacturable. Success requires curvature-separated populations with matched geometric roughness (Rq) and matched ECSA (±10%).
0.2 Strain descriptors (mechanics): Quantify interfacial strain tensor components at FeP–CoP boundaries, εij(x,y), using 4D-STEM nanobeam diffraction + geometric phase analysis (GPA) with a target measurable contrast of |ε| ~0.3–2.0% across 5–30 nm interfacial regions. Falsification: if curvature does not induce statistically significant ε distributions relative to ECSA-matched planar control, the curvature→strain link fails.
0.3 Electronic descriptors (electronics): Predefine measurable electronic shifts: (i) Δ(Fe/Co K-edge white-line intensity and edge position) operando XAS; (ii) Δwork function ΔΦ by Kelvin probe/UPS (ex situ) and valence-band shifts by XPS; (iii) DFT-predicted ΔEd-band (relative to planar) ≥0.10 eV at strained interfacial sites as the threshold for meaningful adsorption-energy changes.
0.4 Catalytic descriptors (chemistry/kinetics): Use intrinsic activity metrics that decouple surface area: TOF per redox-active site and/or per metal atom (site density from operando XAS + electrochemical redox charge), and specific activity (mA cm_ECSA^−2). Target: ≥2× improvement in TOF or specific activity at fixed η relative to ECSA-matched planar FeP–CoP.
0.5 Reconstruction-aware success criteria: Under OER potentials (1.45–1.65 V vs RHE, alkaline), define “single-atom retention” as: EXAFS Fe–Fe coordination number N(Fe–Fe) < 1.0 and absence of Fe nanoparticles in identical-location STEM after 10 h hold; if reconstruction forms Fe–O/Co–O motifs, Fe must remain atomically dispersed or as sub-nm clusters (≤~10 atoms) with unchanged dispersion statistics.

Step 1 — Curvature-engineered scaffold synthesis with curvature-matched ECSA controls
1.1 Scaffold families:
  • Negative Gaussian curvature scaffold: bicontinuous/gyroid-like or Schwarz-P-like carbon or Ni-based scaffold via block-copolymer templating (polymer cubosomes/inverse opal variants) or dealloying-derived nanoporous Ni followed by conformal carbon coating (optional) to stabilize morphology.
  • Planar and curvature-neutral controls: (i) flat Ni/Ti substrates with identical catalyst loading; (ii) nanoporous scaffolds annealed/smoothed to reduce |K| while preserving ECSA; (iii) ECSA-matched planar nanostructured films (e.g., nanoflake CoP/FeP) tuned by deposition time.
1.2 Curvature quantification pipeline:
  • 3D electron tomography (STEM-ET) reconstruct 50–200 nm volumes; compute K(x,y) distributions on triangulated surfaces.
  • AFM or confocal profilometry for mesoscale curvature/roughness; define acceptance: K distributions non-overlapping between K<0 and K≈0 cohorts.
1.3 ECSA/transport matching:
  • Measure double-layer capacitance (Cdl) and/or underpotential deposition proxies; adjust catalyst loading and scaffold thickness until ECSA matches within ±10% between curvature and planar controls.
  • Use rotating disk/rotating ring disk (where applicable) or flow-cell OER to minimize transport artifacts; report O2 bubble dynamics via high-speed imaging for all samples.

Step 2 — Formation of FeP–CoP heterostructures with Fe single-atom dosing at interfaces (and tracking of initial state)
2.1 Conformal Co precursor deposition:
  • Atomic layer deposition (ALD) CoOx or Co(OH)x (or ultrathin Co film via ALD-like cycles) thickness 2–8 nm to ensure conformal coverage inside bicontinuous channels; verify conformality by cross-sectional STEM-EDS.
2.2 Interface engineering to promote heterojunction density:
  • Create Co-rich domains then introduce Fe in a controlled manner to maximize FeP–CoP boundary length per area: sequential deposition (Co then sparse Fe) + mild thermal treatment (≤250 °C) to induce nanoscale phase separation prior to phosphidation.
2.3 Fe single-atom incorporation:
  • Pulse–soak–purge impregnation using volatile Fe precursors (e.g., ferrocene derivatives or Fe(acac)3 in controlled solvent vapor) targeting <0.5 at% Fe overall; confirm single-atom dispersion by AC-STEM and ex situ XAS/EXAFS.
2.4 Low-temperature phosphidation:
  • Phosphidation at 250–350 °C (minimized to protect curvature and suppress sintering) using NaH2PO2 or PH3 surrogate; target mixed FeP/CoP nanodomains with high interfacial density.
2.5 Initial-state verification:
  • XRD for phase presence (broad peaks acceptable), AC-STEM for atom dispersion, EXAFS for Fe coordination (Fe–P/Fe–Co signatures), XPS for P states and metal valence.

Step 3 — DFT/descriptor linkage: curvature→strain→electronic shift→adsorption energetics (operationalized and testable)
3.1 Model construction:
  • Build FeP/CoP interface slab models with imposed biaxial strain states that mimic saddle curvature principal strains (ε1>0, ε2<0), scanning ±0.5%, ±1%, ±2%.
  • Place isolated Fe in interfacial coordination motifs (Fe–P/Fe–Co mixed) and compute ΔG(*OH), ΔG(*O), ΔG(*OOH) at pH 14 with solvation corrections.
3.2 Predicted observables:
  • Output expected ΔEd-band and correlate with ΔG shifts; define target adsorption-energy movement toward ideal scaling (ΔG(*OOH)−ΔG(*OH)).
  • Translate to predicted ηOER (computational volcano approach) and define a quantitative expected benefit (e.g., 30–80 mV reduction at 10 mA cm−2 for strain ~1%).
3.3 Experimental linkage tests:
  • Correlate measured strain (4D-STEM/GPA) with operando XAS edge shifts and with specific activity; perform partial correlation analysis controlling for ECSA.

Step 4 — Reconstruction-aware operando identification of the true OER active phase
4.1 Operando XAS (mandatory):
  • Fe and Co K-edge XAS under OER in 1.0 M KOH at stepped potentials (1.2→1.7 V vs RHE) and during chronopotentiometry at 10 and 100 mA cm−2.
  • Extract oxidation state trajectories, coordination changes (P→O substitution), and Fe–Fe coordination evolution; compare curved vs planar.
4.2 Operando/ambient-pressure XPS (if available) or quasi-operando XPS:
  • Freeze/transfer under bias hold to capture surface (oxy)hydroxide signatures; quantify P loss and OH binding.
4.3 Isotope labeling with DEMS:
  • H2^18O electrolyte with differential electrochemical mass spectrometry to confirm oxygen source and probe lattice-oxygen participation; compare curvature vs planar to test whether curvature changes LOM contribution.
4.4 Identical-location microscopy:
  • IL-STEM before/after (10 h and 100 h) to quantify Fe dispersion changes; define pass/fail based on single-atom retention criteria (0.5).

Step 5 — Engineered PV–PEC coupling: recombination junction, barrier stack, band alignment targets, and diagnostics
5.1 PV component:
  • Use wide-bandgap perovskite (Eg 1.7–1.8 eV) in a high-Voc stack (target Voc ≥1.15 V, FF ≥0.75) optimized for stable MPP under load rather than peak PCE.
5.2 Energy/voltage budget (mandatory, upfront):
  • Define target operating current density jop = 10 mA cm−2 (baseline) and stretch jop = 20 mA cm−2.
  • Thermodynamic requirement: 1.23 V + iR + ηOER + ηHER (if relevant) + interconnect losses. For PV-driven OER half-cell demonstration: require PV output VMPP ≥ (Eanode + overpotentials + interconnect). Provide a table of allowable ηOER:
    – If VMPP = 1.20–1.30 V (single junction), require ηOER ≤ ~50–150 mV at 10 mA cm−2 with minimal iR; if not feasible, switch to 2-terminal tandem PV (e.g., perovskite/Si) and explicitly state this contingency.
  • Measure uncompensated resistance (Ru) and report iR-corrected and uncorrected curves.
5.3 Recombination junction / interconnect specification:
  • Implement a defined recombination contact between PV cathode and catalyst anode path (e.g., transparent conductive recombination layer or metal interconnect) with target contact resistivity ρc ≤ 10 mΩ·cm^2 (measured by TLM).
  • Band alignment targets: choose interlayer(s) such that hole extraction from PV to anode contact is barrierless (ΔEv < 0.2 eV) and electron blocking is maintained; measure work function by UPS/KPFM and verify with device JV + impedance.
5.4 Alkaline barrier stack (pinhole-tolerant):
  • Replace single-layer TiN/Nb:TiO2 claim with a multilayer nanolaminate barrier: TiN (5–10 nm) / ALD-Al2O3 (10–30 nm, e.g., 100–300 cycles) / TiN (5–10 nm) or TiO2/Al2O3 nanolaminates (e.g., [TiO2(2 nm)/Al2O3(2 nm)]×5) to disrupt pinhole percolation.
  • Barrier acceptance tests prior to integration:
    – Electrochemical leakage: apply potential bias in 1 M KOH and measure leakage current vs time; define pass threshold (e.g., <10 µA cm−2 at 1.6 V vs RHE equivalent).
    – Dye/ion permeation surrogate test (e.g., ferro/ferricyanide blocking) and EIS to detect pinholes.
    – Oxygen permeation proxy via chronoamperometry under O2 saturation.
5.5 Encapsulation and gas management:
  • Use edge-sealed encapsulation (epoxy + glass/ALD barrier film) with defined electrolyte-facing window only on the catalyst; incorporate O-ring compression cell and gas outlet for O2 bubble removal.
  • Verify electrolyte isolation in situ using tracer ions (e.g., K+ marker) monitored near PV side (ICP-MS of rinse or in situ conductivity) as a go/no-go criterion.

Step 6 — Performance validation and stability protocol (device-level, not only catalyst-level)
6.1 Catalytic evaluation (three-electrode):
  • Measure η at 10/100 mA cm−2, Tafel slopes, TOF, and specific activity with ECSA matching; include accelerated durability (potential cycling 1.2–1.7 V vs RHE, 5,000–20,000 cycles) and chronopotentiometry (10–100 h).
6.2 PV–PEC operation (two-electrode):
  • Operate PV at/near MPP with an external load or coupling; record continuous JV, VMPP, and photocurrent.
  • Report full efficiency and voltage losses: PV JV, interconnect drop, catalyst overpotential, iR losses.
6.3 In situ perovskite integrity checks:
  • Track Voc/FF pre/post coupling; PL/TRPL to quantify added non-radiative recombination; impedance spectroscopy to detect shunts.
  • Define pass criteria: <5% Voc loss and <10% FF loss after 100 h equivalent operation under encapsulated conditions.
6.4 Post-mortem + operando reconciliation:
  • Combine operando XAS/XPS/DEMS findings to assign the working active phase; explicitly report whether activity correlates with reconstructed Fe–Co (oxy)hydroxide motifs and whether curvature controls their formation.

Contingencies (explicit):
C1 If single-junction perovskite VMPP cannot meet the voltage budget at jop, transition to perovskite/Si or perovskite/CIGS 2-terminal tandem PV while keeping the same curvature-engineered OER back-electrode, maintaining the proposal’s core mechanism (curvature-controlled active phase) and the decoupled architecture.
C2 If Fe single atoms agglomerate under OER, pivot to dual-atom Fe–Co motifs stabilized by N/O coordination in an ultrathin anchoring layer (without moving the catalyst into the perovskite stack), while maintaining curvature-defined strain and reconstruction tracking.","1) Causality and falsifiability of curvature effects: The revised plan converts the curvature→strain→electronic-structure→adsorption→activity chain into measurable descriptors (K-distributions; εij from 4D-STEM/GPA; ΔΦ/valence shifts; operando XAS edge/white-line shifts; DFT-derived ΔG(*OH/*O/*OOH)). Curvature-matched controls with ECSA/roughness matched (±10%) directly address the reviewer’s concern that apparent gains could be ECSA/mass-transport artifacts.
2) Reconstruction-aware active-phase assignment: Because FeP/CoP will oxidize/reconstruct under OER, the proposal no longer assumes static “phosphide interface” activity. Operando Fe/Co K-edge XAS, operando/quasi-operando XPS, identical-location STEM, and H2^18O + DEMS are built in to identify the working surface (phosphide vs (oxy)hydroxide), quantify Fe dispersion retention, and test for lattice-oxygen participation. Success criteria for single-atom retention (EXAFS coordination bounds + microscopy) are explicitly stated, preventing misassignment.
3) Device-level engineering completeness for perovskite-driven PEC: The PV–PEC coupling is specified as an engineered recombination/interconnect with measurable contact resistivity targets and band-alignment verification (UPS/KPFM + impedance). The alkaline barrier is upgraded to a pinhole-tolerant multilayer nanolaminate with pre-integration leakage and permeation diagnostics, directly addressing the pinhole/grain-boundary failure mode. Encapsulation and electrolyte isolation are verified in situ (tracer/marker tests), not only post-mortem.
4) Voltage/energy budget and practical operating window: A required voltage budget is explicitly included and tied to target jop (10–20 mA cm−2). This prevents an underpowered PV demonstration and provides a clear decision rule for switching to a tandem PV if needed, maintaining the proposal’s central innovation (curvature-engineered external catalytic back-electrode) while ensuring a credible route to sustained operation.
5) Literature/empirical grounding aligned to assets: The approach leverages (i) curvature-enhanced catalytic site utilization and barrier lowering (negative Gaussian curvature concept; Asset 1), (ii) single-atom/dual-site electronic synergy in oxygen electrocatalysis (Asset 2), and (iii) heterostructure/interface-driven OER improvements informed by DFT and experimentally validated overpotential reductions (Asset 3), but now framed in a reconstruction-aware manner that is standard for transition-metal phosphides under anodic bias.","Methodological definition and falsifiability are strong (pre-registered curvature/strain/electronic/kinetic descriptors; ECSA-matched controls; reconstruction-aware operando plan). The main scientific risk is attribution: under OER, phosphides reconstruct into (Fe,Co)OOH-like phases whose catalytic energetics are dominated by local coordination, Fe incorporation level, and hydration/anion effects; the proposal assumes curvature-imprinted strain fields persist in (oxy)hydroxide motifs and remain the dominant causal variable beyond morphology and transport, but does not yet specify how strain will be demonstrated in the reconstructed phase (not the pre-OER phosphide) or how curvature effects will be disentangled from curvature-driven differences in reconstruction kinetics/composition (Fe uptake, P leaching, crystallinity, hydration) that can independently shift activity and XAS signatures. The DFT plan is directionally appropriate but may be under-realistic: strained slab models of FeP/CoP interfaces may not predict adsorption energetics of the true operating (oxy)hydroxide surface; without explicit reconstructed-phase models (and/or grand-canonical/Pourbaix-informed surface states), the computed ΔG(*OH/*O/*OOH)–strain linkage risks becoming non-diagnostic. On the device side, the voltage-budget discussion is thoughtful, but the half-cell PV-driven OER constraint (VMPP vs required anodic potential at 10–20 mA cm−2 including iR and junction drops) is tight for a single 1.7–1.8 eV perovskite; the contingency to tandem is good, yet the proposal’s primary success narrative should be framed around a tandem-compatible pathway to avoid an underpowered demonstration. Finally, several key acceptance criteria remain difficult: matching ECSA within ±10% across radically different topologies is nontrivial (Cdl can be chemistry-dependent; UPD proxies are not universally valid), and Kelvin probe/UPS ex situ work-function shifts may not track the operando interface relevant for OER."
"Embedding an ultrathin, redox-active Ni3(HHTP)2 coordination-nanosheet interlayer (1–5 nm) at the perovskite/metal electrode interface will simultaneously (i) increase effective interfacial modulation depth of the interfacial electric field under illumination/bias, and (ii) raise the interfacial specific capacitance with high capacitance retention, thereby suppressing ion-accumulation-driven band bending and interfacial non-radiative recombination. Mechanistically, the conjugated MOF provides a high-density, fast Ni(II/III)-mediated pseudocapacitive charge-buffering pathway plus a porous, π-conjugated transport network that lowers charge-transfer resistance (Rct) while spatially redistributing ionic space charge; this converts slow, hysteretic ion-electrode charge storage into rapid, electronically buffered interfacial charging with improved stability. Methodological adaptation: instead of using Ni3(HHTP)2 as a bulk electrode additive (common in supercapacitors) or a thick film, we will (a) grow a wafer-scale coordination-nanosheet directly on the metal electrode by electrochemical interfacial polymerization to enforce epitaxial-like contact and minimal series resistance, and (b) cap it with a 0.5–1 nm ALD Al2O3 ‘ion-sieve’ to preserve electronic tunneling while limiting halide/metal diffusion; this dual-layer transforms the PSC metal contact into a charge-transfer-optimized, high-capacitance, retention-stable “pseudocapacitive electrode skin.”","Step 1: Specific system setup or data preparation.
1.1 Fabricate baseline inverted PSCs (glass/ITO/SAM-based HTL or NiOx/perovskite/C60/BCP/Ag) and regular n–i–p PSCs (glass/FTO/SnO2/perovskite/HTL/Au) to test universality; use a mixed-cation perovskite (FA/Cs, I/Br) with controlled surface termination (post-treatment to enrich PbI2 or FA-iodide as needed).
1.2 Prepare control electrodes: bare Ag/Au; Ag/Au + Al2O3 (0.5–1 nm); Ag/Au + physically transferred Ni3(HHTP)2 film (thicker, 10–30 nm) to decouple thickness/contact effects.

Step 2: Detailed implementation of the adapted methodology.
2.1 Direct growth of Ni3(HHTP)2 coordination-nanosheets on metal electrode:
- Deposit 1–2 nm Ti (or Cr) adhesion only where necessary; keep work-function perturbation minimal.
- Use electrochemical interfacial polymerization: immerse Ag/Au in ethanolic HHTP solution; apply controlled potential pulses in Ni2+ electrolyte to nucleate and self-limit a nanosheet layer (target 1–5 nm). Tune growth via pulse width/duty cycle to control areal coverage and avoid insulating agglomerates.
- Rinse and mild anneal (<120 °C) to stabilize coordination without damaging underlying layers.
2.2 Ion-sieve capping without killing charge transfer:
- Deposit ALD Al2O3 at low temperature (≤80–90 °C) for 3–8 cycles (0.5–1.0 nm). This is intentionally below typical blocking-layer thickness to allow electron tunneling/thermionic transport while reducing halide ingress and metal migration.
2.3 Integrate into PSC stacks:
- For inverted devices: apply Ni3(HHTP)2/Al2O3 skin onto Ag cathode prior to deposition, or alternately onto ITO prior to organic layers to test polarity-dependent effects.
- For regular devices: integrate at Au/HTL interface (Au-side growth) or at perovskite/HTL using a transfer-assisted nanosheet if electrochemical growth is incompatible; keep the key test as the metal-contact skin.
2.4 Quantify ‘modulation depth’ in PSC-relevant terms:
- Define modulation depth as relative swing of interfacial field/photovoltage under a small AC perturbation: MD = (ΔVinterface or ΔEinterface)/(baseline) extracted from intensity-modulated photovoltage spectroscopy (IMVS) and bias-dependent electroabsorption/photothermal deflection where feasible.
- Map bias- and light-intensity-dependent impedance to extract interfacial capacitance (Cint), recombination resistance (Rrec), and charge-transfer resistance (Rct).

Step 3: Rigorous validation and analytical framework.
3.1 Charge transfer and capacitance metrics:
- EIS (10 mHz–1 MHz) under dark and 1-sun at multiple biases; fit with physically constrained equivalent circuits separating geometric capacitance, ionic accumulation capacitance, and pseudocapacitive contributions.
- Mott–Schottky and transient ion-drift measurements to quantify reduction in mobile-ion-induced interfacial charge density.
- Galvanostatic intermittent titration-like small-signal protocol on completed devices to probe capacitance retention under repeated bias cycling (e.g., ±0.2 V around MPP for 10^4 cycles), defining capacitance retention rate = Cint(after)/Cint(initial).
3.2 Device-level outcomes:
- J–V hysteresis index vs scan rate; stabilized MPP tracking for ≥100 h.
- PLQY and time-resolved PL at the perovskite interface (with partial stacks) to quantify non-radiative recombination suppression; target Voc increase explained via quasi-Fermi level splitting.
- ToF-SIMS depth profiling after aging to test halide/Ag migration suppression by Al2O3-capped Ni3(HHTP)2.
3.3 Mechanistic falsification tests:
- If improvements arise only with thick MOF layers, the mechanism is series-resistance filtering rather than pseudocapacitive buffering; enforce thickness series to pinpoint optimum.
- Replace Ni3(HHTP)2 with Cu3(HHTP)2 or an insulating MOF analogue to separate ‘conjugation/charge transfer’ from ‘porosity-only’ effects.
- Temperature-dependent EIS to distinguish electronic activation from ionic relaxation; expect reduced low-frequency ionic arcs and lower apparent ionic capacitance while maintaining/increasing Cint at intermediate frequencies due to pseudocapacitance.

Success criteria: (i) reduced Rct by ≥30% and reduced hysteresis index by ≥50% relative to controls; (ii) increased intermediate-frequency Cint without increased series resistance; (iii) capacitance retention rate ≥90% after 10^4 bias cycles; (iv) improved operational stability (T80 at MPP) by ≥2× with unchanged or improved PCE.","1. Theoretical/Empirical Basis: Ni3(HHTP)2 in ultrathin vdW heterostructures exhibits enhanced charge transfer and electron cloud extension (supporting fast interfacial carrier exchange and field responsiveness), while MOF-derived electrode concepts show that improved charge transfer lowers electron-transfer resistance and boosts specific capacitance with high cycling durability—an analogue for interfacial charge-buffering in PSCs.
2. Transfer Logic (How the adaptation fits the domain): PSC instability and hysteresis are strongly linked to ionic space-charge accumulation and metal-contact reactions. Converting the metal contact into a high-capacitance, fast charge-transfer ‘buffer’ layer is a direct interface-engineering approach: it reshapes interfacial band bending dynamics (modulation depth), reduces recombination at the contact, and limits ion/metal diffusion via the ultrathin ALD ion-sieve.
3. Comparative Advantage: Compared with standard SAMs or polymer interlayers that mainly tune work function, the Ni3(HHTP)2 nanosheet adds an electronically accessible pseudocapacitive reservoir that dynamically stabilizes the interfacial potential under operation, enabling higher capacitance retention under repeated bias/light cycling. Relative to thicker carbon/MOF composites, the self-limited nanosheet + sub-nm ALD cap preserves low series resistance and is compatible with low-temperature, scalable electrode processing.","This is a technically ambitious and largely well-justified proposal that goes beyond work-function tuning to address ion-driven interfacial instability via a pseudocapacitive buffering mechanism. The engineering plan is unusually detailed for a PSC interfacial study, with credible growth control, control experiments, and falsification logic. However, several points limit a near-perfect score: (i) the electrochemical interfacial polymerization of Ni3(HHTP)2 on noble metals at the 1–5 nm regime is nontrivial, and uniformity/defect tolerance across wafer-scale electrodes is assumed rather than quantitatively risk-managed; (ii) the assumption that 0.5–1 nm Al2O3 simultaneously blocks halide diffusion yet preserves low-Rct tunneling is plausible but not rigorously bounded (no tunneling-length or barrier-height estimates are provided); and (iii) the definition of ‘modulation depth’ is conceptually interesting but somewhat bespoke, risking ambiguity in interpretation relative to standard PSC interfacial field metrics. These issues do not invalidate the concept but introduce execution and interpretability risk."
"A pKa-programmed acid-modulation strategy, implemented via mechanochemical pre-coordination of salicylate modulators into Mg2(dobdc) followed by ionothermal activation, will create a perovskite–MOF nanocomposite interphase that simultaneously (i) suppresses non-radiative recombination by Lewis-base chelation of under-coordinated Pb2+ and halide-vacancy passivation and (ii) improves operational stability by immobilizing mobile ionic species (I−/Br−, MA+/FA+, and metal ions from electrodes) within a polar, size-selective MOF microenvironment. The key methodological adaptation is to replace conventional solution-phase additive/passivation (which suffers from inhomogeneous distribution and solvent-driven phase segregation) with a two-stage, solvent-minimized route: (1) mechanochemical synthesis of salicylate-modulated Mg2(dobdc) nanoparticles engineered to present a controlled density of free –COO−/–O− sites, and (2) ionothermal infiltration/activation that generates an ultrathin, perovskite-compatible interphase during film formation without introducing additional volatile solvents. Mechanistically, the salicylate pKa determines the equilibrium between (a) strongly chelating bidentate salicylate bound to Pb2+ at the perovskite surface (defect healing) and (b) salicylate anchored to Mg sites inside Mg2(dobdc) (ion-buffering and interphase robustness); tuning this balance yields an optimal interphase that increases quasi-Fermi level splitting (higher Voc) while reducing ion-migration-driven hysteresis and degradation under heat/light bias.","Step 1: Specific system setup or data preparation.
1.1 Select a high-performance baseline perovskite stack (e.g., n–i–p: glass/ITO/SnO2/perovskite/HTL/Au) using a mixed-cation mixed-halide absorber (FA/Cs, I/Br) to ensure relevance to state-of-the-art Voc and stability.
1.2 Prepare a salicylate modulator library spanning pKa and coordination strength: salicylic acid, 5-fluorosalicylic acid (lower pKa), and 5-methoxysalicylic acid (higher pKa). Define target pKa windows to bias (i) stronger deprotonation/chelation vs (ii) more neutral hydrogen-bonding.
1.3 Define the MOF target: Mg2(dobdc) nanoparticles (50–200 nm) with controlled surface terminations; establish three MOF states: pristine, salicylate-modulated (partially substituted at Mg sites), and “acid-primed” (excess free salicylate physically confined).

Step 2: Detailed implementation of the adapted methodology.
2.1 Mechanochemical synthesis (adaptation component A):
- Perform ball-milling of Mg source (e.g., MgO or Mg(OH)2) with H4dobdc and a calibrated amount of salicylic-acid derivative (modulator) under liquid-assisted grinding using a minimal, non-perovskite-damaging LAG agent (e.g., ethanol at μL mg−1 scale).
- Control modulation level by modulator:dobdc ratio and milling energy/time; aim to create missing-linker/defect-engineered Mg2(dobdc) that exposes coordinatively unsaturated Mg sites while retaining crystallinity.
- Post-milling, wash quickly to remove unbound modulator while preserving a designed fraction of confined salicylate; dry under mild vacuum.
2.2 Ionothermal activation (adaptation component B):
- Disperse mechanochemically made Mg2(dobdc)-salicylate nanoparticles into a low-volatility ionic liquid (IL) compatible with perovskite processing constraints (dry, aprotic; e.g., imidazolium-based with weakly coordinating anions). Use IL volume fractions that enable ultrathin interphase formation, not bulk IL retention.
- Apply the IL–MOF dispersion as a pre-layer on SnO2 (or as an ultralow loading additive to the perovskite precursor) and thermally treat at moderate temperature (e.g., 80–120 °C) to (i) activate/open pores, (ii) lock salicylate distribution, and (iii) promote intimate interfacial contact without conventional solvent swelling.
2.3 High-concentration solvothermal synthesis translation to film growth (adaptation component C):
- Fabricate perovskite films using high-concentration precursor inks to reduce solvent content and enhance nucleation control.
- Implement acid modulation during crystallization: add trace equivalents of the same salicylate derivative (matched pKa to MOF modulator) to the precursor to synchronize solution chemistry with the MOF interphase; this alignment is designed to prevent modulator leaching and ensure a continuous chemical potential from solution → grain boundaries → interface.
- Tune crystallization kinetics (antisolvent timing or gas-quench) to drive MOF nanoparticles preferentially to the buried interface or grain boundaries (depending on target), forming a percolation-limited nanocomposite interphase rather than a scattering-rich bulk composite.

Step 3: Rigorous validation and analytical framework.
3.1 Structural/chemical verification:
- PXRD/FTIR/solid-state NMR to confirm Mg2(dobdc) formation and salicylate incorporation mode (anchored vs free).
- XPS/UPS on perovskite films with/without MOF interphase to quantify Pb–O bonding signatures, halide vacancy-related shifts, and work-function alignment.
- ToF-SIMS depth profiling to locate salicylate and MOF distribution (buried interface vs bulk).
3.2 Optoelectronic mechanism tests:
- TRPL and absolute PLQY to extract non-radiative recombination reduction; compute implied Voc and compare to device Voc.
- SCLC or thermal admittance spectroscopy to quantify trap-density changes; EIS to assess interfacial recombination resistance and ion-migration signatures.
- Bias-stress hysteresis mapping and transient ionic drift measurements (e.g., chronoamperometry under light/bias) to test ion immobilization.
3.3 Device performance and stability:
- Compare PCE, Voc, FF, and hysteresis index across pKa series and modulation levels.
- Operational stability: ISOS-L (MPP tracking, 1 sun), ISOS-D (dark heat), and damp-heat (85 °C/85% RH if encapsulated), with failure analysis by cross-sectional SEM and chemical mapping.
3.4 Falsifiable decision criteria:
- Success is defined by simultaneous improvements: Voc increase ≥ 30 mV at matched Jsc, hysteresis reduction ≥ 50%, and T80 under MPP tracking improved by ≥ 2× vs control.
- Mechanism is supported if (i) Pb–O coordination signatures correlate with trap-density reduction and (ii) ToF-SIMS shows reduced halide/metal electrode migration into the absorber during stress.","1. Theoretical/Empirical Basis: Mechanochemical synthesis is proven to encapsulate and stabilize sensitive nanostructures in reticular frameworks, enabling solvent-minimized nanocomposite formation with high loading and preserved structure (supports scalability and stability). Separately, high-concentration solvothermal, mechanochemical, and ionothermal MOF synthesis literature demonstrates that acid modulation governed by pKa can tune crystallinity/porosity and generate new phases, including scalable Mg2(dobdc) production; this provides a validated handle for controlling modulator incorporation and defect density.
2. Transfer Logic (How the adaptation fits the domain): PSC performance is limited by interfacial trap-mediated recombination and ion migration. A salicylate-bearing Mg2(dobdc) interphase directly targets these by providing (i) chelating oxygen donors for Pb2+ defect passivation and (ii) a porous, polar scaffold that can immobilize mobile ions. Using ionothermal activation minimizes exposure of the perovskite to harmful solvents and enables formation of an ultrathin, conformal interphase compatible with scalable coating.
3. Comparative Advantage: Unlike conventional small-molecule passivators that can diffuse, desorb, or create insulating layers, the proposed MOF-anchored salicylate creates a mechanically robust, chemically buffered interphase with programmable binding strength (via pKa) and ion-capture capacity. The two-stage mechanochemical + ionothermal route addresses a key limitation—inhomogeneous additive distribution and solvent-driven variability—by pre-defining modulator location and density in a solid framework before film formation, enabling more reproducible Voc gains and longer operational stability at low additive loading.","This is a technically ambitious and largely well-constructed proposal that demonstrates strong command of both perovskite interfacial physics and MOF chemistry. The engineering resolution is high: mechanochemical modulation, controlled defect engineering in Mg2(dobdc), and ionothermal interphase formation are articulated with actionable parameters (particle size, modulation ratios, temperature windows, validation metrics). Logical consistency is generally strong, especially in linking salicylate pKa to competitive binding equilibria between Pb2+ surface passivation and Mg–salicylate anchoring. However, the central mechanistic claim—that pKa alone can reliably program this equilibrium under the complex, non-equilibrium conditions of perovskite crystallization and ionothermal treatment—is somewhat overstated. Competing factors such as local dielectric environment, IL-specific coordination, kinetic trapping, and perovskite lattice strain are not sufficiently acknowledged or decoupled experimentally. Evidence grounding is solid: the proposal stays firmly within reticular chemistry, mechanochemistry, and perovskite device physics, without importing speculative concepts. Rationale quality is high and creative, addressing a real bottleneck (inhomogeneous, unstable passivation) with a structurally novel solution. The main weakness is not feasibility but mechanistic over-determination: too many coupled variables are implicitly attributed to pKa tuning without a clear hierarchy or orthogonal controls."
"Embedding a cobalt-embedded nitrogen-doped mesoporous carbon (Co–N–mC) phase as a buried, percolated “flake-like carbon” network inside a reticular-framework encapsulant that doubles as the device-level moisture/oxygen barrier will increase perovskite solar cell operational stability without sacrificing Voc/FF by (i) enforcing a four-electron oxygen reduction pathway (electron transfer number n→4) on the carbon network before O2/H2O can reach electron-rich perovskite/ETL regions, and (ii) preventing metal/halide cross-diffusion via framework-confined Co–N sites. Methodological adaptation: instead of using a separate interfacial interlayer (rejected concept) or shell-encapsulated flakes, we will engineer a bilayer hybrid encapsulation stack where the inner sub-layer is a chemically vapor deposited (CVD) reticular film grown at low temperature (≤120 °C) that conformally seals the top electrode/transport layers, and the outer sub-layer is a framework-filled nanocomposite (reticular framework + dispersed Co–N–mC flake-like carbon) that provides a tortuous diffusion path and an ORR “sink.” This architecture relocates redox buffering from the fragile perovskite interface to the encapsulation itself, turning environmental ingress into a consumptive process rather than relying solely on passive blocking.","Step 1: Specific system setup or data preparation.
1.1 Device baseline and failure map: Fabricate high-efficiency reference PSCs in both n–i–p (FTO/SnO2/perovskite/HTL/Au) and p–i–n (ITO/SAM or PTAA/perovskite/C60/BCP/Ag) with a mixed-cation perovskite (FA/Cs–Pb(I,Br)3) to ensure sensitivity to O2/H2O and generality.
1.2 Define encapsulation-limited vs interface-limited degradation: Run accelerated tests on unencapsulated controls under (a) dry O2, (b) humid N2, (c) light + O2, (d) light + humidity to identify dominant pathways (e.g., superoxide-driven vs moisture-driven). Collect ToF-SIMS (iodide migration), XPS (surface oxidation), and JV hysteresis changes.
1.3 Encapsulation compatibility constraints: Set maximum encapsulation process temperature (≤120 °C), solvent orthogonality to top contacts, and water vapor transmission rate (WVTR) targets for the final stack.

Step 2: Detailed implementation of the adapted methodology.
2.1 Synthesize Co–N–mC flake-like carbon optimized for n≈4 ORR but electrically benign as a dispersed filler.
- Precursor: MOF-derived leaf/flake-like carbon (from a Zn-based leaf-like MOF) doped with cobalt and nitrogen source.
- Pyrolysis: two-step heat treatment (e.g., 800–900 °C under Ar then brief NH3 activation) to maximize Co–N4/graphitic-N populations while minimizing metallic Co; acid leach to remove Co(0)/CoOx nanoparticles.
- CVD adaptation (functional modification, not a perovskite-facing step): apply a short, low-carbon-dose CVD (e.g., ethanol/acetylene at 650–750 °C) on the carbon powder to selectively heal edge defects and raise graphitization so the ORR proceeds via a 4e− route (n→4) while suppressing peroxide-generating defect sites.
- Metrics: XANES/EXAFS for Co–N coordination; Raman ID/IG for graphitization; BET/porosity for mesoporous access.

2.2 Create a framework-filled nanocomposite encapsulant (reticular frameworks + dispersed flakes).
- Reticular host selection: use a hydrophobic, chemically robust COF (e.g., β-ketoenamine-linked) or Zr-MOF (e.g., UiO-type) whose pore environment can accommodate O2 while limiting water uptake.
- Nanocomposite formation (structurally novel vs rejected shell-on-flake): rather than coating each flake, disperse Co–N–mC flakes into a pre-formed COF/MOF sol or in situ framework-growth mixture to form a continuous reticular matrix with embedded conductive flakes at sub-percolation loadings (to avoid shunting). Tune loading (0.1–2 wt%) to balance catalytic sink strength and dielectric integrity.
- Add a halide/metal diffusion “getter” inside the framework: incorporate a low-density population of tethered Lewis-acidic nodes (e.g., Zr–OH or boronate sites in COF) positioned to bind migrating iodide at the encapsulation side of the electrode, preventing back-diffusion and corrosion.

2.3 Grow a conformal, low-temperature CVD reticular sealing film directly on the finished device (key adaptation).
- Film type: an ultrathin (20–80 nm) organosilicate or alucone-like hybrid grown by low-temperature iCVD/MLD (initiated CVD or molecular layer deposition) that functions as a reticular diffusion barrier with controllable free volume.
- Process: deposit on the completed top electrode/transport layer at ≤100–120 °C; tune monomer/crosslinker ratio to create a “reticular framework-like” nanoporosity that allows O2 access to the outer sink layer while strongly impeding H2O transport.
- Rationale: this sealing film prevents direct moisture contact and delaminations, while the outer nanocomposite layer intercepts and consumes O2/ROS.

2.4 Assemble the bilayer encapsulation stack (no interfacial insertion).
- Layer A (inner): CVD reticular sealing film on device.
- Layer B (outer): coat the framework-filled Co–N–mC nanocomposite as a mechanically compliant overlayer (blade/slot-die compatible) and laminate with a commercial barrier (glass or flexible) using a low-permeability edge seal.
- Control stacks: (i) commercial barrier only, (ii) CVD sealing film only, (iii) framework matrix only, (iv) nanocomposite without Co (N-doped carbon only), (v) nanocomposite with metallic-Co-containing carbon (intentional negative control).

Step 3: Rigorous validation and analytical framework.
3.1 Prove four-electron ORR mechanism and quantify n in encapsulation-relevant conditions.
- RRDE on films made from the nanocomposite to measure electron transfer number (n) and peroxide yield; compare Co–N–mC vs N–C vs defect-rich carbon.
- Solid-state proxy: build oxygen-permeation cells (electrode/nanocomposite/barrier) and quantify H2O2/superoxide formation under illumination using scavenger chemistry (e.g., Amplex Red for peroxide where applicable) and EPR spin trapping for superoxide.

3.2 Link redox sink behavior to suppressed PSC degradation (mechanistic causality).
- Operando illumination aging in controlled atmospheres: dry O2, humid air, and 1-sun MPP at 25 °C and 65 °C; quantify T80 and failure signatures.
- Detect ROS at/near the encapsulation layer rather than at the perovskite: incorporate a thin, replaceable ROS-indicator layer between sealing film and nanocomposite (fluorogenic or EPR-active) to localize where ROS is generated/consumed.

3.3 Confirm no electrical penalties and no metal/ion contamination.
- Verify that encapsulation does not alter series resistance or electrode work function: 4-probe sheet resistance, Kelvin probe, and contact resistance mapping.
- ToF-SIMS depth profiling post-aging: track iodide migration toward the electrode and any Co diffusion; expectation is Co remains confined in the outer nanocomposite and does not enter the device stack.
- Cross-sectional TEM/EDX of the sealing film continuity and absence of pinholes.

3.4 Scale-relevance and reliability.
- Apply the bilayer encapsulation on 10–25 cm^2 mini-modules; evaluate uniformity (optical inspection + WVTR mapping if available) and PCE distribution.
- Mechanical/thermal cycling: damp-heat (85 °C/85% RH) and thermal cycling tests with edge-seal integrity monitoring; correlate barrier failure with device degradation to separate encapsulation defects from intrinsic PSC decay.","1. Theoretical/Empirical Basis: Asset 3 establishes that Co/N-doped mesoporous carbon with flake-like morphology can drive ORR with electron transfer number near four (n≈4), implying reduced formation of long-lived peroxide/superoxide intermediates. Assets 1–2 demonstrate that reticular frameworks and encapsulation strategies can stabilize nanoscale active components and that vapor-based infiltration/formation routes can create confined, controllable porous composites. In PSCs, oxygen-driven superoxide at electron-rich regions is a known initiator of degradation; relocating oxygen conversion to a dedicated sink in the encapsulation provides a chemically grounded mitigation route.
2. Transfer Logic (How the adaptation fits the domain): PSCs fail because O2/H2O ingress and light/bias generate ROS at sensitive internal interfaces. The proposed adaptation moves the reactive chemistry outside the electronic stack: a CVD-grown reticular sealing film provides conformal, low-temperature hermeticity compatible with PSC processing, while the outer reticular-framework nanocomposite consumes oxygen/ROS via a 4e− pathway before it reaches the device. This directly targets stability without modifying the perovskite crystallization or introducing recombination-active additives at the perovskite/ETL interface.
3. Comparative Advantage: Compared with standard passive encapsulation, this is an active, mechanistically targeted encapsulation that converts environmental oxygen into benign products with minimized peroxide yield (n→4), reducing the effective oxidant activity experienced by the device. Compared with interfacial catalyst layers (rejected approach), it avoids shunting, energetic disorder, and metal diffusion risks by physically separating Co–N sites from the perovskite and transport layers. The bilayer design is scalable (CVD sealing + coat/laminate) and allows independent optimization of barrier properties and redox-sink capacity.","This is a technically ambitious and largely well-reasoned proposal with unusually high engineering resolution for an encapsulation-focused PSC stability concept. The bilayer architecture is clearly specified, the rejection of interfacial catalyst layers is logically justified, and the validation plan appropriately targets causality rather than correlation. The strongest aspects are (i) the mechanistic relocation of oxygen chemistry to the encapsulation, (ii) the insistence on n≈4 verification under solid-state, illumination-relevant conditions, and (iii) thoughtful negative controls addressing Co diffusion and shunting risks.

Score deductions arise from several residual weaknesses. First, the assumption that sufficient O2 flux will reach the outer nanocomposite through the inner CVD sealing film—while H2O is strongly impeded—is plausible but not quantitatively modeled; no permeability/selectivity targets (PO2 vs PH2O) are specified beyond WVTR. Second, the long-term chemical fate of reduced oxygen (e.g., accumulation of OH−, local pH shifts, or framework degradation) within a sealed encapsulation volume is not addressed. Third, the low-temperature CVD/MLD ‘reticular’ films are described conceptually but without sufficient chemical specificity (exact monomer systems, linkage chemistry, or demonstrated compatibility with Ag/Au electrodes), which slightly weakens engineering certainty. Finally, while Co–N confinement is emphasized, the proposal does not fully address potential electrochemical activity under bias if the outer nanocomposite becomes partially percolated to the electrode through defects."
"We hypothesize that an ultrathin (5–20 nm), pinhole-free reticular-framework interlayer containing atomically precise metal nanoclusters functions as an *electrochemically closed, light/bias-regenerated redox catalyst* at the buried perovskite/transport-layer interface, thereby suppressing non-radiative recombination and chemically intercepting interfacial degradation intermediates. In contrast to the originally implied ‘hydrogenation’ (which lacks a sustainable H2/H• source in a solid-state PSC stack), the operative catalytic cycle is designed as a *proton-coupled electron transfer (PCET)/single-electron transfer (SET) radical-quenching loop* that is natively supported by PSC operating conditions: photogenerated carriers and built-in fields provide electrons/holes, while interfacial ammonium species (FA+/MA+), residual protic defects, and/or tethered weak H-donors within the framework provide protons/H-atom equivalents at low, non-sacrificial levels. The reticular framework provides (i) a size- and polarity-selective microenvironment that concentrates reactive organic radicals/cations near catalytic sites; (ii) Lewis-base coordination/passivation (imidazolate/imine nodes) to reduce interfacial trap density and halide-vacancy activity; and (iii) a tunable ionic/physical barrier to suppress I−/Br− migration and additive diffusion.

Closed catalytic cycle (buried interface, illumination/bias): (1) Degradation generates oxidized/radical organic species near the HTL side (e.g., spiro-OMeTAD•+, spiro-OMeTAD-derived peroxyl/alkoxyl radicals; iodide/triiodide-mediated organic iodination fragments; FA/MA-derived iminium/alkyl radicals) and halogen radicals/oxidants (I2/I3−, Br2/Br3−, IOx). (2) Confined metal nanoclusters (Au25 or Pt clusters) act as redox mediators that accept an electron from the perovskite (or inject to the HTL depending on placement), reducing organic radical cations to closed-shell neutrals (SET quench) and/or reducing I2/I3− back to I−, while the framework’s basic sites buffer/protonate transient anions to complete PCET without net consumption of a stoichiometric H-donor. (3) The cluster is regenerated by the opposite carrier flux under operating bias (electrons replenished from perovskite for an interlayer on the HTL side; holes for ETL-side placement), yielding a true catalytic loop. Any minor H-atom transfer step is supported by tethered, non-volatile weak H-donors grafted at low density onto the framework (e.g., benzimidazoline-like motifs or hindered phenolic groups) that are themselves electrochemically regenerated by photocarriers, avoiding finite ‘sacrificial scavenger’ behavior.

Therefore, stability gains will be attributable to *catalytic redox quenching of specific interfacial radicals/oxidants* plus conventional passivation/barrier effects, with the catalytic contribution isolated by poisoning/isostructural controls and quantified by operando tracking of target signatures and turnover-per-area under realistic stress.","Step 0 — Define targets, markers, and success criteria (before materials build).
A. Target reactive species (interface-proximal) and diagnostic signatures to track catalysis:
  1) spiro-OMeTAD•+ (and related HTL oxidized states): UV–vis–NIR absorption feature commonly near ~500–550 nm and broad NIR tail; EPR signal (g ~2.003) characteristic organic radical cation. Track via operando UV–vis (through semi-transparent top electrode) and operando EPR on simplified stacks.
  2) I2/I3− oxidants at interfaces: UV–vis features (I3− ~290/360 nm, I2 broad visible), operando Raman (I3− modes), and ToF-SIMS depth profiles for polyiodides/iodinated organics.
  3) Organic carbonyl/peroxide formation from HTL/additives: operando ATR-FTIR markers—C=O stretch ~1700–1750 cm−1 (esters/ketones/aldehydes), O–O stretches (weak, ~800–900 cm−1), and changes in aromatic C–N/C=C bands indicating HTL backbone oxidation. Correlate with GC–MS/thermal-desorption MS on dismantled devices to identify volatile fragments.
  4) FA/MA fragmentation products (stack-dependent): FTIR/NH bending changes (1500–1650 cm−1), CN-related modes (~2100–2200 cm−1 if nitrile-like species form), and MS fragments (e.g., CH3NH2, NH3, HNCO) using headspace MS on encapsulated mini-cells.
B. Quantitative performance criteria:
  - Catalysis-specific metric: reduction in steady-state spiro-OMeTAD•+ fraction (operando EPR/optical) and reduced net polyiodide signal at the buried interface at identical photovoltage.
  - Device metric: ≥50 mV Voc increase or ≥2× TRPL lifetime increase vs. no-interlayer control while maintaining FF (ΔRs < 0.2 Ω·cm2).
  - Stability: T95 > 1000 h at 60–85 °C under MPP tracking (depending on baseline) with mechanistic markers showing suppressed oxidized/radical species.

Step 1 — Reticular-framework interlayer design with transport/band strategy.
A. Framework choice and film growth (low-damage, conformal):
  - Primary scaffold: ultrathin ZIF-8-like imidazolate framework (hydrophobic, iodide-resistant) or an imine-linked COF (π-conjugated, tunable energetics).
  - Growth approach: seed-assisted, room-temperature or ≤60 °C vapor/solution hybrid growth to avoid perovskite dissolution. Use a self-limiting ‘surface-primed’ protocol: deposit a 0.5–1 nm organic primer (e.g., bifunctional imidazole/amine SAM) on perovskite to promote uniform nucleation; then grow 5, 10, 20 nm films with controlled cycles.
  - Conformality/pinhole targets: >95% areal coverage with no percolative pinholes over 10×10 µm2 (conductive-AFM mapping threshold), thickness uniformity ±10% (ellipsometry/XRR).
B. Energy-level alignment and conductivity budget:
  - Placement option 1 (perovskite/HTL): interlayer must not block hole extraction. Target interlayer work function/valence alignment by UPS/KPFM: effective surface WF 4.9–5.2 eV and minimized interfacial dipole. Use COF with electron-poor linkers or incorporate p-type dopant moieties at <1 mol% (non-diffusing) to raise WF.
  - Placement option 2 (perovskite/ETL): target WF 4.2–4.5 eV and low electron barrier.
  - Conductivity strategy: keep film ≤10 nm for insulating ZIF-type; for 10–20 nm films, prefer π-COF with through-plane conductivity enhanced via controlled partial oxidation or redox-active linkers (no mobile dopants). Ensure Rs penalty <0.2 Ω·cm2 from TLM/impedance.

Step 2 — Mechanochemical nanocluster encapsulation and ‘redox mediator’ activation.
A. Nanocluster selection and loading:
  - Use Au25(SR)18 and Pt-cluster analogs (size <2 nm) as redox mediators; select ligand sets that are stable and non-iodide-leachable (aromatic thiolates/imidazolates).
  - Mechanochemical encapsulation (solid-state) into pre-formed MOF/COF powders to preserve geometry (per Asset 1 logic), then disperse as a ‘building block ink’ for thin-film formation; or perform mechanochemical pre-loading of nanoclusters into framework seeds followed by thin-film growth to lock clusters into pores.
  - Loading target: 0.05–0.5 wt% metal equivalent (screened) to avoid parasitic absorption/work-function shifts; confirm by ICP-MS and XPS depth profiling.
B. Maintain optoelectronic quality:
  - Verify no added sub-gap absorption (photothermal deflection/UV–vis) and no PL quenching in the dark (steady-state PL maps) beyond expected interfacial extraction.
  - Confirm clusters remain atomically precise post-integration: XAFS (EXAFS coordination), HAADF-STEM on model films, and ligand fingerprints (FTIR/XPS S 2p).

Step 3 — Engineer a truly closed PCET/SET catalytic loop (no external H2).
A. Primary mechanism: SET quench + oxidant reduction.
  - Demonstrate that the cluster reduces spiro-OMeTAD•+ (or analogous HTL radical cations) at the interface by operando EPR decrease under illumination at fixed bias, with simultaneous recovery when illumination is removed (regeneration signature).
  - Demonstrate reduction of I2/I3− to I− by operando Raman/UV–vis and by decreased polyiodide depth signal in ToF-SIMS after stress.
B. Optional auxiliary H-atom shuttle (electrochemically regenerated, non-volatile):
  - Graft low-density tethered weak H-donor motifs onto the framework (e.g., benzimidazoline-like or hindered phenol) that can cycle between H-donor and oxidized form and be electrochemically regenerated by photocarriers. Confirm grafting by solid-state NMR/FTIR and ensure immobility (no diffusion into perovskite).
  - Prove regeneration electrochemically in solid films: cyclic voltammetry/chronoamperometry on interlayer-coated electrodes under illumination to show repeatable redox cycling without capacity fade.

Step 4 — Device integration with explicit control matrix that decouples catalysis vs barrier/passivation.
A. Device stacks:
  - n–i–p: ITO/SnO2/perovskite/(interlayer)/spiro-OMeTAD/Au.
  - p–i–n: ITO/NiOx(or SAM)/perovskite/(interlayer)/C60/BCP/Ag (if interlayer placed on ETL side).
B. Controls (mandatory):
  1) No interlayer.
  2) Framework only (same thickness/pore size).
  3) Framework + clusters with catalytic site blocked/poisoned (thiol or CO probe; or bulky ligand exchange that preserves optics but disables redox activity).
  4) Isostructural ‘non-redox’ cluster control (e.g., closed-shell metal salt/cluster with similar size but minimal redox mediation).
  5) Thickness series (5/10/20 nm) and pore-size/chemistry series (ZIF vs COF; functionalized vs non-functionalized).
C. Morphology/electrical validation:
  - Cross-sectional TEM/EDX to confirm continuous layer and buried interface integrity.
  - Conductive-AFM and Kelvin probe mapping to verify pinhole-free coverage and controlled surface potential.
  - UPS/KPFM to verify targeted WF and absence of large dipole-induced barriers.

Step 5 — Quantify catalytic turnover/capacity (beyond sacrificial scavenging).
A. Define an areal turnover metric under operation:
  - TON_areal = (moles of oxidized/radical species suppressed or reduced, integrated over time) / (moles of metal-cluster active sites per area).
  - Estimate numerator from calibrated operando EPR (spin count per area) and operando optical/Raman of I3− with known extinction coefficients, cross-validated by post-mortem chemical analysis (extracted HTL species quantified by HPLC/GC–MS).
B. Show sustained cycling:
  - Run repeated light/bias on/off perturbation while monitoring EPR/optical signatures; catalytic behavior is indicated by reversible suppression with minimal drift over hundreds of cycles, unlike finite scavengers.

Step 6 — Aging tests tied to mechanistic readouts.
  - Stress protocols: ISOS-L2 (continuous 1 sun, 65 °C), MPP tracking; and bias-stress at Voc and at MPP.
  - Couple performance decay to mechanistic markers: if catalysis is operative, oxidized HTL markers (EPR/FTIR carbonyl growth) and polyiodide signals should be lower at identical charge throughput.","1) Addresses the missing hydrogen source by replacing ‘true hydrogenation’ with a realistic buried-interface catalytic cycle: SET/PCET redox quenching driven by photocarriers and built-in electric fields. This is electrochemically closed because the metal nanocluster is regenerated by carrier flow during operation rather than by an external reagent. Any auxiliary H-atom shuttle is tethered, non-volatile, and demonstrably regenerable, preventing finite sacrificial behavior.

2) Grounds ‘targets’ in plausible PSC interfacial chemistry and defines unambiguous markers: oxidized HTL radicals (EPR/operando optical), polyiodides (Raman/UV–vis/ToF-SIMS), and oxidation products (ATR-FTIR carbonyl growth + MS fragments). This enables attribution of stability gains to catalytic conversion/suppression rather than generic barrier/passivation.

3) Engineering realism: the proposal sets explicit interlayer thickness, pinhole/coverage metrics, and band-alignment targets measurable by UPS/KPFM, plus an Rs budget verified by impedance/TLM. It anticipates the insulating nature of many MOFs by (i) limiting thickness to ≤10 nm where appropriate, and/or (ii) selecting π-COFs for thicker films.

4) Risk of metal-induced recombination is explicitly controlled by ultra-low cluster loading, preserved atomic precision via mechanochemical encapsulation (Asset 1 logic), and mandatory optical/electronic checks for sub-gap absorption and PL quenching. The multilayer integration concept is aligned with established MOF thin-film multilayers (Asset 2) but translated to PSC-compatible temperatures/solvents.

5) Decoupling catalysis from passivation/barrier effects is built into the control matrix (framework-only, poisoned clusters, non-redox isostructural cluster, thickness/pore series). Quantification of TON/TOF-per-area from operando EPR/optical signatures directly answers the reviewer demand that the effect exceeds sacrificial capacity over relevant operational hours.","The proposal is unusually strong in experimental resolution and in anticipating the key reviewer objection (no sustainable H source), substituting a plausible, device-native SET/PCET redox-mediator cycle and explicitly planning operando mechanistic readouts and catalysis-specific controls. However, the mechanistic closure is still under-specified at the level required to exclude “hidden sacrificiality” and interfacial side reactions: (i) the true proton source/sink and charge-balancing pathway at a buried solid interface is not quantitatively bounded (local availability, pKa/acid–base equilibria, and how PCET steps avoid net chemical consumption over 1000 h); (ii) the redox potentials/kinetics of Au25/Pt clusters inside a ZIF/COF microenvironment vs spiro-OMeTAD•+ and I3− are asserted but not parameterized (no explicit potential window, reorganization/transport limits, or expected rate constants), making the “catalytic loop” plausible yet not mechanistically inevitable; (iii) insulating-framework transport remains a major risk—≤10 nm helps, but the proposal lacks a concrete through-plane carrier-transfer model (tunneling vs hopping vs pinhole-assisted) and a plan to prove that the same film that is pinhole-free is also not extraction-blocking; (iv) the poisoning controls suggested (CO/thiol) may be incompatible with a buried, encapsulated cluster and may themselves perturb energetics or introduce traps—alternative, chemically orthogonal deactivation strategies are needed; (v) TON_areal based on “suppressed species” is conceptually attractive but metrologically fragile because suppression is not equivalent to catalytic turnovers without a closed mass balance (e.g., distinguishing reduced conversion vs prevented formation vs spatial redistribution). Finally, the required concept chain is only partially satisfied: olefin hydrogenation is not functionally leveraged as an analogy with transferable mechanistic constraints (H2 activation, surface hydride chemistry, Sabatier/volcano considerations) or as a measurable surrogate reaction validating the catalytic competence of the embedded clusters in the same framework/film form factor."
"A film-safe, confined-force liquid-assisted grinding (LAG) protocol can nucleate a nanoconformal (2–10 nm) ZIF-8 interlayer on perovskite thin films without mechanically or chemically damaging the absorber, while enabling *spatially confined* additive loading (pore-fit ions/pseudohalides and separately surface-anchored redox dopants). The interlayer improves device Voc/FF and operational stability by simultaneously: (i) passivating undercoordinated Pb2+ and halide-vacancy-associated surface sites through imidazolate Lewis-base interactions at the ZIF-8/perovskite boundary, (ii) increasing the activation barrier for ionic drift (I−/A-site) across the perovskite/transport-layer interface by a microporous, size/solvation-selective diffusion path, and (iii) preventing uncontrolled additive/dopant redistribution via confinement (true pore occupation) or via tethered surface adsorption (non-pore regime). 

To resolve the reviewer-identified transport-vs-blocking contradiction, we explicitly model the MOF as an ultrathin, electronically wide-gap barrier where charge extraction proceeds by interfacial tunneling/hopping across a thickness-controlled layer and by percolative ‘thin-spot’ continuity that must remain below a pinhole threshold. Therefore, device benefit exists only in a gated window where ZIF-8 is (a) continuous enough to suppress ion migration and interfacial chemical cross-talk, yet (b) thin/low-barrier enough that the added contact resistance and band-offset perturbation remain below predefined acceptance criteria. The proposal’s central claim is that mechanochemical (solid-state) growth—validated in reticular frameworks as a route that preserves fragile guests and enables high loading capacity—can be translated to perovskite interfaces *only* when mechanical energy is delivered through a compliant, temperature-controlled, shear-limited architecture and when chemical compatibility is bounded by stoichiometry/band-alignment gates.","A. Primary risk-gated milestone: film-safe LAG-on-film protocol (non-destructive mechanochemical growth)
A1. LAG architecture (confined vibrational stamping, not open grinding):
- Build a ‘compliant LAG stamp’ module: a flat elastomeric layer (e.g., PDMS or FKM) backed by a rigid carrier, mounted on a piezo/vibration stage (100–300 Hz) with controlled lateral amplitude (10–50 µm) and controlled normal force (0.1–2.0 N over 1 cm^2; report as kPa).
- Reagents are delivered as a microdosed thin precursor film *on the stamp*, not directly poured on perovskite: Zn source (zinc acetate dihydrate) + 2-methylimidazole (2-MeIm) in ethanol (or ethanol/isopropanol) at total liquid volume ≤ 2–10 µL per 1 cm^2. Target ‘wet’ condition is LAG (liquid-to-solid η << 1), not solution deposition.
- Thermal safety: stamp incorporates a thin thermocouple near the contact plane; reject runs where ΔT at interface exceeds +5 °C (to avoid local heating and phase segregation).
- Exposure time: 10–120 s per cycle; multi-cycle growth (1–5 cycles) to tune thickness while minimizing single-cycle shear.

A2. Damage quantification as a go/no-go gate (performed on perovskite films before any device integration):
- AFM: RMS roughness change ΔRq ≤ +2 nm; no new high-aspect features.
- SEM: crack density ≤ 0.1 cracks per 100 µm^2 (defined by automated image segmentation).
- GIWAXS: mosaic spread change ≤ 10% relative; no new PbI2 peak growth beyond +5% integrated intensity (for compositions where PbI2 is present).
- Photophysics: absolute PLQE reduction ≤ 10% (at matched excitation density); TRPL lifetime not reduced by >15% (if reduced more, implies damage/trap creation).
Only if all four gates are passed does the protocol advance to chemical compatibility and interlayer-function evaluation.

B. Chemical compatibility + formation mechanism deconvolution (bounding Zn/imidazole interactions)
B1. Mechanism mapping on controlled perovskite surfaces:
- Use a single fixed perovskite composition initially (e.g., (FA0.83Cs0.17)Pb(I0.9Br0.1)3) with a standardized surface condition (choose one, then lock it for DoE in Section E). Prepare two *mechanistic* variants only for compatibility studies: PbI2-rich vs halide-rich surface.
- Apply LAG-stamp ZIF-8 growth with sub-stoichiometric precursors (Zn:2-MeIm ratios selected to limit growth). 

B2. Acceptance criteria for chemical compatibility (explicit bounds):
- Surface stoichiometry (XPS): Pb:I ratio change at the outer 3–5 nm ≤ 10% relative to pre-LAG; Zn incorporation into perovskite region (angle-resolved XPS/ToF-SIMS) must remain confined to the interlayer (no detectable Zn signal beyond 10 nm into perovskite).
- New chemical phases: no detectable Pb–imidazolate bulk phase signature in GIWAXS; any Pb–N coordination signatures in XPS/FTIR must be confined to interfacial region and correlate with reduced trap density (Section D), not increased series resistance (Section C).
- Band alignment perturbation: UPS/KPFM work-function shift at perovskite surface after ZIF-8 ≤ 0.20 eV unless intentionally tuned via dipolar guests (then the direction/magnitude must be consistent with improved extraction and unchanged Rs gate).

B3. Structural conformality/continuity quantification (explicit continuity threshold):
- Cross-sectional TEM (multiple lamellae per sample) and STEM-EDS mapping for Zn/N continuity.
- Pinhole density gate: use conductive-AFM (c-AFM) or electron-beam induced current (EBIC) mapping to quantify electronically ‘short’ spots. Acceptance: ≤ 1 pinhole per µm^2 for 2–10 nm films.

C. Transport/conformality model and functional acceptance criteria (transport vs blocking)
C1. Interlayer transport model (used to set thickness/loading limits):
- Treat ZIF-8 as a wide-gap barrier; extraction across MOF/perovskite contact is modeled by tunneling/hopping with exponential thickness dependence. Operationally we fit added interfacial resistance vs thickness to an exp(d/λ) form from contact-resolved measurements.

C2. Explicit electronic acceptance gates (must be met before stability claims):
- Added series/contact resistance: ΔRs ≤ 0.5 Ω·cm^2 (from impedance high-frequency intercept and/or TLM on dedicated test structures).
- Charge-transfer resistance across interface: Rct increase ≤ 2× relative to no-MOF control (from impedance semicircles and/or selective-contact PL quenching kinetics).
- JV impact gate (device-level): FF loss ≤ 1.5% absolute compared to thickness-matched inert interlayer control; if worse, thickness/guest loading is reduced.

D. Guest strategy split into two non-confounded regimes (pore-fit vs surface-anchored)
D1. Regime 1: true pore-fit guests (ZIF-8 window ~3.4 Å) for confinement-driven loading.
- Candidate classes (selected for small ionic/linear dimensions):
  (i) Alkali cations: Li+, Na+, K+, Rb+ (introduced as iodide or triflate salts; counterion chosen for volatility/compatibility),
  (ii) Pseudohalide/linear ligands: SCN−, OCN−, N3− (size/shape compatible),
  (iii) Small neutral Lewis bases/acids that can occupy pores without blocking: acetonitrile-like small nitriles or small imidazoles (used only if they do not dissolve perovskite under LAG conditions).
- Loading method: one-pot co-milling/co-stamping during ZIF-8 formation (Asset 1 logic: mechanochemical encapsulation preserves guests and enables high loading) versus post-synthetic vapor uptake (benchmark).
- Quantification: ICP-MS (alkali), ion chromatography (SCN−/OCN−), TGA, and ToF-SIMS depth profiling (confirm confinement to interlayer).

D2. Regime 2: intentionally surface-anchored redox-stable ‘dopants’ (not claimed to enter pores).
- Replace the previous vague ‘molecular p-dopants in pores’ claim with a surface-anchoring strategy: dopants are tethered/adsorbed onto the *outer* ZIF-8 surface or at grain-boundary-accessible external surface area, avoiding the 3.4 Å window constraint.
- Selection criteria: redox-stable, iodide-tolerant, minimal diffusion; use bulky dopants (e.g., cobalt complexes or fluorinated acceptors) only in this surface-anchored mode. Verify by depth-sensitive ToF-SIMS: dopant signal confined to top 5–10 nm from HTL side.
- Separate control: apply identical dopant amount directly to HTL/perovskite interface without MOF (“same-loading/no-MOF” control required by reviewers).

E. Factorial design-of-experiments (DoE) for causal inference (fixed perovskite chemistry)
E1. Lock perovskite composition and processing (single recipe) for the DoE. Only after identifying optimal interlayer window do we test the second stack polarity.
E2. 3-factor factorial DoE (minimum):
- Factor 1: ZIF-8 thickness (2 nm, 5 nm, 10 nm; measured by TEM/ellipsometry).
- Factor 2: guest loading (low/medium/high; quantified in mmol guest per g MOF or areal density per cm^2).
- Factor 3: placement (perovskite/ETL vs perovskite/HTL).
- Include two guest regimes as separate DoEs (pore-fit vs surface-anchored) to avoid conflation.
- Mandatory controls: (i) no-MOF baseline; (ii) inert nanoporous interlayer of matched thickness (no Lewis sites); (iii) solution-grown ZIF-8 of matched thickness; (iv) same-loading/no-MOF control.
- Replicates: ≥ 6 devices per condition; randomize run order to reduce drift.

F. Direct interfacial charge-transfer measurements (prove ion-blocking does not kill extraction)
F1. Selective-contact PL quenching kinetics:
- Compare perovskite/ZIF-8/ETL and perovskite/ZIF-8/HTL stacks to quantify extraction rate constants vs thickness/loading.
F2. Transient absorption (TA) on complete interfacial stacks:
- Monitor carrier decay components assigned to interfacial transfer vs bulk recombination; confirm that ZIF-8 does not introduce a slow extraction bottleneck at the optimal thickness.
F3. Contact resistance extraction:
- TLM or c-AFM based local I–V mapping to correlate pinholes/continuity with transport.

G. Ion-migration suppression and stability validation (performed only after gates A–C are met)
G1. Bias-stress ToF-SIMS depth profiles (I−/A-site/alkali) pre/post stress to quantify drift length suppression.
G2. Temperature-dependent impedance to extract ionic activation energy changes (low-frequency features).
G3. Stability: ISOS-L MPP tracking + ISOS-D 85 °C + humidity 50–65% RH; include Au/I− corrosion test to verify barrier function.

H. Two-stack generalization (only after optimal window established)
- Transfer the optimal interlayer recipe to the complementary p–i–n architecture (and vice versa) to test polarity sensitivity without re-optimizing all variables.","1) Why mechanochemical growth is feasible and safer than solution MOF deposition: Asset 1 establishes that mechanochemical routes preserve fragile functional species and enable high loading in reticular frameworks under mild conditions, avoiding liquid-phase degradation pathways. Translating this to perovskites requires eliminating abrasive ‘grinding’ on films; therefore, we replace open milling with a confined-force compliant stamping LAG that controls shear, normal force, solvent microdose, and temperature. This directly addresses the reviewer’s film-damage risk by making damage quantification (AFM/SEM/GIWAXS/PLQE) the first gated milestone.

2) How chemical compatibility is bounded rather than assumed: ZIF-8 precursors (Zn salts/2-MeIm) can in principle etch or exchange with Pb/I surfaces. We therefore define explicit acceptance criteria for stoichiometry drift (XPS bounds), Zn penetration (depth profiling), phase formation (GIWAXS), and band alignment shifts (UPS/KPFM). These gates operationalize the hypothesis: interfacial Pb–N/Lewis-base interactions are only ‘passivating’ if they occur without unacceptable stoichiometry change or transport penalty.

3) Resolving transport vs blocking with a measurable model and gates: An ion-blocking continuous ZIF-8 film can also add electronic resistance. We handle this by (i) constraining thickness to an ultrathin window (2–10 nm for the main DoE), (ii) quantifying pinhole density and continuity, and (iii) hard-gating added contact/series resistance (ΔRs, Rct) and allowable band-offset perturbation. This converts the conceptual contradiction into an optimization problem with reject criteria.

4) Guest-loading realism aligned to ZIF-8 apertures: The proposal no longer claims that typical bulky molecular HTL dopants are pore-confined. Instead, guests are split into (a) pore-fit ions/pseudohalides compatible with the ~3.4 Å window (true confinement, tested by uptake quantification and depth profiling) and (b) intentionally surface-anchored redox dopants that remain outside pores and are verified as such by ToF-SIMS. This prevents conflating pore confinement with external adsorption.

5) Causality through factorial DoE and mandatory same-loading/no-MOF controls: Reviewer concern about multi-variable ambiguity is addressed by locking perovskite chemistry during DoE, using a factorial design (thickness × loading × placement), and including controls that decouple additive identity from confinement. This ensures that any stability/Voc gains can be attributed to confinement and interfacial chemistry rather than uncontrolled co-variation.

6) Added direct evidence that extraction remains efficient: Beyond JV/PL, the plan includes selective-contact PL quenching kinetics, transient absorption, and contact-resistance extraction to directly test whether ZIF-8 introduces a charge-transfer bottleneck. Only conditions passing the transport gates proceed to long-term stability tests, ensuring claims are supported by interfacial kinetics rather than endpoint device metrics alone.","Methodologically, the proposal is unusually well-engineered for a high-risk interface concept: it specifies actuation conditions, solvent microdose limits, temperature rise rejection, quantitative damage metrics, continuity/pinhole criteria, and explicit electronic-transport acceptance gates before stability claims. The central logical contradiction (ion-blocking vs charge extraction) is addressed in a falsifiable way via a thickness-window model and resistance/FF gates, which is a major strength. Deductions are warranted because several key assumptions remain under-determined: (i) ZIF-8 nucleation/growth kinetics on an ionic, defect-rich halide perovskite under microdosed alcohol LAG are not linked to a predictive parameter (e.g., η, local supersaturation, or coordination competition), so “2–10 nm conformal and continuous” remains plausible but not yet mechanistically anchored; (ii) the chemical-compatibility gates (e.g., Pb:I drift ≤10%, Zn penetration cutoff) are good safety metrics but not directly tied to device-relevant interfacial chemistry (e.g., which specific Pb-N motifs are benign vs resistive), leaving passivation vs contact poisoning partially ambiguous; (iii) the ion-blocking claim relies on microporosity/size selectivity, but ZIF-8 under alcohol/water exposure and in contact with halides can exhibit defect formation or partial amorphization—this could short-circuit the “selective diffusion path” argument unless framework integrity is explicitly tracked under operating-like environments; (iv) pinhole criterion (≤1/µm^2) is stated but not converted into an expected macroscopic leakage/current penalty model, so it is not yet clear that the threshold is sufficient for high-area devices."
"Embedding a *pre-screened, aprotic-selective* M–N4 single-atom catalyst (SAC) population (Fe/Co as starting points, expanded to Mn/Ni and metal-free N–C comparators) inside a *chemically neutralized, largely non-faradaic* polyaniline (PANI) interlayer—optionally separated from the perovskite by an ultrathin inert diffusion barrier—will improve perovskite solar cell (PSC) operational cyclic stability under O2 exposure by two coupled, PSC-relevant mechanisms that are explicitly validated in solid-state stacks.

Mechanism A (ROS pathway control in the *actual PSC potential window*): At the SnO2/perovskite (electron-rich) and perovskite/C60 interfaces, photogenerated electrons can reduce O2 to superoxide (O2•−) under aprotic/trace-water conditions; with more water/proton availability, downstream HO2•/H2O2 can form. The SAC motifs are engineered and selected to *minimize steady-state surface population and release of O2•−/peroxide-equivalent species* by favoring either (i) stronger O2 binding and faster follow-up electron transfer/chemical quenching to less aggressive bound intermediates, or (ii) controlled oxygen scavenging at the interlayer that prevents O2 access to the perovskite while avoiding formation of diffusible ROS. Crucially, the proposal no longer assumes aqueous 4e− ORR translation; instead it defines quantitative, stack-level targets in aprotic/trace-water conditions: ≥5× reduction in operando O2•− signal and ≥3× reduction in H2O2-equivalent yield (relative to no-interlayer control) at matched illumination and bias.

Mechanism B (transient charge buffering without PANI redox side-effects): A thin, doped PANI matrix can provide EDLC-like interfacial capacitance that smooths light on/off and bias transients, suppressing charge pile-up, interfacial band-bending spikes, and the electric-field-driven ion migration that accelerates non-radiative recombination and chemical degradation. To avoid conflating beneficial non-faradaic buffering with harmful PANI pseudocapacitance/redox (which can introduce slow processes, hysteresis, and chemical reactivity), PANI is constrained to a defined oxidation state and crosslinked/neutralized so that within the PSC operating bias range it exhibits *predominantly bias-independent capacitance and minimal faradaic current*. Acceptance criteria are explicitly set: added low-frequency capacitance that is stable with bias (ΔC/C < 20% from 0 V to Voc), hysteresis index increase ≤0.02 absolute, and no new slow time constants (>1 s) dominating the impedance spectra under illumination.

By combining (A) verified ROS suppression under solid-state, low-water conditions with (B) non-faradaic capacitive buffering, while (C) enforcing perovskite-benign chemical boundaries (barrier + leaching specifications), the interlayer is designed to stabilize PSCs under oxygen and cycling without sacrificing Voc/FF.","Stage-gated execution to prevent parameter sprawl; each gate has hard acceptance metrics before expanding scope.

STAGE 0 — Define the PSC-relevant oxygen electrochemistry window and products (solid-state, low-water; device-relevant stacks)
0.1 Build “half-stack” test coupons that reproduce the two critical oxygen-active interfaces with controlled accessibility to O2:
- Electron-side: glass/ITO/SnO2/interlayer(optional)/perovskite (top surface capped with an inert O2-permeable layer or left exposed depending on experiment).
- Fullerene-side: glass/ITO/NiOx/perovskite/interlayer(optional)/C60.
Perovskite: (FA0.83Cs0.17)Pb(I0.83Br0.17)3 baseline; thickness 450–550 nm.
0.2 Establish PSC-relevant bias/illumination window for oxygen reduction driving force:
- Operate coupons and full devices at: short-circuit (0 V), maximum power point (MPP), and near Voc; illuminate 1 sun; control O2 partial pressure (0, 1, 20%) and water activity (dry N2/O2 <5% RH; plus a “trace-water” condition 10–20% RH to map product shift).
0.3 Quantify *what ROS forms where* using protocols that do not rely on aqueous RRDE translation:
- Operando EPR spin trapping on thin-film stacks under illumination and applied bias using an aprotic-compatible spin trap (e.g., DMPO/DEPMPO in an inert polymer overlayer or microfluidic thin layer with acetonitrile/trace water) to quantify O2•− adduct intensity vs time.
- H2O2-equivalent quantification by (i) Amplex Red/HRP assay in controlled extraction of the interlayer/capping film after bias-light exposure, and (ii) complementary iodometric titration to avoid enzyme artifacts.
- Correlate ROS signals with in situ PL/TrPL quenching and device J–V hysteresis evolution under the same stress protocol.
Deliverable of Stage 0: a map of ROS identity and magnitude vs bias (0 V, MPP, Voc), interface (SnO2-side vs C60-side), and humidity regime. This map defines the validation conditions for the interlayer.

STAGE 1 — Engineer and pre-screen SAC motifs for *aprotic/trace-water low-ROS selectivity* (before making PSC devices)
1.1 Synthesis of MOF-derived SAC nanoflakes with controlled coordination:
- Precursors: ZIF-8 (Zn-based) and ZIF-67 (Co-based) as templates; introduce trace metal salts to target isolated M–N4 sites (Fe, Co, Mn, Ni). Prepare metal loading series: 0.05, 0.10, 0.20 wt% to reduce clustering risk.
- Pyrolysis: 900 °C (primary), 800/950 °C (secondary) under Ar; optional NH3-treatment limited to ≤10 min to avoid excessive etching; goal is high pyridinic-N fraction and stable M–N coordination.
- Post-treatment: acid leach (0.5 M H2SO4, 80 °C, 4 h) + extensive neutral washing until filtrate pH ~6–7; final vacuum drying.
- Fragmentation: controlled sonication + centrifugation to isolate 5–15 nm flakes; reject fractions with broad size distribution.
1.2 Verification and contamination specs:
- HAADF-STEM: single-atom dispersion with no detectable nanoparticles in ≥10 fields of view.
- XAS (XANES/EXAFS): dominant M–N coordination with coordination number consistent with ~4; absence of M–M scattering.
- ICP-MS leaching baseline: total leachable Fe/Co/Mn/Ni in acetonitrile/trace water (same solvent used in spin-trap layer) <10 ppb after 24 h soak.
- Acid residue assay: ion chromatography for sulfate/phosphate residues below 0.1 µg cm−2 equivalent on the final film.
1.3 *Aprotic/trace-water ORR/ROS screening* on thin films (not aqueous RRDE as the primary gate):
- Deposit SAC films (without PANI) and SAC-in-PANI films (from Stage 2) onto inert electrodes (glassy carbon/Au) and onto SnO2-coated substrates.
- Perform CV/chronoamperometry in an aprotic electrolyte (e.g., acetonitrile + 0.1 M TBAPF6) under controlled trace-water content (0, 100, 1000 ppm H2O) with dissolved O2.
- Quantify O2•− generation directly by operando EPR in the same configuration (bias steps spanning −0.2 to −1.2 V vs Ag/Ag+; translate to PSC-relevant quasi-Fermi level shifts using internal references).
Quantitative down-select target: choose 2 best motifs that deliver ≥5× lower O2•− EPR intensity at matched current (or at matched overpotential) compared to metal-free N–C and compared to a high-ROS reference (e.g., Cu–N–C known to favor 2e− in many regimes).
Comparators mandated: Fe–N4, Co–N4, Mn–N4, Ni–N4, and metal-free N–C.

STAGE 2 — De-risk PANI: make it film-forming, non-leaching, and *largely non-faradaic* in the PSC operating bias range
2.1 PANI design rules (explicit):
- Use emeraldine salt form for conductivity but suppress redox activity via crosslinking + partial dedoping to a stable state.
- Dopants: prioritize bulky, low-mobility dopants with minimal halide exchange tendency (phytic acid can chelate metals; CSA provides conductivity but can be acidic—must be neutralized). Implement a two-step process: dope for film formation/conductivity, then neutralize residual free acid using a volatile base rinse (e.g., triethylamine vapor) to bring surface acidity near-neutral.
- Crosslinking: incorporate a mild crosslinker (e.g., glycidoxypropyltrimethoxysilane, GOPS, ≤1 wt%) to reduce dopant/metal migration and swelling.
2.2 SAC-in-PANI interlayer fabrication (3–8 nm) compatible with perovskites:
- In situ oxidative polymerization on SAC flakes at ≤10 °C in water/ethanol using ammonium persulfate; target low oligomer content by extended washing.
- Film deposition: dilute dispersion spin-coating to 3–8 nm (ellipsometry confirmed); anneal ≤90 °C.
2.3 Non-faradaic acceptance tests (must pass before device integration):
- Bias-dependent EIS on ITO/SnO2/interlayer/Au and ITO/interlayer/C60/Au test structures under dark and 1 sun: require (i) no emergent mid-frequency arc attributable to slow redox; (ii) capacitance largely bias-independent in 0–1.2 V range (ΔC/C < 20%); (iii) negligible faradaic peaks in CV within the same bias window.
- Ionic/electronic drift: ToF-SIMS after 24 h bias stress to confirm no significant migration of dopant species into adjacent layers relative to PANI-only control.

STAGE 3 — Demonstrate perovskite-benign chemical boundaries (barrier + leaching controls)
3.1 Barrier design (mandatory to demonstrate “physical separation” rather than asserting it):
- Insert an ultrathin inert capping/buffer between perovskite and SAC-in-PANI where relevant:
  Option 1: 0.8–1.5 nm ALD Al2O3 (low-temperature, ≤80 °C) as a diffusion/chelation barrier.
  Option 2: a grafted self-assembled monolayer (SAM) with perovskite-compatible anchoring (e.g., ammonium/iodide-friendly) and terminal group chosen to tune surface energy, deposited to <1 nm.
Decision rule: choose the barrier that yields the lowest metal/dopant penetration by ToF-SIMS without increasing series resistance >10%.
3.2 Leaching/contamination controls in full stacks:
- ICP-MS of device extracts after damp-heat (65 °C, 20% RH, O2=20%) and after light soaking: quantify Fe/Co/Mn/Ni in adjacent layers; must remain below 50 ppb equivalent per device area.
- XPS for residual sulfate/phosphate and for Pb0 growth suppression vs controls.

STAGE 4 — Device down-select first (single architecture + single interface), then expand
4.1 Primary down-select architecture and interface (to preserve statistical power):
- Start with n–i–p: glass/ITO/SnO2/(barrier optional)/(SAC-in-PANI)/perovskite/spiro-OMeTAD/Au.
Rationale: oxygen reduction is most problematic at electron-rich interfaces; SnO2 side is the highest-priority testbed.
4.2 Device matrix (restricted):
- Baseline controls: no interlayer; barrier-only; PANI-only; metal-free N–C-in-PANI; best-ROS SAC-in-PANI (two motifs max from Stage 1); nanoparticle-rich M–N–C-in-PANI as negative control.
- N≥25 devices per condition; randomized fabrication order.
4.3 PSC-relevant ROS validation (mandatory correlation):
- Operando ROS quantification on complete devices (or representative stacks) under: 1 sun MPP hold with periodic Voc/Jsc interruptions; O2 partial pressure 0/1/20%; RH dry and trace-water.
- Correlate Δ(O2•− EPR) and Δ(H2O2-equivalent) with retention metrics (T80, FF decay slope, Voc loss) using regression to demonstrate causality rather than coincidence.
4.4 EDLC vs hysteresis validation:
- EIS under illumination at multiple biases (0 V, MPP, Voc) across aging; extract interfacial capacitance and time constants using a consistent equivalent circuit; require no growth of slow capacitance components that track hysteresis.
- Transient photocurrent/photovoltage and IMPS/IMVS to confirm reduced transient charge accumulation and recombination enhancement without introducing slow relaxation tails.
4.5 Expansion only after passing gates:
Gate criteria to expand to p–i–n and to perovskite/C60 placement:
(i) ≥2× improvement in T80 under 20% O2 light/dark cycling vs baseline;
(ii) ≥5× reduction in O2•− and ≥3× reduction in H2O2-equivalent at MPP;
(iii) hysteresis index penalty ≤0.02;
(iv) no significant chemical intrusion (ToF-SIMS/ICP-MS within specs).
Then test the best-performing motif/interlayer in p–i–n: glass/ITO/NiOx/perovskite/(barrier optional)/(SAC-in-PANI)/C60/BCP/Ag.

STAGE 5 — Mechanistic forensics and benchmarking
5.1 Chemical degradation tracking:
- ToF-SIMS depth profiling for iodide oxidation signatures and dopant migration; XPS for Pb0 and oxidized iodine species.
- GIWAXS and PL mapping to track phase segregation and non-radiative loss hotspots after cycling.
5.2 Benchmark against best-in-class passivation orthogonality:
- Add a known effective SAM or 2D capping to SnO2 (kept constant) and test whether SAC-in-PANI provides additive stability under oxygen cycling; analyze additivity to support the “orthogonal levers” claim.

Deliverables:
- A validated, PSC-relevant oxygen electrochemistry model (products vs bias/humidity/interface).
- A down-selected SAC-in-PANI (plus barrier if needed) that meets quantitative ROS and non-faradaic criteria.
- Causal linkage between operando ROS suppression, controlled capacitance, and stability retention.","1) ORR translation risk addressed by redefining the target from “aqueous 4e− ORR” to “solid-state ROS suppression under PSC biases.” The plan explicitly maps the oxygen reduction products (O2•− vs H2O2-equivalents) at the two PSC interfaces under controlled O2 and water activity, then uses operando EPR + peroxide assays directly on device-relevant stacks. This removes the reviewer-identified overreliance on RRDE metrics and anchors claims to the actual aprotic/trace-water electrochemistry.

2) SAC selectivity is made empirical and quantitative in aprotic/trace-water conditions before device fabrication. Rather than assuming Fe–N4/Co–N4 will suppress peroxide, the proposal screens Fe/Co alongside Mn/Ni and metal-free N–C, and down-selects only motifs that meet explicit ROS reduction targets (≥5× lower O2•−; ≥3× lower peroxide-equivalent). Coordination control (metal loading, pyrolysis, NH3 exposure) and axial-ligation/barrier options provide tuning knobs if initial motifs do not meet criteria.

3) PANI side-effects are de-risked by constraining it to a largely non-faradaic regime with explicit acceptance criteria. Crosslinking, neutralization of free acid, and bias-dependent CV/EIS screens ensure the interlayer does not introduce dominant slow redox processes, excessive hysteresis, or bias-sensitive capacitance that would undermine PSC operation.

4) Chemical compatibility is enforced with demonstrated boundaries and contamination specs. The proposal adds mandatory leaching/acid residue assays (ICP-MS, ion chromatography) and introduces an explicit ultrathin inert barrier/SAM rule to prevent metal/dopant diffusion into the perovskite. “Perovskite-benign” is operationalized by thresholds (ppb leachables, ToF-SIMS penetration, resistance limits) rather than assumed.

5) Experimental sprawl is controlled by a staged down-select. The work begins with one architecture (n–i–p) and one interface (SnO2-side), with hard gate criteria before expanding to p–i–n and perovskite/C60 placement. This preserves statistical power, strengthens causal attribution, and still retains the original generality goal once a validated interlayer is established.","This is an unusually detailed and disciplined proposal that resolves several long-standing translation failures between ORR catalysis and PSC stability. Engineering resolution is very high: stage-gated execution, contamination thresholds, bias windows, and operando diagnostics are all well specified. Logical consistency is strong, particularly in decoupling aqueous ORR assumptions from aprotic/trace-water PSC operation and in explicitly separating beneficial EDLC effects from deleterious PANI redox. Minor logical risk remains in the assumption that SAC motifs optimized for low superoxide steady-state population will not introduce alternative degradation pathways (e.g., bound oxygen species acting as long-lived traps or catalyzing lattice iodide oxidation), which is not fully preempted despite the forensic plan. Evidence grounding is solid and remains within electrochemistry/optoelectronics without drifting into irrelevant supercapacitor literature, though the EDLC analogy could be more quantitatively tied to known interfacial capacitance scales in PSCs. Rationale quality is high: the proposal does not merely apply SACs or PANI but structurally constrains and redefines their function to address a real bottleneck (oxygen-induced instability) with explicit falsifiability. Overall, deductions are modest and relate mainly to residual mechanistic ambiguity rather than feasibility."
"Embedding atomically precise nanoclusters (APNCs) with a deliberately engineered charge state and ligand shell inside an ultrathin, continuous COF/HOF interlayer at the perovskite/transport-layer interface creates a *falsifiable redox-mediated charge-transfer pathway* that is distinct from (and additive to) conventional band-alignment/tunneling and chemical passivation. Mechanistic model (to be proven or falsified): under operating quasi-Fermi level splitting, the APNC population undergoes reversible interfacial redox cycling (APNC^q ↔ APNC^(q±1)) that transiently accepts (or donates) carriers from the perovskite and then regenerates by transferring the carrier into the adjacent ETL/HTL, thereby reducing interfacial charge accumulation and suppressing trap-assisted recombination. This ‘redox relay’ is enabled only when (i) the APNC frontier levels (or redox potentials) are positioned within ~0.1–0.3 eV of the perovskite quasi-Fermi levels under illumination, (ii) the ligand shell is short/ionically conductive and halide-tolerant so that the electronic coupling (tunneling barrier) is not rate-limiting, and (iii) the APNCs are immobilized at high areal density without aggregation by COF/HOF confinement. In parallel, the COF/HOF scaffold provides chemical passivation (Lewis base coordination and H-bonding) of under-coordinated Pb–X sites and creates an interfacial dipole that is tuned (ETL vs HTL placement) to reduce non-radiative voltage loss (ΔVoc,nr). Falsifiable predictions: (1) redox-active APNC@COF(HOF) will reduce charge-transfer resistance and interfacial recombination more than (a) redox-silent size-matched clusters, (b) ligand-only controls, and (c) COF/HOF lacking polar binding groups, *even when energy alignment and thickness are matched*; (2) operando/biased spectroscopy will reveal reversible APNC oxidation-state shifts correlated with photocurrent; (3) immobilization will prevent Au/Ag and halide migration signatures under bias/thermal stress compared to free-cluster additives.","Step 0 — Device architecture selection (controls the direction of redox relay).
- Two parallel stacks to decouple electron vs hole extraction:
  A) n–i–p: glass/ITO/SnO2/perovskite/APNC@framework/spiro-OMeTAD/Au.
  B) p–i–n: glass/ITO/PTAA/perovskite/APNC@framework/C60/BCP/Ag.
- Place APNC@framework at: (i) perovskite/SnO2 or perovskite/C60 for electron-extraction tests, and (ii) perovskite/PTAA or perovskite/spiro-OMeTAD for hole-extraction tests.

Step 1 — APNC design: charge state + ligand shell engineering (addresses tunneling barrier and chemical compatibility).
- Baseline clusters: Au25(SR)18 and Ag44(SR)30 (atomic precision verified).
- Ligand redesign (mandatory): perform post-synthetic ligand exchange to replace long insulating thiols/phosphines with short, halide-tolerant, electronically coupling ligands, targeting ≤C3 chain length or ionic ligands.
  • Candidate ligand sets (screen in parallel):
    (L1) iodide-rich shell: Au25(I)x(SR)18−x or Ag44(I)x(SR)30−x (improves halide compatibility, lowers barrier).
    (L2) thiocyanate/selenocyanate: SCN−/SeCN− partial exchange (ionically conductive, perovskite-tolerant).
    (L3) alkylammonium-linked thiols (e.g., HS–(CH2)2–NH3+X−) to introduce built-in dipole and perovskite-friendly cations.
- Charge-state control: tune APNC charge (e.g., Au25^−/0/+) via counterion exchange and redox conditioning; lock target state by framework confinement.
- Acceptance criteria before integration:
  • MALDI/ESI-MS (cluster composition), UV–Vis (fingerprint peaks), XPS (Au/Ag oxidation state), and cyclic voltammetry (redox potentials) in a perovskite-compatible electrolyte proxy.

Step 2 — Framework selection and chemical functionality (passivation + dipole + confinement).
- COF options: imine-linked COF with pyridinic/triazine sites (Lewis base) and β-ketoenamine COF for moisture/thermal robustness.
- HOF option: carboxyl-/amide-rich HOF (H-bond donors/acceptors) for strong Pb–X interaction without harsh synthesis.
- Functional group contrast set (decisive control):
  • “Active” framework: high density of –C=O/–NH/–N(heteroaromatic) binding motifs.
  • “Neutral” framework control: isostructural framework with methylated or nonpolar linkers (minimal passivation).

Step 3 — Mechanochemical encapsulation with preservation metrics (addresses milling-induced damage).
- Adapt Asset 1 mechanochemistry but impose cluster-preservation constraints:
  • Use liquid-assisted grinding (LAG) with minimal perovskite-benign solvent (e.g., anisole or chlorobenzene at η ≤ 0.2 μL mg−1) to reduce mechanical stress.
  • Milling energy matrix: 5–15 Hz (or 200–600 rpm) and 5–30 min; temperature monitored (<35–40 °C).
  • Add sacrificial softening agent if needed (e.g., small wt% of the same ligand salt) to buffer impacts.
- Outputs: APNC@COF and APNC@HOF powders with targeted loading (screen 1–15 wt% APNC; quantify by ICP-MS).
- Preservation/defect checks post-milling:
  • UV–Vis retention of cluster fingerprint; XPS core-level shifts (charge state); PDF/XRD for framework crystallinity; N2 sorption for porosity retention; FTIR/ssNMR for bond integrity.
  • Reject conditions that broaden cluster features or collapse porosity beyond a pre-set threshold (e.g., >30% BET loss).

Step 4 — Ultrafine interlayer film formation protocol (<10 nm, pinhole-free) with metrology.
- Dispersion strategy (nontrivial step explicitly engineered):
  • Exfoliate/downsizing: mild bath sonication + low-g centrifugation to obtain sub-50 nm lateral fragments (promotes continuous ultrathin coverage).
  • Solvent system: orthogonal to perovskite (anisole/chlorobenzene for n–i–p top interface; alcohol-free to avoid perovskite attack).
  • Add 0.1–0.5 wt% crosslinkable binder only if needed for continuity (e.g., silane-free, non-ionic polymer such as poly(4-vinylpyridine) at ultralow fraction), followed by low-T crosslink/anneal ≤100 °C.
  • Surface-energy control: UV-ozone or mild plasma on transport layer OR perovskite surface only if proven not to increase halide vacancies; otherwise use self-limiting alkylammonium rinse to tune wettability.
- Coating method: blade coating (scalable) with calibrated wet thickness; target dry thickness 3–8 nm.
- Verification (mandatory):
  • AFM (RMS roughness + pinhole statistics), spectroscopic ellipsometry (thickness), and cross-sectional TEM/SEM (coverage/continuity).
  • Define success criterion: >95% coverage with no pinholes >50 nm across 10×10 μm AFM maps.

Step 5 — Quantitative energy alignment and dipole targeting (UPS/IPES/KPFM with explicit goals).
- Measure perovskite surface work function and valence band by UPS; conduction band edge via IPES (or UPS + optical gap if IPES unavailable, but IPES prioritized).
- Measure APNC@framework work function/ionization energy and compare to ETL/HTL.
- Engineering target:
  • For ETL-side interlayer: shift perovskite surface work function downward by ~0.1–0.3 eV (reduced electron extraction barrier) without creating a hole-blocking barrier that increases series resistance.
  • For HTL-side interlayer: shift upward by ~0.1–0.3 eV.
- Use ligand dipole (L3) and framework functional groups to tune the dipole; iterate with KPFM mapping (spatial uniformity requirement: σWF < 50 meV across 20×20 μm).

Step 6 — Decisive controls to isolate “redox electrocatalysis” from passivation/alignment.
- Control set (must be fabricated with identical thickness and matched work function where possible):
  C1) Framework-only (active functional groups).
  C2) Framework-only (neutral/nonpolar).
  C3) Ligand-only (same ligands used after exchange, no metal core).
  C4) Redox-silent size-matched clusters (e.g., closed-shell nanocluster/oxide cluster with similar size but no accessible redox within operating window).
  C5) Free APNCs (not confined) at same metal loading.
  C6) APNC@framework with intentionally “insulating” long ligands (demonstrates tunneling limitation).

Step 7 — Mechanistic diagnostics with unambiguous readouts (avoid ambiguous EIS-only interpretations).
- Photophysics and recombination:
  • Absolute PLQY of perovskite films before/after interlayer; compute implied ΔVoc,nr and compare to device Voc.
  • TRPL with global fitting + excitation-density dependence (separate trap-assisted vs bimolecular changes).
  • Transient photovoltage/photocurrent under controlled light bias.
- Charge-transfer specificity:
  • Temperature-dependent J–V and intensity-dependent Voc (ideality factor changes; electrocatalytic mediation should reduce ideality factor toward radiative limit relative to passivation-only control).
  • EIS with pre-registered equivalent circuit and Kramers–Kronig validation; report parameter sensitivity and confidence intervals.
- Direct redox evidence (core falsification test):
  • Operando/bias-dependent XPS or XAS (if available) focusing on Au 4f / Ag 3d shifts; use angle-resolved mode to improve surface sensitivity for 3–8 nm films.
  • Complement with spectroelectrochemistry on model stacks (perovskite/APNC@framework/ITO) under illumination to see reversible oxidation-state modulation.

Step 8 — Immobilization, diffusion, and halide-exchange assays (stability claim becomes evidence-based).
- ToF-SIMS depth profiling pre-aging vs post-aging (MPP, heat, bias) to track Au/Ag, I/Br, SCN, and ligand fragments across interfaces.
- Bias-thermal stress: 65–85 °C under 1 sun with applied forward bias near MPP; compare confined vs free APNC.
- Halide exchange test: expose interlayers to I−/Br− environment (solid-state contact or vapor) and monitor cluster optical fingerprint/XPS to verify resistance to destructive exchange.

Step 9 — Stability protocol aligned with field standards.
- Encapsulated MPP tracking (ISOS-L-2/3 conditions) with reporting of T80 and failure mode.
- Include thermal cycling and dark storage controls to separate photo- vs thermo-driven degradation.

Milestones / Go–No-Go criteria.
- Go/No-Go 1: APNC fingerprint preserved post-mechanochemistry (≤10% change in characteristic absorbance ratios; no new XPS species indicating irreversible oxidation).
- Go/No-Go 2: Continuous 3–8 nm films verified by AFM/ellipsometry/TEM.
- Go/No-Go 3: Energy alignment achieved (dipole shift within target window) without FF loss.
- Go/No-Go 4: Redox-active APNC@framework outperforms redox-silent controls in recombination metrics *at matched alignment/thickness*; otherwise the ‘electrocatalytic’ claim is rejected and the project pivots to passivation/dipole-only optimization.","Mechanistic rigor (falsifiable model): The proposal now defines the redox relay explicitly (APNC^q ↔ APNC^(q±1) under quasi-Fermi level splitting) and commits to direct oxidation-state tracking (operando/bias XPS/XAS + spectroelectrochemical model stacks) plus decisive redox-silent controls. This resolves the reviewer concern that “electrocatalysis” was previously indistinguishable from simple energetic alignment or tunneling.

Risk control #1 — Ligand/insulating barrier and chemical incompatibility: The plan mandates ligand exchange to short, halide-tolerant ligands (I−/SCN−/alkylammonium-thiol) and includes a deliberate “long-ligand” negative control to demonstrate barrier-limited behavior. Ligand-only controls isolate ligand passivation from metal-core effects.

Risk control #2 — Mechanochemical damage to APNCs/framework: Encapsulation is performed with constrained milling energy and LAG to preserve atomic precision; preservation is verified by cluster fingerprints (UV–Vis/MS/XPS) and framework integrity (XRD/PDF/BET/ssNMR). Iterative milling-energy screening with rejection criteria prevents silent degradation.

Risk control #3 — Ultrathin, pinhole-free interlayers: A concrete film-formation pathway is provided (fragment downsizing, orthogonal solvents, optional ultralow binder, surface-energy tuning) with mandatory continuity metrology (AFM/ellipsometry/cross-sectional TEM) and explicit coverage criteria, addressing the main engineering gap.

Risk control #4 — Energy-level matching operationalized: Work-function/level mapping (UPS/IPES/KPFM) is integrated with quantified dipole targets for ETL vs HTL placement, enabling rational interface engineering rather than asserted alignment.

Risk control #5 — Metal diffusion/halide exchange and immobilization: The plan directly tests immobilization via ToF-SIMS depth profiling pre/post MPP+bias-thermal stress and includes halide-exchange assays to verify cluster robustness and confinement efficacy, converting stability claims into measurable acceptance tests.

Why the COF/HOF confinement remains central (alignment with original chain): Asset 1 supports high-loading, aggregation-free APNC confinement under mild mechanochemistry, which is critical here for achieving high areal density redox relays without nanoparticle growth or metal migration. Asset 2 supports the concept that confined porous organic frameworks can promote catalytic/electrocatalytic function; here, that confinement is translated into a solid/solid interface architecture where both passivation chemistry (framework functional groups) and redox mediation (APNC) are engineered and independently controlled by the specified control matrix.","The proposal is unusually strong in execution detail and in committing to genuinely falsifiable readouts beyond EIS. The main weaknesses are (i) physical plausibility/quantification of the redox relay rate window: no explicit kinetic model is given linking APNC areal density, electronic coupling (through ligand/framework), and redox self-exchange/heterogeneous ET rates to the observed reductions in interfacial recombination; without this, null results will be hard to interpret (is the mechanism false, or just too slow/too sparse?). (ii) Operando oxidation-state attribution by XPS core-level shifts at buried 3–8 nm interfaces is challenging: chemical shifts can conflate charging, local electrostatics (dipole changes), beam-induced effects, and halide coordination changes; the plan mentions angle-resolved XPS but does not specify hard X-ray PES (HAXPES) or calibration strategies to de-embed potential drops. (iii) APNC redox potentials measured in an ‘electrolyte proxy’ may not translate to the solid-state perovskite interface (dielectric environment, ion accumulation, and band bending); the 0.1–0.3 eV matching criterion needs an operational definition tied to measured quasi-Fermi levels and interfacial fields. (iv) The framework’s intrinsic electronic/ionic conductivity is not specified; a COF/HOF that is too insulating could bottleneck the regeneration step and mimic passivation-only behavior despite successful redox-state modulation. (v) The ‘redox-silent cluster’ control is under-defined—many size-matched clusters have hidden redox under illumination or through halide coordination; selecting a truly redox-inert analogue in the relevant potential window is nontrivial and currently not justified."
"If Ni3(HHTP)2 is used as a dopant-free, redox-capacitive hole-transport layer (HTL) that can be intentionally driven into an electret-like interfacial dipole state via coupled electrical bias and weak optical pumping, then perovskite solar cells (PSCs) will exhibit improved hole-extraction energetics (higher built-in field at the perovskite/HTL junction), reduced interfacial ion accumulation, lower nonradiative recombination, and enhanced operational stability. Mechanistic revision (replacing χ(3)→persistent polarization over-claim): the persistent ‘locked’ state is not a Kerr/χ(3) remanent polarization; instead it is a metastable charge-separated/polaronic state in Ni3(HHTP)2 near the perovskite interface (electret-like trapped charge + redox/polaron redistribution), enabled by the MOF’s extended π–d conjugation and charge-transfer propensity. During poling, forward bias injects/accumulates holes into Ni3(HHTP)2 and/or extracts electrons from interfacial defect states; simultaneously, low-fluence illumination at a wavelength where Ni3(HHTP)2 absorbs (but the perovskite absorbs minimally) increases carrier detrapping/redistribution within the MOF (photoconductive ‘assist’), allowing charges to rearrange into deeper traps or stabilized polarons. The net result is a built-in dipole at the perovskite/Ni3(HHTP)2 interface manifested as a measurable work-function shift (target ΔΦ = 50–150 meV) and band-bending/core-level shifts, which should translate into a Voc increase on the order of ~20–80 mV depending on recombination regime. Quantitatively bounded expectations: required poling field across the HTL ~0.05–0.2 MV cm−1 (e.g., 0.1–0.5 V across a 20–40 nm film under device forward bias near Voc), optical intensity 10–200 mW cm−2 at a wavelength selected for Ni3(HHTP)2 absorption with minimal perovskite generation, and retention time (tret) of the induced ΔΦ in the dark at 25 °C of 10^3–10^5 s (hours to days), with accelerated decay at elevated temperature (Arrhenius behavior) and reversible re-writing under re-poling. The role of Ni3(HHTP)2 nonlinear polarizability is reframed as a correlated descriptor of strong electron-cloud delocalization and charge-transfer capability (as evidenced in optoelectronic heterostructures), rather than the direct origin of remanence; χ(3) is treated as an auxiliary material fingerprint that may co-vary with poling efficiency, not the causal agent of persistence.","Step 0 — Pre-define the ‘poling window’ with quantitative boundaries (addresses ambiguity and confounds)
0.1 Optical selection: record UV–Vis–NIR absorption of (i) perovskite stack without HTL and (ii) Ni3(HHTP)2 film on inert substrate. Choose two CW wavelengths: (A) MOF-selective (Ni3(HHTP)2 absorption appreciable; perovskite weak), and (B) off-resonant control (minimal absorption in both). If MOF-selective wavelength cannot be found cleanly, constrain intensity and use pulsed/low-duty illumination to limit heating while still enabling photoconductive assistance. Report absorbed power density (Pabs) from optical constants or integrating-sphere measurements.
0.2 Thermal ceiling: implement IR thermometry (or micro-thermocouple on dummy stacks) under illumination to ensure ΔT < 5–10 °C during poling; if exceeded, reduce intensity or use chopped illumination.

Step 1 — Device and film fabrication with matched baselines
1.1 PSC architecture (n–i–p): FTO / compact SnO2 (or SnO2 nanoparticle layer) / mixed-cation iodide-rich perovskite (e.g., FA/Cs/MA) / HTL / Au. Use the same perovskite formulation and processing for all groups; document thickness and grain size.
1.2 Ni3(HHTP)2 HTL fabrication: interfacial polymerization to yield continuous 20–40 nm films. Add a reproducible surface termination protocol (e.g., identical final solvent rinse, controlled drying) to minimize variability in surface dipoles from adsorbates. Verify: thickness (profilometry/ellipsometry), roughness (AFM), crystallinity (GIWAXS/XRD), conductivity (four-point probe), and work function (Kelvin probe) at baseline.
1.3 Baseline band alignment: measure UPS (secondary electron cutoff + valence region) for perovskite, Ni3(HHTP)2, and perovskite/Ni3(HHTP)2 bilayers to establish initial offsets.

Step 2 — Mechanistically grounded poling protocol and full factorial controls
2.1 In-operando poling (primary condition): apply forward bias Vpol = 0.8–1.0×Voc (device-specific) while illuminating with the MOF-selective CW wavelength at 10–200 mW cm−2 for tpol = 60–600 s. Record current transient during poling to quantify injected/redistributed charge (integrated charge as a predictor of ΔΦ).
2.2 Post-poling ‘lock’ step (optional, bounded): anneal at 50–70 °C for 1–5 min in inert atmosphere only if IR data confirms perovskite integrity; aim is to accelerate charge stabilization in deep traps/polaron configurations without invoking compositional change.
2.3 Kinetics protocol (mandatory): perform on–off sequences to separate instantaneous field effects from persistent states: (i) field on/light on, (ii) field off/light on, (iii) field on/light off, (iv) field off/light off, each with timed intervals. Quantify rise/decay constants of ΔΦ and device metrics (Voc, hysteresis) in the same device.
2.4 Control matrix (tightened as required):
  - C0: Ni3(HHTP)2 device, no poling.
  - C1: electrical-only (bias, dark).
  - C2: optical-only (illumination, zero bias).
  - C3: off-resonant light + bias (thermal/photonic artifact control).
  - C4: ‘matched-analog MOF’ HTL (chemically/structurally analogous, matched thickness, conductivity within ±20%, similar surface chemistry/termination, but demonstrably lower χ(3) and/or lower poling susceptibility). This control must be screened to match: work function (±50 meV baseline), roughness (±20%), porosity/surface area proxy (gas sorption where feasible or ellipsometric porosity indicator), and no metal migration differences.
  - C5: devices lacking MOF (replace with standard HTL, e.g., NiOx or undoped polymer HTL) subjected to identical poling to quantify perovskite-only ion-migration artifacts.

Step 3 — Direct energetic verification of the built-in dipole (mandatory)
3.1 Macroscopic work-function shift: Kelvin probe (inert glovebox) on Ni3(HHTP)2 films and on perovskite/Ni3(HHTP)2 bilayers pre- and post-poling; target measurable ΔΦ = 50–150 meV. Track ΔΦ(t) over 10^2–10^5 s to extract retention time and decay kinetics.
3.2 UPS: measure secondary electron cutoff shifts (work function) and valence onset changes for bilayers. Use bias-dependent UPS (small external bias on conductive substrates) if available to distinguish uniform vacuum-level shift vs band bending.
3.3 XPS core-level shifts: measure perovskite core levels (Pb 4f, I 3d, and A-site related peaks) and Ni/O/C core levels in Ni3(HHTP)2 before/after poling. A persistent interfacial dipole/band-bending change should manifest as systematic core-level shifts (tens to >100 meV) consistent across repeated devices and correlated with ΔΦ.

Step 4 — Identify the microscopic nature of the locked state (electret/polaron/redox)
4.1 Charge storage signature: Mott–Schottky / capacitance–voltage and low-frequency capacitance to quantify additional stored charge and its relaxation; compare to integrated poling current.
4.2 EPR (or optical absorption signature of polarons): detect changes consistent with polaron formation in Ni3(HHTP)2 after poling; track reversibility upon thermal relaxation or reverse-bias erase.
4.3 Conductivity/mobility check: measure HTL conductivity before/after poling on inert substrates to determine whether performance changes stem from bulk transport changes vs interfacial energetics.

Step 5 — Device-level causal chain: from ΔΦ to Voc/FF/hysteresis
5.1 PV metrics and hysteresis: J–V (both scan directions), stabilized MPP output, Voc transient response. Correlate Voc change with measured ΔΦ (UPS/Kelvin). Expect: ΔVoc should scale with reduced interfacial recombination (verified below) rather than solely with series resistance changes.
5.2 Recombination/extraction: TRPL on perovskite/HTL stacks (not full devices) and transient photovoltage/photocurrent on devices to extract changes in interfacial recombination velocity and carrier lifetime. Use intensity-dependent Voc to extract ideality factor changes pre/post poling.
5.3 Impedance spectroscopy: focus on low-frequency features associated with ionic accumulation and interfacial polarization. A successful poling-induced dipole/screening state should reduce low-frequency capacitance increase and hysteresis-related arcs relative to controls.

Step 6 — Rule out mandatory confounds decisively
6.1 Thermal artifact exclusion: report ΔT under all illumination conditions; include a purely thermal anneal control matching the maximum observed ΔT×time without light/bias.
6.2 Au diffusion/contact reaction: ToF-SIMS depth profiling for Au and interdiffusion markers in poled vs unpoled devices after identical time-in-test. If Au migration differs, introduce a thin diffusion barrier (e.g., MoOx or carbon) as an additional control to decouple HTL effects from electrode artifacts.
6.3 Perovskite ion migration: apply the same bias/light poling sequence to devices without MOF HTL (C5) and to perovskite-only test capacitors; compare evolution of hysteresis and impedance. If similar changes occur without MOF, attribute accordingly and adjust protocol (lower bias, shorter poling) until the MOF-dependent ΔΦ signature dominates.

Step 7 — Stability validation with mechanistic readouts
7.1 ISOS-L / ISOS-O style tests (as feasible): track Voc, FF, hysteresis index, and MPP stability. Concurrently measure ΔΦ(t) on dedicated bilayer samples aged under the same conditions to directly link energetic retention to device stability.
7.2 Erase/re-write demonstration: attempt to erase the dipole via reverse bias in the dark (or thermal reset) and re-write via the poling protocol; quantify reversibility over ≥5 cycles to prove a controllable metastable state rather than one-way degradation.","1) Corrected physical basis (addresses χ(3) critique): The proposal no longer relies on an instantaneous Kerr/χ(3) response to explain persistence. The persistent effect is explicitly assigned to metastable trapped charge and/or polaronic/redox redistribution in Ni3(HHTP)2 near the interface (electret-like behavior), which is compatible with MOF conjugation, charge-transfer propensity, and the known ability of semiconducting frameworks to host localized charges. χ(3) is retained only as a correlated material descriptor (delocalized electron cloud/charge-transfer capacity), consistent with prior observations that Ni3(HHTP)2-based heterostructures enhance charge transfer and exhibit strong electronic polarization.

2) Quantitative, testable predictions: The mechanism is bounded by explicit targets—ΔΦ = 50–150 meV, tret = 10^3–10^5 s at 25 °C, and specified field/fluence ranges. These are directly falsifiable by Kelvin probe/UPS/XPS time-dependent measurements and on–off kinetics experiments.

3) Discriminating energetics measurements (mandatory): The plan elevates causality by directly measuring work-function and band-bending changes (Kelvin probe + UPS + XPS core-level shifts) pre/post poling, including kinetic tracking. Device performance changes must co-vary with ΔΦ; otherwise the mechanism is rejected or revised.

4) Separation of persistent states from instantaneous effects: In-operando on–off sequences quantify rise/decay and distinguish (i) instantaneous field-induced polarization/conductance changes from (ii) persistent charge-trapping/electret-like states. Retention kinetics and erase/re-write cycling provide decisive evidence of metastability and reversibility.

5) Tight controls and confound management: The factorial matrix (bias-only, light-only, off-resonant, no-MOF, and matched-analog MOF) prevents attributing improvements to generic bias stress, heating, moisture uptake, or morphology drift. Thermal rise is bounded by IR thermometry; Au diffusion is checked by ToF-SIMS; perovskite ion migration artifacts are quantified via no-MOF controls and impedance signatures.

6) Relevance to PSC bottlenecks and literature bridge: Interface energetics and ion accumulation are dominant loss/stability pathways in iodide-rich, high-Voc perovskites. The proposal leverages Ni3(HHTP)2’s demonstrated charge-transfer strength (as seen in optoelectronic heterostructures) to create an adaptive, dopant-free interfacial dipole via controlled charge storage—conceptually aligned with interface passivation strategies that enhance charge transfer and stability, but differentiated by a deliberately written, measurable energetic shift rather than static work-function tuning or chemical dopants.","Methodologically, the plan is unusually rigorous for an interface-energetics claim: it pre-defines poling conditions, requires direct ΔΦ verification (Kelvin/UPS) and core-level/band-bending corroboration (XPS), and includes kinetics plus erase/rewrite to distinguish metastable trapped-charge states from instantaneous field effects. The main logical vulnerability is mechanistic degeneracy: the same Voc/hysteresis improvements can arise from perovskite ionic redistribution, interfacial defect charging, contact modification, or mild annealing—despite the control matrix, the proposal does not yet specify decisive discriminants that uniquely attribute the persistent dipole to charge storage/polaron formation in Ni3(HHTP)2 (e.g., spatial localization of stored charge at/within the MOF, redox-state mapping of Ni, or quantitative agreement between injected charge and measured ΔΦ via a dipole/capacitance model). Evidence grounding relative to the requested NLO→Ni3(HHTP)2→NLO→charge transfer→HTL chain is moderate: NLO is reframed as a non-causal 'fingerprint' and is not experimentally tied to poling efficiency or charge transfer; thus the proposal risks reading as an electret/photodoping interfacial-engineering study rather than an NLO-enabled mechanism. Finally, feasibility risks remain around MOF film continuity/pinhole-free coverage at 20–40 nm on perovskite, possible chemical interaction with iodide/halide species under bias, and reproducibility of ΔΦ in the presence of adsorbates—these are acknowledged but not fully mitigated with go/no-go criteria."
"Embedding a conformal, electrically benign “gyroidal ionic-sulfoxide nanocomposite skin” (GISNS) inside only the top 20–50 nm of a 3D perovskite (rather than as a discrete interlayer) will raise Voc/FF and operational stability by (i) molecularly enriching sulfoxide passivants at electronically active sites (undercoordinated Pb, halide vacancies, grain-boundary terminations) through MOF-like polar nanoreservoir domains, (ii) creating curvature-amplified electrostatic interaction that suppresses halide-ion accumulation and field-driven ion migration, and (iii) providing a low-loss electromagnetic enhancement mechanism (EM) via sparsely distributed dielectric nanoresonators (not plasmonic metals) whose hotspots coincide with passivated active sites. The methodological adaptation is a new crystallization-route: instead of templated bicontinuous films or nanoparticle interlayers, we adapt antisolvent-induced phase separation during blade/slot-die coating to generate a self-limited, negative-Gaussian-curvature (gyroid-like) nanocomposite within the perovskite’s near-surface region. This “internal gyroid” geometry concentrates built-in fields at minimal recombination penalty (dielectric resonators) and maximizes the areal density of chemically passivated active sites without adding a transport barrier layer.","Step 1: Specific system setup or data preparation.
1.1 Baseline device stacks (scalable-compatible):
- n–i–p: glass/ITO/SnO2/FA0.83Cs0.17Pb(I0.85Br0.15)3/spiro-OMeTAD/Au.
- p–i–n (cross-check generality): glass/ITO/NiOx/FA0.83Cs0.17Pb(I0.85Br0.15)3/C60/BCP/Ag.
1.2 Define the GISNS components (all non-metallic, optoelectronically “quiet”):
- Polar nanoreservoir former: a Zr-carboxylate “MOF-fragment” oligomer (e.g., Zr6O4(OH)4(benzoate)x cluster capped with short carboxylates) or an Al-oxo carboxylate analogue; chosen to be non-porous at macroscale but to present dense Lewis-acid/Lewis-base sites at nanoscale.
- Sulfoxide: an aromatic sulfoxide with a carboxylate anchor (for co-assembly with the metal-oxo cluster) plus a free S=O for Pb coordination; keep total sulfoxide <0.5 mol% relative to Pb.
- Dielectric EM nanoresonator: 10–30 nm TiO2 or ZrO2 nanodots (wide bandgap, low absorption in visible) surface-functionalized with carboxylates to co-localize in the polar domains.
1.3 Controls to deconvolute mechanisms:
- No nanocomposite.
- Sulfoxide only (no metal-oxo cluster).
- Metal-oxo cluster only (no sulfoxide).
- Nanocomposite without dielectric nanodots (no EM).
- Nanocomposite with inert SiO2 dots (geometry control without resonance).

Step 2: Detailed implementation of the adapted methodology.
2.1 Methodological adaptation: antisolvent-triggered “internal gyroid” formation (negative Gaussian curvature) during perovskite crystallization.
- Formulate a perovskite ink (DMF:DMSO) and a separate nanocomposite precursor microemulsion containing: (i) metal-oxo cluster + carboxylate-sulfoxide ligand, (ii) TiO2/ZrO2 nanodots, (iii) a volatile co-solvent that partitions into the antisolvent (e.g., tert-butanol or anisole at low fraction).
- Co-inject the nanocomposite precursor at trace volume (0.5–2 vol%) into the perovskite ink immediately before coating.
- During blade/slot-die coating, apply a programmed antisolvent mist pulse (not a drip) to create a controlled solvent-extraction gradient. The key adaptation is to tune the local quench rate so that: (a) the perovskite rapidly crystallizes, while (b) the polar cluster–sulfoxide fraction undergoes spinodal-like phase separation confined to the last-to-dry region (top 20–50 nm). This confinement yields a bicontinuous gyroid-like morphology with negative Gaussian curvature rather than isolated droplets.
- Anneal with a two-step profile: low-T hold (to lock the gyroidal nanocomposite before full halide lattice relaxation) followed by standard high-T anneal.
2.2 Molecular enrichment at active sites via “chemically hungry” polar domains.
- The metal-oxo clusters and anchored sulfoxides are designed to have high affinity for undercoordinated Pb and halide-vacancy-rich terminations. As crystallization proceeds, these species are expelled from the perovskite bulk and accumulate at grain boundaries and the film surface, where the density of active sites is highest.
- The gyroidal geometry maximizes interfacial area between perovskite and polar domain, increasing the probability that each defect site is within a few nm of a sulfoxide.
2.3 Electrostatic interaction engineering (ion-migration suppression without blocking electronic extraction).
- Choose cluster capping ligands to set the local fixed charge (e.g., incorporate a small fraction of sulfonate-terminated carboxylates to create a net negative fixed-charge density in the polar domain).
- Mechanistic target: repel I−/Br− accumulation under forward bias at the contact-facing surface, flatten interfacial ionic space-charge layers, reduce hysteresis, and suppress vacancy generation.
- Ensure electronic neutrality: keep the nanocomposite fraction below the percolation threshold; confirm that the perovskite remains the continuous electronic phase.
2.4 Electromagnetic enhancement mechanism (EM) without plasmonic loss.
- Embed sparse dielectric nanodots inside the gyroidal domains so resonant near-fields overlap the perovskite within ~10–30 nm of the surface.
- Expected outcome: localized optical intensity increase near the collection interface and improved charge separation at already-passivated active sites (minimizing the risk that increased generation feeds non-radiative recombination).

Step 3: Rigorous validation and analytical framework.
3.1 Prove negative Gaussian curvature and confinement (structure).
- Cross-sectional STEM tomography or FIB-SEM tomography to reconstruct 3D bicontinuity and estimate curvature distribution; quantify that the nanocomposite is confined to top 20–50 nm.
- GISAXS to identify gyroid-like scattering signatures vs droplet-like phase separation.
- Nano-IR / AFM-IR mapping to localize S=O and carboxylate signals to the gyroid network.
3.2 Prove molecular enrichment and chemical bonding at active sites (chemistry).
- Angle-resolved XPS: depth-dependent S 2p / O 1s signals; Pb 4f shifts consistent with Pb–O(S=O) coordination.
- Solid-state NMR (where feasible) or ToF-SIMS to map sulfoxide fragments vs grain-boundary enriched regions.
- Trap spectroscopy: thermal admittance spectroscopy and SCLC (electron-only and hole-only devices) to quantify trap density reduction.
3.3 Prove electrostatic interaction effects on ionic behavior (ion migration).
- Operando impedance spectroscopy under bias/light to extract ionic capacitance and relaxation times; compare with controls.
- Bias-stress ToF-SIMS depth profiling (I−/Br− redistribution) and hysteresis index vs scan rate.
- Kelvin probe force microscopy under illumination to map stabilized surface potential patterns; correlate with nanocomposite topography.
3.4 Prove EM contribution distinctly from passivation (optics).
- Variable-angle spectroscopic ellipsometry + integrating sphere reflectance to ensure no parasitic absorption.
- EQE enhancement localized to wavelengths predicted by Mie/FDTD for TiO2/ZrO2 nanodots; compare to inert SiO2-dot control.
- Intensity-dependent PL/EL: verify that radiative efficiency improves (passivation) while additional wavelength-selective photocurrent gain appears only with resonant dots (EM).
3.5 Device metrics and stability targets.
- Targets: +50–100 mV Voc, +2–4% absolute FF, stabilized PCE gain ≥1.0% absolute over baseline.
- ISOS-L-2 MPP tracking: T80 ≥2× baseline; thermal (65–85°C) and damp-heat screening.
- Failure analysis: post-aging tomography + XPS to verify retention of nanocomposite confinement and chemical states.","1. Theoretical/Empirical Basis: (i) Sulfoxides are strong Lewis bases toward undercoordinated Pb2+, enabling defect passivation; (ii) fixed-charge/polar interphases are known to reshape ionic space-charge layers and reduce ion migration; (iii) dielectric nanoresonators can provide near-field intensity enhancement with far lower optical loss than plasmonic metals; (iv) bicontinuous negative-curvature morphologies are accessible via phase-separation physics under controlled solvent-extraction gradients, enabling high interfacial area without introducing a separate barrier layer.
2. Transfer Logic (How the adaptation fits the domain): The dominant PSC bottlenecks—interfacial recombination and ion migration—are addressed exactly where they originate: near-surface/grain-boundary active sites. By embedding (not layering) a self-limited gyroidal nanocomposite skin, we preserve standard contacts and scalable coating while adding a high-area passivating/electrostatic landscape and optional EM gain near the collection interface.
3. Comparative Advantage: Compared with interlayers, the GISNS avoids transport barriers and processing incompatibilities at the ETL/perovskite interface. Compared with random nanoparticle doping, the phase-separated gyroid confines additives to the region of highest defect density and highest collection probability, improving reproducibility and minimizing bulk mobility penalties. Compared with plasmonic EM strategies, dielectric resonators avoid parasitic absorption and metal diffusion, enabling a stability-positive EM approach.","This is an unusually sophisticated and well-articulated proposal that demonstrates deep command of perovskite defect physics, ion migration, and nanophotonic enhancement strategies. The strongest aspects are (i) the confinement logic—placing functionality precisely in the top 20–50 nm where ionic and recombination phenomena dominate—and (ii) the rigorous control set designed to disentangle chemical passivation, electrostatics, and EM effects. The antisolvent-mist–driven internal phase separation is credible and differentiates the work from prior gyroidal or nanoparticle-doped approaches. Score deductions are primarily due to execution risk rather than conceptual weakness: achieving true negative Gaussian curvature (gyroid vs. perforated lamellae or worm-like domains) under scalable coating conditions is nontrivial, and the proposal slightly overstates the certainty that dielectric nanoresonator near-fields will spatially coincide with the most electronically relevant defect sites. Additionally, the electromagnetic contribution, while thoughtfully controlled, is likely to be second-order relative to chemical/electrostatic effects and may be difficult to unambiguously quantify at the proposed nanodot densities."
"Embedding a dual-pathway electron extraction/interfacial-field modulator—composed of a Co–N4 single-atom site electronically bridged to Co nanoparticles (Co–N4@Co-NP) and subsequently coupled to a PtNi alloy nanodomain—at the perovskite/ETL interface will simultaneously (i) accelerate interfacial electron transfer and suppress interfacial recombination by creating a cascade of tunable work functions and low-trap-density coordination sites, and (ii) introduce an ultrafast, intensity-dependent third-order nonlinear optical (χ(3)) response that functions as an intrinsic ‘self-mode-locking’ carrier-gating layer under pulsed/strong illumination, thereby reducing carrier pile-up and ion-migration-driven field screening. The methodological adaptation is a spatially confined, gradient-assembled, MOF-derived interlayer where Co–N4 sites are anchored in an N-doped carbon matrix, Co nanoparticles provide a short-circuit electron bridge, and PtNi alloy nanodomains act as an electron sink with engineered charge transfer to the N-doped scaffold; together they form a perovskite-compatible, thickness-limited (≈5–15 nm) mixed-dimensional interlayer that couples charge-transfer kinetics to nonlinear optical carrier gating to improve Voc, FF, and operational stability.","Step 1: Specific system setup or data preparation.
1.1 Choose a stable high-performance perovskite baseline (e.g., (FA,Cs)(Pb,I,Br)3 with additive-controlled crystallization) and a standard ETL (SnO2 or TiO2) for n–i–p devices; prepare control stacks without interlayers.
1.2 Synthesize a ZIF-derived N-doped carbon ultrathin interlayer precursor on the ETL via a low-temperature, surface-confined growth (seeded MOF film on SnO2) to ensure conformal coverage and pinhole-free morphology.

Step 2: Detailed implementation of the adapted methodology.
2.1 Build the Co–N4@Co-NP bridge in situ within the MOF-derived film: introduce Co2+ into the surface MOF, then perform a two-stage conversion (mild pyrolysis to form Co–N4 in an N–C matrix; followed by a brief reductive pulse or localized photothermal treatment to nucleate sparse Co nanoparticles while preserving a high density of Co–N4). Target a controlled Co-NP population that is electronically coupled but does not create shunts.
2.2 Couple PtNi alloy nanodomains onto the same interlayer by sequential infiltration/reduction: infiltrate Pt and Ni precursors into the N–C matrix, then execute a short, low-thermal-budget alloying step (rapid thermal/photonic anneal) to form sub-5 nm PtNi. The adaptation is a deliberate vertical gradient: Co–N4-rich region closer to perovskite for defect coordination; Co-NP ‘bridge’ centered for fast electron percolation; PtNi-rich region closer to ETL to pin the electron quasi-Fermi level and reduce back-injection.
2.3 Surface energy-level tuning: adjust Pt:Ni ratio and local N-content to set an interfacial work-function cascade (Perovskite CB → Co–N4/Co-NP → PtNi → ETL) verified by UPS/KPFM. Cap with an ultrathin passivating linker (e.g., halide-compatible ionic dipole) only if needed to prevent metal-induced halide reactions.
2.4 Deposit perovskite on top of the interlayer using a solvent/antisolvent protocol adjusted to avoid interlayer disruption (orthogonal solvent selection) and complete the device stack (HTL + electrode).

Step 3: Rigorous validation and analytical framework.
3.1 Mechanistic electron/charge transfer validation: 
- TRPL/TCSPC and transient absorption to extract interfacial electron extraction rates and trap-assisted recombination constants.
- Impedance spectroscopy and intensity-dependent J–V to separate transport limitation from recombination (ideality factor changes; recombination resistance).
- Kelvin probe force microscopy under illumination to map photovoltage distribution and confirm reduced interfacial carrier accumulation.
3.2 Nonlinear optical and ‘mode-locking-like’ carrier gating validation (optoelectronic analogue):
- Z-scan or pump–probe on the interlayer (standalone film and within stack) to quantify χ(3), saturable absorption/optical limiting, and recovery time.
- Photocurrent response under modulated/pulsed excitation (GHz–MHz modulation) to test whether the interlayer reduces carrier lag and space-charge formation (frequency-dependent EQE/IMPS).
3.3 Stability and degradation pathway analysis:
- Maximum power point tracking (ISOS-L-2/L-3 style) with temperature/humidity control; compare interlayer vs control.
- ToF-SIMS/XPS depth profiling pre/post aging to detect suppressed ion migration (I−/Br−, MA+/FA+) toward ETL and reduced interfacial Pb0 formation.
- Operando PL mapping and electroluminescence to quantify nonradiative loss evolution; correlate with Voc retention.
3.4 Comparative benchmarking: 
- Compare against single-component interlayers: (i) only Co–N4, (ii) only Co-NP, (iii) only PtNi/NC, and (iv) conventional passivation layers (e.g., fullerene-SAM, alkylammonium 2D capping). Evaluate PCE distribution, hysteresis index, Voc deficit, and stability metrics.","1. Theoretical/Empirical Basis: Asset 3 demonstrates that Co–N4 electronically coupled to Co nanoparticles creates a direct electron-transfer bridge by reducing inter-state energy gaps and enabling fast electron flow through a bonded pathway; translating this to PSCs targets the known bottleneck of interfacial recombination and extraction losses at the perovskite/ETL boundary. Asset 2 shows PtNi alloys on N-doped carbon exhibit strong support-to-alloy charge transfer that tunes alloy electronic structure and enhances electron-transfer kinetics; in PSC interfaces this should enable a controllable electron sink/work-function pinning while leveraging N–C as a chemically compatible scaffold. Asset 1 provides precedent that engineered 2D/ultrathin heterostructures with enhanced charge transfer show strong third-order NLO responses and enable mode-locking; here, the same physics is repurposed as ultrafast, intensity-dependent carrier gating that mitigates transient charge accumulation (a driver of hysteresis and ion migration).
2. Transfer Logic (How the adaptation fits the domain): PSC losses and instability often originate at buried interfaces where defects, band misalignment, and ionic motion couple to local electric fields. A thickness-limited, conformal, MOF-derived N–C interlayer is compatible with solution processing and can be engineered with atomic sites (Co–N4) for defect coordination, metallic bridges (Co-NP) for fast percolation, and alloy sinks (PtNi) for energy-level control—an interface engineering strategy rather than a simple additive swap. The NLO-driven ultrafast response is introduced specifically to address dynamic, illumination-dependent carrier pile-up and field screening that exacerbate hysteresis and accelerate ion migration.
3. Comparative Advantage: Compared with conventional organic passivators or single-function SAMs, the proposed interlayer is multi-functional but mechanistically integrated: (i) Co–N4 reduces trap density by coordination to under-coordinated Pb/halide-vacancy-associated sites; (ii) Co-NP provides a short, low-resistance electronic bridge without requiring a thick conductive layer; (iii) PtNi/NC charge transfer tunes the interfacial work function and reduces back-transfer, improving Voc and FF; (iv) χ(3)-enabled carrier gating targets fast transient regimes that standard passivation does not address. This combination is expected to reduce Voc deficit, suppress hysteresis, and slow degradation by reducing interfacial charge accumulation and ion migration simultaneously.","This is a highly ambitious and largely well-constructed proposal that demonstrates strong command of interfacial physics, catalysis-derived materials chemistry, and perovskite device diagnostics. The engineering plan is unusually detailed for a PSC interface study, with credible synthesis routes (surface-confined MOF growth, staged conversion, photonic annealing) and a rigorous validation framework. The primary score deductions arise from the nonlinear-optical-to-device-performance linkage: while χ(3) enhancement and ultrafast recovery are plausible in PtNi/NC and Co–N–C systems, the causal chain from NLO response to suppression of ion-migration-driven field screening under realistic solar illumination remains only semi-quantitative. The 'self-mode-locking carrier-gating' analogy is intellectually stimulating but risks overextension unless the intensity and timescale regimes relevant to PSC operation are more explicitly bounded. Additionally, the coexistence of metallic Co-NPs and PtNi nanodomains within a 5–15 nm interlayer poses a non-negligible shunt and chemical reactivity risk that is acknowledged but not fully mitigated in the current plan."
"Embedding a redox-buffering, NIR-gated oxygen-management interphase (Zn–porphyrin COF + Fe-scavenging PCP) between the perovskite electron-contact and a carbon air electrode will suppress oxygen-driven perovskite degradation by (i) displacing oxygen reduction reaction (ORR) away from the perovskite, (ii) kinetically biasing oxygen reduction at the air-side interphase toward a 2e− outer-sphere route with minimized peroxide activity at the perovskite-side boundary, and (iii) eliminating Fenton-active chemistry via quantitative Fe2+/Fe3+ sequestration.

Mechanistic rationale with operational definitions (addressing reviewer pillars):
1) Quantitative energy-level/kinetic alignment (“outside the quasi-Fermi level” made measurable): Under illumination, the relevant driving force for electron transfer from the perovskite electron-contact stack into O2 at the interphase is ΔG_ET ≈ −e·(E_Fn,contact − E°′(O2/H2O2,local)) after including interfacial band-bending and local electrostatic potential. We define “outside the perovskite electron quasi-Fermi level” as the condition where the *measured* illuminated contact quasi-Fermi level (E_Fn at the C60/BCP/PCP surface, referenced to vacuum via KPFM/UPS) is at least 150 mV less reducing than the *local* apparent ORR onset potential of ZnPor-COF/carbon (E_onset,app at the same interface, referenced to the same scale). Operationally: E_Fn,illum(contact) − E_onset,app(ZnPor-COF) ≤ −0.15 V (insufficient driving force for substantial interfacial ORR at the perovskite-adjacent side), while ORR remains facile at the air-exposed ZnPor-COF/carbon boundary due to O2 activity and photogated kinetics.
2) NIR-gated oxygen pumping without new ROS pathways: NIR (808–850 nm) excites ZnPor triplets that accelerate back-electron transfer / interfacial charge-exchange with O2 at the *air-side* catalyst region, increasing ORR exchange current (j0) at fixed overpotential (η) rather than increasing η. The key falsifiable prediction is: at matched temperature and matched visible photon flux, NIR increases ORR rate (higher j at fixed E) and/or decreases H2O2 surface activity near the perovskite-side boundary, while *not* increasing singlet oxygen (1O2) generation (TEMP/TEMPO EPR and immobilized SOSG/DPBF readouts unchanged within error).
3) Peroxide-handling + Fenton suppression closes the chain: Even if a fraction of 2e− ORR produces H2O2 (Asset 2), the COF nanochannel chemistry (controlled sulfonation/water uptake) reduces H2O2 residence time and activity at the perovskite-side boundary by favoring outward partitioning/diffusion to the air electrode side. Any H2O2 that reaches the perovskite-adjacent region cannot trigger hydroxyl radicals because PCP quantitatively complexes trace Fe2+/Fe3+ (Fenton gate) (Assets 3–4). To preserve the mandated concept chain, glucose oxidase (GOx) is introduced as a calibrated, independent H2O2 generator in a dedicated test fixture to benchmark (a) H2O2 transport through the COF and (b) PCP’s Fe/Fenton suppression, decoupled from perovskite photophysics.

PSC-relevant failure endpoint replacing “apoptosis”: The terminal metric is a ROS-coupled device-physics failure mode quantified as (i) ΔVoc-deficit = (Eg/q − Voc) increase, (ii) trap density rise (tDOS from thermal admittance / SCLC), and (iii) ion-migration markers (hysteresis index, transient ion drift signatures), each fit to a ROS-dependent rate law where the measured H2O2 activity and ·OH/1O2 signals are the causal predictors.","Step 1 — Device architecture and chemically specified interphase build
1.1 Baseline inverted PSC platform (carbon top electrode compatible): glass/ITO/MeO-2PACz/(FA,Cs)Pb(I,Br)3/C60/BCP/carbon. Target initial PCE ≥ 18% with carbon electrode; encapsulation kept modular to allow controlled O2/H2O exposure.
1.2 PCP Fe-scavenging sublayer (2–5 nm) directly on BCP or on C60/BCP: poly(catechol-phosphate) deposited by aqueous/alcohol self-assembly (pH 7–8 buffer to avoid perovskite exposure; deposition done on electron-transport layer prior to perovskite integration when required). Acceptance criteria: (i) thickness by ellipsometry/XRR within 2–5 nm, (ii) surface coverage uniformity by AFM/KPFM, (iii) Fe binding capacity quantified by ICP-MS after soaking in Fe2+/Fe3+ (10–500 ppb; and 1–10 ppm stress) in electrolyte-analog solvents; fit Langmuir-type binding isotherm to extract capacity and affinity.
1.3 ZnPor-COF film on carbon (20–50 nm) with controlled sulfonation: interfacial polymerization of Zn-porphyrin dialdehyde + diamine linker. Incorporate 0, 2, 5, 10 mol% sulfonated linker (–SO3−) to tune water uptake/partitioning. Acceptance criteria: (i) thickness 20–50 nm by cross-sectional SEM/TEM, (ii) porosity/channel order by GIWAXS, (iii) water uptake isotherm by QCM-D or ellipsometric porosimetry, (iv) electronic conductivity (in-plane) and series resistance impact in complete stacks.
1.4 Axial-ligand series to tune O2 binding and ORR energetics: Zn axial ligands grafted or coordinated post-synthetically: pyridine, imidazole, 4-fluoropyridine, and 4-(trifluoromethyl)pyridine. Quantify ligand incorporation via XPS (N 1s shifts), UV–vis (Soret/Q-band shifts), and Zn coordination signatures. This series is the primary lever to shift E_onset,app and ORR kinetics (Asset 1 link via half-wave potential as a quantitative descriptor).

Step 2 — Mandatory Pillar (1): Quantitative energy-level alignment + microkinetic ORR model
2.1 Measure interfacial energetics under dark and illumination:
- UPS (work function, valence onset) and inverse photoemission / calibrated electron affinity estimates where possible for ZnPor-COF and carbon.
- KPFM mapping across cross-sections (or surface after layer-by-layer build) to obtain local contact potential difference (CPD). Do this in controlled atmosphere with tunable O2 partial pressure (0–1 atm) and humidity (0–50% RH).
- Kelvin probe (macroscopic) vs pO2 to capture oxygen-induced work-function shifts and adsorption-induced dipoles.
2.2 Determine illuminated E_Fn at the perovskite electron-contact side:
- Use surface photovoltage (SPV) + KPFM under 1-sun equivalent visible illumination to extract the quasi-Fermi level splitting at the top electron-contact surface (C60/BCP/PCP) in inert vs O2.
- Cross-check with absolute PLQY-derived QFLS of completed stacks (perovskite + ETL + PCP) to anchor E_Fn changes.
2.3 ORR electrochemical descriptors on the actual stacks:
- Three-electrode microcell using carbon/(ZnPor-COF) as working electrode; match humidity to PSC-relevant conditions (dry to low-moisture, aligning with quasi-solid-state constraints highlighted in Asset 1).
- Measure ORR polarization curves, half-wave potential (E1/2), Tafel slopes, and selectivity to H2O2 via RRDE (ring detection) where feasible; otherwise use rotating disk + colorimetric peroxide assays with strict calibration.
2.4 Microkinetic model coupling energetics to H2O2 yield (Asset 2 linkage):
- Use a two-pathway scheme: 4e− ORR to OH−/H2O and 2e− ORR to H2O2, with rate constants k2(E, aO2, awater) and k4(E, aO2, awater). Parameterize k2/k4 from RRDE selectivity and Tafel slopes.
- Include partitioning/transport of H2O2 through COF as a 1D diffusion-reaction term: ∂c/∂t = D_eff∂²c/∂x² − k_decay c, where D_eff and k_decay depend on sulfonation/water uptake.
- Output prediction: H2O2 activity at the perovskite-side boundary a_H2O2(x=0) vs (E_Fn,illum, pO2, RH, ligand). Define a quantitative success threshold: ≥10× reduction in a_H2O2(x=0) relative to carbon-only control at matched pO2/RH.

Step 3 — Mandatory Pillar (2): Deconvolute NIR effects; rule out singlet oxygen (1O2)
3.1 Optical/thermal controls (causal isolation):
- NIR gating: 808–850 nm LED, 10–30 mW cm−2, duty-cycled (e.g., 10%–50%) with temperature rise constrained to <2 °C.
- Temperature-matched dark controls: resistive microheater or IR heater to replicate the exact temperature profile without photons.
- Photon-flux matched visible controls: visible LED adjusted to deposit equal absorbed power in carbon/COF but not excite ZnPor triplets equivalently (confirmed by absorption spectra), to separate photothermal vs photochemical effects.
3.2 Direct 1O2 detection with immobilized probes and EPR:
- Immobilize SOSG or DPBF in an oxygen-permeable, perovskite-inert polymer layer positioned on the air-side (carbon/ZnPor-COF side) to avoid probe diffusion to perovskite.
- Perform EPR spin trapping with TEMP to detect TEMPO formation under NIR; compare (i) ZnPor-COF with each axial ligand, (ii) carbon-only, (iii) ZnPor-COF + physical 1O2 quencher barrier (e.g., immobilized DABCO derivative or HALS additive in a thin overlayer).
- Acceptance criterion: NIR-on condition increases ORR current/lowers interfacial peroxide signal while 1O2 signal remains unchanged (≤10% change) or is reduced with quencher without loss of ORR benefit.
3.3 Confirm NIR changes ORR kinetics at fixed overpotential (not via increased η):
- Measure ORR current at fixed applied potentials (or fixed electrode potential vs reference) with NIR on/off at constant temperature; extract Δj and infer Δj0.

Step 4 — GOx integration (mandated chain completion) as a calibrated H2O2 generator reference
4.1 Build a separate GOx test fixture (no perovskite) to isolate peroxide flux and Fenton gating:
- Architecture: carbon/(ZnPor-COF variants)/PCP on inert substrate; adjacent hydrogel layer containing GOx + glucose (controlled rate of H2O2 generation).
- Quantify generated H2O2 flux using microelectrode/SECM and colorimetric assays; vary COF sulfonation and thickness.
4.2 Fenton suppression benchmark under controlled Fe contamination (Assets 3–4 linkage):
- Add Fe2+/Fe3+ (ppb–ppm) to the GOx hydrogel; measure ·OH via EPR (DMPO-·OH) and/or terephthalic acid fluorescence (with immobilization).
- Compare stacks with/without PCP; extract an inhibition factor for ·OH generation vs Fe dose. Acceptance criterion: ≥90% suppression of ·OH across 0.1–10 ppm Fe under fixed H2O2 flux.

Step 5 — Operando ROS mapping in PSC-relevant stacks
5.1 Spatially resolved peroxide mapping:
- SECM in humidity-controlled chamber to map local H2O2 near the carbon/ZnPor-COF surface vs near the perovskite-adjacent side (using a laminated proxy stack if direct access is limited).
- Polymer-bound peroxide fluorescent probes confined to the air-side; verify no probe migration by ToF-SIMS tagging.
5.2 Hydroxyl radical and superoxide assays near perovskite interface:
- EPR on encapsulated mini-stacks with spin traps localized at the perovskite-adjacent side (immobilized trap in an interlayer) to avoid sampling artifacts.

Step 6 — Device physics endpoints and ROS-coupled rate-law validation (replace “apoptosis”)
6.1 Device performance under controlled O2/RH/light (ISOS-O and ISOS-L variants): track PCE, Voc, Jsc, FF; extract T80 and Voc retention.
6.2 Quantify non-radiative recombination and defect growth:
- Absolute PLQY/QFLS before/after stress; transient photovoltage/photocurrent; impedance spectroscopy for recombination resistance changes under O2.
- Trap density evolution via thermal admittance spectroscopy and/or SCLC in dedicated electron-only devices.
6.3 Ion migration markers:
- Hysteresis index vs stress time; transient ion drift signatures (e.g., bias-assisted capacitance transients).
6.4 Rate-law coupling to measured ROS:
- Fit degradation rate (e.g., d(Voc)/dt or d(trap density)/dt) to measured a_H2O2(x=0), ·OH EPR intensity, and 1O2 signals under each condition (ligand, sulfonation, NIR controls, Fe contamination). Success is a model-consistent causal chain: reduced peroxide activity at the perovskite-side + suppressed ·OH correlates with slower Voc-deficit growth.

Step 7 — Zinc-air battery cathode transfer validation (Asset 1 linkage)
7.1 Assemble quasi-solid-state zinc-air battery cathodes using the same ZnPor-COF/carbon (with ligand series) and measure ORR half-wave potential and power density vs carbon-only.
7.2 Use E1/2 improvement and moisture-dependence as an orthogonal confirmation that the interphase provides meaningful ORR kinetics in low-moisture environments, consistent with the PSC air-electrode regime.

Go/No-Go milestones (explicit):
M1 Energetics: obtain E_Fn,illum(contact) and E_onset,app(ZnPor-COF) on a common vacuum-referenced scale; demonstrate ≥150 mV separation under operating conditions.
M2 NIR causality: at temperature-matched conditions, NIR increases ORR rate/selectivity metrics without increasing 1O2 (TEMP/SOSG/DPBF) and without increasing perovskite-side ROS.
M3 Transport: demonstrate ≥10× lower perovskite-side peroxide activity with optimized sulfonation/thickness.
M4 Fenton gate: demonstrate ≥90% suppression of ·OH with PCP under GOx-generated H2O2 and ppm Fe.
M5 Device stability: demonstrate statistically significant improvement in T80 and Voc retention under ISOS-O with the full interphase vs controls (carbon-only, ZnPor-COF only, PCP only).","Energy-level alignment feasibility: UPS/KPFM/SPV are standard, quantitative tools for mapping work function and illumination-induced potential changes; coupling these to a microkinetic ORR model directly answers the reviewer’s concern that “outside the quasi-Fermi level” was underdefined. Using a single reference framework (vacuum level) and reporting explicit thresholds (≥150 mV separation; ≥10× reduction in a_H2O2 at the perovskite boundary) converts the concept into falsifiable criteria.

NIR deconvolution feasibility and 1O2 risk management: The reviewer-cited failure mode (porphyrin triplet-sensitized 1O2) is explicitly addressed with orthogonal detection (immobilized SOSG/DPBF and TEMP/TEMPO EPR) and with temperature-matched and photon-flux matched controls to separate photothermal and photochemical effects. If 1O2 is detected, the plan includes a compatible mitigation (immobilized quencher overlayer) and a decision gate that requires maintaining ORR benefit without elevating 1O2.

Peroxide transport/selectivity feasibility: Sulfonation-dependent water uptake and D_eff can be quantified (QCM-D/porosimetry/SECM), enabling a transport-informed optimization rather than an assumption. The 1D diffusion-reaction model is deliberately minimal yet sufficient to demonstrate whether peroxide activity at the perovskite-side boundary decreases, which is the only transport outcome that matters for stability.

GOx integration (mandated chain coherence): GOx is added not as a PSC component but as a calibrated H2O2 source in a separate fixture to validate peroxide flux handling and PCP’s Fe/Fenton suppression with controlled inputs—mirroring Assets 3–4 where H2O2 availability governs downstream radical chemistry. This satisfies the required concept chain (H2O2 ↔ ORR ↔ Fenton) while preventing biological irrelevancies from contaminating PSC interpretation.

Relevance and endpoints: “Apoptosis” is replaced with PSC-native, quantifiable failure metrics (Voc-deficit growth, trap density increase, ion-migration signatures) and explicitly linked to ROS observables through rate-law fitting. This creates a causally testable chain from ORR energetics/kinetics → H2O2 activity → (Fe-gated) ·OH formation → electronic/ionic degradation signatures.

Transfer validation logic (zinc-air linkage): Using half-wave potential (E1/2) and QSS zinc-air battery power density as orthogonal measures (Assets 1–2) validates that the same ZnPor-COF/carbon chemistry provides meaningful ORR competence in low-moisture regimes. This reduces risk that the interphase is merely a passive barrier and substantiates its intended electrocatalytic role without introducing noble metals or Fenton-active centers.","The proposal is unusually strong on operational definitions, falsifiable milestones, and control logic. The main technical weaknesses are (i) the claimed ≥150 mV “E_Fn,illum(contact) vs E_onset,app” separation is not yet convincingly measurable on a single absolute scale under identical chemical potentials: KPFM/UPS/SPV provide work functions and photovoltages, but mapping these to an electrochemical ORR onset in humid O2 without a rigorously defined interfacial reference state (water activity, local pH, double-layer potential, carbon doping/adsorbates) risks systematic offsets larger than the 150 mV threshold; (ii) the microkinetic/transport model is still underconstrained—selectivity and Tafel data alone will not uniquely identify k2/k4 and H2O2 boundary activity without independent calibration of local water content, O2 permeability, and potential distribution through the COF; (iii) the NIR mechanism as written (“triplets accelerate back-electron transfer / interfacial charge-exchange with O2 increasing j0 at fixed η”) is plausible but ambiguous—triplet–O2 interactions commonly *increase* 1O2 unless explicitly quenched, so the plan needs a clearer mechanistic discriminant (e.g., outer-sphere ET vs energy transfer) tied to measurable spectroscopic signatures; (iv) PCP deposition feasibility on/near perovskite stacks is a risk: even ‘pre-integration’ deposition on ETL can alter ETL energetics, introduce dipoles, and add ionic functionalities affecting hysteresis—this could confound attribution to ROS suppression unless additional electrical controls (dark JV, electron-only mobility/contact resistance) are built in. Overall, deductions are for metrology traceability at the ORR/energetics interface and parameter identifiability, not for lack of rigor."
"A perovskite-compatible, electronically benign bicontinuous passivation manifold can be realized by combining: (i) an ultrathin (3–6 nm) *metal-free* aminated coordination glass (aIRMOF-3 chemistry translated into a Zn-free, carboxylate-free, dipole-controlled network) that immobilizes undercoordinated Pb–(I/Br) surface species and pins halide-vacancy migration; (ii) a *Schwarz P–class* (P-surface–targeted) bicontinuous minimal-surface morphology that increases interfacial area and homogenizes interfacial electric-field/ionic-flux distributions; and (iii) wall-confined Fe–N4 single-atom redox centers positioned in the *gas-accessible* internal walls but *energetically and kinetically gated* to avoid acting as recombination sites.

Mechanistic resolution of reviewer risks:
1) **Composition control / ionic contamination:** Replace Zn2+/carboxylate motifs with a neutral, coordinatively saturated, aminated “coordination-glass analogue” built from (a) multidentate amines/ureas/guanidiniums (Lewis bases for Pb2+), (b) non-ionic covalent crosslinking (thiol–ene or SPAAC click), and (c) optional zwitterion buffering groups to tune interfacial dipole to ~0. This maintains the aIRMOF-3 *functional logic* (high-density donor sites + amorphous conformality) while avoiding Zn2+ leaching, carboxylate-driven interfacial dipoles, and photochemical metal–ligand rearrangements.
2) **Curvature suppresses ionic hot spots (quantified):** In perovskites, mobile halide vacancies and ionic defects drift under local fields and accumulate at transport interfaces, accelerating field-assisted defect formation and interfacial recombination. A Schwarz P–class bicontinuous interface imposes negative Gaussian curvature and spatially distributed surface normals. Under a coupled Poisson–Nernst–Planck (PNP) model using realistic dielectric contrast (εperovskite ~ 20–30; εorganic ~ 3–5), this geometry reduces peak interfacial electric-field magnitude and the variance of the normal field component En at the perovskite contact, lowering the steady-state ionic concentration polarization (Δc/c0) and the accumulation time constant (τacc) relative to a flat film at identical thickness and applied bias. This provides a *predictive* reduction in experimentally observable KPFM potential pile-up and bias-stress impedance signatures.
3) **Fe–N4 ROS sink without halide oxidation or recombination:** Fe–N4 sites are introduced with (a) a ligand field designed to place Fe(III/II) redox below halide-oxidation thresholds and (b) an ultrathin tunneling/kinetic barrier that permits ROS interception (requiring only local electron availability) but suppresses electronic back-transfer into perovskite bands. The key is to ensure: (i) Fe redox levels are off-resonant from perovskite band edges at operating quasi-Fermi-level splitting, (ii) no additional subgap absorption is introduced, and (iii) carrier recombination metrics (PLQY at 1-sun carrier density, ideality factor, subgap EQE) do not degrade. If these quantitative gates are met, the Fe–N4 centers operate as a selective redox sink for superoxide/peroxide intermediates in oxygen-containing environments, reducing oxygen-driven interfacial chemistry without becoming a recombination-active manifold.

Net expected outcome: higher Voc/FF through reduced interfacial nonradiative recombination and reduced ionic accumulation, plus improved oxygen/light/heat operational stability through ROS interception—achieved without the series-resistance penalty of insulating crystalline MOFs, because the manifold is ultrathin, bicontinuous, and electronically tuned by dipole control and barrier-gated redox centers.","A. Baseline system and controls (unchanged core concept, expanded controls to satisfy recombination-risk separation)
A1. Device baseline (interface-limited): (FA0.85Cs0.15)Pb(I0.85Br0.15)3 in p–i–n: ITO/2PACz (or NiOx)/Perovskite/Interlayer/C60/BCP/Ag. Target perovskite thickness 450–650 nm; C60 15–25 nm.
A2. Control matrix (expanded):
- C0: no interlayer.
- C1: aminated coordination glass only (flat, 3–6 nm; no bicontinuity; no Fe).
- C2: bicontinuous P-surface–targeted manifold without Fe (topology only).
- C3: Fe–N4 in flat glass (chemistry only).
- C4: full manifold (glass + P-surface topology + wall-confined Fe–N4).
- C5 (mandatory recombination-risk control): Fe–N4 present but electronically insulated via a defined tunneling spacer (0.8–1.2 nm aliphatic/fluorinated barrier) between Fe–N4 and the electronically coupled wall; ROS access maintained but electronic coupling reduced.
- C6 (dipole control): identical to C4 but with zwitterion-buffered vs non-buffered glass to quantify band alignment sensitivity.

B. Mandatory Gate 3 (Process-compatibility): perovskite-inert route to create bicontinuity without plasma
B1. Replace plasma domain removal with **orthogonal solvent extraction** or **photocleavable sacrificial block**.
- Preferred route: PS-b-PEO (or PI-b-PEO) with PEO as sacrificial domain; crosslink the PS (or PI) domain via UV thiol–ene using inert thiols; extract PEO using anhydrous ethanol or acetonitrile (validated perovskite-safe) at room temperature.
- Alternative route (if extraction insufficient): BCP with **o-nitrobenzyl** photocleavable sidechains in sacrificial block; after crosslinking the matrix block, cleave sacrificial block under 365–405 nm low-fluence (<10 mW cm−2) in N2; rinse with orthogonal solvent.
B2. Demonstration on perovskite films (gate criteria):
- Processing sequence on perovskite/2PACz stacks without C60.
- Pass criteria (all must hold):
  (i) XRD: no new PbI2 peak growth beyond +2% relative integrated intensity vs untreated;
  (ii) UV–Vis: ΔAbs(500–800 nm) < 1% and no new tailing;
  (iii) XPS/ToF-SIMS: no measurable halide depletion at top 20 nm (I/Pb ratio change <5%; Br/Pb <5%); no new oxidized iodine signature above noise;
  (iv) PL (steady-state) intensity on perovskite does not drop >10% vs solvent-only control.
- Go/no-go: if any fail, switch to a “non-etched” bicontinuity route (Section B4 contingency).
B3. Targeted P-surface formation in confined film:
- Use solvent-vapor annealing (SVA) with controlled vapor activity (toluene/THF blends) to steer toward P-surface–class bicontinuity (distinguished from gyroid by GISAXS peak positions and relative intensities).
- Film thickness 20 ± 5 nm to remain optically thin and compatible with C60 conformality.
B4. Contingency if true P-surface is not reproducible: adopt gyroid bicontinuous phase but preserve the *negative Gaussian curvature distribution* criterion by selecting a bicontinuous morphology with similar curvature statistics (quantified from tomography). The mechanistic tests (Gate 2) remain geometry-driven; proceed only if modeled and measured ionic-accumulation reduction is achieved.

C. Glass interlayer redesign (addresses Zn/carboxylate/dipole risk while preserving “aIRMOF-3 amorphous framework” logic)
C1. Composition: a neutral covalent network with dense Lewis-base motifs.
- Monomers: multifunctional amines (e.g., tris(2-aminoethyl)amine derivatives), urea/thiourea motifs (for Pb2+ coordination), optional guanidinium-like H-bond donors (for halide-vacancy stabilization).
- Crosslinking: SPAAC (azide–DBCO) or thiol–ene, chosen to avoid acidic/byproduct ions.
- Dipole tuning: incorporate zwitterionic sulfobetaine units at 5–15 mol% to neutralize net dipole and stabilize work function.
C2. Deposition: solvent-orthogonal sequential vapor/solution steps.
- Step 1: deposit 0.5–1.5 nm primer SAM (already compatible: 2PACz underlayer; on top surface use an ultrathin inert “landing” layer such as HMDS-like silazane or fluorinated alkylsilane if needed).
- Step 2: spin-coat or vapor-deliver monomers from dry, nonpolar/weakly polar solvents (anisole, chlorobenzene, or dry IPA if validated) with total thickness 3–6 nm.
- Step 3: room-temperature crosslink (UV 365–405 nm, low dose, inert atmosphere) to lock amorphous network.
C3. Pb2+/halide-vacancy binding verification (before topology integration):
- XPS core-level shifts (Pb 4f, I 3d, N 1s) consistent with Pb–N coordination;
- 2D solid-state NMR on witness films (optional);
- Reduced trap density via SCLC and increased PLQY on perovskite/glass vs perovskite bare.

D. Mandatory Gate 1 (Band/redox alignment): compute then measure; prohibit device integration until passed
D1. Computation (pre-screen):
- DFT/cluster calculations for Fe–N4 embedded in the wall ligand environment + dielectric embedding to estimate Fe(III/II) redox and frontier-state energies; compute expected work function shifts from glass composition (with and without zwitterions).
D2. Measurements on model stacks (ITO/interlayer/C60 and perovskite/interlayer/C60):
- UPS/IPES: determine interlayer-induced work-function (WF) and band-edge alignment; Kelvin probe mapping for spatial uniformity (<30 mV RMS variation).
- Under illumination (1 sun equivalent carrier density in perovskite): Kelvin probe / surface photovoltage to ensure no adverse interfacial dipole-induced barrier.
- Electrochemical redox of Fe–N4 in solid state: thin-film spectroelectrochemistry on ITO/interlayer in dry O2/N2 with a non-aqueous electrolyte (or redox mediator) to extract effective Fe(III/II) potential; corroborate with in situ XPS (Fe 2p shifts) vs applied bias.
D3. Pass criteria (all required, go/no-go):
- Optical: no new subgap absorption; specifically ΔEQE (below bandgap) < 1×10−4 absolute and no additional absorption tail in PDS.
- Photophysics: PLQY of perovskite/interlayer/C60 at 1-sun-equivalent carrier density not reduced by >10% vs C0; TRPL fast component not shortened.
- Energetics: interlayer WF shift magnitude |ΔWF| ≤ 0.15 eV unless it improves electron extraction without reducing Voc in quasi-steady-state PL; Fe redox must not be placed within ±0.2 eV of perovskite quasi-Fermi levels under operation (empirically assessed by matching to SPV/Kelvin under light).
- If fails: implement C5-style insulation barrier or alter ligand field (electron-withdrawing substituents) to move Fe redox away; if still fails, drop Fe and proceed with topology+glass only (C2+C1 path).

E. P-surface manifold fabrication (perovskite-safe)
E1. Build sequence:
1) Perovskite deposition + anneal.
2) Glass formation (3–6 nm).
3) BCP coating (15–25 nm) + SVA to achieve bicontinuity.
4) Crosslink matrix block.
5) Remove sacrificial block by orthogonal extraction / photocleavage (Gate 3 already qualified).
6) Optional: coat internal walls with a 0.5–1.0 nm “electronic spacer” (alkyl/fluoroalkyl or wide-gap siloxane) to tune coupling (used for C5 and as knob for C4).
E2. Topology validation (quantitative):
- GISAXS: fit to P-surface–class structure factor; accept if long-range periodicity with domain spacing 10–30 nm and low disorder parameter.
- Cross-sectional tomography (FIB-SEM with low-dose or soft X-ray tomography): quantify connectivity and curvature statistics; require percolation in-plane and through-thickness.

F. Fe–N4 wall-confined installation (site placement + benignity)
F1. Ligand anchoring exclusively on internal walls:
- Introduce tethered tetra-aza macrocycle precursors (porphyrinoid or cyclam-like) via click coupling to wall functional handles (azide/alkyne).
- Control ligand areal density: 0.1–1.0 sites nm−2 (screened).
F2. Metalation (perovskite-safe):
- Vapor-phase FeCl2/Fe(acac)2 coordination in dry inert atmosphere, or supercritical CO2 infusion with Fe precursor.
- Post-treatment: mild oxidation state set (chemical oxidant in vapor phase) avoiding ozone and avoiding protic solvents.
F3. Single-atom verification:
- EXAFS: absence of Fe–Fe scattering; dominant Fe–N coordination.
- STEM-EELS on witness films (on inert substrates).

G. Mandatory Gate 2 (Topology/ion-transport): model + matched experimental observables
G1. PNP model definition:
- Geometry: (i) flat interlayer; (ii) bicontinuous minimal-surface manifold approximated from tomography or level-set representation.
- Parameters: mobile ion density (10^17–10^19 cm−3), diffusion coefficients (10−12–10−9 cm^2 s−1), ε contrast, applied bias (0–1 V), temperature (25–65 °C).
- Output predictions: peak interfacial Δc/c0, spatial variance of ionic charge density, and τacc under bias.
- Pre-registered expected effect size: ≥30% reduction in peak Δc/c0 and ≥2× increase in τacc (slower pile-up) for bicontinuous vs flat at same thickness.
G2. Experimental readouts (must match trends):
- Bias-stress KPFM on perovskite/2PACz/interlayer stacks: measure surface potential evolution amplitude (ΔV) and time constant (τ) under ±0.5 V equivalent stress.
- Impedance spectroscopy under illumination: extract low-frequency capacitance growth attributable to ionic accumulation; require reduced LF capacitance rise.
- ToF-SIMS tracer drift (e.g., isotopic halide tracer or cation tracer in model perovskites): quantify accumulation at the interface after bias stress.
G3. Go/no-go criteria:
- Bicontinuous (C2 or C4) must show ≥25% reduction in ΔV amplitude in KPFM and a shift in τ consistent with model directionality; and ≥20% reduction in interfacial tracer accumulation vs flat (C1/C3).
- If not met: abandon curvature claim; proceed with glass-only passivation and Fe-only ROS sink with insulation (C1+C5), and refocus proposal outcomes accordingly.

H. Device integration and performance/stability validation (with mandatory recombination diagnostics)
H1. C60 deposition: thermal evaporation 10–20 nm at low rate; optimize partial infiltration without pore collapse.
H2. Recombination-risk reporting (mandatory):
- Ideality factor (n) vs light intensity; require no increase (Δn ≤ +0.1) vs C0.
- Subgap EQE / sensitive EQE: no new subgap features; integrated subgap photocurrent increase <10%.
- Absolute PLQY and implied Voc; must not worsen relative to best non-Fe control.
H3. ROS mechanism tests:
- Operando EPR spin trapping under controlled O2 (ppm–1%): C4 and C5 should reduce steady-state O2− relative to C2/C1; difference between C4 and C5 partitions ROS benefit vs electronic coupling.
- XPS after light soak: reduced Pb0 and I0 signatures in Fe-containing manifolds (if Gate 1 passed).
H4. Targets:
- Efficiency: Voc +25–40 mV and FF +2–4% absolute vs C0 at matched Jsc.
- Stability: ISOS-L-2 MPP at 65 °C, 20–30% RH, ≥1000 h with <10% PCE loss; oxygen-accelerated test (1% O2 in N2) showing slower Voc decay in Fe manifolds (C4/C5) vs non-Fe.","1) De-risked translation of the literature assets into perovskite constraints:
- **Asset 1 (Schwarz P / utilization ratio):** We retain the *functional* insight—bicontinuous minimal-surface architectures increase the fraction of accessible, addressable sites—while acknowledging that perovskites cannot tolerate harsh processing. The revised plan eliminates plasma etching and uses solvent extraction/photocleavage, then verifies true bicontinuity and curvature statistics. The utilization-ratio concept is preserved but now coupled to explicit, measurable accessibility and electronic-coupling constraints via Gates 1 and 2.
- **Asset 2 (amorphous MOF-derived framework / stability):** We keep the “amorphous, conformal, site-stabilizing framework” concept but remove Zn2+/carboxylate risks by implementing a metal-free, covalently crosslinked aminated coordination-glass analogue. This directly addresses reviewer concern about ionic contamination and uncontrolled dipoles while preserving the high-density Lewis-base passivation logic.

2) Quantitative rigor added exactly where reviewers flagged risk (three mandatory gates):
- **Gate 1 (band/redox alignment):** The proposal now pre-registers measurement modalities (UPS/IPES, Kelvin probe under illumination, solid-state redox/spectroelectrochemistry, subgap EQE, PLQY at 1-sun carrier density) and explicit go/no-go thresholds to ensure the interlayer and Fe–N4 do not introduce recombination channels or deleterious band offsets.
- **Gate 2 (topology/ion-transport):** The curvature mechanism is no longer qualitative; it is tied to a coupled PNP model with realistic parameters and predicted effect sizes, and to specific experimental observables (KPFM ΔV/τ, LF impedance, ToF-SIMS accumulation) with defined pass/fail criteria.
- **Gate 3 (process compatibility):** Plasma is eliminated. Perovskite-inert extraction/photocleavage routes are validated directly on perovskite films with strict material-integrity criteria (XRD, UV–Vis, XPS/ToF-SIMS, PL).

3) Explicit recombination-risk separation and contingency paths:
- The added **C5 control** (Fe–N4 electronically insulated) is a direct, device-relevant test to decouple ROS scavenging from recombination/energetic coupling.
- If P-surface is not reproducible, the plan pivots to a curvature-statistics-qualified bicontinuous phase (e.g., gyroid) while still testing the *model-predicted ionic-accumulation suppression*. If that too fails, the curvature claim is dropped and the proposal still yields a valuable, lower-risk passivation/ROS strategy.

4) Utilization-ratio metric becomes experimentally anchored:
- Rather than relying on an unvalidated buried-site operando protocol, utilization is operationally defined as the product of (i) gas accessibility (validated by uptake/permeation and tomography-confirmed connected porosity) and (ii) electronic benignity/addressability (validated by Gate 1 photophysics + bias-dependent Fe spectroscopic signatures only after benignity is proven). Calibration is provided by comparing C4 vs C5 (same accessibility, different electronic coupling) and by porosity-controlled channel diameters.

Overall, the revised program remains conceptually aligned with the original concept chain (amorphous framework + minimal-surface bicontinuity + confined Fe–N4) but replaces the highest-risk chemistries and processes with perovskite-safe analogues, and elevates the mechanistic claims into testable, quantitative, gated milestones that can terminate or pivot the approach early without sunk-cost device integration.","The proposal is unusually strong in execution planning: it defines a control matrix that cleanly separates chemistry/topology/redox effects, and it pre-registers go/no-go gates with quantitative thresholds tied to measurable observables (UPS/IPES, PLQY at 1-sun carrier density, subgap EQE/PDS, KPFM bias-stress dynamics, LF-impedance, ToF-SIMS drift). The main score deductions are for (i) incomplete physical justification that a 3–6 nm ‘coordination-glass’ can simultaneously (a) immobilize undercoordinated Pb–X species and (b) measurably suppress halide-vacancy migration—Pb–N binding is plausible, but vacancy pinning and field-screening contributions are not clearly separable from generic defect passivation; (ii) the PNP-curvature mechanism, while testable, may be second-order in realistic device stacks where ionic redistribution is dominated by heterogeneous injection barriers, local perovskite stoichiometry gradients, and contact chemistry rather than purely geometric field variance; (iii) Fe–N4 ‘energetic/kinetic gating’ is conceptually sound but under-specified at the quantitative level—what tunneling decay constant, spacer chemistry, and acceptable electronic coupling (or charge-transfer rate) boundaries ensure ROS scavenging without introducing interfacial SRH channels, especially under quasi-Fermi level splitting and with C60 present; and (iv) the translation from the target chain’s aIRMOF-3 logic to a fully metal-free covalent glass is chemically reasonable but weakens the direct evidence grounding to IRMOF-3 beyond analogy (i.e., it is no longer an isoreticular MOF-derived manifold, but a new polymeric coordination network)."
"Embedding an ultralow-volume-fraction (≤0.5 vol%) third-order NLO–active molecular network into a compact TiO2 ETL can *measurably and reversibly* modulate the ETL’s low-frequency dielectric response (εeff, 10–10^3 Hz) and effective electron conductivity (σe) under solar illumination, thereby reducing interfacial charge accumulation and J–V hysteresis. The refined mechanism explicitly bridges ultrafast χ(3)/saturable absorption (SA) physics with slow electrodynamics as follows: under steady-state illumination (~1 sun), partial saturation of the NLO chromophores induces a population-averaged, intensity-dependent polarization ⟨P⟩ that renormalizes the Maxwell–Wagner interfacial polarization of the nanocomposite ETL. This produces a *DC-relevant increase in εeff* via field-averaged χ(3) contributions (Δε ≈ 3χ(3)⟨E^2⟩) and a concomitant reduction in space-charge field gradients at the perovskite/ETL junction. The resulting field flattening lowers the interfacial charge density (Δσint) and suppresses the driving force for ionic redistribution without relying on permanent chemical passivation. The hypothesis is falsifiable: if illumination does not induce a reversible Δεeff ≥ 10–20% at 10–10^2 Hz and a correlated reduction in low-frequency EIS capacitance/arc area and hysteresis index, the dynamic χ(3)-based mechanism is invalidated.","Step 1: Quantitative baseline definition.
1.1 Fabricate reference n–i–p PSCs (glass/FTO/compact TiO2 via SPD, 70 ± 5 nm/triple-cation perovskite/HTL/Au).
1.2 Establish baseline metrics: hysteresis index (HI), low-frequency EIS capacitance (Cion at 0.1–100 Hz), interfacial charge density (from C–V), electron mobility (μe via SCLC/THz), and Jsc.

Step 2: NLO-ETL composite design with controlled electrodynamics.
2.1 Select NLO additives with χ(3) ≥ 10^−8 esu and weak ground-state absorption at 450–800 nm (α < 200 cm^−1 at ≤0.5 vol%), including (i) conjugated zwitterionic chromophores and (ii) MOF-derived π-fragments inspired by HHTP systems.
2.2 Incorporate additives into the TiO2 SPD precursor using bidentate chelating ligands (e.g., carboxylate/phosphonate) to anchor chromophores at grain boundaries while preserving TiO2 percolation.
2.3 SPD deposition parameters: substrate temperature 450 °C, aerosol flow 4–6 L min^−1; post-anneal 450 °C/30 min to remove organics except anchored NLO moieties.
2.4 Verify dispersion and survivability via cross-sectional TEM-EDS, ToF-SIMS depth profiling, Raman/FTIR mapping.

Step 3: Electrodynamic model validation.
3.1 Measure χ(3) and SA parameters of the composite ETL films by Z-scan and pump–probe; extract saturation intensity Is and χ(3).
3.2 Predict Δεeff using Δε(ω→0) ≈ 3χ(3)⟨Eopt^2⟩f, where f is the volume fraction and ⟨Eopt^2⟩ is derived from optical field intensity under 1 sun. Set a target Δεeff ≥ 10% at 10–100 Hz.
3.3 Experimentally measure illumination-dependent εeff and σe using light-biased EIS and C–V under dark vs 1 sun; confirm reversibility with light on/off cycling.

Step 4: Charge-transfer and hysteresis correlation.
4.1 Quantify interfacial charge accumulation via low-frequency EIS arc area and capacitance; target ≥30% reduction relative to pristine TiO2.
4.2 Correlate Δεeff with reduced HI, scan-rate dependence, and bias-stress recovery.
4.3 Use IMPS/IMVS and light-biased EIS to demonstrate that transport/capacitance changes track illumination intensity rather than permanent chemical modification.

Step 5: Controls and decoupling experiments.
5.1 Non-NLO analog control: chemically similar additives with comparable dipole moments but χ(3) ≪ 10^−10 esu.
5.2 Stoichiometry control: match TiO2 oxygen vacancy density across samples (XPS, EPR) and band alignment (UPS/KPFM).
5.3 Mobility control: Hall/4-probe and SCLC to ensure μe reduction ≤20%.

Step 6: Go/no-go criteria.
- Δεeff(10–100 Hz, 1 sun) ≥ 10% (go).
- Reduction in low-frequency EIS capacitance ≥30% (go).
- ΔJsc ≤ −2% and μe ≥ 80% of reference (go).
Failure to meet these thresholds terminates the dynamic χ(3) hypothesis.","The proposal now explicitly reconciles ultrafast NLO physics with slow hysteresis phenomena by invoking field-averaged χ(3)-induced dielectric renormalization rather than direct ultrafast carrier dynamics. This approach is grounded in Maxwell–Wagner polarization theory for nanocomposites and supported by empirical χ(3) magnitudes demonstrated in ultrathin MOF/graphene systems (Asset 1). The quantitative model yields clear, testable predictions for Δεeff and σe under 1-sun illumination, directly addressing the reviewer’s concern regarding mechanistic overreach. By predefining strict go/no-go thresholds (Δεeff, μe, ΔJsc, EIS features) and employing chemically matched non-NLO controls alongside stoichiometry and band-alignment matching (Assets 2 and 3 context), the plan rigorously decouples dynamic optical nonlinearity from static passivation or doping effects. Finally, SPD compatibility and electron percolation are explicitly validated with in-film mapping and mobility measurements, ensuring scalability and preserving the comparative advantage of a bulk-modulated, illumination-adaptive ETL over conventional interfacial strategies.","This is a technically ambitious and unusually rigorous proposal that stands out for its falsifiability and quantitative discipline. The engineering plan is detailed, SPD-compatible, and supported by appropriate in-film diagnostics. The primary weakness lies in the logical leap between ultrafast χ(3)/SA saturation physics and a sustained, DC-relevant increase in ε_eff at 10–100 Hz under 1-sun illumination. While the Maxwell–Wagner framework is invoked correctly, the proposal does not yet convincingly demonstrate that the field-averaged ⟨E_opt^2⟩ under solar flux is sufficient to drive a ≥10–20% dielectric renormalization at sub-kHz frequencies, especially given the extremely low volume fraction (≤0.5%) and post-anneal survival constraints. The χ(3)-to-ε translation, though mathematically stated, risks overestimating the effective contribution without a more explicit treatment of relaxation times, chromophore orientation averaging, and thermal vs optical saturation under steady-state conditions. Evidence grounding is strong and remains within the optoelectronic/NLO domain, but empirical precedent for such large low-frequency dielectric shifts in oxide ETLs under 1 sun remains sparse. The rationale is creative and addresses hysteresis without chemical passivation, yet its success hinges on a narrow and demanding physical window."
"Target use-case and failure mode: In humid, soiling-prone deployments where microbial colonization is documented and plausible—specifically agrivoltaics (leaf litter, irrigation aerosols), coastal installations (salt + bioaerosols), and floating PV—biofilms can form on module backsheets/edges and at imperfect seals, creating hydrated, ion-conducting matrices that (i) increase local water residence time at edges/pinholes, (ii) trap ionic contaminants (Cl−/NO3−/NH4+) and organic acids, (iii) lower surface resistivity and promote electrochemical shunting/corrosion at contacts, and (iv) accelerate encapsulant/interlayer interfacial delamination. We hypothesize that converting a PVDF interfacial/edge-encapsulation layer into an ‘active catalytic sink’ by embedding hierarchically porous UiO-66(Zr/Ce) nanoparticles will improve perovskite solar cell (PSC) operational stability through two falsifiable, device-relevant mechanisms executed in spatially separated domains:

Mechanism A — Biofilm-to-ingress suppression (outer/edge domain): The Zr/Ce Lewis-acid sites (and Ce-associated redox buffering when properly passivated) catalyze hydrolysis/cleavage of phosphorus–oxygen (P–O) bonds in extracellular DNA (eDNA), weakening biofilm cohesion and reducing persistent hydrated coverage on the polymer surface. This lowers effective water residence time and ionic conductivity at edges/pinholes, thereby decreasing moisture-assisted ion migration and shunt formation. Falsifiable linkage: reduced biofilm coverage (%) and eDNA signal must correlate with improved shunt resistance (Rsh), lower leakage current, and higher Voc retention under damp-heat + biological exposure.

Mechanism B — Interfacial ion/byproduct immobilization without electronic penalty (inner domain): At the device-side interface, defect-rich UiO-66(Zr/Ce) nodes (Zr6O4(OH)4 and Ce-oxo clusters) provide coordinatively unsaturated metal sites and μ3-OH/μ3-O that can bind migrating halides (I−/Br−), Pb–halide complexes (PbIx(2−x)), and oxidized HTL dopant byproducts (e.g., LiTFSI-related species, tBP-derived fragments) through inner-sphere coordination or acid–base interactions. This creates a ‘sink’ that reduces halide accumulation at the HTL/metal interface and suppresses interfacial chemical steps that drive Voc loss (interfacial recombination, contact corrosion). Crucially, electronic de-risking is built in: the MOF is confined in a PVDF matrix with controlled loading/percolation and is surface-passivated (fluorinated phosphonate/fluoroalkyl carboxylate ligands) to reduce exposed Lewis acidity toward the perovskite and to stabilize Ce in a non-catalytically aggressive state (minimize uncontrolled Ce3+/Ce4+ redox). Falsifiable linkage: depth profiling must show reduced halide/metal/dopant accumulation at critical interfaces after stress, while UPS/KPFM/TRPL/impedance confirm unchanged (or improved) band alignment and reduced non-radiative recombination relative to PVDF-only controls.

Acceptance metrics (predefined): (1) Under combined damp-heat (85 °C/85%RH) + soiling/bioaerosol challenge, biofilm surface coverage on encapsulation/edge region ≤10% after 14 days and ≥2× reduction vs PVDF-only; (2) ΔVoc ≤ 30 mV and ΔRsh ≤ 20% after 500 h ISOS-D-3-like damp-heat (device-level) with quantified WVTR; (3) ToF-SIMS/XPS shows ≥50% reduction in I−/Br− accumulation at HTL/metal interface and reduced Li+/TFSI− signatures (if spiro used) relative to PVDF-only after identical stress; (4) No penalty in initial PCE beyond 2% relative and no increase in trap density (SCLC) beyond 10% relative to controls across optimal loading.","A. Define deployment-relevant biological/soiling scenario and acceptance tests
1) Target scenario definition: agrivoltaic / floating PV proxy conditions—intermittent wetting, nutrients, and bioaerosols. Use a controlled ‘bio-soiling chamber’ combining: (i) high RH cycling (40–85% RH), (ii) periodic misting with dilute nutrient solution (e.g., 0.1× LB or defined mineral medium), (iii) inoculation with representative strains (Pseudomonas aeruginosa + mixed environmental consortium optional), and (iv) particulate soiling (standard Arizona dust) to promote adhesion.
2) Acceptance metrics (locked before experiments): quantify biofilm coverage (confocal microscopy/fluorescent staining), eDNA content (PicoGreen assay), and relate to device electrical metrics (ΔVoc, ΔRsh, leakage current at reverse bias).

B. Materials design: UiO-66(Zr/Ce) catalyst engineered for catalytic function + electronic safety
3) Synthesize hierarchically porous UiO-66(Zr/Ce) nanoparticles (HMUiO-66(Zr/Ce)):
   - Target particle size: 50–150 nm (to avoid optical scattering in thin layers).
   - Hierarchical porosity: micro+mesopores via templating (microemulsion/soft template) to keep active sites accessible when embedded.
   - Zr:Ce feed ratios: screen 100:0, 90:10, 70:30, 50:50 (molar at node level) guided by DNase-mimetic literature; keep identical crystallinity/size as much as possible.
   - Defect engineering: modulator (acetic/formic acid) control to tune missing-linker density (quantify by TGA + 1H NMR of digested MOF) because defect sites govern adsorption/coordination.
4) Surface passivation/compatibilization to PVDF and to mitigate electronic penalties:
   - Ligand shell: fluorinated phosphonate (e.g., perfluoroalkyl phosphonic acid) at low surface coverage to (i) anchor in PVDF, (ii) increase hydrophobicity, (iii) cap the most aggressive Lewis sites.
   - Ce redox control: optional thin inert overlayer (sub-nm Al2O3 by solution ALD-like route or molecular layer deposition analogue) OR catechol-like chelator at low density to suppress undesired redox while maintaining halide affinity. Verify Ce3+/Ce4+ ratio by XPS (Ce 3d) pre/post stress.

C. Device architecture choices and placement logic (separating inner and outer functions)
5) Baseline PSC stack (two representative HTLs to generalize):
   - n–i–p: Glass/ITO/SnO2/perovskite (FA/Cs/MA–Pb–I/Br)/HTL (PTAA and spiro-OMeTAD as separate cohorts)/Au.
   - Control encapsulation: PVDF-only and commercial thin barrier (if available) as benchmarks.
6) Two placements to disentangle mechanisms:
   - Inner interfacial layer (ion-sink emphasis): ultrathin PVDF:MOF (30–80 nm) coated on top of HTL before Au (requires solvent orthogonality; use PVDF in low-damage solvent system; validate HTL integrity by UV–vis/UPS).
   - Outer/edge encapsulation layer (biofilm emphasis): PVDF:MOF film (5–25 µm) laminated as edge-seal/backs-side encapsulation (low-temperature lamination ≤80 °C). This allows biofilm tests without directly contacting perovskite.
   - A ‘decoupling matrix’: four groups—(i) no PVDF, (ii) PVDF-only, (iii) PVDF:MOF inner only, (iv) PVDF:MOF outer/edge only, (v) both inner+outer—to attribute effects.

D. Composition/process window with explicit targets
7) MOF loading and PVDF phase control:
   - Loadings: 0.5, 1, 3, 5 wt% (avoid >5 wt% in inner layer to minimize dielectric discontinuity and trap formation).
   - PVDF β-phase induction: solvent/anneal protocol fixed (e.g., DMF/acetone blend + 60–80 °C anneal) and quantified by FTIR (β-phase fraction) to ensure reproducibility and consistent dipole environment.
   - Film QC: ellipsometry/profilometry for thickness; SEM/TEM cross-sections for dispersion; contact angle for surface hydrophobicity.

E. Binding/catalysis map (chemical specificity) + decisive measurements
8) Predefine target species and binding hypotheses to test:
   - Halides: I−/Br− binding at Zr(IV)/Ce(IV) open sites and μ3-OH via inner-sphere coordination; monitor via XPS (I 3d/Br 3d shifts), solid-state NMR where feasible, and halide uptake isotherms on free MOF powders.
   - Pb complexes: PbIx(2−x) capture by node oxy/hydroxo groups; verify by XPS Pb 4f chemical shifts and ToF-SIMS fragments (PbI+, PbI2− etc.).
   - Organic cations (MA+/FA+): weaker electrostatic association; primarily tracked as suppression of their accumulation at electrodes via ToF-SIMS depth profiles.
   - HTL dopant/byproducts: Li+ and TFSI− (spiro cohort) and oxidized spiro fragments; quantify by ToF-SIMS + XPS (F 1s/S 2p for TFSI; Li 1s), and correlate with impedance-derived interfacial charge transfer resistance.
9) Depth-resolved diagnostics before/after stress (immobilization vs catalyzed degradation):
   - ToF-SIMS depth profiling across Au/HTL/perovskite with and without MOF layers after aging.
   - GIWAXS/GIXRD for phase stability (δ-phase/ PbI2 emergence) to ensure MOF is not accelerating decomposition.
   - XPS with gentle sputter for interface chemistry; specifically monitor Pb0 formation and halide depletion.

F. Electronic de-risking: explicit energetics/defect/recombination plan
10) Energetics alignment:
   - UPS to extract HTL work function and valence onset with/without PVDF:MOF.
   - KPFM surface potential mapping to detect local band bending and heterogeneity induced by MOF clusters.
11) Recombination and traps:
   - TRPL on perovskite/HTL stacks with and without PVDF:MOF to quantify interfacial quenching and non-radiative recombination.
   - Impedance spectroscopy under illumination to separate recombination resistance and ionic contributions.
   - SCLC (electron-only/hole-only) test structures to quantify trap density vs MOF loading and Ce content.
   - Criteria for ‘no sacrifice’: initial Voc and quasi-Fermi level splitting (via absolute PL, if available) must be unchanged within experimental uncertainty.

G. Operationally relevant stability protocols (replace TGA-centric validation)
12) Stability testing matrix (device level):
   - ISOS-L-2 (MPP tracking under 1 sun, 25–45 °C) for intrinsic operational stability.
   - ISOS-D-3-like damp-heat (85 °C/85% RH) with encapsulation; include bias-stress (±0.8 V or MPP) to accelerate ion migration.
   - Thermal cycling (−20 to 80 °C) for delamination/edge-seal robustness if targeting field-like conditions.
13) Barrier quantification:
   - Measure WVTR of PVDF vs PVDF:MOF films (MOCON or equivalent) and helium leak/edge seal integrity for laminated samples.
14) Operando / in-situ attribution:
   - Operando PL mapping during damp-heat to spatially locate degradation (edges vs active area).
   - In-situ XRD (where feasible) during heating/humidity to correlate phase change timing with device metrics.

H. Biofilm module with explicit linkage to device failure modes
15) Biofilm formation assay on films and laminated edges:
   - Quantify biomass (crystal violet), live/dead staining, confocal thickness, and eDNA concentration.
   - Surface energy/roughness changes: contact angle + AFM.
16) Electrical impact linkage:
   - Measure surface insulation resistance (SIR) across encapsulated test coupons under humidity with/without biofilms.
   - For devices, track ΔRsh, leakage current, and edge-related failure via EL imaging; correlate with biofilm coverage.

I. Recyclability demonstration with quantification (not qualitative)
17) Delamination protocol:
   - Engineer a defined release interface (e.g., thin sacrificial layer or controlled adhesion primer) so delamination is repeatable.
   - Quantify adhesion energy (peel test) pre/post aging.
18) Recycling metrics:
   - Recovery yield: % of devices successfully delaminated without electrode damage; quantify via SEM cross-sections and sheet resistance of contacts.
   - Performance statistics: re-encapsulate and report PCE/Voc/FF distributions over ≥3 delamination cycles (n≥10 per group).
   - Chemical cleanliness: XPS/ToF-SIMS check that residues from PVDF:MOF are not left on Au/HTL in damaging amounts.

Decision points / down-select criteria:
- If inner-layer PVDF:MOF increases trap density or worsens Voc beyond thresholds, shift MOF function primarily to outer/edge encapsulation and retain PVDF-only inner layer.
- If Ce redox signatures correlate with accelerated perovskite degradation (PbI2 increase, Voc drop), reduce Ce fraction and/or increase surface passivation density while maintaining Zr-driven Lewis acidity for binding.","1) Use-case plausibility (addresses critique i): Biofilms are not claimed as universal PSC stressors; they are positioned for specific wet/soiling-prone deployments (agrivoltaics/floating/coastal). The proposal includes a controlled bio-soiling chamber and acceptance metrics that explicitly link biofilm coverage/eDNA to device-relevant shunting and edge-driven degradation (ΔRsh, leakage, EL hot spots).

2) Mechanistic closure from DNase-mimetic activity to PSC metrics (addresses critique ii): The DNase-mimetic P–O cleavage is not treated as intrinsically improving PCE; it is mapped to reduced hydrated conductive films and reduced edge/pinhole ingress, which are directly measurable via SIR, WVTR/leak tests, leakage current, and spatial PL/EL mapping. This creates a falsifiable chain: catalytic eDNA disruption → lower biofilm cohesion/water residence → reduced shunting/edge degradation → Voc and Rsh retention.

3) Chemical specificity of immobilization (addresses critique iii): The plan enumerates target migrating species (I−/Br−, Pb-halide fragments, Li+/TFSI− and oxidized HTL byproducts) and hypothesized binding motifs at Zr/Ce nodes/defects, then commits to depth-resolved spectroscopy (ToF-SIMS, XPS) plus phase probes (GIWAXS/GIXRD) to distinguish ‘immobilization’ from MOF-catalyzed decomposition. Uptake tests on powders provide independent confirmation of binding capacity and selectivity.

4) De-risking electronic penalties (addresses critique iv): The proposal anticipates Lewis acidity/redox risks by (i) limiting MOF loading and controlling dispersion/percolation in PVDF, (ii) surface-passivating MOF particles with fluorinated anchors, (iii) monitoring and controlling Ce3+/Ce4+ chemistry, and (iv) implementing an explicit interfacial energetics/recombination/trap-density metrology suite (UPS, KPFM, TRPL, impedance, SCLC) with quantitative ‘no sacrifice’ criteria and down-select rules.

5) Operational relevance beyond TGA (addresses critique v): TGA is demoted to materials QC (defects/thermal robustness) rather than a primary stability proof. Device claims are validated under ISOS-aligned operational protocols (light soaking, damp-heat, bias stress), with WVTR/leak quantification and operando mapping (PL/EL) plus in-situ structural probes (XRD) to attribute lifetime gains.

6) Recyclability is quantified, not asserted: The proposal defines delamination engineering, adhesion-energy measurement, recovery yield, multi-cycle performance statistics, and interfacial damage checks (SEM cross-sections, sheet resistance, XPS/ToF-SIMS), meeting the directive for decisive evidence.

Overall feasibility: All synthesis, thin-film processing, PSC fabrication, and characterization methods are standard in advanced PSC and porous materials laboratories. The key novelty—an active PVDF:UiO-66(Zr/Ce) catalytic interface—has built-in go/no-go criteria and modular placement (inner vs outer) to ensure that if electronic penalties arise, the biofilm/edge protection function can still be retained without compromising charge extraction.","This is an unusually detailed and technically mature proposal with strong methodological closure. Engineering resolution is high: synthesis, processing windows, device architectures, diagnostics, and go/no-go criteria are all explicitly defined and aligned with PSC best practices. Logical consistency is strong, particularly in mapping DNase-mimetic biofilm disruption to measurable electrical failure modes (Rsh, leakage, EL hot spots) rather than overstating direct efficiency gains. Minor logical risk remains in the assumed persistence and relevance of biofilms at PSC edges under accelerated lab conditions; while the proposal carefully scopes the use-case, the causal strength between eDNA cleavage and long-term moisture ingress reduction is still partly inferential and will require careful controls. Evidence grounding is solid: the concept chain is respected, with no obvious disciplinary hallucinations, though TGA’s inclusion in the chain is somewhat orthogonal to the central hypotheses and could be misread as overstated by less careful reviewers. Rationale quality is high due to the creative reframing of MOFs from passive scavengers to spatially programmed catalytic/immobilization interfaces, but the recyclability component, while quantified, is incremental rather than transformative relative to existing delamination strategies."
"A perovskite-safe, covalently crosslinked phthalocyanine “electrostatic coupling skin” (ECS) can be formed *without oxidants, bias, or polar solvents* by initiating an ultrathin (1–3 nm) surface-confined coupling reaction from pre-anchored Pc monomers. The ECS will act as a self-limiting electrostatic boundary condition—defined by a tunable fixed-charge density (σ0), interfacial capacitance (Cint), and suppressed ionic mobility (μion)—that (i) passivates under-coordinated Pb–X sites via multidentate carboxylate/sulfonate anchoring and macrocycle–Pb coordination, (ii) raises the energetic/entropic penalty for halide and metal-cation accumulation at the selective contact by reducing local ionic permittivity and available solvation volume (ion-blocking), and (iii) imposes a controlled interfacial dipole that shifts band alignment *without inducing carrier pile-up*, because the sign/magnitude of σ0 is chosen to counter the built-in field at the relevant contact and is validated against drift–diffusion + ionic transport predictions.

Mechanistic rigor (addressing reviewer concerns):
1) Feasibility and chemical compatibility are ensured by replacing oxidative electropolymerization with a “click-like” surface-confined crosslinking route (copper-free SPAAC or thermal azide–alkyne cycloaddition) executed in orthogonal, perovskite-benign solvents (anisole/chlorobenzene) or solvent-free vapor exposure at ≤60 °C, eliminating pathways for halide extraction, Pb0 formation, and surface amorphization.
2) The demetallation is not treated as a vague post-process; instead, it is bounded to a thermodynamic/kinetic window using non-aqueous, non-halogenating ligation chemistry (chelator-driven Cu removal) where Cu is immediately sequestered by tethered multidentate ligands whose stability constants for Cu(I/II) exceed those of Cu–halide and Cu uptake into perovskite. A decisive tracer protocol (ToF-SIMS Cu depth profiles under bias/heat) falsifies/validates the immobilization claim.
3) Electrokinetics is elevated from correlation to mechanism by explicitly mapping streaming/zeta outputs onto (σ0, Cint, μion) using a calibrated slip-plane assumption for the polymer skin, and by cross-validating σ0 and Cint with independent solid-state electrostatic measurements (MOS-cap C–V and KPFM/EFM under controlled ionic environments). The proposal pre-registers the *sign* of expected trends: σ0 sign → band bending direction (KPFM) → ideality factor change and Voc deficit; μion ↓ → hysteresis area ↓ and bias-stress drift ↓.

Outcome: The ECS becomes a quantitatively tunable interfacial “electrostatic boundary layer” rather than a generic passivator, enabling a transferable design rule: choose σ0, Cint, μion to minimize non-radiative recombination (Voc), reduce ionic accumulation (hysteresis), and suppress bias-stress degradation (T80), while preserving efficient electronic coupling (FF).","Step 0 — Materials and baseline definition (locks the reference frame)
0.1 Device stack (baseline): glass/ITO/SnO2/(FA0.83Cs0.17)Pb(I0.8Br0.2)3/ECS/HTL (NiOx or PTAA)/metal.
0.2 Baseline perovskite acceptance window (pre-registered, must be met after every ECS process step):
- GIWAXS/XRD: no new PbI2 peak growth >2% relative integrated intensity; no peak broadening >10% (FWHM) vs untreated.
- SEM/AFM: RMS roughness change <1.5 nm; no pinhole density increase.
- XPS: Pb0 fraction <0.5 at.% (Pb 4f deconvolution); halide/Pb ratio change <5%.
- Steady-state PL (film on SnO2): PL intensity not decreased relative to untreated (to rule out gross new quenchers).

Step 1 — Perovskite-safe formation of an ultrathin, continuous covalent ECS
1.1 Replace oxidative electropolymerization with surface-confined “click” crosslinking (two viable routes; select based on meeting Step 0 thresholds):
Route A (preferred, copper-free): SPAAC crosslinking.
- Monomer set: Pc bearing (i) multidentate anchors: 2–4 carboxylates and/or sulfonates (for Pb2+ binding), and (ii) strained cyclooctyne (DBCO) or azide handles for SPAAC.
- Process: (a) anchor-layer deposition by spin-coating 0.1–0.5 mg mL−1 monomer in chlorobenzene or anisole, 2000–4000 rpm, 20–40 s; (b) mild bake 50–60 °C, 2–5 min; (c) vapor-phase or solution exposure to the complementary azide-/DBCO-functional crosslinker (bifunctional, nonpolar solvent), 1–10 min; (d) rinse in dry chlorobenzene.
Route B (thermal azide–alkyne cycloaddition, no catalyst):
- Use azide + alkyne functionalized Pc/crosslinker; react at 50–70 °C for 5–15 min in solvent-free vapor exposure to minimize perovskite contact with liquids.
1.2 Thickness/continuity control (hard metrics):
- Target thickness: 1.0–3.0 nm (ellipsometry on planar witness Si; cross-checked by XPS attenuation length on perovskite).
- Continuity criterion: no exposed perovskite signal increase after solvent rinse (XPS: Pb 4f intensity attenuation consistent with ≥90% coverage; AFM phase uniformity).
1.3 Chemical anchoring confirmation:
- Angle-resolved XPS: quantify Pb–O bonding (carboxylate/sulfonate) vs physisorbed; threshold: ≥30% of O 1s assigned to bound species.
- NEXAFS/linear dichroism (if available): constrain Pc orientation to interpret dipole direction.

Step 2 — Controlled, bounded demetallation + Cu immobilization (or elimination) with decisive tracer tests
2.1 Decision tree (risk-managed):
Option 1 (lowest Cu risk): start from metal-free H2Pc monomers and omit demetallation entirely; use tethered cation chelators to trap *extrinsic* Cu/metal impurities from contacts.
Option 2 (original concept, but bounded): partial CuPc → H2Pc conversion post-crosslinking.
2.2 Demetallation chemistry (Option 2): chelator-driven, non-halogenating, non-aqueous.
- Medium: dry acetonitrile or propylene carbonate with ≤10 mM neutral chelator additive; exposure ≤60 s (dip) or ≤5 min (vapor/gel contact), temperature 20–40 °C.
- Chelator tether: iminodiacetate (IDA) or higher-denticity ligand (e.g., NTA-like) covalently built into ECS (pendant groups) to immediately bind liberated Cu.
- Bounding measurements (must pass):
  (i) UV–vis on witness films: Q-band shape retained (macrocycle integrity); allowed shift consistent with metallated→free-base fraction.
  (ii) XPS Cu 2p: quantify demetallation fraction (target 10–60% removal; do not exceed level that increases interfacial redox activity).
  (iii) EPR/ICP-MS (on extracted solution): confirm Cu captured/removed; no evidence of ongoing Cu redox cycling.
2.3 Thermodynamic/kinetic justification package (generated in project year 1):
- Measure (or compile) Cu binding constants of tethered chelator vs Cu–halide complexes in the chosen medium; requirement: Kchelator/Khalide >> 10^3 under relevant conditions.
- Diffusion-length constraint: estimate Cu diffusion length during worst-case bias/heat using DCu in perovskites (literature range) and impose design requirement that ECS chelation + low permeability yields LCu << perovskite thickness over 100 h.
2.4 Decisive falsifiable tracer experiment:
- ToF-SIMS depth profiling with isotopically enriched 65Cu in the Pc precursor (or distinguishable Cu signature): map Cu distribution after (a) 1 sun, 60 °C, MPP tracking 100 h; (b) ±1 V bias in dark, 60 °C, 24 h.
- Pass criterion: no Cu accumulation peak inside perovskite bulk beyond near-surface noise; Cu remains confined within ECS region.

Step 3 — Quantitative electrokinetic model and cross-validation (replace IESI with σ0, μion, Cint)
3.1 Define the electrokinetic measurement as a calibrated proxy (not a direct replica) for buried interface electrostatics:
- Build model surfaces: perovskite (same composition) coated with ECS on insulating substrates; encapsulate edges to avoid dissolution.
- Use non-reactive, low-donor-number solvents (dry ACN) with controlled salt (e.g., 1–10 mM tetrabutylammonium PF6) to set Debye length; maintain water <50 ppm.
- Slip-plane assumption: treat the ECS as a porous polyelectret layer with slip plane at outer ECS surface (validated by thickness independence tests: zeta should saturate beyond ~2–3 nm if slip plane is external).
3.2 Extract physically interpretable parameters:
- Fixed charge density σ0: from streaming potential/current vs pressure using modified Smoluchowski including ECS thickness and dielectric constant; calibrate with a reference surface of known σ0.
- Interfacial capacitance Cint: from MOS-cap style C–V on metal/ECS/perovskite stack (small-signal, frequency sweep) and from EFM/KPFM force-gradient methods.
- Ionic mobility μion: from time-resolved electrokinetic relaxation after field reversal + corroboration by impedance spectroscopy DRT (ionic arc time constants) on full stacks.
3.3 Cross-validation (required):
- σ0 cross-check: KPFM surface potential shifts under controlled ionic atmosphere (dry N2 vs controlled polar vapor) and compare inferred band bending direction with σ0 sign.
- Cint cross-check: compare MOS C–V extracted Cint with capacitance from impedance fits of full devices (separating geometric, interfacial, and ionic contributions).
3.4 Pre-registered mechanistic predictions (make it falsifiable):
- If σ0 is negative at the perovskite/HTL interface, expect reduced hole accumulation (or enhanced electron blocking depending on contact), manifested as: ideality factor trending toward 1 (radiative/bulk-limited) and reduced low-frequency capacitance rise under bias.
- If μion decreases (ECS more blocking), expect: smaller J–V hysteresis index, reduced bias-stress Voc drift rate, and higher ionic activation energy from temperature-dependent impedance.
- If Cint increases excessively (too polar/soft ECS), expect increased interfacial charge storage and possibly *worse* hysteresis—this defines an optimization constraint, not a guaranteed improvement.

Step 4 — Device validation mapped explicitly to σ0, μion, Cint (not multi-technique correlation)
4.1 Voc deficit and non-radiative recombination:
- Absolute PLQY on complete stacks to extract quasi-Fermi level splitting; success: ΔVoc,nr reduced by ≥30 mV vs control at matched Jsc.
- TRPL + transient photovoltage: separate interfacial recombination velocity change; correlate specifically with σ0 sign/magnitude (not with “IESI”).
4.2 Hysteresis and ionic drift:
- Stabilized MPP power and forward/reverse J–V at controlled scan rates; correlate hysteresis with μion and Cint.
- Temperature-dependent impedance (DRT) to extract ionic activation energy; success: increase by ≥0.1 eV relative to untreated.
4.3 Stability:
- ISOS-L-2 and ISOS-D-2 plus 65 °C damp-heat on encapsulated devices.
- Success: T80 >2× baseline with <1% absolute FF loss and no new mid-gap signatures (checked by sub-gap EQE or photothermal deflection if available).
4.4 Interfacial chemistry integrity:
- Operando or staged ex-situ XPS: verify Pb0 remains below threshold and halide/Pb ratio within ±5% after aging.
- Depth profiling (ToF-SIMS): confirm suppressed metal-halide interdiffusion (e.g., Au, Ag, Cu if present in contacts) compared to controls.

Step 5 — Controls (must isolate each mechanism)
- C0: no treatment.
- C1: physisorbed (non-crosslinked) Pc monomer layer at same optical density.
- C2: crosslinked ECS without ionic anchor groups (tests dipole-only).
- C3: crosslinked ECS with anchors but no dipole-tuning substituents (tests passivation/ion-blocking without alignment).
- C4: (if Option 2 used) demetallated ECS without tethered chelator (tests Cu immobilization necessity).
- C5: standard passivator (PEAI/2D) thickness-matched.

Go/No-Go gates (risk-managed milestones)
- Gate 1 (after Step 1): perovskite acceptance window met + continuous 1–3 nm ECS proven.
- Gate 2 (after Step 2): ToF-SIMS shows no Cu ingress under stress (or switch to Option 1 H2Pc-only route).
- Gate 3 (after Step 3): σ0, Cint, μion extracted with cross-validation; predicted sign trends match KPFM/ideality-factor direction.
- Gate 4 (after Step 4): simultaneous Voc improvement + hysteresis reduction + stability gain achieved on ≥10 devices with statistics.","1) Polymerization feasibility (perovskite-safe process window)
- The highest-risk element (oxidative electropolymerization on perovskite) is removed. Surface-confined click crosslinking is executed in orthogonal, low-polarity solvents (chlorobenzene/anisole) or via short vapor exposures at ≤60–70 °C, conditions widely tolerated by FA/Cs mixed-halide perovskites compared with oxidants/bias. The proposal includes hard acceptance criteria (GIWAXS/XRD/SEM/XPS thresholds) after each step to verify no halide loss, Pb0 formation, or phase damage—turning “compatibility” into a testable gate.

2) Demetallation bounded by thermodynamics/kinetics + decisive immobilization proof
- The reviewer concern (unbounded Cu chemistry and diffusion) is addressed with (i) a decision-tree fallback (metal-free H2Pc route) and (ii) a bounded chelator-driven, non-halogenating demetallation that couples Cu release to immediate capture by tethered ligands. Instead of assuming immobilization, ToF-SIMS depth profiling with Cu tracing under bias/heat is defined as a decisive falsification test. If Cu ingress is detected, the project pivots to the Cu-free implementation without losing the core concept (electrostatic coupling skin with σ0 control).

3) Electrokinetics converted from empirical correlation to quantitative, cross-validated parameters
- The proposal replaces the composite IESI with σ0, μion, Cint and specifies: (a) the slip-plane assumption (outer ECS surface) and how it will be validated (thickness-saturation test), (b) extraction models (modified Smoluchowski + porous layer corrections), and (c) independent cross-checks (MOS C–V and KPFM/EFM). This directly answers representativeness concerns by calibrating electrokinetic outputs against solid-state electrostatic quantities relevant to buried interfaces.

4) “Self-limiting interfacial field” made conditional and falsifiable
- The field is not assumed beneficial a priori. The design rule explicitly includes sign/magnitude constraints for σ0 and the possibility that excessive Cint increases hysteresis. Pre-registered predictions connect σ0 sign to band bending direction (KPFM) and to recombination pathways (ideality factor, ΔVoc,nr). Therefore, each mechanism (passivation, ion-blocking, dipole alignment) is tested with controls that selectively remove that function.

5) Why phthalocyanines (domain transfer logic; link to electrode-coupling toolbox)
- Phthalocyanines are selected because (i) their macrocycle and substituents allow programmable dipoles and robust ultrathin films, and (ii) literature on heterogeneous molecular catalysts emphasizes that performance hinges on electrode–molecule electronic coupling and on minimizing aggregation—here repurposed as an interface-engineering lever (orientation/coupling measured by UPS/KPFM/NEXAFS) rather than catalytic half-wave potential. The proposal leverages this coupling concept to tune energy-level alignment while using electrostatics (σ0, Cint) to control ionic screening and accumulation.

Overall feasibility is increased by (a) removing oxidizing/bias polymerization risk, (b) bounding and instrumenting Cu chemistry with tracer falsification, and (c) embedding a quantitative, cross-validated electrostatic/ionic model that maps directly onto Voc deficit, hysteresis, and bias-stress drift.","The proposal is unusually strong in execution detail and in converting “interface passivation” into falsifiable electrostatic/ionic boundary conditions with controls and pre-registered trend signs. The risk retirement strategy (click-chemistry, acceptance gates, Cu tracer falsification, decision-tree fallback to H2Pc) is methodologically mature. Main deductions: (i) the core claim that a 1–3 nm covalent Pc network can be made continuous and genuinely “self-limiting” on a chemically heterogeneous perovskite surface is not yet supported by a concrete kinetic/coverage model (nucleation density, percolation threshold, and defect tolerance), so continuity metrics may be necessary but not sufficient; (ii) σ0 extraction from streaming/zeta on model surfaces may not uniquely map to the buried perovskite/HTL interface electrostatics because the slip-plane location, solvent-specific adsorption, and ionic partitioning into the ECS can change σ0 and apparent ζ independently—your cross-validation helps, but the identifiability of (σ0, Cint, μion) from the proposed datasets is not fully proven; (iii) the “no polar solvent” hypothesis is weakened by introducing ACN/propylene carbonate in Step 2/3 (even if controlled), and the proposal should explicitly bound perovskite exposure modes (time, activity of water, Lewis basicity) and show why these steps do not reintroduce the original compatibility risk; (iv) the bmFeSAC → half-wave potential transfer narrative remains largely rhetorical—no explicit coupling descriptor is imported (e.g., electronic coupling matrix element proxy, reorganization-energy argument, or a measurable alignment/coupling figure-of-merit) to justify why the catalysis toolbox is essential rather than decorative."
"We hypothesize that a *quantitatively defined, weakly remanent but refreshable interfacial polarization* can be engineered at the buried perovskite/ETL interface by integrating an ultrathin, conformal Zn–carnosine MOF (Zn‑Car_MOF) layer whose polarization state is periodically re-induced via controlled tribo‑piezoelectric mechanical actuation. Crucially, we do **not** assume long-lived ferroelectric remanence; instead, we posit a time-averaged, metastable interfacial dipole field that persists on experimentally relevant timescales (minutes–hours at 25–65 °C) due to (i) constrained lattice relaxation in sub‑10 nm MOF domains anchored to the perovskite surface, (ii) coordination-locking of carnosine ligands to undercoordinated Pb²⁺/halide sites, and (iii) slow dielectric screening in the ionically soft perovskite. This periodically refreshed dipole produces a measurable surface potential shift (ΔΦ ≈ 50–150 mV), corresponding to an interfacial electric field of ~0.01–0.05 V nm⁻¹ across a 2–5 nm region, sufficient to (a) lower interfacial carrier residence time and suppress non‑radiative recombination, and (b) reduce ion accumulation and drift-driven interfacial degradation without imposing a static bias or continuous current. By redefining ‘refreshable polarization’ as a *controlled, low-duty-cycle electrostatic conditioning* rather than permanent ferroelectricity, the approach directly addresses reviewer concerns while preserving the core innovation: an actively maintainable interfacial field that complements chemical passivation.","1. **Architecture and materials refinement (addressing thickness–morphology mismatch):**
   a) Replace 30–150 nm MOF nanocrystals with *sub‑10 nm Zn‑Car_MOF domains* via (i) bottom-up in situ growth on the perovskite surface using a carnosine-first anchoring strategy (surface-bound carnosine coordinates Pb²⁺, then nucleates Zn nodes), or (ii) synthesis of ultrasmall Zn‑Car_MOF clusters/nanosheets (3–8 nm lateral size, ≤2 nm thickness) stabilized by volatile ligands.
   b) Target an areal coverage of 70–90% with an effective thickness of 2–5 nm, verified by cross-sectional HR‑TEM, STEM‑EDS (Zn mapping), and GIWAXS (to confirm MOF short-range order without bulk crystallite stacking).

2. **Device stack (explicit and coherent):**
   Glass/ITO / *conjugated SAM* (MeO‑2PACz or Me‑4PACz; serves as the defined conjugated backbone and baseline dipole) / FA–Cs mixed-cation perovskite (I/Br) / Zn‑Car_MOF (2–5 nm) / C60 / BCP / Cu. The conjugated SAM provides a fixed reference dipole; the Zn‑Car_MOF adds a mechanically refreshable, orthogonal dipole component.

3. **Quantification of polarization and its persistence (mandatory de-risking):**
   a) Fabricate capacitor test structures: ITO / perovskite or inert dielectric / Zn‑Car_MOF / Au. Measure piezo-response force microscopy (PFM) hysteresis loops under controlled load to extract effective piezoelectric coefficient (d₃₃,eff) and switching behavior.
   b) Use KPFM to track surface potential immediately after actuation and during relaxation at 25, 45, and 65 °C. Extract decay constants (τ_relax) and define the operationally relevant persistence window.
   c) Convert ΔΦ to interfacial dipole density (μ/A) and equivalent electric field using a parallel-plate electrostatic model corrected for dielectric screening by the perovskite (ε_r ≈ 20–30).

4. **Mechanical actuation protocol with reliability controls:**
   a) Apply low-strain, substrate-level bending or normal-pressure impulses equivalent to 5–30 kPa at 1–5 Hz for ≤60 s (‘conditioning cycle’), well below fracture thresholds of glass/ITO.
   b) Monitor real-time curvature/strain using optical profilometry or strain gauges.
   c) Include strict mechanical controls: (i) identical cycling on devices without MOF, (ii) cycling with a non-piezo, carnosine-free MOF analogue, and (iii) cycling with the TPHG mechanically decoupled from the active area.
   d) Post-cycling cross-sectional SEM/TEM to confirm absence of microcracks or delamination.

5. **Electrostatic–ionic coupling model (explicit):**
   a) Implement 1D drift–diffusion/Nernst–Planck simulations incorporating mobile halide ions (D_ion ~10⁻⁹–10⁻¹¹ cm² s⁻¹) and an interfacial field of 0–0.05 V nm⁻¹.
   b) Predict reductions in ion accumulation density and interfacial recombination rate constants as a function of ΔΦ and τ_relax.
   c) Correlate model outputs with experimental hysteresis index, transient photovoltage decay, and TOF‑SIMS ion profiles.

6. **Recombination and performance validation:**
   a) Absolute PLQY and quasi‑Fermi level splitting of perovskite/SAM/MOF stacks.
   b) EL efficiency to quantify non‑radiative Voc loss.
   c) Impedance spectroscopy to separate recombination resistance (R_rec) from transport resistance (R_tr).

7. **Stability testing:**
   ISOS‑L‑2 MPP tracking at 45–65 °C with and without periodic conditioning cycles. Define success as ≥2× T80 improvement that disappears when polarization is suppressed but remains when chemical passivation is preserved.","This revised plan directly addresses the reviewers’ concerns by (i) abandoning unsupported claims of long-lived ferroelectric remanence and replacing them with a measurable, metastable polarization framework; (ii) providing a quantitative electrostatic bridge between KPFM/UPS data and device-relevant fields; and (iii) aligning morphology with claimed thickness via sub‑10 nm MOF domains or in situ growth. Empirically, Zn‑Car_MOF has demonstrated strong piezo-response and mechanical robustness in TPHG systems, while carnosine’s multi-dentate coordination to Pb²⁺ is well aligned with established passivation strategies that raise Voc by 30–60 mV. The addition of a conjugated SAM as a defined backbone anchors the concept chain linking non‑radiative recombination suppression, interfacial energetics, and PCE. Mechanical reliability is de-risked through low-strain actuation, in situ strain monitoring, and rigorous mechanical controls. Overall, the proposal shifts from speculative polarization permanence to a physically grounded, testable paradigm of *periodically refreshed interfacial electrostatics* that is fully compatible with fragile PSC architectures.","This is a technically sophisticated and unusually self-aware revision that directly confronts prior weaknesses around ferroelectric remanence, thickness mismatch, and speculative polarization claims. Engineering resolution is strong: sub-10 nm MOF domain strategies, explicit device architecture, multi-modal characterization (KPFM, PFM, GIWAXS, TOF-SIMS), and mechanical reliability controls are all well specified and internally consistent. The logical framework—metastable, refreshable dipole fields rather than permanent ferroelectricity—is physically defensible and aligns with the known dielectric and ionic softness of halide perovskites. Minor deductions arise from residual risk and complexity: (i) the assumption that tribo-piezoelectric actuation can be spatially uniform and device-compatible at scale is not fully resolved, (ii) PFM interpretation in ultrathin, weakly polar MOF layers on ionically active substrates remains experimentally ambiguous, and (iii) the electrostatic–ionic coupling model, while appropriate, may be underdetermined by experimentally accessible parameters. These are execution risks rather than conceptual flaws."
"A perovskite-benign, ultrathin reticular Zn–imidazolate interphase can be fabricated as a conformal “Reticular Proton‑Sponge Dipole (RPSD)” by (i) low-reactivity Zn precursor pulsing that avoids Pb–X disruption, (ii) linker-driven conversion to a ZIF‑8–like (sodalite-topology) microporous network or a deliberately defined amorphous Zn–imidazolate (aZIF) analog, and (iii) nanoconfined immobilization of sulfonate-tethered GQDs (GQDs–PSS) that provides a controllable population of Brønsted sites and bound water. The refined mechanism is explicitly falsifiable and risk-bounded: (1) Electronic passivation is supplied by a spatially ordered 2D/3D surface heterojunction (n=1–2) that reduces SRH recombination by saturating undercoordinated Pb2+ and suppressing halide vacancy percolation at the topmost grains (Voc/QFLS increase, reduced ideality factor). (2) Ionic-field stabilization is supplied by a nanoconfined protonic screening pathway inside the reticular interphase that is kinetically fast (sub‑second to seconds) and low-mobility compared to halide drift (10–10^3 s), thereby stabilizing the interfacial electric double layer (EDL) under bias without enabling net halide transport. Proton donors/acceptors are pre-defined as: (i) sulfonate acid/FA+ counterion pairs on PSS (tunable acidity without free strong acid), (ii) adsorbed H2O forming hydrogen-bond networks, and (iii) imidazolate/imidazole equilibrium at the Zn–mim nodes. Under humidity, these sites support Grotthuss/vehicular proton motion confined to the MOF/aZIF volume, producing a measurable increase in low-frequency interfacial ionic capacitance (Cion) and a distinct relaxation time constant (τp) that shifts with H2O→D2O isotope substitution, while TOF-SIMS confirms reduced halide redistribution under identical bias stress (decoupling proton screening from halide migration). (3) Process-order risk on 2D-skin formation is removed by explicitly benchmarking two sequences (2D-first vs MOF-first) and selecting the one that yields a verified depth ordering: 3D perovskite → 2D (n=1–2) → reticular Zn–imidazolate (with embedded GQDs–PSS) → C60, rather than an intermixed damaged region. (4) Fluorescence quenching is converted from a qualitative indicator into a pre-registered photophysical diagnostic by fitting a multi-channel kinetic model (radiative + SRH + energy transfer + charge transfer) across temperature and distance-control samples, so “interphase integrity” corresponds to a stable, model-resolved transfer rate (kET or kCT) without emergent nonradiative channels (kSRH increase).

This hypothesis overcomes reviewer-identified limitations by (i) replacing aggressive Zn precursors with demonstrably perovskite-benign chemistries and proving, pulse-by-pulse, that Zn–N coordination forms without Pb–X loss; (ii) defining acceptance criteria that explicitly separate crystalline ZIF‑8 from amorphous Zn–imidazolate and allowing either to be a valid reticular proton-sponge provided porosity/proton response targets are met; (iii) making the proton-screening claim quantitative via isotope-dependent EIS/KPFM time constants and capacitance changes correlated with halide-stability metrics; and (iv) de-risking 2D-layer formation by an order-of-operations study plus depth-resolved structural confirmation.","Step 0 — Pre-registration of acceptance criteria (go/no-go gates)
0.1 Define “perovskite-benign Zn pulsing” acceptance: after Zn pulse sets (no linker), the perovskite surface must show (i) no detectable Pb0 growth by XPS (Pb 4f metallic component <1 at%), (ii) no net halide loss by XPS (I/Pb and Br/Pb within ±5% of baseline), (iii) unchanged near-surface crystallinity by GIWAXS (no new PbI2 peak above detection) and AFM RMS roughness change <0.5 nm.
0.2 Define “reticular Zn–imidazolate” classification:
- Crystalline ZIF-8: GIWAXS shows characteristic sodalite reflections (e.g., (011), (002), (112) at expected q); FTIR/Raman indicates Zn–N(imidazolate) coordination (imidazolate ring modes shifted vs Hmim); ellipsometry thickness 0.7–3.0 nm target; porosity proxy confirmed on reference substrates (Kr adsorption or ellipsometric porosimetry with water/methanol).
- aZIF (amorphous Zn–imidazolate): no GIWAXS reflections but FTIR/Raman confirms Zn–N coordination; must still show measurable porosity proxy and proton-response signature (humidity-dependent impedance with isotope shift).
0.3 Define “proton-screening” quantitative targets at device-relevant RH (30–50%):
- A low-frequency capacitance increase ΔCion ≥ 2× vs baseline (same bias and RH), with a dominant relaxation time τp in 0.1–10 s range.
- Isotope effect: τ(D2O)/τ(H2O) ≥ 1.3 and/or reduced low-frequency conductivity under D2O (consistent with protonic contribution), while halide migration indicators (TOF-SIMS halide redistribution; EIS very-slow features >100 s) are reduced.

Step 1 — Baseline device and film platform
1.1 Baseline p–i–n stack (high Voc sensitivity): glass/ITO/MeO‑2PACz/(FA0.83Cs0.17)Pb(I0.83Br0.17)3/C60/BCP/Ag.
1.2 Prepare matched substrates for process-chemistry studies: (i) perovskite on ITO/MeO‑2PACz for in-vacuo characterization; (ii) perovskite on inert TiO2/Si for depth profiling; (iii) reference inert substrates (Si, Al2O3, quartz) for porosity and growth metrology.

Step 2 — De-risked reticular growth chemistry (precursor benchmarking + in-situ metrology)
2.1 Benchmark Zn precursors (replace Zn(Et)2 as non-default):
- Primary: Zn(tmhd)2 (Zn(2,2,6,6‑tetramethyl‑3,5‑heptanedionate)2) or Zn(hfac)2 is avoided due to fluorinated acidity/corrosion risk; prioritize non-fluorinated β‑diketonates.
- Secondary: Zn(OAc)2 delivered via solvent-free evaporation/aerosol is only used on reference substrates (risk of acetate/perovskite reaction).
- Tertiary (only if benign in Step 2.3): Zn(acac)2.
Each precursor is screened on perovskite via pulse–purge at ≤50–60 °C with in-situ QCM (mass uptake) and in-situ ellipsometry (thickness/optical constants).
2.2 Linker delivery and mobility: 2‑methylimidazole (Hmim) delivered by controlled vapor dosing (heated reservoir) with short pulses and purge to minimize residence time; RH kept <1% during growth (dry N2/Ar) to prevent uncontrolled perovskite hydration.
2.3 Pulse-by-pulse surface reaction study (mandatory):
For each Zn precursor: perform (Zn pulse → purge → in-vacuo XPS; Hmim pulse → purge → in-vacuo XPS) over 1–5 cycles on perovskite.
Measured endpoints after each half-cycle:
- XPS: Zn 2p, N 1s (imidazolate), Pb 4f, I 3d, Br 3d, C 1s; track Pb–X integrity and Zn–N formation.
- QCM/ellipsometry: areal mass uptake per cycle and thickness per cycle (Å/cycle).
Go/no-go: select the Zn precursor that meets Step 0.1 and yields reproducible mass/thickness increments and Zn–N signal growth.

Step 3 — Formation of the RPSD interphase (two validated architectures)
3.1 Architecture A (MOF/aZIF-first, then 2D):
3.1.1 Grow ultrathin reticular Zn–imidazolate (target 0.7–3.0 nm) by alternating Zn/Hmim pulses (2–10 cycles). Temperature: 40–60 °C. Stop when ellipsometry indicates target thickness and QCM indicates diminishing uptake (self-limiting regime).
3.1.2 Incorporate GQDs–PSS by one of two solvent-orthogonal routes (benchmarked for perovskite compatibility):
- Route A (preferred): dry aerosol deposition of GQDs–PSS (size 2–5 nm) with controlled dose, followed by 1–2 Zn/Hmim “capping” cycles to immobilize sulfonate-tethered domains at pore mouths/defects.
- Route B (backup): brief exposure to a super-dilute nonpolar dispersion using perovskite-safe carrier (validated by Step 0.1 criteria), immediately followed by vacuum drying and capping cycles.
3.1.3 2D skin attempt under MOF constraint: expose to vapor of PEA-I or FPEA-I with controlled activity (temperature-controlled source; short exposures) and monitor if 2D RP signatures appear without MOF damage. If blocked (no 2D formation), Architecture A is deprioritized.

3.2 Architecture B (2D-first, then MOF/aZIF) — explicit de-risk path for aperture/diffusion concerns:
3.2.1 Form n=1–2 RP skin first by PEA-I/FPEA-I vapor dosing directly on 3D perovskite (no MOF present), targeting ≤2 nm (self-limited) using surface-sensitive GIXRD/GIWAXS.
3.2.2 Grow ultrathin Zn–imidazolate on top of the 2D skin using the Step 2-validated Zn/Hmim pulses, exploiting the more organophilic 2D surface to enhance nucleation density at low temperature.
3.2.3 Introduce GQDs–PSS during early cycles (1–3 cycles) to place sulfonate sites inside/at the forming reticular network while avoiding direct strong-acid contact with 3D perovskite.
Decision rule: proceed with the architecture that yields verified ordering (Step 6) and best maintains charge extraction (no FF loss).

Step 4 — Full control matrix (mechanism isolating)
4.1 Baseline: no interphase.
4.2 2D-only: PEA-I/FPEA-I vapor.
4.3 Reticular-only: Zn–imidazolate (no GQDs–PSS; no 2D).
4.4 Reticular + GQDs (no PSS): isolates optical probe without sulfonate/proton sites.
4.5 Reticular + PSS (no GQDs): isolates proton sites without optical probe.
4.6 RPSD complete: reticular + GQDs–PSS + 2D (order A and B).

Step 5 — Structural and chemical validation (including “ZIF‑8 vs aZIF” decision)
5.1 GIWAXS/GIXRD: verify (i) 2D RP phase (n=1–2) and (ii) presence/absence of ZIF‑8 reflections; ensure bulk 3D unchanged.
5.2 FTIR/Raman: confirm Zn–imidazolate coordination (vs physisorbed Hmim).
5.3 Inert-substrate porosity proxy: ellipsometric porosimetry or Kr adsorption on Si/Al2O3 samples grown identically; acceptance per Step 0.2.
5.4 Cross-sectional STEM-EDX/EELS: map Zn, S (PSS), C (GQDs/PSS), Pb/I/Br; verify thickness, continuity, and absence of thick insulating MOF.
5.5 Angle-resolved XPS depth profiling: confirm spatial ordering (2D at perovskite surface, reticular layer above/around) and quantify dipole/band-edge shifts (UPS).

Step 6 — Make the proton-screening mechanism quantitative and falsifiable
6.1 Humidity- and isotope-dependent operando EIS under bias:
- Perform EIS on complete devices at controlled RH (10, 30, 50, 70%) using H2O and D2O humidification at matched RH and temperature.
- Fit using an equivalent circuit with explicit elements for recombination resistance (Rrec), geometric capacitance (Cgeo), ionic/EDL capacitance (Cion), and one or two distributed relaxation processes (e.g., CPEion) to capture ionic polarization.
- Extract ΔCion and τ for the dominant low-frequency arc; require isotope-dependent τ consistent with protonic mobility (Step 0.3).
6.2 Bias-step KPFM/SPV time constants:
- Under controlled RH (H2O vs D2O), apply bias steps and track surface potential relaxation. Proton-screening predicts faster initial stabilization (sub-second to seconds) with isotope slowdown; halide-driven drift predicts slower (tens–hundreds of seconds) and weak isotope dependence.
6.3 Decouple from halide migration:
- TOF-SIMS after identical bias-stress/Mpp aging (e.g., 65 °C, 1 sun, RH 30–50%) to quantify I−/Br− redistribution and electrode ingress; success requires reduced halide gradients in RPSD vs controls while protonic signatures (EIS/KPFM) increase.
6.4 Rule out corrosive/side-reaction pathways:
- XPS after humidity + bias: check for increased Pb0, altered N 1s, sulfonate decomposition (S 2p), and Ag migration; reject conditions that increase corrosion markers.

Step 7 — Optoelectronic performance validation (Voc/QFLS linkage)
7.1 Absolute PLQY and TRPL on full stacks (with C60) to extract QFLS and compare to Voc; require reduced ΔVoc,nr.
7.2 Suns–Voc and ideality factor: verify reduction of SRH-dominated recombination for RPSD vs baseline and vs each control.
7.3 EQE_EL: quantify nonradiative Voc loss change.
7.4 Transport penalty check: transient photocurrent/photovoltage and Rs extraction; reject any interphase causing FF loss >1–2% absolute attributable to added resistance.

Step 8 — Fluorescence quenching as an operando integrity reporter (pre-registered kinetic model)
8.1 Define the photophysical model per sample family:
- Channels: radiative recombination (kr), SRH (knr,SRH), energy transfer to GQDs (kET, distance-dependent), and/or charge transfer (kCT) if energetically allowed.
- Use multi-wavelength TRPL (and temperature dependence) to separate dielectric/reabsorption effects from true transfer (kET/kCT) by monitoring spectral shifts and lifetime changes.
8.2 Distance-control calibration samples:
- Insert calibrated inert spacers (e.g., ultrathin Al2O3 by low-temperature ALD on reference substrates, or organic spacer monolayers) between perovskite and GQD-containing layer to establish kET(distance) baseline.
8.3 Integrity criterion:
- During light+humidity cycling, “intact interphase” = stable fitted kET (or kCT) within ±10% and no emergent increase in knr,SRH; any PL drop accompanied by knr,SRH increase is classified as degradation, not “stable quenching.”

Step 9 — Integration and stability metrics
9.1 Complete devices with C60/BCP/Ag using solvent-orthogonal deposition.
9.2 Stability: MPP tracking at 65–85 °C under controlled RH (30–50%); report T80 and correlate with TOF-SIMS and EIS evolution.
9.3 Success metrics (unchanged but now tied to gates): Voc gain ≥40 mV at matched Jsc; ΔVoc,nr reduction ≥30 mV; hysteresis index reduced ≥50% with suppressed low-frequency ionic features; T80 ≥2×; no FF penalty.","Process-chemistry de-risking: The revised plan explicitly removes Zn(Et)2 as a default and mandates a pulse-by-pulse surface reaction study (QCM/ellipsometry + in-vacuo XPS after each half-cycle) to prove controllable Zn–N formation without Pb–X disruption. This directly addresses the reviewer concern of parasitic reactions/etching and replaces assumption with measurable acceptance criteria (no Pb0, no halide loss, no PbI2 growth). Thickness control is no longer asserted as inherently “self-limited”; it is operationally defined by (i) diminishing mass uptake per cycle and (ii) ellipsometry-confirmed thickness within 0.7–3.0 nm. Importantly, the proposal no longer requires perfect crystalline ZIF‑8 on perovskite at ≤60 °C: it introduces an explicit classification (crystalline ZIF‑8 vs amorphous Zn–imidazolate aZIF) with independent coordination and porosity proxies. Either phase is acceptable if it meets the porosity/proton-response gates, which reduces kinetic risk while keeping the reticular “proton-sponge” concept intact.

Microscopic proton-screening mechanism made falsifiable: The proton donors/acceptors are specified (PSS sulfonate counterions, confined water, imidazolate/imidazole equilibrium). The expected observables are quantitative: ΔCion increase and τp in the 0.1–10 s band, with an H2O→D2O isotope effect on τ and/or low-frequency conductivity. The design includes a required decoupling: protonic signatures must change with isotope substitution while TOF-SIMS demonstrates reduced halide redistribution under the same stress. This makes the central claim testable and protects against the alternative interpretation that the interphase merely increases ionic polarization or capacitance without suppressing halide drift.

2D-skin feasibility under/within MOF resolved by sequence benchmarking: The revised execution explicitly tests “MOF-first” versus “2D-first” to avoid the aperture/diffusion ambiguity (3.4 Å ZIF‑8 windows vs PEA-related species). Depth ordering is not assumed; it is verified by cross-sectional STEM/nanodiffraction and angle-resolved XPS. This directly addresses the risk of patchy mixed phases and uncertain band alignment; the selected sequence will be the one that yields a clear 3D→2D→reticular stratification and maintains FF.

Quenching reporter made unambiguous: The proposal pre-registers a rate-based kinetic model and calibrates distance dependence using spacer controls and temperature/multi-wavelength TRPL. Therefore, “stable quenching” is redefined as stability of extracted transfer rates (kET/kCT) without growth of knr,SRH, eliminating the reviewer concern that unchanged quenching amplitude could mask compensating degradation pathways.

Overall, feasibility is strengthened by (i) replacing high-risk chemistry with a validated precursor screen and hard acceptance gates, (ii) allowing an aZIF analog as a valid reticular host if it meets coordination/porosity/proton-response criteria, and (iii) converting the key mechanistic claim into an isotope-resolved, time-constant–based measurement suite correlated with direct halide-migration readouts.","The proposal is unusually well-engineered for an interphase-chemistry problem: it replaces the highest-risk chemistry with a gated precursor screen and builds falsifiability into the central “proton-sponge” claim via isotope-sensitive time constants tied to halide redistribution readouts. However, several deductions remain. (i) The physical plausibility of forming a continuous, functionally porous 0.7–3.0 nm ZIF-like network on a heterogeneous perovskite/2D surface at 40–60 °C is still uncertain; the porosity proxy is largely demonstrated on inert substrates, not on the actual perovskite stack where densification/partial collapse is likely at sub-3 nm thickness. (ii) Equivalent-circuit extraction of ΔCion and τp is non-unique; without a stronger impedance identifiability plan (model selection, Kramers–Kronig compliance, parameter correlation analysis), the claimed protonic element can be confounded with interfacial dipoles, contact inhomogeneity, or slow electronic trapping—especially because humidity also changes perovskite surface energetics. (iii) The mechanism assumes “fast-but-confined” proton screening that stabilizes the EDL without enabling net anion transport; yet the proposal does not specify an upper bound on protonic/ionic conductivity that would avoid new shunt pathways, nor does it define how to separate genuine proton motion inside the reticular phase from water-mediated surface conduction along grain boundaries or pinholes. (iv) The 2D (n=1–2) passivation layer is treated as simultaneously electronic passivator and halide-vacancy suppressor, but direct proof of reduced vacancy percolation at the topmost grains is indirect; TOF-SIMS post-stress is helpful but not sufficient to attribute the effect specifically to vacancy percolation suppression vs changed interface fields or altered electrode reactions."
"Embedding an ultrathin (20–60 nm) triply periodic minimal surface (TPMS) interlayer with controlled negative Gaussian curvature at the perovskite/charge-transport interface increases the *effective utilization ratio* of passivation and extraction sites by jointly optimizing geometry, electrostatics, and interfacial chemistry. Specifically, (i) a bicontinuous Schwarz P or gyroid architecture with 5–12 nm necks maximizes specific surface area per projected area while preserving continuous electronic percolation and low contact resistance; finite-element Poisson–drift–diffusion modeling predicts that such curvature redistributes interfacial electric fields from localized asperity-driven hot-spots into a more spatially homogeneous field landscape, reducing field-assisted non-radiative recombination and ion-migration nucleation. (ii) The same geometry enhances accessibility of tethered amine passivants and radical-scavenging motifs, ensuring that a larger fraction of chemically present sites are kinetically contacted by photo-generated radicals and under-coordinated defects. (iii) Photo-induced oxidative coupling of selectively designed aromatic amines into a sparse, conjugated imine network proceeds with kinetics and thermodynamics that outcompete perovskite, SnO2, or C60 oxidation under tightly bounded oxidant chemical potential, thereby converting otherwise destructive ROS/free-radical chemistry into a self-limiting crosslinking reaction. The resulting imine network immobilizes mobile ionic species, passivates emergent defects, and introduces a controlled interfacial dipole that improves band alignment without creating deep trap states. Collectively, curvature-enabled electrostatic homogenization plus chemically selective, operation-triggered radical consumption raises Voc and operational stability while preserving FF, providing a quantitatively testable structure–property–utilization relationship rather than an empirical passivation effect.","1. TPMS interlayer fabrication with explicit process window and electrical validation.
1.1 Block-copolymer (BCP) cubosome templating: Use PS-b-PEO (Mn_PS ≈ 32 kg mol⁻¹, Mn_PEO ≈ 11 kg mol⁻¹, Ð < 1.1) dissolved at 1.2–1.5 wt% in toluene/THF (7:3 v/v). Add 8–12 vol% swelling agent (1,3,5-trimethylbenzene) to access Schwarz P/gyroid phases with target lattice parameter 25–40 nm. Spin-coat at 2000–3000 rpm in 40–45% RH, 22–25 °C. Thermally anneal at 80 °C for 10 min to equilibrate the mesophase. Expected neck size: 5–12 nm after infiltration and shrinkage.
1.2 Sol–gel infiltration and shrinkage control: Infiltrate with an anhydrous ethanol solution containing (i) methyltriethoxysilane (MTES) as the backbone, (ii) 3-aminophenyltriethoxysilane and 4-aminobenzyltriethoxysilane (molar ratio MTES:amine-silane = 7:3), and (iii) 2 mol% bis-silane crosslinker. Water content fixed at H2O:Si = 1.2; acid catalysis with 0.01 M acetic acid. Condense at 60 °C for 30 min. Expected linear shrinkage ≤18%, yielding final TPMS thickness 20–60 nm.
1.3 Template removal and interface compatibility: Remove BCP by selective extraction in ethanol/THF (9:1) at 40 °C for 15 min. Verify no SnO2 etching (XPS Sn 3d) and no perovskite exposure at this step (TPMS fabricated only on SnO2 or on completed perovskite using orthogonal solvents). RMS roughness tolerance: <5 nm over 5 µm AFM scan to avoid shunting.
1.4 Electrical continuity and contact resistance: Lightly infiltrate (≤10 vol% pore filling) with the adjacent transport material (SnO2 sol for n–i–p or C60 by thermal evaporation) to ensure electronic percolation across the TPMS without blocking pores. Measure contact resistance by TLM; target Rc < 0.5 Ω·cm².

2. Geometry-resolved modeling and validation (mandatory mechanistic closure).
2.1 3D geometry reconstruction: Acquire electron tomography of TPMS interlayers (voxel size ≤2 nm). Reconstruct realistic meshes for Schwarz P and flat controls.
2.2 Finite-element simulations: Solve Poisson + drift–diffusion equations on reconstructed geometries to map electric-field magnitude, recombination rate sensitivity, and carrier extraction vs curvature and SSA. Include experimentally measured dielectric constants and trap densities. Output quantitative metrics: field variance (σ_E), local recombination enhancement factor, and effective contact resistance.
2.3 Experimental validation: Correlate modeled Rc and σ_E with TLM, impedance spectroscopy under bias, and Mott–Schottky analysis.

3. Chemically selective oxidative coupling with hard stop-criteria.
3.1 Amine design and selectivity: Use predominantly aromatic amines (aniline/benzylamine) with oxidation potentials 0.3–0.5 V lower than iodide oxidation, plus 5 mol% sterically hindered diamine to limit over-crosslinking.
3.2 Oxidative protocol: Pre-form a sparse imine network using trace O2 (10–50 ppm) under 1-sun illumination for 5–10 min, or 10⁻⁵–10⁻⁴ M ammonium persulfate in an orthogonal solvent followed by vacuum drying. During operation, rely only on photo-generated ROS.
3.3 Selectivity controls: Measure rate constants for amine→imine vs perovskite/SnO2/C60 oxidation on model films using in-situ FTIR and XPS. Hard stop-criteria: no detectable Pb⁰/PbOₓ growth (<1% XPS sensitivity), no iodide depletion by ToF-SIMS depth profiling after treatment.
3.4 Electronic impact assessment: Track band offsets (UPS/KPFM) and trap formation (DLTS/TRPL). Abort condition: emergence of new deep traps (>10¹⁵ cm⁻³).

4. Redefined utilization ratio with spatial calibration.
4.1 Site tagging: Incorporate 15N-labeled amines (20%) or F-tagged analogues. Use angle-resolved XPS and ToF-SIMS to spatially locate total vs reacted sites.
4.2 Quantitative definition: Utilization ratio = (number of tagged sites participating in defect passivation or radical quenching, inferred from proportional reduction in interfacial recombination velocity and EPR radical decay constant) / (total tagged sites present at the interface).
4.3 Calibration experiments: Systematically cap 25%, 50%, 75% of amines with inert acyl groups and demonstrate linear scaling between active-site fraction and implied Voc / EPR decay.

5. Device integration, yield, and failure modes.
5.1 Thickness/penetration limits: Confirm perovskite penetration into TPMS <5 nm by cross-sectional ToF-SIMS.
5.2 Yield analysis: Fabricate ≥30 devices per condition over 1 cm²; track shunt incidence and FF spread.
5.3 Stability testing: ISOS-L-2, ISOS-O-2, and 85 °C thermal aging correlated with EPR and chemical signatures.","This revised plan directly addresses the reviewers’ feasibility and mechanistic concerns. (i) The TPMS fabrication route is now bounded by explicit BCP molecular weights, solvent systems, humidity, condensation chemistry, shrinkage limits, and roughness tolerances, with defined strategies (partial transport-layer infiltration and TLM validation) to ensure electrical continuity and low series resistance. (ii) Geometry-resolved electrostatic and drift–diffusion modeling on reconstructed TPMS meshes replaces qualitative curvature arguments, yielding testable predictions for field variance, recombination sensitivity, and contact resistance that are experimentally validated. (iii) The oxidative coupling strategy is de-risked by a selectivity-first design: aromatic amines with favorable oxidation potentials, ultralow oxidant chemical potential, and explicit stop-criteria based on Pb/iodide speciation ensure that amine-to-imine formation kinetically outcompetes deleterious oxidation pathways. (iv) The utilization ratio is redefined with isotopic/elemental tagging, spatial localization, and site-blocking calibration, preventing narrative flexibility and enabling stoichiometric closure. Collectively, these refinements transform the concept from an ambitious architectural idea into a quantitatively constrained, manufacturable interfacial strategy aligned with high-efficiency PSC process windows.","This is an unusually detailed and disciplined proposal that substantially exceeds the typical architectural-passivation narrative in PSC interfaces. Engineering resolution is high: the TPMS fabrication window, shrinkage control, electrical percolation strategy, and failure thresholds are explicitly bounded, reducing execution ambiguity. Logical consistency is strong overall, particularly in the closure between curvature-induced field homogenization and reduced recombination/ion-migration; however, the causal separation between electrostatic homogenization and increased chemical utilization occasionally blurs, and the proposal assumes additive benefits without fully interrogating potential antagonism (e.g., increased SSA vs. ionic accessibility). Evidence grounding is solid and remains within perovskite/interfacial chemistry without conceptual drift, though the oxidative selectivity claims rely heavily on assumed kinetic hierarchies that, while plausible, are not yet benchmarked against known halide-rich radical environments. Rationale quality is high: the redefinition of utilization ratio with spatial and stoichiometric calibration is genuinely creative and addresses a recognized bottleneck in passivation research. Minor deductions reflect residual risk in oxidative chemistry control and the manufacturability of BCP-derived TPMS at scale."
"Embedding a MOF-derived, Schwarz P surface (bicontinuous negative-Gaussian-curvature) single-atom catalytic interlayer between the perovskite absorber and electron-transport layer will simultaneously (i) suppress interfacial non-radiative recombination and ion-migration-driven degradation and (ii) enable controllable electrochemical redox buffering measurable via half-wave potential shifts, thereby increasing Voc, FF, and operational stability. The methodological adaptation is to repurpose the Schwarz P bicontinuous architecture—originally used to maximize utilization of FeN4 active sites and raise ORR half-wave potential—into an ultrathin, electronically percolating interphase that couples (a) curvature-enhanced charge extraction and field homogenization, (b) Lewis-acid/base defect passivation through coordinatively unsaturated metal nodes, and (c) redox-stable single-atom centers whose half-wave potential is tuned to sit outside the perovskite operating Fermi-level window, preventing parasitic interfacial redox while still buffering transient charge and halide radicals.","Step 1: Specific system setup or data preparation.
1.1 Select a benchmark high-performance perovskite stack (e.g., n–i–p: FTO/SnO2/perovskite/Spiro-OMeTAD/Au and p–i–n: ITO/NiOx/perovskite/C60/BCP/Ag) using a mixed-cation perovskite (FA-Cs, I/Br) to ensure state-of-the-art baseline PCE.
1.2 Define the interlayer target: 5–20 nm thickness, continuous bicontinuous channels, and electronically connected to ETL (or HTL in inverted) without introducing deep traps.
1.3 Prepare methane/biogas-relevant test atmospheres (dry CH4, CO2/CH4 mixtures, and humid CO2/CH4) for stability stress tests to evaluate whether the interlayer mitigates gas- and moisture-accelerated interfacial degradation.

Step 2: Detailed implementation of the adapted methodology.
2.1 Schwarz P template-to-interlayer conversion (methodological adaptation):
- Synthesize polymer cubosome templates that encode a Schwarz P minimal surface; infiltrate with a MOF precursor solution to form a conformal MOF network along the bicontinuous template.
- Convert the MOF/template composite into a MOF-derived N-doped carbon/metal-node hybrid with isolated single-atom M–N4 sites (M = Fe or Co) while preserving bicontinuous Schwarz P morphology (controlled pyrolysis with curvature-preserving ramp + sacrificial template removal).
- Post-functionalize residual metal nodes/defects with perovskite-compatible Lewis base groups (e.g., pyridine/thiophene-like moieties) via vapor-phase infiltration to avoid solvent damage to perovskite.
2.2 Half-wave-potential-guided interlayer energetics design:
- Use rotating disk electrode (RDE) electrochemistry on interlayer films to measure half-wave potential (E1/2) for a chosen redox probe and/or ORR surrogate; tune M identity, coordination environment, and N-doping to shift E1/2 so that the interlayer is redox-inert across the perovskite device operating electrochemical potential range (minimizing interfacial redox degradation).
- Implement a compositional series (Fe–N4, Co–N4, and mixed Fe/Co–N4; plus metal-free N-doped Schwarz P carbon) to decouple curvature vs. redox contributions.
2.3 Device integration:
- Deposit the Schwarz P interlayer by gentle, orthogonal processing (e.g., dry transfer/lamination or low-polarity dispersions with rapid evaporation) onto the ETL (or perovskite surface depending on stack) and complete PSC fabrication.
- For comparison, fabricate controls: (i) no interlayer, (ii) non-bicontinuous flat carbon/M–N4 layer, (iii) MOF-derived hollow carbon spheres (MOF-templated but not Schwarz P), and (iv) conventional molecular passivators.

Step 3: Rigorous validation and analytical framework.
3.1 Optoelectronic validation (mechanism: recombination/passivation):
- Quantify Voc gains via quasi-Fermi level splitting (absolute PL and QFLS mapping) and time-resolved PL; correlate with reduced non-radiative recombination at the interface.
- Perform impedance spectroscopy and intensity-dependent JV to separate transport, recombination, and interfacial capacitance changes attributed to the bicontinuous interlayer.
3.2 Structural/chemical validation (mechanism: defect coordination + ion blocking):
- Use XPS/UPS to confirm band alignment and chemical coordination (Pb–N, Pb–O, halide–metal interactions) and to measure interfacial dipole changes.
- Track ion migration using TOF-SIMS depth profiling (I−/Br−/MA+/FA+/Cs+), thermal bias stressing, and Kelvin probe force microscopy under illumination to test whether the Schwarz P interlayer reduces field hotspots and ion accumulation.
3.3 Half-wave potential as a predictive stability descriptor (mechanism: redox buffering vs parasitic redox):
- Establish a correlation between interlayer E1/2 and operational stability (MPP tracking at 65–85 °C, 1 sun, controlled O2/H2O/CH4/CO2 atmospheres). Hypothesis test: interlayers with E1/2 tuned away from device operating potentials show lower interfacial redox signatures (EPR for radicals, in situ Raman for iodide/iodine species).
3.4 Methane/biogas-relevant robustness:
- Expose completed devices to CH4 and CO2/CH4 mixtures with controlled humidity and trace H2S (ppm-level, optional) to emulate biogas; quantify PCE retention, Voc drift, and interfacial chemistry evolution. Evaluate whether the MOF-derived interlayer acts as a gas/moisture diffusion modulator without sacrificing charge extraction.
3.5 Scale-up check:
- Demonstrate coating/transfer on ≥25 cm2 substrates; evaluate uniformity (photoluminescence imaging, sheet resistance) and module-relevant metrics (aperture-area PCE, interconnect losses).","1. Theoretical/Empirical Basis: Schwarz P bicontinuous architectures are empirically linked to higher electrocatalytic activity and elevated half-wave potential through enhanced active-site utilization and curvature-driven lowering of reaction barriers; MOF-templated hollow/carbonized structures are established routes to produce M–N–C catalysts with high E1/2. Translating these principles to PSC interfaces is feasible because PSC performance is strongly limited by interfacial recombination, ion migration, and interfacial redox/chemical instability.
2. Transfer Logic (How the adaptation fits the domain): The adapted interlayer is not used as an ORR catalyst in the PSC; instead, E1/2 becomes a tunable descriptor for interfacial redox inertness/buffering. The Schwarz P morphology provides a continuous, thin, high-surface-area contact that improves electronic percolation and homogenizes local electric fields, while MOF-derived coordinatively unsaturated sites and N-rich motifs passivate under-coordinated Pb2+ and halide vacancies.
3. Comparative Advantage: Compared to flat passivation molecules or non-bicontinuous carbons, the Schwarz P interlayer offers (i) curvature-enabled bicontinuous charge pathways with minimal thickness penalty, (ii) a higher density of accessible passivation/coordination sites without blocking transport, and (iii) a quantifiable, electrochemically measurable tuning knob (half-wave potential) to engineer interfacial redox stability. Relative to conventional MOF additives dispersed in perovskite, an engineered interphase localizes functionality where degradation is most severe and can be implemented as a scalable coating/transfer step compatible with large-area fabrication.","This is an unusually deep and technically ambitious proposal with strong mechanistic intent. The engineering plan is largely credible, particularly the compositional series and control matrix to decouple curvature, chemistry, and redox effects. However, two issues weaken full confidence: (i) preservation and defect-free transfer of a 5–20 nm Schwarz P bicontinuous architecture onto a delicate perovskite interface is nontrivial and under-justified experimentally, and (ii) the conceptual leap from ORR half-wave potential measured by RDE to a predictive descriptor of PSC interfacial redox stability, while intriguing, lacks a clear quantitative mapping to the perovskite quasi-Fermi-level landscape. The methane/biogas angle is interesting but partially tangential; CH4 is chemically inert toward perovskites, so its role risks appearing as an environmental stress proxy rather than a chemically motivated degradation pathway unless more rigorously justified."
"An ultrathin, percolative Cu3(HHTP)2 or Ni3(HHTP)2 conductive-MOF (c‑MOF) nanonetwork grown by surfactant-confined, low-temperature interfacial synthesis at the buried perovskite/transport-layer contact will improve Voc and operational stability primarily through coordination-driven defect passivation and selective charge extraction, and—under explicitly defined PV-relevant transient high-irradiance stress—secondarily through ultrafast third-order nonlinear optical (χ(3)) response that suppresses hot-carrier–driven interfacial damage.

Mechanistic rationale (tightly bounded to reviewer critique):
1) Interface chemistry (dominant under 1-sun CW): catecholate O donors in HHTP chelate undercoordinated Pb2+ and interact with halide-vacancy-rich motifs, reducing surface recombination velocity and non-radiative losses; concurrently, the π-conjugated 2D MOF plane and metal–catecholate nodes provide electronically percolative extraction pathways and a tunable interfacial dipole that improves contact selectivity without introducing an insulating barrier.
2) PV-relevant stress scenario where χ(3) can matter: PSCs in the field and in module operation experience short, high-irradiance excursions that can locally exceed steady-state 1-sun due to (i) specular “sun-glint” and reflective focusing from nearby glass/metal surfaces and module frames, (ii) arc/partial-discharge events in strings and connectors producing ms–µs optical bursts, and (iii) manufacturing/inspection exposures (class-1–3R alignment lasers; LiDAR/ToF sources; pulsed indoor LED drivers) that can deliver kW–MW·cm−2 peak intensities in µs–fs windows on localized areas. While rare, these events are disproportionate drivers of interfacial hot-carrier spikes, local heating (ΔT), and accelerated ion-migration-assisted degradation at already defect-rich buried contacts.
3) χ(3) pathway (activated only during transients): the c‑MOF’s large χ(3) (manifesting as nonlinear absorption β and Kerr coefficient n2) introduces intensity-dependent loss and phase response at the interface, effectively clamping transient carrier generation near the contact and accelerating carrier/phonon dephasing (reduced hot-carrier lifetime and peak carrier temperature). This reduces the amplitude of the transient quasi-Fermi-level/field overshoot that otherwise increases interfacial recombination, local Joule heating, and defect formation. The proposal explicitly tests whether measured β/n2 at PV-relevant wavelengths and pulse widths quantitatively reduces (a) peak interfacial carrier temperature (ΔTe), (b) peak ΔT in the first 10–50 nm near the contact, and (c) the rate constant for a chosen degradation proxy (Voc loss rate under combined bias/light stress with superimposed pulses).

Critical boundary conditions to avoid over-claiming: under pure 1-sun CW without transient spikes, χ(3) is not expected to measurably contribute; thus, success criteria for the χ(3) novelty are defined only under the specified transient-stress protocol and must be supported by ultrafast spectroscopy at the buried interface plus a degradation-rate correlation.","A. Device stacks, controls, and interlayer acceptance criteria (defined up-front)
A1. Baseline stacks (two architectures to generalize interface physics):
- n–i–p: glass/ITO/SnO2/(FA,Cs)Pb(I,Br)3/HTL/Au.
- p–i–n: glass/ITO/PTAA/(FA,Cs)Pb(I,Br)3/C60/BCP/Ag.
A2. Perovskite surface termination control: generate iodide-rich vs PbI2-rich terminations by (i) slight precursor stoichiometry offsets (±1–2% PbI2), (ii) antisolvent timing shifts, and (iii) brief post-anneal variations. Baseline mapping: XPS (Pb 4f, I 3d), UPS, KPFM, absolute PLQY, and TRPL.
A3. Hard acceptance criteria for the c‑MOF interlayer (go/no-go gates):
- Added contact resistivity (ρc) from TLM or J–V/Rs extraction: ≤ 0.5 Ω·cm2 (stretch goal ≤ 0.2 Ω·cm2).
- Work-function (WF) shift window by UPS/KPFM: |ΔWF| ≤ 0.30 eV unless accompanied by improved selectivity (verified by reduced leakage current and improved ideality factor).
- Optical parasitics: ΔJsc loss from transmission/reflection modeling + EQE ≤ 0.3 mA·cm−2.
- Physical thickness/percolation: effective thickness 1–5 nm, surface coverage 30–80% (percolative but not blocking), verified by cross-sectional HR-TEM/EDX, AFM step-height on masked samples, and GIWAXS for 2D ordering.
- If any criterion fails: branch to (i) reduced coverage, (ii) alternate metal node (redox-inert MOF), or (iii) organic conjugated reference (see C3).

B. Surfactant-confined interfacial synthesis (methodological specificity and residue control)
B1. Design principle: confine MOF nucleation to an ultrathin 2D network while preventing bulk crystallites and avoiding perovskite dissolution.
B2. Surfactant templating parameters (explicit):
- Non-ionic amphiphile: Brij-58 or Triton X-100.
- Concentration: 0.05–0.20× CMC (sub-CMC) to form patchy/lamellar adsorption without micellar solubilization of perovskite organics.
- Deposition: dynamic spin-coating (e.g., 2000–4000 rpm, 20–40 s) of surfactant solution in anhydrous IPA:EA (70:30 v/v) with water ≤0.1 vol%.
- Residue removal: two-step rinse (anhydrous IPA then EA), followed by 60–80 °C vacuum bake (10–20 min). Residue check: ATR-FTIR (C–O–C bands), XPS C 1s deconvolution; acceptance: surfactant signal ≤5% of initial adlayer.
B3. MOF growth chemistry (perovskite-compatible window):
- Metal precursor: Cu(OAc)2 or Ni(OAc)2 at 0.5–2 mM in IPA:EA with water ≤0.1 vol%.
- Ligand: HHTP (2,3,6,7,10,11-hexahydroxytriphenylene) at 0.2–1 mM in EA with minimal base.
- Volatile base: triethylamine (TEA) 0.5–2 mM equivalent in vapor-assisted or trace liquid dosing; objective pH-equivalent: sufficient to partially deprotonate catechols while avoiding perovskite etching.
- Confined growth: sequential dosing (metal then ligand) with a 10–60 s reaction window at room temperature; quench by immediate rinse.
- Ultrasound: optional, only for precursor stock pre-mixing (not directly on perovskite) to avoid mechanical damage; if used during deposition, limit to <1 W·cm−2 equivalent, <10 s.
- Mild anneal: ≤90 °C, 5–10 min in N2.
B4. Percolation tuning knobs:
- Control surface coverage via (i) surfactant concentration, (ii) total precursor dose (mM·s), (iii) sequential cycle number (1–3 cycles).
- Target: sheet-like domains with lateral size 20–200 nm, forming a connected network but leaving transport-layer wetting intact.

C. Active-site engineering with bounded risk (avoid midgap states)
C1. Replace the original “co-ligand dilution to create unsaturated nodes” with a bounded, spectroscopy-gated strategy:
- Primary mode: pristine HHTP-MOF (no intentional unsaturation) as the default.
- Secondary mode (only if needed for binding density): introduce 1–3 mol% of a redox-inert, sterically hindered catechol analog (e.g., alkyl-substituted catechol) to modulate nucleation and binding density rather than creating open metal sites.
C2. Spectroscopic gating (must pass before devices):
- Sub-gap absorption/photothermal deflection spectroscopy (PDS) and UPS: no new deep sub-gap features >10% increase vs control.
- Time-resolved PL and absolute PLQY: QFLS must increase or remain unchanged; if QFLS decreases, abandon co-ligand approach.
C3. Mandatory redox-inert and “electronically similar” references beyond Zn:
- Redox-inert conductive MOF alternative: a Mg/Al-based catecholate-like framework is likely non-conductive; therefore use a two-pronged reference set:
  (i) A redox-inert, fully conjugated organic interlayer with strong Pb–O binding and π-system (e.g., a catechol-terminated oligothiophene or triphenylamine-catechol SAM/polymer) matched to similar thickness and optical density.
  (ii) A c‑MOF with less redox-active node chemistry relative to Cu/Ni: e.g., a Ni-based vs Cu-based comparison plus a metal-free conjugated covalent network (2D COF) thin interlayer where feasible, to separate “conjugation/percolation” from “metal redox.”

D. Quantifying χ(3) under PV-relevant transient scenarios + order-of-magnitude modeling
D1. Define the PV-relevant transient illumination protocol (two tiers):
- Tier-1 (module/field-like microsecond–millisecond bursts): superimpose high-intensity LED/laser diode pulses (e.g., 405/532/808 nm) with pulse width 1–1000 µs, duty cycle ≤1%, peak irradiance 10–200 suns equivalent on a 0.1–1 mm spot to emulate hot-spot/glint/arc optical bursts; keep average power near 1 sun.
- Tier-2 (inspection/laser exposure femto–nano pulses): 1030 nm or 800 nm pulses, 100 fs–10 ps, spot 50–200 µm, fluence adjusted below ablation but high enough to probe nonlinearities (device-safe window determined empirically).
D2. Measure β, n2, χ(3) on complete perovskite/interlayer/transport stacks (not standalone films):
- Open/closed aperture Z-scan at 532, 808, 1030 nm on representative buried-interface stacks on glass.
- Pump–probe reflectance/transmittance under device-like layering to extract intensity-dependent absorption and refractive index changes.
D3. Minimal quantitative link (order-of-magnitude) from β to reduced transient heating:
- Use Beer–Lambert with nonlinear absorption: dI/dz = −αI − βI^2.
- For a transient spike with peak intensity I0 at the interface, the incremental absorbed energy density in the first δ (10–50 nm) is ΔU ≈ ∫0^δ (αI + βI^2) dz × τpulse.
- If β<0 (saturable absorption/bleaching) or if the effective nonlinear response clamps I in the perovskite near the interface (via interlayer absorption/dispersion), predict a reduced ΔU in the perovskite and lower ΔT = ΔU/(ρCp). The sign and magnitude will be determined experimentally; the proposal will not assume bleaching vs RSA a priori.
- Map ΔT(t) into an Arrhenius acceleration factor for an interfacial degradation proxy kdeg ∝ exp(−Ea/kBT) (Ea extracted from separate temperature-accelerated tests). The goal is to show that the measured nonlinear response changes peak T by even a few K during spikes, producing a measurable change in kdeg under repeated bursts.
D4. Define a degradation-rate metric tied to the transient protocol:
- Track ΔVoc/Δt and ΔPLQY/Δt under ISOS-L-2-like bias+light at 65 °C with superimposed Tier-1 pulses; compare slopes with/without c‑MOF at matched initial Voc.

E. Mandatory ultrafast evidence at the buried interface (causality)
E1. Ultrafast transient absorption (TA) with interface sensitivity:
- Use front/back excitation geometries and selective probing to emphasize the buried interface (e.g., excite through transport layer if transparent; compare with excitation through glass).
- Extract hot-carrier cooling time constants and band-edge bleach recovery; acceptance: c‑MOF must reduce hot-carrier lifetime or reduce peak hot-carrier signature amplitude under high-fluence excitation without degrading low-fluence carrier lifetime.
E2. Terahertz (TRTS) or time-resolved microwave conductivity (TRMC):
- Quantify sub-ps to ns photoconductivity and momentum scattering time (proxy for dephasing).
- Acceptance: faster early-time decay (dephasing) plus equal or improved long-time extraction (in device-relevant stacks).
E3. Correlate ultrafast metrics to degradation:
- Across a small matrix (no interlayer / organic conjugated reference / Ni-MOF / Cu-MOF), correlate (i) hot-carrier lifetime reduction and/or peak photoconductivity suppression under spikes with (ii) reduced ΔVoc/Δt under superimposed-pulse aging.

F. Standard interface passivation/extraction validation (anchored, not optional)
F1. Energetics and passivation:
- Absolute PLQY → QFLS; compare QFLS–Voc (non-radiative voltage loss).
- UPS/KPFM band alignment, dipole formation.
- XPS for Pb–O coordination signatures; ToF-SIMS depth profiles for Cu/Ni/HHTP distribution.
F2. Recombination/extraction kinetics:
- TPV/TPC, EIS (recombination resistance, chemical capacitance), Suns-Voc, ideality factor vs intensity.
- Series resistance/contact selectivity: dark J–V, S-shaped curve screening, TLM on dedicated test structures.

G. De-risk Cu/Ni electrochemistry and diffusion (mandatory operando/after-stress diagnostics)
G1. Operando or quasi-operando bias+illumination spectroscopy:
- Near-ambient-pressure XPS (NAP-XPS) or operando XAS (Cu/Ni K-edge) under applied bias and illumination to detect oxidation state shifts indicative of redox shuttling.
- If operando is unavailable: staged bias+light exposures with rapid transfer to XPS/XAS (glovebox-integrated transfer).
G2. Metal diffusion/catalysis checks:
- ICP-MS of dissolved layers after selective etch; ToF-SIMS depth profiling pre/post stress (ISOS-L-2 and pulsed protocol).
- Acceptance: no measurable Cu/Ni migration into perovskite beyond detection threshold or a predefined limit (e.g., <10^19 atoms·cm−3 equivalent in the perovskite bulk region, adjusted to instrument sensitivity).
G3. Chemical stability controls:
- Monitor iodide oxidation/catalysis signatures: XPS I oxidation states, UV–vis changes, and any emergence of iodine-related species after stress.
- If redox activity observed: pivot to Ni-only (if Cu problematic) or to conjugated organic reference as the primary “χ(3) + passivation” platform.

H. Statistics and deliverables
- Device batches: n≥20 per condition; report stabilized PCE (MPP tracking), hysteresis index, Voc distribution.
- Deliverable 1: passivation/extraction benefit under CW 1-sun (baseline claim).
- Deliverable 2 (novelty claim): under defined transient protocol, demonstrate reduced degradation rate with quantitative linkage: measured β/n2/χ(3) + ultrafast dephasing/hot-carrier suppression + reduced ΔVoc/Δt.

Decision tree (explicit go/no-go)
- If Rs/ρc exceeds threshold or S-kink appears → reduce coverage/thickness; if persists → abandon c‑MOF for organic conjugated reference.
- If Cu shows diffusion/redox signatures → switch to Ni-only and/or redox-inert conjugated reference; repeat stability.
- If χ(3) measurable but no ultrafast or aging correlation → restrict claims to passivation/extraction only; χ(3) becomes a characterization side-result, not a central novelty.","1) Why the χ(3) angle is now PV-relevant (anchored scenario): The revised plan no longer assumes χ(3) matters under steady 1-sun. Instead, it targets quantified short-duration, high-irradiance excursions (glint/hot-spot optical bursts, arc events, inspection/laser exposures, pulsed indoor drivers) that can create localized carrier and temperature spikes at buried interfaces—precisely where defect density and ion migration sensitivity are highest. This is the only regime where intensity-dependent absorption/dispersion can plausibly produce a measurable benefit.

2) Quantitative causality is built in: β and n2 will be measured on device-relevant stacks and inserted into a minimal absorption/heating model (nonlinear Beer–Lambert + ΔT estimation). The proposal then tests whether the predicted reduction in peak ΔT/ΔTe correlates with a directly measured reduction in degradation rate (ΔVoc/Δt) under an ISOS-like baseline plus superimposed pulses. This addresses the reviewer’s demand that Z-scan outputs map onto a device-relevant kinetic consequence.

3) Direct ultrafast evidence at the buried interface is mandatory: TA + TRTS/TRMC on layered stacks will quantify hot-carrier cooling/dephasing and early-time photoconductivity changes specifically attributable to the c‑MOF. The novelty claim is accepted only if these ultrafast signatures correlate with slower degradation under the transient protocol.

4) Electrochemical and diffusion risks are explicitly de-risked: Cu/Ni redox activity and diffusion are treated as primary failure modes. Operando/quasi-operando XPS/XAS plus ToF-SIMS/ICP-MS post-stress are included with explicit acceptance limits. A broader redox-inert, electronically similar reference set (conjugated organic interlayer; alternative conjugated network) ensures that any observed benefit can be separated from unintended metal-catalyzed chemistry.

5) Interlayer engineering is bounded by device constraints: The proposal specifies thickness (1–5 nm), percolation/coverage targets, WF shift windows, maximum allowed contact resistance, and optical-loss limits, all verified by cross-sectional TEM/EDX, GIWAXS, UPS/KPFM, TLM, and EQE. A go/no-go decision tree prevents over-optimization loops and ensures the interlayer cannot “win” by adding series resistance or parasitic absorption.

6) Interface-chemistry plausibility remains strong: Independent of χ(3), Pb–O chelation and defect passivation by oxygen-rich catecholate ligands are well-aligned with known perovskite defect chemistry. The c‑MOF adds percolative conductivity and tunable interfacial dipoles—addressing a common weakness of insulating passivators—while the surfactant-confined growth strategy is explicitly designed to avoid bulk crystallites and to minimize chemical damage/residue on sensitive perovskite surfaces.","This is an unusually rigorous and over-constrained proposal that demonstrates strong command of both perovskite interface physics and nonlinear optical materials. Engineering resolution is high: synthesis parameters, acceptance criteria, diagnostics, and failure pivots are defined with rare precision. Logical consistency is strong but not flawless: while the χ(3)-mediated mitigation of transient interfacial damage is carefully bounded, the causal chain from measured β/n2 to materially significant ΔT or ΔTe reduction under realistic PV transient events remains ambitious and may yield marginal signal-to-noise. The proposal mitigates this risk with ultrafast spectroscopy and degradation-rate correlation, but the physical leverage of χ(3) at nm-scale interlayers is still near the lower bound of plausibility. Evidence grounding is solid: the concept chain is largely respected, though terms like 'mode-locking' appear only metaphorically and are not physically instantiated in the device context, slightly weakening conceptual tightness. Rationale quality is high: the work directly targets a known bottleneck (buried-interface instability under non-ideal illumination) with a structurally novel combination of conductive MOF passivation and transient nonlinear optical clamping, while explicitly avoiding over-claiming under 1-sun CW operation."
"A low-temperature (≤70 °C substrate) sublimation–vapor phase pseudomorphic transformation (SVPT) of an ultrathin NiFe–LDH seed on mixed-halide FA/Cs perovskite can yield a conformal, electronically benign interlayer whose *function is conditional on its verified material identity*. We hypothesize two mutually exclusive, pre-registered outcomes with distinct, falsifiable mechanisms:

(A) **Crystalline Ni/Fe–imidazolate framework (true MOF) outcome**: If GIWAXS indexing and TEM/SAED confirm an oriented Ni/Fe–imidazolate lattice (or a known/topologically assignable Ni–imidazolate with Fe substitution) at 1–5 nm thickness, then (i) under-coordinated Pb2+ and halide-vacancy-adjacent Pb will be passivated primarily by N-donor coordination (Pb–N) from imidazolate, producing measurable Pb 4f / N 1s chemical shifts and a correlated increase in quasi-Fermi level splitting (QFLS) and Voc; (ii) ionic motion (I− and A-site cations) will be suppressed by a reduction in the *effective interfacial diffusion coefficient* (Deff) under bias due to a continuous, rigid, nanoporosity-controlled barrier plus strengthened surface binding that lowers vacancy-mediated exchange; (iii) any claimed piezotronic benefit will be treated as a **separate hypothesis test** and is only expected if the converted layer is demonstrably non-centrosymmetric (SHG-positive and polar-domain PFM with consistent phase), producing an interfacial field of order 10^5–10^6 V m−1 under realistic device strain (≤0.1%), sufficient to cause a strain-correlated, contact-resistance-independent modulation of nonradiative recombination.

(B) **Amorphous metal–imidazolate/oxyhydroxide hybrid outcome (pivot)**: If SVPT yields an amorphous or poorly indexed Ni/Fe–imidazolate hybrid (no definitive MOF peaks; diffuse GIWAXS; local M–N/M–O coordination by XAS/XPS), we explicitly pivot the claim: the layer functions as a *metal–imidazolate coordination glass* where (i) passivation is dominated by Pb–N adducts and residual M–OH anchoring that increases surface formation energy for halide vacancies; (ii) ionic suppression is expected mainly from increased activation energy for ion exchange at the top interface (measurable from temperature-dependent drift/diffusion), rather than strict “size-selective” sieving; and (iii) piezotronics is not expected unless SHG indicates polar order.

Across both outcomes, Ni/Fe redox chemistry is treated as a risk: the interlayer is only viable if it does not catalyze iodide oxidation, does not inject deep traps, and does not produce an extraction barrier. Therefore, we hypothesize that a *chemically buffered* Ni:Fe ratio and controlled partial conversion (retaining ≤30% interfacial –OH spectral signature) will keep the work-function shift within ±0.2 eV and suppress formation of I3−/I2 signatures under stress, while maintaining or improving interfacial recombination velocity.

Primary ranked mechanism: **chemical passivation (Pb–N) → reduced interfacial recombination → Voc/QFLS gain**. Secondary: **ionic suppression quantified by Deff reduction**. Tertiary: **piezotronics only if symmetry criteria are met**.","0) Pre-registration: go/no-go material specification and decision tree (before device claims)
   - Target thickness: 1.0–3.0 nm equivalent (ellipsometry/XRR on witness, cross-section TEM on device).
   - Continuity: ≥95% areal coverage with no pinholes >20 nm (plan-view HAADF-STEM + automated defect counting; conductive-AFM leakage map).
   - Composition window: Ni:Fe = 3:1 and 1:1 (ICP-MS on witness; XPS quantification), N content confirming imidazolate uptake (N 1s present with imidazolate component).
   - Phase identity go/no-go:
     (A) “MOF confirmed” if GIWAXS shows indexable Bragg peaks to a known/assignable Ni–imidazolate(-like) framework with preferred orientation and corroborated by TEM/SAED; OR
     (B) “Hybrid confirmed” if no indexable peaks but XAS/XPS shows M–N coordination and stable amorphous network.
   - If neither (no M–N; only oxyhydroxide): STOP (no passivation claim) and revise ligand delivery/chemistry.

1) Baseline device and surface standardization
   1.1 Device stack (n–i–p): glass/ITO/SnO2/(FA0.83Cs0.17)Pb(I0.83Br0.17)3 (~600 nm)/interlayer/HTL/Au.
   1.2 Perovskite top-surface conditioning to reduce uncontrolled termination variability:
       - Mild vacuum anneal (≤60 °C, 30 min) to desorb residual solvent.
       - Optional very dilute alkylammonium halide rinse (orthogonal, e.g., isopropanol with <1 mM FAI) as a *standardized* halide-rich termination; must be applied to all arms equally if used.
   1.3 Baseline characterization (before interlayer): XPS (Pb 4f, I 3d, Br 3d, N 1s), UPS/KPFM (work function), PL/TRPL/QFLS.

2) NiFe–LDH seed deposition (ultrathin and perovskite-safe)
   2.1 Deposition route: cyclic chemisorption (ALD-like) at ≤60–80 °C in dry N2 glovebox load-lock:
       - Cycle: brief exposure to ethanolic Ni(NO3)2 + Fe(NO3)3 (total metal 1–5 mM), purge, then mild base vapor (NH3 or urea decomposition in separated zone) to form hydroxide; repeat 1–5 cycles.
       - Thickness calibration: AFM step-height on masked witness + XRR.
   2.2 Seed controls: Ni-only LDH, Fe-only LDH, and inert ultrathin Al2O3 (~1 nm) as a barrier-only reference.

3) SVPT-on-perovskite with 2-methylimidazole (2-MIM): de-risked conversion mapping
   3.1 Reactor: sealed mini-reactor compatible with glovebox; independent T control of source and substrate; pressure control 10–200 mbar.
   3.2 Conversion matrix (DoE):
       - Source T: 90, 110, 130 °C.
       - Substrate T: 45, 60, 70 °C.
       - Time: 5, 15, 30 min.
       - Pulsed flux variant: 2 min on / 2 min off to limit deep diffusion.
   3.3 Partial conversion target: retain interfacial –OH signature ≤30% of initial LDH OH peak area (O 1s deconvolution) while maximizing M–N (N 1s imidazolate component).
   3.4 Hydrophobicity add-on (only after identity established): brief second vapor step (2-MIM + 5–10 mol% fluorinated imidazole) at same substrate T for 2–5 min; objective: increase water contact angle without increasing thickness >0.5 nm.

4) Material identity verification (mandatory before interpreting device gains)
   4.1 GIWAXS/GIXRD: identify peaks; quantify orientation factor; compare to candidate Ni–imidazolate references and simulated patterns.
   4.2 TEM/SAED (cross-section + plan-view): confirm nanosheet/lamellar preservation vs amorphous layer; map thickness/continuity.
   4.3 XPS/ToF-SIMS: confirm imidazolate incorporation (N 1s), metal distribution, and absence of excessive metal diffusion into perovskite.
   4.4 XAS (Ni/Fe K-edge on witness films): oxidation state and coordination (M–N vs M–O); screen for redox changes after light/heat bias.

5) Passivation mechanism: quantitative binding prediction + correlation
   5.1 DFT (or high-level cluster calculations if periodic MOF uncertain): compute binding energies of 2-MIM/imidazolate to representative perovskite surface motifs (PbI2-terminated, FA/halide-terminated, iodide-vacancy-adjacent Pb). Predict core-level shifts (qualitative) and interfacial dipole direction.
   5.2 Experimental binding metrics:
       - XPS: Pb 4f shift and emergence of Pb–N component; N 1s coordination shift.
       - UPS/KPFM: work-function and valence-level shifts; define acceptable band shift window: |ΔWF| ≤ 0.2 eV; otherwise flag as transport-risk.
   5.3 Designed correlation series:
       - Vary N uptake systematically (controlled by SVPT dose) at fixed thickness.
       - Plot QFLS and Voc vs Pb–N fraction (XPS) to establish causality; require monotonic correlation to validate passivation claim.

6) Ion migration suppression: replace “size-selective pores” with measurable Deff under bias
   6.1 Primary metric: effective diffusion coefficient Deff for iodide (and optionally A-site) under bias/illumination.
   6.2 Experiments:
       - Bias-stress ToF-SIMS: apply defined bias (e.g., ±1 V, 60 °C, fixed time), then quantify iodide redistribution depth profile; fit to drift–diffusion model to extract Deff.
       - Temperature-dependent transient ion drift (TID) or EIS-based ionic capacitance: extract activation energy (Ea) for ion motion; success criterion: ΔEa ≥ 0.1 eV vs control or Deff reduction ≥10×.
       - Edge/bypass control: fabricate devices with and without intentional edge sealing; compare Deff and hysteresis to verify whether grain-boundary/edge pathways dominate.

7) Piezotronics: treated as a hypothesis test with symmetry and artifact controls
   7.1 Symmetry requirement (go/no-go for piezotronics claim):
       - Second harmonic generation (SHG) microscopy positive from the interlayer region OR polarized-GIWAXS consistent with non-centrosymmetric order.
       - PFM must show switchable phase contrast not attributable to electrostatics (use band-excitation PFM + on/off field protocol).
   7.2 Quantitative estimate and target effect size:
       - Measure effective d33 (PFM calibrated) on witness films; estimate interfacial polarization under ε ≤0.1% strain.
       - Predicted device-relevant signature: strain-modulated Voc and PL intensity changes that track polarization sign and persist when series resistance is held constant.
   7.3 Artifact exclusion controls:
       - Dummy non-piezo interlayer: amorphous Al2O3 (same thickness) and/or centrosymmetric ZIF-8-like Zn–2-MIM layer.
       - Strain-insensitive electrical fixture + in situ 4-probe/contact resistance monitoring to decouple contact changes.
       - If strain effects correlate only with Rs changes, piezotronics claim rejected.

8) Redox/chemical risk controls for Ni/Fe
   8.1 Operando/near-operando screening:
       - Light + bias aging (MPP, 65–85 °C) followed by XPS/ToF-SIMS depth profiles for Ni/Fe migration and iodide oxidation markers.
       - XAS before/after stress to detect Ni/Fe oxidation state shifts.
   8.2 Acceptance criteria:
       - No measurable increase in oxidized iodine species signals relative to control; no Ni/Fe penetration beyond interlayer within SIMS detection limits.
       - Device does not show new deep-trap signature: ideality factor and temperature-dependent Voc should not worsen.

9) Device completion and benchmarking
   9.1 HTL selection based on measured work function: PTAA (anisole) or alternative compatible HTL; only proceed if UPS indicates no extraction barrier.
   9.2 Benchmark controls (thickness-matched): PEAI 2D cap, MeO-2PACz SAM, ~1 nm Al2O3.
   9.3 Performance statistics: ≥30 devices per condition; report Voc distribution, QFLS–Voc offset, hysteresis index, stabilized MPP.

10) Stability qualification (causal readouts linked to mechanisms)
   - ISOS-L2: MPP tracking at 65–85 °C in N2; ISOS-O2 in ambient.
   - Damp heat 85/85 (encapsulated) and humidity cycling (unencapsulated).
   - Post-mortem: XRD (PbI2), SEM/TEM (delamination), XPS/ToF-SIMS (iodide/metal redistribution), and correlate failure mode with Deff and Pb–N metrics.

Go/no-go decision points:
   - D1 (Material): must meet continuity + M–N evidence; otherwise stop.
   - D2 (Passivation): require QFLS increase ≥20 meV and monotonic correlation with Pb–N fraction; otherwise de-emphasize passivation claim.
   - D3 (Ion): require Deff reduction ≥10× or Ea increase ≥0.1 eV; otherwise barrier claim limited.
   - D4 (Piezotronics): require SHG-positive + strain effect independent of Rs; otherwise drop piezotronics from narrative.","This revision directly de-risks the central uncertainties by (i) **pre-registering material identity outcomes** (crystalline MOF vs amorphous hybrid) and tying each to distinct, testable device physics; (ii) making the dominant benefit **passivation-first**, quantified by DFT-predicted Pb–N binding and experimentally by XPS chemical shifts with a required QFLS/Voc correlation; (iii) replacing ambiguous “size selectivity” with an experimentally extracted **effective diffusion coefficient (Deff)** and activation energy for ion motion under bias, including edge/bypass controls to address grain-boundary leakage; (iv) demoting piezotronics to a **symmetry-gated hypothesis test** requiring SHG (non-centrosymmetry) and resistance-artifact exclusion; and (v) explicitly managing Ni/Fe redox risk with operando/near-operando oxidation-state and diffusion checks plus band-alignment acceptance limits (|ΔWF| ≤ 0.2 eV).

The SVPT concept remains feasible because ligand delivery is solvent-free and temperature-bounded, while the NiFe–LDH seed provides a templated, reactive scaffold that can incorporate N-donor ligands at low substrate temperatures. Crucially, the proposal no longer depends on assuming a canonical NiFe–(2-MIM) ZIF analogue exists at 45–70 °C; instead it formalizes a pivot to a metal–imidazolate hybrid if crystallinity is not achieved, preserving the core concept chain (SVPT-derived interlayer → Pb–N passivation + quantified ionic suppression → stability/Voc gains) while preventing over-claiming.","This is an unusually rigorous and self-aware proposal that anticipates the most common failure modes in perovskite/MOF-interlayer literature and neutralizes them through pre-registration, pivot logic, and quantitative acceptance criteria. Engineering resolution is very high: the SVPT process window, thickness control, identity verification, and bias-driven ion-transport measurements are all technically credible and appropriately constrained for perovskites. Logical consistency is strong because mutually exclusive material outcomes are defined a priori, each with its own falsifiable mechanism, preventing post hoc narrative drift. The primary deduction arises from the TARGET CONCEPT CHAIN alignment: the proposal explicitly demotes electrocatalysis and piezotronics to conditional or tertiary roles, whereas the chain implies a more direct piezoelectric–electrocatalytic–stability causality. While scientifically correct, this weakens strict adherence to the stated chain. Evidence grounding is otherwise solid, but NiFe electrocatalytic activity is treated mainly as a risk to be suppressed rather than a functional lever, which partially breaks the chain. Rationale quality is high because the work addresses a genuine bottleneck—ambiguous interlayers and overclaimed mechanisms—by structurally redesigning how claims are validated, though it is more corrective and de-risking than radically exploratory."
"Embedding a bicontinuous mesoporous single-atom M–N–C interlayer (Schwarz P-type architecture) directly at the perovskite/transport-layer interface will simultaneously (i) suppress interfacial non-radiative recombination by coordinative passivation of under-coordinated Pb/I (via FeN4 or CoN4 sites acting as Lewis base/electron-density modulators) and (ii) reduce interfacial electrochemical overpotential for parasitic redox processes (I3−/I−, O2/O2•−) by accelerating charge-transfer kinetics away from the perovskite lattice. A methodological adaptation is proposed: translate bmFeSAC-style negative Gaussian curvature bicontinuous mesoporosity—originally optimized for ORR—into a conformal, sub-30-nm-thick ‘electrocatalytic buffer’ that is electrically percolative but ion-blocking, and that can be metal-switched (Fe→Co or Fe/Co dual-SAC) to tune interfacial reaction energetics. Mechanistically, negative-curvature channels increase accessible single-atom site utilization while minimizing local current constriction; this lowers kinetic barriers (effective overpotential) for interfacial redox shuttling and flattens interfacial band bending, thereby increasing quasi-Fermi level splitting (higher Voc) and stabilizing operation under bias/illumination by diverting interfacial radicals from attacking the perovskite.","Step 1: Device target selection and baseline controls.
- Build baseline n–i–p and p–i–n PSC stacks (e.g., ITO/SnO2/perovskite/HTL/Au and ITO/NiOx/perovskite/ETL/Ag) using a mixed-cation perovskite (FA0.85Cs0.15Pb(I0.85Br0.15)3) to avoid composition-driven artifacts.
- Prepare controls: (a) no interlayer, (b) planar N-doped carbon interlayer without SAC, (c) conventional passivation (e.g., PEAI 2D layer) for benchmarking.

Step 2: Methodological adaptation—bmFeSAC-derived bicontinuous mesoporous SAC thin interlayer integration.
- Synthesize a cubosome-templated bicontinuous mesoporous N-doped carbon scaffold (Schwarz P-type) with thickness control via dilute precursor loading and short deposition times (target: 10–30 nm, RMS roughness < 5 nm).
- Incorporate single-atom sites: generate FeN4, CoN4, and Fe/Co dual-SAC variants by MOF- or chelate-assisted impregnation followed by confined pyrolysis tuned to preserve single-atom dispersion (verify via HAADF-STEM + XAS).
- Convert powder synthesis into a thin-film process: disperse the mesoporous SAC in orthogonal solvents (e.g., alcohols) and deposit by blade-coating or spray-coating onto the transport layer (or onto the perovskite, depending on polarity), followed by low-temperature anneal (<120 °C) to maintain perovskite integrity.
- Add an ion-blocking functional adaptation without sacrificing percolation: infiltrate the bicontinuous channels with an ultrathin perfluorosulfonate (Nafion-like) or zwitterionic polymer at sub-monolayer equivalent coverage to create steric hindrance to mobile iodide while retaining electronic connectivity; systematically vary infiltration fraction to map the trade-off between ion-blocking and series resistance.

Step 3: Mechanism-resolving validation and quantitative analytics.
- Structural/chemical confirmation: GISAXS (bicontinuous periodicity), BET/ellipsometric porosimetry (effective porosity), XPS/UPS (work function shift, Pb–N interaction signatures), HAADF-STEM + XAS (single-atom coordination), ToF-SIMS depth profiling (interlayer continuity and polymer infiltration).
- Photophysical tests: steady-state PL and TRPL on perovskite/interlayer/CTL stacks; absolute PLQY to quantify non-radiative loss; transient photovoltage/photocurrent to extract recombination and transport times.
- Electrochemical overpotential proxy at PSC interfaces: build symmetric cells (CTL/interlayer/CTL and perovskite/interlayer/perovskite) and measure EIS under illumination and bias; use intensity-modulated photovoltage spectroscopy to separate interfacial charge-transfer resistance from ionic contributions; quantify bias-dependent interfacial reaction kinetics by operando UV–vis/photothermal deflection to monitor iodine species formation.
- Device metrics and stability: J–V (forward/reverse), stabilized MPP tracking; Voc(T) to infer dominant recombination pathway; operational stability at 65–85 °C and 1 sun in N2 and dry air; damp-heat (e.g., 85/85 modified) to test moisture barrier effect.
- Comparative mapping: correlate (i) single-atom type (Fe vs Co vs Fe/Co), (ii) curvature/porosity metrics, and (iii) polymer infiltration fraction with Voc, FF, hysteresis index, ion-migration activation energy, and operational lifetime (T80).","1. Theoretical/Empirical Basis: bmFeSAC demonstrates that negative Gaussian curvature bicontinuous mesoporosity maximizes utilization of M–N–C single-atom sites and lowers reaction barriers in electrocatalysis; Co-based catalysts are empirically linked to low overpotential through optimized intermediate adsorption and kinetic acceleration, while M–N–C engineering is a proven lever for tuning charge-transfer resistance and catalytic kinetics. Translating these principles to PSC interfaces targets the known failure mode where interfacial redox (iodine chemistry, oxygen reduction) accelerates degradation and increases interfacial recombination.
2. Transfer Logic (How the adaptation fits the domain): PSC bottlenecks are interfacial recombination and bias/illumination-driven interfacial electrochemistry coupled to ion migration. A conformal bicontinuous SAC interlayer is an interface-engineering solution: (i) coordinative defect passivation improves quasi-Fermi level splitting (Voc), (ii) curvature-enabled high site accessibility provides kinetic ‘sinks’ that redirect deleterious redox away from the perovskite lattice, and (iii) controlled channel infiltration introduces an ion-blocking function analogous to steric hindrance effects (as in Nafion-modified catalysts) but repurposed to suppress iodide flux and reactive species penetration.
3. Comparative Advantage: Compared with conventional 2D perovskite or small-molecule passivation, the proposed interlayer is multifunctional and tunable: it offers (a) scalable thin-film deposition (spray/blade), (b) programmable interfacial energetics via Fe↔Co single-atom substitution (overpotential tuning), (c) decoupled optimization of electronic percolation and ionic blocking via partial channel infiltration, and (d) mechanistic measurability through electrochemical/operando probes linking ‘overpotential-like’ kinetic barriers to PSC stability. This is not a simple material swap; it is a curvature- and site-utilization-driven architectural adaptation tailored to PSC interfacial electrochemistry and recombination physics.","This is a highly sophisticated and technically ambitious proposal with strong command of both electrocatalysis and perovskite interfacial physics. The engineering plan is unusually detailed, spanning synthesis, thin-film translation, and multi-modal characterization. The central logic—that negative-curvature bicontinuous SAC architectures can act as kinetic redox sinks and coordinative passivation layers at PSC interfaces—is internally consistent and intellectually compelling. However, there are two notable weaknesses that limit a perfect score. First, the causal link between 'lowering electrochemical overpotential' (a well-defined electrocatalysis metric) and measurable improvements in Voc and stability in PSCs is conceptually plausible but not yet rigorously formalized; the proposal relies on analogy rather than a quantitative interfacial energy/kinetics model. Second, the ion-blocking strategy via partial Nafion-like infiltration risks undermining the very charge-transfer kinetics the SAC layer is meant to enhance, and the proposal does not yet specify clear percolation or transport criteria (e.g., target conductivity, ionic transference numbers) that would define success versus failure. These gaps slightly weaken the logical closure between mechanism and device-level outcomes, despite the otherwise excellent design."
"Installing an electronically conductive, redox-capacitive cMOF@nanostructured-carbon interlayer can increase stabilized power density and operational stability in carbon-based perovskite solar cells, but only if the cMOF’s redox is made truly reversible in a dry laminated stack via an internal, non-perovskite-dependent charge-compensation pathway. We hypothesize that an ultrathin, oriented 2D π–d conjugated cMOF film grown conformally on hierarchical nanostructured carbon and subsequently converted into a solid-state ‘single-ion pseudocapacitor’—by immobilizing counter-ions within/through the cMOF using tethered anions (polyanionic dopants) or an interpenetrated single-ion-conducting polymer—will (i) provide fast electron extraction (lower Rct) and (ii) provide a measurable, reversible interfacial redox capacitance (Cint) that buffers transient interfacial charge under illumination/bias without sourcing compensating ions from the perovskite. Mechanistically: (a) fast electronic transport arises from the crystalline π–d conjugated cMOF network plus intimate electrical contact to carbon; (b) the redox buffer is enabled by internal fixed counter-charge (e.g., sulfonated polyanion) that allows ligand-/metal-centered redox switching with only short-range cation motion inside the interlayer (or local ion rearrangement within a polymer electrolyte nanophase), rather than halide/A-site migration. This creates a well-defined interfacial RC element with a time constant τbuffer = Rct·Cbuffer engineered to be far below the dominant ion-relaxation time τion extracted from low-frequency impedance/IMVS, thereby suppressing ion-migration-driven interfacial field fluctuations (reduced hysteresis, improved Voc/FF) while maintaining chemical stability through a conformal, electronically thin but chemically robust diffusion barrier between cMOF metal nodes and halides.","Step 1 — Device baseline and materials selection (with explicit constraints)
1.1 Baseline carbon-PSC stack: glass/FTO/SnO2/(FA,Cs)Pb(I,Br)3/perovskite surface passivation (minimal)/laminated hierarchical nanostructured carbon top contact (CNT/graphene ink + mesoporous carbon). Target baseline: PCE and hysteresis quantified via stabilized MPP tracking; record low-frequency impedance signature of ion motion (0.1–10 Hz arc/Warburg-like response) to define τion.
1.2 Conductive 2D cMOF selection (redox window + catalysis constraint): choose a π–d conjugated 2D MOF with demonstrated solid-state conductivity (≥10^-3–10^-1 S cm^-1 as film) and redox activity within ±0.6 V around the expected carbon contact quasi-Fermi level under operation, but with minimized halide-catalysis risk. Screening set:
  (i) Ni/Cu/Co catecholate–semiquinone families (high capacitance potential but higher halide reactivity risk) and
  (ii) metal-bis(dithiolene) frameworks (often more redox-delocalized; evaluate halide affinity).
Downselect criterion before any perovskite contact: no detectable I− oxidation/iodine formation in sealed halide exposure tests (Step 4.2).
1.3 Quantitative capacitance target is redesigned to be falsifiable from site density: define an areal redox-site density Ns (sites cm^-2) from film mass loading and framework stoichiometry and an accessible redox fraction swing Δx under device bias. The expected areal pseudocapacitance is bounded by:
  Qareal = Ns·e·Δx  (for 1e− per site),  Cbuffer ≈ dQ/dV ≈ (Ns·e·Δx)/ΔV.
We set a realistic initial gate: demonstrate Cbuffer,areal ≥ 1–10 μF cm^-2 in dry conditions (not electrolyte) across ΔV = 0.2–0.4 V, with τbuffer at least 10× faster than τion (τbuffer ≤ 0.1·τion). The earlier 10–100 μF cm^-2 remains an aspirational stretch goal contingent on measured Ns and Δx.

Step 2 — Build the solid-state charge-compensation architecture (mandatory reviewer fix)
2.1 On-carbon oriented cMOF growth (conductive scaffold preserved):
  • Carbon functionalization: sparse diazonium grafting to introduce ~0.5–2% surface coverage of –COOH/–OH anchoring sites (quantify by XPS C 1s/O 1s), maintaining sheet resistance increase <10% vs pristine carbon.
  • Interfacial coordination growth: two-phase method (organic ligand phase / aqueous metal-ion phase) to nucleate a 2D cMOF skin on carbon. Control thickness by growth time and precursor concentration to 5–15 nm (verify by cross-sectional TEM and XRR/ellipsometry on flat carbon surrogates). Target preferential in-plane orientation confirmed by GIWAXS (dominant (hk0) reflections aligned with substrate).
2.2 Convert cMOF into a ‘single-ion pseudocapacitor’ to enable dry-state redox reversibility (two implementable options; start with A, pivot to B if needed):
  Option A (polyanion-tethered internal counter-charge, no mobile anions):
  • Infiltrate a nanometer-thin polyanionic dopant into the cMOF/carbon composite: e.g., poly(styrene sulfonate) (PSS−) or perfluorosulfonated ionomer fragments (fixed SO3− groups). Procedure: brief dip-coating or vapor-assisted infiltration from low-surface-tension solvent, followed by mild anneal (<80 °C) to leave a sub-percolation ionomer fraction confined to the cMOF pore network.
  • Mechanism: fixed anions provide charge compensation; only small cations (e.g., residual tetralkylammonium from doping step or deliberately introduced non-reactive cations) redistribute over nanometer scales within the interlayer. No halide/A-site ions are required.
  Option B (interpenetrated single-ion conductor network):
  • Photopolymerize a single-ion-conducting polymer inside cMOF pores (e.g., sulfonated polymer with tethered anion and mobile Li+/Na+ or bulky organic cation chosen for low perovskite reactivity). Keep polymer volume fraction minimal to preserve electronic percolation (verify conductivity drop <2×).
  • Confirm ionic conductivity of the interpenetrated phase in dry state (target σion ≥10^-7–10^-6 S cm^-1 at 25–60 °C) using blocking-electrode EIS on standalone films.
2.3 Electrochemical pre-doping is re-scoped as ‘state initialization’ with retention testing (not assumed):
  • Pre-doping medium: use a non-aqueous electrolyte compatible with the cMOF and polyanion architecture (e.g., acetonitrile with inert salt), apply potentiostatic steps to set redox fraction x0.
  • Remove free electrolyte rigorously (rinse + vacuum dry). The retained state must be demonstrated by spectroscopy and open-circuit potential drift tests (Step 3.2).
  • Important: if pre-charge self-discharges upon contact, the interlayer can still function as a reversible buffer under operation provided that the internal counter-ion mechanism supports cycling; thus, the decisive metric becomes reversible Cbuffer and τbuffer in the dry stack, not the absolute persistence of x0 alone.

Step 3 — Quantitative, falsifiable model + go/no-go gates (mandatory)
3.1 Solid-state redox-capacitance model used to set design targets:
  • Equivalent circuit under illumination near MPP: perovskite recombination resistance Rrec in parallel with chemical capacitance Cμ, series with interfacial charge-transfer resistance Rct, and a buffer capacitance Cbuffer (pseudocapacitive) at the carbon contact.
  • Define τion from low-frequency features (ion-related capacitance dispersion) in control devices; define τbuffer = Rct·Cbuffer for the cMOF interlayer. Design rule: τbuffer ≤ 0.1·τion so that the buffer responds before ion redistribution perturbs band-bending.
  • Predict Cbuffer from Ns and Δx measured independently (Step 3.3); compare predicted vs measured interfacial capacitance under operating bias/light to validate mechanism.
3.2 Self-discharge/equilibration experiment (mandatory):
  • Construct test stack: cMOF@carbon (initialized at x0) contacted to (i) Au, (ii) ITO, and (iii) an inert wide-bandgap semiconductor (e.g., ALD-Al2O3-coated ITO to block charge transfer; and SnO2 as a realistic electron-contact analog) with controlled work functions.
  • Metrics: track (a) work function/CPD via Kelvin probe over 10^2–10^4 s in dry N2, (b) redox signatures by Raman/EPR/XPS over time, and (c) transient current upon contact (integrated charge = effective stored charge).
  • Go/no-go: if >80% of spectroscopic redox signature decays within <10^2 s upon contact to conductive substrates, then the proposal pivots from ‘pre-charged reservoir’ to ‘operando reversible buffer only’ and focuses on maximizing cycling Cbuffer rather than retaining x0.
3.3 Direct measurement of dry-state Cbuffer and redox accessibility (no perovskite yet):
  • Two-terminal solid-state EIS on cMOF@carbon pressed against inert counter-electrode with an ion-blocking spacer vs an ion-permitting but perovskite-free solid (e.g., polymer single-ion conductor layer). Extract areal capacitance vs bias and frequency (target: μF cm^-2 in 1–10^3 Hz band, minimal low-frequency divergence that would indicate slow ionic drift).
  • Galvanostatic intermittent titration-like pulses in solid state (small ΔV) to test reversibility and coulombic efficiency of redox switching.
  • Ns and Δx determination: quantify redox-site density from elemental analysis/XPS + film thickness/density; quantify accessible Δx from integrated charge in controlled potential steps (dry cell). Use this to compute predicted Cbuffer and compare to measured.
3.4 Device-level τbuffer vs τion gating:
  • Build full PSCs and run bias-/light-dependent impedance and IMVS/IMPS.
  • Go/no-go: demonstrate τbuffer ≤ 0.1·τion and a correlated reduction in hysteresis index and Voc transient overshoot. If τbuffer is not sufficiently faster than τion, increase Ns (thicker within 5–15 nm limit, higher surface area carbon), increase Δx (broaden redox window safely), or reduce Rct (improve orientation/contact).

Step 4 — Chemical compatibility and barrier architecture (mandatory stability gates)
4.1 Chemical barrier is upgraded from a <1 nm SAM-only concept to a conformal, electronically permissive diffusion barrier matched to rough topography:
  • Apply an ultrathin (1–3 nm) ALD Al2O3 or alucone (molecular layer deposition) on the cMOF surface facing perovskite OR on perovskite top surface (depending on adhesion), then functionalize with a conductive/semiconductive molecular layer (e.g., ultrathin fullerene derivative or conjugated zwitterion) if needed to maintain tunneling/transport.
  • Design constraint: barrier must block direct coordination of halides to open metal sites while keeping added series resistance ΔRs minimal (verify by TLM/contact resistance mapping).
4.2 Accelerated halide exposure tests prior to device integration (mandatory):
  • Expose cMOF@carbon (with and without barrier) to controlled I2/I−/Br− sources in dry conditions and at 60 °C (e.g., vapor exposure to iodine, and contact with solid halide salts under controlled humidity). Monitor:
    – XPS (metal oxidation state shifts; I 3d uptake),
    – UV–vis-NIR (new charge-transfer bands),
    – Raman/EPR (radical changes),
    – GIWAXS (crystallinity retention).
  • Go/no-go: if halide uptake or metal reduction/oxidation indicates strong irreversible reaction within 24–72 h at 60 °C, switch metal node/ligand family and/or enforce barrier-first architecture.

Step 5 — Full device fabrication and performance validation
5.1 Assemble PSCs by lamination (<80 °C, low pressure) with cMOF@carbon facing perovskite. Ensure conformal contact; quantify real contact area/roughness by cross-sectional SEM/TEM.
5.2 Parametric matrix (kept mechanistically tied):
  • cMOF thickness: 5, 10, 15 nm.
  • Counter-ion architecture: none vs Option A vs Option B.
  • Barrier: none vs 1–3 nm ALD/MLD barrier.
  • Pre-doping level x0: low/medium/high (as defined by integrated charge during initialization).
5.3 Performance metrics:
  • Stabilized MPP power density and J–V hysteresis; Voc/FF changes correlated to Rct, Rrec, and Cbuffer.
  • Operando KP/UPS (work function shifts under light/bias) and operando Raman/EPR (reversible redox signatures) to prove that any observed Cint increase is linked to cMOF redox activity in the dry stack.

Step 6 — Controls and explicit pivot plan
6.1 Controls to isolate mechanism:
  (i) pristine nanostructured carbon;
  (ii) carbon + non-redox crystalline porous layer (thickness-matched);
  (iii) carbon + insulating polymer (thickness-matched);
  (iv) cMOF@carbon without immobilized counter-ion architecture (tests reviewer’s concern directly);
  (v) conventional 2D-perovskite or small-molecule passivation benchmark.
6.2 Pivot if gates fail (mandatory):
  • If dry-state redox reversibility/capacitance is inadequate (Cbuffer < 1 μF cm^-2 or strong irreversibility), pivot to hybrid interlayer: cMOF retained primarily for electronic bridging/passivation, while a separately deposited 5–20 nm solid single-ion conductor (fixed anion polymer) supplies the counter-ion reservoir. The perovskite is protected by a conformal barrier to prevent ion exchange with the absorber; the ion conductor interfaces only with the cMOF/carbon side to enable pseudocapacitance without drawing halides/A-site ions.","1) Reviewer-critical physics (ion compensation) is explicitly engineered, not assumed. The proposal no longer relies on a ‘dry cMOF redox capacitor’ without ions; instead, it implements internal fixed counter-charge (polyanionic dopant) or an interpenetrated single-ion conductor so that cMOF redox switching can proceed with localized ion rearrangement within the interlayer rather than perovskite ion migration. This directly addresses the contradiction that pseudocapacitance typically requires counter-ion motion.

2) Quantitative, falsifiable capacitance model ties materials to device timescales. We bound Cbuffer by Ns·Δx and require τbuffer = Rct·Cbuffer to be at least 10× faster than τion measured from low-frequency impedance/IMVS. This links the capacitance claim to measurable site density and establishes a concrete success criterion for suppressing ion-driven field fluctuations.

3) Pre-doping persistence is treated as an empirical question with a dedicated self-discharge/equilibration gate. Kelvin probe + Raman/EPR/XPS time-traces on controlled work-function contacts will determine whether an initialized mixed-valence state survives device-relevant times (10^2–10^4 s) or rapidly equilibrates. The project remains viable even if x0 does not persist, because the core mechanism can pivot to operando reversible buffering provided dry-state cycling Cbuffer is demonstrated.

4) Chemical compatibility is moved from ‘minimal SAM if needed’ to a defined, conformal diffusion barrier strategy with accelerated halide exposure go/no-go tests before device integration. This is essential because many conductive 2D cMOFs can coordinate halides or catalyze oxidation; the plan therefore screens chemistry under controlled halide stress and uses ultrathin ALD/MLD barriers that can conform to rough carbon/perovskite interfaces while limiting added series resistance.

5) The approach remains aligned with the original concept chain (cMOF@nanostructured carbon nanoreactor interlayer improving charge transfer + stability), but is now physically self-consistent in a dry PSC stack and includes explicit decision points and a hybrid-interlayer pivot if the solid-state redox-capacitance gates are not met.","This is a substantially improved, physically self-consistent revision versus the usual “dry MOF pseudocapacitance” handwave: you explicitly address the core contradiction (counter-ion requirement) by building a single-ion charge-compensation architecture and you add hard gates (Cbuffer in dry state; τbuffer relative to τion; halide reactivity screens; self-discharge tests). Engineering is strong: oriented thin-film cMOF growth on hierarchical carbon, polymer/polyanion infiltration, and ALD/MLD barriers are all plausible with modern toolsets, and the control matrix is well structured.

Key score deductions come from (i) remaining ambiguity in whether the proposed μF·cm−2-scale Cbuffer at 1–10^3 Hz is realistically achievable in a 5–15 nm interlayer without introducing slow ionic polarization that contaminates the extracted capacitance (CPE/Maxwell–Wagner effects), and (ii) incomplete separation of ‘true redox pseudocapacitance’ from interfacial dipolar/ionic accumulation in the polymer/polyanion phase under device bias. Your EIS plan gestures at this, but the discrimination strategy is not yet sufficiently rigorous (e.g., demonstrating Nernstian/broad redox features, oxidation-state tracking under bias with quantitative charge balance, and frequency/temperature scaling consistent with a bounded finite-site redox process rather than dispersive ion drift).

A second logical vulnerability is the assumption that adding fixed anions + mobile cations inside the interlayer will not introduce new long-time-constant field screening that could worsen hysteresis (even if it avoids perovskite ion migration). You propose σion targets, but you do not bound the ionic relaxation time of the interlayer itself in-device nor show that its polarization will stay in the “fast buffer” regime across temperature and illumination.

Finally, chemical compatibility is treated seriously, but the barrier stack risks undermining the very Rct reductions you seek; the plan lacks a quantitative transport budget (maximum allowable tunneling thickness/energy offset) tied to FF loss, and does not specify how you will ensure uniform 1–3 nm coverage on rough carbon/cMOF without pinholes (a dominant failure mode for halide blocking claims)."
"Embedding a perovskite-compatible, electrically percolating “ionic–electronic metainterface” composed of (i) a self-limited ultrathin 2D Ruddlesden–Popper (RP) perovskite skin and (ii) a redox-programmed conjugated MOF (HHTP-like catecholate framework) as a single continuous interphase at the 3D perovskite/charge-transport junction will simultaneously (a) reduce steady-state contact resistivity while preserving carrier selectivity in photovoltaics and (b) provide genuine saturable-absorber (SA) action (intensity-dependent absorption/transfer with a finite recovery time) that can be parameterized and inserted into a standard mode-locking model to predict pulse width and threshold. Mechanistically, the proposal explicitly separates three effects that were previously conflated: 
(1) Coherent third-order nonlinearity χ(3) (Kerr/nonlinear refraction and nonlinear absorption) is treated only as a contributor to intensity-dependent optical response; SA behavior is not assumed from χ(3) alone. Instead, SA arises from population dynamics: under high instantaneous carrier density the interphase exhibits (i) bleaching/state-filling of interfacial delocalized states (MOF band/CT states and/or interfacial charge-transfer states) and (ii) a concurrent increase in interfacial transmission probability (reduced effective injection barrier) due to quasi-Fermi level shifts and occupation of a broad interfacial density-of-states (DOS). These yield a measurable modulation depth ΔT, saturation fluence F_sat (or I_sat), recovery time τ_rec, and nonsaturable loss T_ns.
(2) The “reduced interfacial transfer barrier” is formalized as carrier-density-dependent transport across a thin tunneling/contact region: the RP skin fixes ionic/defect chemistry and provides a controlled dipole and tunneling thickness; the MOF provides a high-DOS, redox-tunable transport manifold. Under a pump pulse, the interfacial quasi-Fermi level splitting (ΔE_F) and DOS filling lower the effective barrier height φ_eff(N) and increase tunneling probability, causing a measurable decrease of specific contact resistivity ρ_c(F) and extraction time constant τ_ext(F) with fluence. This is distinct from photothermal changes (T-dependent mobility) and from field-screening artifacts (transient band flattening without bleaching).
(3) Chemical decoupling is made falsifiable: the RP skin is an ion-blocking and coordination-shielding layer with explicit quantitative acceptance criteria for halide/metal interdiffusion and for MOF node-valence drift under operation. The RP skin prevents direct catecholate–halide coordination and suppresses redox exchange between perovskite surface iodine/defect species and the MOF metal nodes, enabling stable redox programming of the MOF work function/conductivity without triggering perovskite decomposition.
Predicted outcomes: (PV) A reduced ρ_c at the target interface (≥3× improvement) with unchanged or improved surface recombination velocity S and increased implied Voc (iVoc) / PLQY, within a pre-registered go/no-go window. (Ultrafast) Extracted SA parameters (ΔT, F_sat, τ_rec, T_ns) inserted into a Haus master equation (or equivalent lumped cavity model) reproduce measured pulse width and mode-locking threshold. The interphase will not change repetition frequency f_rep except via any deliberate cavity-length change; it can change threshold, pulse width, and stability through ΔT, F_sat, τ_rec, and insertion loss.","Step 0 — Device architectures and where the metainterface sits (pre-registered):
0.1 Photovoltaics (n–i–p): Glass/ITO/SnO2/(3D perovskite)/[RP skin + MOF]/HTL (MeO-2PACz or Spiro-OMeTAD) /Au; and a HTL-free carbon-contact variant if MOF is used as an extraction scaffold. The metainterface is implemented only at one junction at a time (perovskite/ETL or perovskite/HTL) to preserve interpretability.
0.2 Ultrafast testbeds (two tiers):
  Tier-1 (stack-level SA metrology without lasing): Substrate/transport/perovskite/[RP+MOF] as an optical stack for pump–probe/Z-scan and ultrafast photocurrent.
  Tier-2 (cavity demonstration): perovskite waveguide or microcavity where the interphase is placed in a region of controlled mode overlap Γ with the optical field (e.g., contact/cladding layer); cavity length L is fixed across interphase variants to isolate effects on pulse width/threshold rather than f_rep.

Step 1 — Self-limited RP skin growth with explicit architectural targets:
1.1 RP thickness and n-value target: n=1–2 RP phase, thickness t_RP = 1.0–2.0 nm (≈ 1–2 inorganic slabs), continuous coverage ≥95% (AFM/ToF-SIMS lateral uniformity).
1.2 Chemistry: vapor-assisted bulky-cation halide treatment using PEA-I, BA-I, or fluorinated-PEA-I to tune dipole; substoichiometric exposure in a sealed chamber at 40–60 °C. Growth is diffusion-limited and stopped in the self-limited regime.
1.3 In-situ growth stop criteria: real-time ellipsometry (ΔΨ/ΔΔ) calibrated to t_RP; stop when Δt <0.1 nm over 10 min. Confirm by angle-resolved XPS (attenuation of Pb 4f / I 3d) and GIWAXS (appearance of RP diffraction at q consistent with n=1–2).
1.4 Dipole/work-function pre-design: target interfacial vacuum level shift ΔWF = 0.15–0.35 eV measured by UPS/Kelvin probe on reference stacks (transport/RP/perovskite). Selection among PEA/BA/F-PEA is made to hit ΔWF without increasing energetic offset that would degrade selectivity.

Step 2 — Surface-confined conjugated MOF growth with thickness/percolation targets and chemical safeguards:
2.1 MOF selection and node strategy: Cu3(HHTP)2 and Ni3(HHTP)2 as endpoints plus mixed-node (Cu/Ni) to tune conductivity and redox stability. Rationale: conjugated π-pathways and redox-tunable carrier density (Asset 2), with proven strong NLO/SA behavior in ultrathin heterostructures (Asset 1) but here implemented without graphene.
2.2 Surface-confined growth (SAG) protocol (explicit):
  (i) Linker-first adsorption: HHTP (or HHTP-derivative) adsorption onto RP surface from anhydrous alcohol at ≤25 °C, 5–10 min, followed by solvent rinse.
  (ii) Metalation cycles: immerse in metal salt solution (Cu(OAc)2 or Ni(OAc)2 in alcohol) at 25–60 °C for 5–10 min, rinse; repeat N cycles to reach t_MOF = 3–7 nm. Thickness is controlled by cycle count; growth is halted before island/grain formation.
  (iii) Anneal: ≤80 °C under inert atmosphere, 10–30 min to improve conjugation without perovskite damage.
2.3 Percolation and optical parasitics targets: sheet resistance R_sh < 10^5 Ω/sq at 5 nm; optical insertion loss at 532–850 nm < 5% for the metainterface stack (integrating sphere measurement). If loss exceeds threshold, reduce t_MOF or adjust redox set point.
2.4 Chemical isolation design rule: MOF is never grown directly on 3D perovskite—only on RP skin. A “no-RP” control is fabricated to prove necessity and to quantify chemical damage risk.

Step 3 — Redox programming with stability windows and monitoring:
3.1 Redox set step: iodine vapor microdose (calibrated partial pressure/time) or mild electrochemical gating on test coupons to achieve partial oxidation that maximizes conductivity while limiting free-carrier absorption. Target: increase conductivity ≥10× from as-grown while keeping insertion loss <5%.
3.2 Redox-state locking: counterion selection via final rinse with bulky, weakly coordinating anions (pre-registered candidates) to stabilize charge density.
3.3 Node valence stability window (acceptance criterion): operando spectroscopies must show node oxidation state drift ≤10% (relative change in characteristic XAS/XPS features) after 100 h 1-sun MPP or after ultrafast pumping dose equivalent.

Step 4 — Quantitative SA model extraction and mode-locking framework (mandatory directive i):
4.1 Measure SA parameters on full stacks (not powders):
  (i) Open-aperture Z-scan to extract nonlinear absorption coefficient and effective saturation: fit transmission T(I) = 1 − (ΔT)/(1 + I/I_sat) − T_ns (or fluence form).
  (ii) Pump–probe transient absorption/reflection to extract τ_rec (fast/slow components) and confirm bleaching dynamics.
  (iii) Separate Kerr vs SA: closed-aperture Z-scan for nonlinear refraction n2; show that mode-locking-relevant behavior is dominated by absorptive saturation (ΔT) and τ_rec rather than purely dispersive n2.
4.2 Insert extracted parameters into a standard cavity model:
  Use Haus master equation (or equivalent lumped model) with saturable absorber term characterized by {ΔT, F_sat, τ_rec, T_ns} plus cavity dispersion (GVD), gain bandwidth, and output coupling. Predict pulse width and mode-locking threshold vs interphase variant.
4.3 Repetition frequency statement (pre-registered): f_rep = c/(n_eff·L). Since L and n_eff are fixed across variants, the interphase is not expected to change f_rep measurably; it can change threshold, pulse duration, pulse stability, and achievable fundamental mode-locking regime. Any observed f_rep shift beyond measurement uncertainty triggers an investigation of unintended cavity-length/index changes.

Step 5 — Carrier-density-dependent interfacial transport model + discriminating tests (mandatory directive ii):
5.1 Transport model (measurable predictions):
  Represent the RP as a tunneling/dipole layer with thickness t_RP and barrier φ0. Represent MOF as a redox-tunable conductor with DOS g(E) and quasi-Fermi shift ΔE_F under photoexcitation. Predict:
  φ_eff(F) = φ0 − α·ΔE_F(F) (DOS filling / quasi-Fermi splitting term)
  and contact resistivity ρ_c(F) ∝ exp[β·t_RP·sqrt(φ_eff(F))] / G_MOF(redox)
  giving a monotonic decrease of ρ_c with fluence until saturation when DOS is filled.
  Extraction time τ_ext(F) from TRPL/TA or ultrafast photocurrent should track ρ_c(F) (pre-registered correlation).
5.2 Measurements that directly map ρ_c(F) and τ_ext(F):
  (i) Ultrafast photocurrent sampling (rise-time vs fluence) under fixed average power using pulse-picker (vary peak intensity independent of heating).
  (ii) Fluence-dependent TRPL quenching rate with selective-side excitation (from transport layer side) to isolate interfacial transfer.
  (iii) Intensity-dependent impedance/photovoltage response under constant average power to separate peak-intensity effects from thermal.
5.3 Discriminating against artifacts:
  (i) Temperature-controlled pump–probe/Z-scan (fixed sample temperature using a stage; monitor with IR sensor). A purely thermal mechanism would scale with average power and temperature, not with peak fluence at fixed average.
  (ii) Field-screening control: replicate absorption but alter DOS filling by using an insulating MOF analog (nonconjugated linker) and a conductivity-matched but low-bleaching layer; if band-flattening alone dominated, these would mimic the effect—pre-registered expectation is they will not.
  (iii) Identical linear absorption control: adjust thickness so variants have matched linear absorption; then any change in τ_ext(F) is not due to different absorbed energy.

Step 6 — Operando chemical acceptance criteria + probes (mandatory directive iii):
6.1 Hard quantitative acceptance criteria:
  (A) Halide ingress into MOF: iodine content in MOF region after stress < 1 at.% (ToF-SIMS calibrated, depth-resolved) OR below a pre-set detection-calibrated threshold corresponding to <10^13 cm−2 areal density.
  (B) Metal-node migration into perovskite: Cu/Ni in perovskite bulk < 10^17 cm−3 equivalent (ToF-SIMS quantification on sister devices).
  (C) RP integrity: RP diffraction signature (GIWAXS) retained with <20% reduction in peak intensity after stress.
  (D) MOF redox drift: ≤10% change in node valence indicator (XAS/XPS/Raman band ratios) under illumination/bias.
6.2 In-operando / quasi-operando probes (added beyond post-mortem):
  (i) Bias/light ToF-SIMS on sister devices (time-staggered set) to obtain diffusion kinetics, not only endpoints.
  (ii) In-situ Kelvin probe / UPS shift under illumination to track work-function drift and quasi-Fermi level effects.
  (iii) Operando Raman/IR (MOF vibrational signatures) and operando GIWAXS for structural stability during bias/light.

Step 7 — Photovoltaic selectivity validation + go/no-go (mandatory directive iv):
7.1 Selectivity metrics (explicit):
  (i) Surface recombination velocity S extracted from TRPL (and/or transient photoconductance on suitable films) with selective excitation.
  (ii) Implied Voc and PLQY of full stacks at 1-sun equivalent to detect nonradiative interface losses.
  (iii) UPS/IPES-derived injection barriers and band alignment; confirm that redox tuning does not create minority-carrier leakage pathways.
  (iv) Dark J–V leakage and ideality factor changes; EIS recombination resistance under illumination.
7.2 Go/no-go criterion:
  If redox tuning reduces Rs (or ρ_c) but causes >10 mV drop in implied Voc or a ≥2× increase in interfacial recombination rate (from PLQY/TRPL/EIS), that redox set point is rejected; proceed by (a) adjusting RP dipole (cation choice), (b) lowering MOF DOS via node selection/mixed node, or (c) relocating metainterface to the opposite junction where selectivity constraints differ.

Step 8 — Controls (pre-registered) to isolate each mechanism:
8.1 RP-only (no MOF): isolates ionic blocking/passivation and dipole.
8.2 MOF-only directly on 3D perovskite (intentional stress control): quantifies chemical incompatibility and validates the necessity of RP.
8.3 Insulating MOF analog (nonconjugated linker): similar chemistry/thickness, no delocalized DOS; tests whether conductivity/DOS is essential.
8.4 Conductivity-matched but low-bleaching interlayer: separates electrical improvement from SA behavior.
8.5 Thickness-matched but different redox states: isolates work-function/conductivity effects from geometry.

Milestones and decision gates:
M1 (Materials): Achieve t_RP 1–2 nm and t_MOF 3–7 nm with percolation and insertion loss <5%.
M2 (Chemistry): Meet halide/metal diffusion and redox drift criteria under 100 h 1-sun MPP.
M3 (Transport): Demonstrate ρ_c improvement ≥3× and τ_ext reduction with fluence dependence consistent with DOS-filling model (and not with average-power heating).
M4 (Ultrafast): Extract {ΔT, F_sat, τ_rec, T_ns} and accurately predict pulse width/threshold in cavity using Haus model; confirm f_rep unchanged for fixed L.
M5 (PV): Demonstrate improved stabilized efficiency or stability without selectivity penalty; otherwise pivot to alternative redox/node/cation set points per go/no-go.","1) Why the SA claim is now mechanistically rigorous: The revised plan no longer equates χ(3) with saturable absorption. χ(3) is measured separately (n2 via closed-aperture Z-scan), while SA action is quantified by ΔT, F_sat (or I_sat), τ_rec, and T_ns extracted from open-aperture Z-scan and pump–probe on complete device-relevant stacks. These parameters are then used in a Haus master-equation framework to predict pulse width and mode-locking threshold, explicitly acknowledging that repetition frequency is set by cavity length and effective index. This directly satisfies the reviewer’s demand for a quantitative dynamical model.

2) Why intensity-dependent “barrier reduction” is now testable and separable from artifacts: The interfacial transport hypothesis is reformulated as DOS filling + quasi-Fermi level shift reducing φ_eff and enhancing tunneling/contact conductance across a thin RP layer, predicting a specific scaling ρ_c(F) and τ_ext(F) with fluence until saturation. The plan pre-registers discriminating experiments that hold average power constant while varying peak intensity, uses temperature-controlled pump–probe to eliminate photothermal explanations, and includes matched-absorption and mechanism-specific controls (insulating MOF analog; conductivity-matched low-bleaching layer). This converts a qualitative claim into falsifiable scaling laws.

3) Why RP genuinely decouples MOF chemistry from perovskite ion chemistry (now with hard acceptance criteria): Catecholate MOFs can coordinate halides and participate in redox exchange; the revised proposal treats this as a primary risk with explicit quantitative diffusion limits (halide ingress, metal-node migration) and redox-drift thresholds. Crucially, operando and time-staggered sister-device ToF-SIMS, in-situ Kelvin probe/UPS under illumination, and operando GIWAXS/Raman/IR are added to establish causality and kinetics rather than relying on post-mortem snapshots. The RP layer is therefore not an assertion but a measured barrier with go/no-go thresholds.

4) Why PSC selectivity is protected despite redox-tuned conductivity: The plan explicitly measures and constrains minority-carrier leakage and recombination via implied Voc/PLQY, TRPL-derived S, UPS/IPES injection barriers, dark leakage, and illuminated EIS. A pre-registered go/no-go rule prevents optimizing Rs at the expense of interfacial recombination. Energetic tuning is split between RP dipole control (coarse alignment) and MOF redox programming (fine conductivity/work-function tuning), reducing the risk that conductivity improvements inadvertently destroy selectivity.

5) Literature and empirical basis supporting feasibility: Conjugated MOFs exhibit semiconducting transport with redox/annealing-dependent conductivity and π-delocalization (Asset 2), enabling a controllable interfacial conductor. Separately, ultrathin MOF-based heterostructures demonstrate strong nonlinear optical response and SA-enabled ultrafast pulse generation (Asset 1); here, that capability is translated into stack-level SA parameters instead of inferred from χ(3) alone. Ultrathin RP surface layers are an established strategy for perovskite defect/ion management when kept in the tunneling-thin regime; the proposal adds in-situ thickness stopping and operando proof of ionic blocking. Together, these elements make the metainterface concept feasible while addressing the reviewers’ mechanistic and validation demands.","Methodological execution is unusually well-specified (thickness targets, stop criteria, control matrix, and go/no-go windows) and addresses common reviewer failure modes (χ(3)≠SA; thermal vs peak-fluence artifacts; chemical incompatibility). However, two scientific gaps reduce logical strength. (i) The “carrier-density-dependent barrier reduction” model is presented as an exponential tunneling scaling with an ad hoc φ_eff(F)=φ0−αΔE_F(F), but the proposal does not specify how ΔE_F(F) will be quantitatively obtained/validated at the interface (separate from bulk perovskite photophysics) nor how α relates to a measurable interfacial DOS/charging capacitance; without that, fits risk being phenomenological. (ii) The dual-function interphase (low ρ_c while preserving selectivity, plus SA action) is plausible but not shown to be mutually compatible: the same added DOS/percolation that reduces contact resistance can increase sub-gap absorption, free-carrier absorption, and minority-carrier leakage; the proposal has safeguards (PLQY/iVoc, dark JV), but no explicit design-space mapping (e.g., required ΔT and F_sat vs allowable T_ns and added recombination) that demonstrates simultaneous attainability. Evidence grounding is strong overall, but feasibility hinges on whether 3–7 nm conjugated MOFs can reliably achieve the targeted R_sh and <5% insertion loss on real RP/perovskite stacks (not ideal substrates), and whether operando ToF-SIMS/UPS under illumination can be executed with sufficient depth/energy resolution to cleanly attribute changes to the metainterface rather than ion-migration-induced bulk effects."
"Integrating a Schwarz P–type bicontinuous, negatively curved nitrogen/sulfur co-doped porous carbon (NS-PC) interlayer that hosts immobilized single-atom metal–N4 sites (M–N4 SAC; M = Fe or Co) at the perovskite/charge-transport interface will simultaneously (i) suppress non-radiative interfacial recombination and (ii) inhibit halide/metal-ion interdiffusion, thereby increasing Voc, fill factor, and operational stability. Mechanistically, the negative Gaussian curvature in the bicontinuous network increases the utilization and uniformity of electronically active M–N4 and heteroatom (N/S) Lewis-base sites by enforcing continuous, low-tortuosity percolation pathways and curvature-induced electronic polarization; this enables strong coordination-based defect passivation (Pb–X vacancy and undercoordinated Pb2+), reduced local ion-accumulation (lowering electric-field hot spots), and accelerated interfacial charge extraction. The methodological adaptation is to translate an ORR-optimized curvature/half-wave-potential design principle into PSC interface engineering by (a) templating a nanoscale Schwarz P bicontinuous carbon scaffold directly on the perovskite, (b) anchoring sparse M–N4 single atoms into the curved framework, and (c) tuning the framework’s redox/electronic level alignment using an electrochemical ‘half-wave potential’ descriptor measured on the same film to predict/select interlayers that minimize interfacial energy barriers and hysteresis in PSC operation.","Step 1: Specific system setup or data preparation.
1.1 Device baseline: Fabricate reference inverted PSCs (ITO/NiOx/3D perovskite (FA/Cs mixed-cation, I/Br mixed-halide)/C60/BCP/Ag) and n–i–p PSCs (FTO/SnO2/3D perovskite/spiro-OMeTAD/Au) to test interlayer generality.
1.2 Perovskite surface standardization: Use controlled antisolvent + mild surface treatment (e.g., FACl or MACl additive during crystallization) to obtain reproducible surface termination; quantify via XPS (Pb0/Pb2+, I:Pb ratio), GIWAXS, and steady-state PL.

Step 2: Detailed implementation of the adapted methodology.
2.1 Bicontinuous negative-curvature scaffold formation (methodological adaptation):
- Prepare polymer cubosome templates (e.g., Pluronic-based or block-copolymer cubosomes) that self-assemble into a Schwarz P morphology.
- Spin-coat a thin cubosome layer (5–20 nm effective thickness) atop the perovskite (or atop NiOx/SnO2 depending on architecture) using an orthogonal solvent system to avoid perovskite damage.
- Infiltrate carbon/nitrogen/sulfur precursors (e.g., dopamine/aniline + thiourea or cysteamine) into the template; then perform low-temperature conversion using a two-step route: (i) UV/ozone or plasma-assisted crosslinking to lock morphology, followed by (ii) rapid photothermal/flash-Joule annealing (milliseconds–seconds) under inert atmosphere to carbonize while limiting perovskite thermal exposure. Remove the template by selective solvent extraction.
2.2 Single-atom site installation:
- Introduce metal precursors at ultralow loading (target 0.1–1.5 wt%) via vapor infiltration or solution coordination to N-rich sites, followed by mild activation to form isolated M–N4 motifs (no nanoparticles). Use Fe and Co as primary candidates; include a metal-free NS-PC control.
- Confirm SAC dispersion with aberration-corrected HAADF-STEM, XAS (XANES/EXAFS for M–N coordination), and Mössbauer (for Fe) to exclude metallic clusters.
2.3 Electrochemical descriptor calibration using half-wave potential (transfer of Asset logic):
- Deposit identical interlayer films on glassy carbon and ITO substrates; measure ORR half-wave potential (E1/2) and Tafel slopes in alkaline electrolyte as a proxy for film electronic/charge-transfer competency and local coordination environment.
- Establish a correlation between E1/2 (and derived kinetic current density) and PSC interfacial metrics (contact resistivity, recombination resistance, hysteresis index). Use this to down-select interlayers with optimal electronic coupling while avoiding overly catalytic/chemically aggressive surfaces.
2.4 Interface integration modes:
- Mode A (HTL/perovskite): Place SAC@NS-PC between perovskite and NiOx or spiro-OMeTAD to passivate Pb-related surface traps and create a graded energetic contact.
- Mode B (ETL/perovskite): Place SAC@NS-PC between perovskite and C60/SnO2 to mitigate halide accumulation and suppress interfacial ion-induced degradation.

Step 3: Rigorous validation and analytical framework.
3.1 Optoelectronic validation:
- Measure absolute PLQY and time-resolved PL at the perovskite surface before/after interlayer to quantify non-radiative recombination reduction; extract implied Voc.
- Perform transient photovoltage/photocurrent and impedance spectroscopy (recombination resistance, chemical capacitance) to identify changes in interfacial recombination and ion migration signatures.
- Use UPS/KPFM to map work function and surface potential uniformity; test whether curvature-based scaffolds reduce potential inhomogeneity.
3.2 Defect/ion-migration mechanism tests:
- ToF-SIMS depth profiling after bias-stress to quantify I−/Br− migration and metal electrode diffusion; compare with planar carbon and no-interlayer controls.
- In-situ/operando GIWAXS under humidity/light to track phase segregation (I/Br) and lattice changes.
- Solid-state NMR or XPS core-level shifts to evidence Pb–N/S coordination and halide-vacancy passivation.
3.3 Device metrics and stability:
- Benchmark PCE, Voc, FF, hysteresis; perform statistical analysis over >30 devices per condition.
- Operational stability: maximum power point tracking at 1 sun, 45–65 °C, controlled RH (20–50%) for >1000 h; report T80.
- Thermal and damp-heat tests (ISOS protocols), plus reverse-bias stress to probe ion-driven failure.
3.4 Comparative controls to prove adaptation value:
- Control 1: planar NS-doped carbon without Schwarz P curvature.
- Control 2: Schwarz P carbon without N/S doping.
- Control 3: NS-PC with metal nanoparticles (intentional) vs true SAC to isolate single-atom effect.
- Control 4: conventional passivation (e.g., PEAI/2D RP layer) to compare against state-of-the-art interface engineering.
- Quantitatively attribute gains to curvature (negative Gaussian), doping (N/S), and SAC sites using ablation-style experiments and multivariate regression vs E1/2 descriptor.","1. Theoretical/Empirical Basis: Bicontinuous Schwarz P architectures with negative Gaussian curvature have demonstrated unusually high utilization of single-atom M–N4 sites and high half-wave potentials in oxygen electrochemistry, implying strong electronic coupling, accessible active sites, and continuous transport pathways. N/S co-doped porous carbon is known to tune work function, increase conductivity, and provide Lewis-basic sites capable of coordinating undercoordinated metal ions and suppressing trap-assisted recombination.
2. Transfer Logic (How the adaptation fits the domain): PSC losses and instability are dominated by interfacial non-radiative recombination and ion migration. The proposed SAC@NS-PC Schwarz P interlayer is an interface-engineered, electronically percolating, chemically coordinating scaffold: N/S sites passivate Pb-related defects; bicontinuous channels reduce tortuosity for electronic extraction while avoiding dense barriers that can trap ions; isolated M–N4 motifs provide tunable local electronic structure to align energy levels and homogenize interfacial fields. Using half-wave potential as a film-level descriptor is a methodological adaptation to rapidly screen interlayers for charge-transfer quality and coordination environment, then correlate to photovoltaic outcomes.
3. Comparative Advantage: Unlike conventional molecular passivators or 2D capping layers that can introduce insulating barriers and impede charge transport, the negatively curved bicontinuous carbon provides simultaneous passivation and high lateral conductivity with controlled porosity. Compared to nanoparticle additives, SACs avoid parasitic absorption/scattering and reduce catalytic side reactions by limiting metallic domains. The curvature-driven increase in active-site utilization enables lower loading (minimal optical/electrical penalty) while delivering stronger interfacial field homogenization and ion-blocking, targeting higher Voc/FF and longer T80 under realistic MPP stress.","The plan is unusually detailed and control-rich, and the concept chain is integrated rather than name-checked. The main technical weakness is feasibility at the perovskite interface: cubosome templating plus precursor infiltration plus plasma/UV and flash-Joule carbonization on a completed perovskite stack is high-risk for chemical/physical damage (solvent ingress, iodide/organic decomposition, surface reduction, interfacial voiding) and may compromise reproducibility over 30+ devices. Mechanistically, the claimed benefits of negative Gaussian curvature (curvature-induced electronic polarization, field homogenization, reduced ion accumulation) are plausible but not yet anchored to a falsifiable, quantitative model; several effects could be confounded with simpler variables (coverage, conductivity, work function, carbon thickness/porosity). The ORR half-wave potential descriptor is an inventive screening handle, but its transferability is under-justified: E1/2 in alkaline electrolyte is strongly influenced by wetting, O2 transport, and electrolyte/film interactions that do not map cleanly onto solid-state energy-level alignment, interfacial recombination velocity, or ion-blocking in PSCs; without a clear causal bridge, correlations may be accidental and architecture-dependent. Finally, introducing Fe/Co–N4 sites at the perovskite interface risks unintended redox/catalysis (iodide oxidation, superoxide formation under illumination, Fenton-like chemistry with trace water) that could worsen stability unless explicitly bounded by operando chemical diagnostics and rigorous “chemical inertness” criteria."
"Embedding Fenton-active single-atom sites (Fe-SA and/or Cu-SA) in a MOF-derived N-doped carbon interlayer at the perovskite/ETL interface, and engineering a humidity-triggered “release profile” of low-dose H2O2 from a neighboring polymer nanoreservoir, will create a self-limited, light-assisted photo-Fenton microenvironment that continuously scavenges superoxide/singlet oxygen while converting trace peroxide into short-lived ·OH confined within the carbon interlayer. Mechanistically, the Fe/Cu single atoms (maximal atomic utilization, suppressed clustering) catalyze ROS interconversion and decomposition of long-lived oxidants (O2·−/H2O2/1O2) that otherwise oxidize iodide/organic cations and accelerate ion migration. Spatial confinement in a thin MOF-carbon layer limits ·OH diffusion to the perovskite lattice, so oxidative cleaning occurs primarily at the interface where oxygen ingress and electron accumulation generate ROS, thereby reducing interfacial trap density, suppressing non-radiative recombination (higher Voc), and slowing operational photo-oxidation and hysteresis (improved stability). The methodological adaptation is the translation of AOP/photo-Fenton catalysis from aqueous pollutant degradation to a solid-state, interface-confined, release-rate-controlled ROS management layer in PSCs, designed to be self-limiting via controlled peroxide flux and active-site isolation (single atoms) to avoid uncontrolled radical attack on the perovskite.","Step 1: Specific system setup or data preparation.
1.1 Choose a high-efficiency baseline stack (e.g., glass/ITO/SnO2/perovskite/spiro-OMeTAD/Au) using a mixed-cation perovskite (FA/MA/Cs) with I/Br tuned bandgap; establish baseline PCE, Voc, hysteresis, and operational stability under 1-sun + controlled O2/H2O.
1.2 Prepare MOF-derived N-doped carbon hosting isolated Fe-SA and/or Cu-SA: (i) start from Zn-based MOF scaffold to aid atomic dispersion; (ii) introduce Fe/Cu precursors at low loading; (iii) pyrolyze to yield M–N4 (or M–N2+2) coordination; (iv) confirm single-atom nature via HAADF-STEM, XAS (XANES/EXAFS), and ICP for loading.
1.3 Formulate a humidity-triggered peroxide nanoreservoir: encapsulate urea–hydrogen peroxide (UHP) or sodium percarbonate in a hydrophilic-but-peroxide-stable polymer (e.g., PVA/PVP blend) as 20–100 nm nanodomains; calibrate H2O2 release profile vs RH and temperature by titration/fluorimetry, targeting sub-ppm to low-ppm flux per hour.

Step 2: Detailed implementation of the adapted methodology.
2.1 Deposit an ultrathin (3–10 nm) Fe-SA/Cu-SA@N–C interlayer on SnO2 (or directly on perovskite, depending on best band alignment) by dispersing the carbon in a benign solvent and using blade/slot-die compatible coating with controlled surface coverage; anneal mildly (<120 °C) to avoid perovskite damage.
2.2 Integrate the peroxide nanoreservoir adjacent to (not mixed into) the perovskite: place the reservoir within the encapsulant edge-seal or as a patterned peripheral layer on top of the ETL region outside the active aperture. This structural adaptation enforces diffusion-limited delivery of H2O2 into the interlayer region, preventing bulk exposure of the perovskite.
2.3 Tune catalytic selectivity by varying: (i) metal identity (Fe-SA vs Cu-SA vs Fe/Cu dual SAs), (ii) coordination environment (N4 vs N2+2 by controlling pyrolysis atmosphere), and (iii) interlayer thickness/porosity to confine radicals. Use operando illumination to activate photo-Fenton-like cycles (Fe3+→Fe2+ photoreduction) while maintaining low peroxide flux.

Step 3: Rigorous validation and analytical framework.
3.1 Quantify ROS near interfaces under operation using operando EPR spin trapping and fluorescent probes embedded in an inert overlayer (calibrated for 1O2, O2·−, and ·OH); compare devices with/without SA layer and with/without peroxide release.
3.2 Track perovskite chemical integrity: operando PL/QFLS mapping, TRPL (surface recombination velocity), XPS depth profiling for I0/I− ratio and Pb–O signals, and ToF-SIMS for oxygen ingress and iodine migration.
3.3 Correlate interfacial energetics and extraction: UPS/KPFM for work function/band alignment, impedance spectroscopy for recombination resistance, and transient photocurrent/photovoltage for charge extraction vs recombination.
3.4 Reliability testing: ISOS-L (continuous 1-sun), ISOS-O (oxygen), and damp-heat-like stressing with controlled RH; report T80, Voc retention, hysteresis index evolution, and failure-mode analysis. Include “overdose” controls (higher H2O2 flux) to demonstrate the necessity of the engineered release profile and confinement.
3.5 Mechanistic falsification tests: (i) replace SA layer with nanoparticle Fe/Cu to show loss of selectivity and/or accelerated degradation; (ii) block peroxide delivery to show reduced benefit; (iii) add radical scavengers in an inert topcoat to verify that interfacial ROS modulation (not bulk passivation) drives performance/stability changes.","1. Theoretical/Empirical Basis: Single-atom catalysts in MOF-derived N-doped carbon are established as highly active AOP/photo-Fenton catalysts that generate/convert ROS with high atomic efficiency and minimized aggregation; controlled release profiles of oxidant sources are known to tune ROS production kinetics. In PSCs, oxygen/light-induced ROS at electron-rich interfaces is a recognized degradation pathway; therefore, a selective ROS-management layer is chemically motivated.
2. Transfer Logic (How the adaptation fits the domain): The adaptation is not “adding a catalyst,” but engineering a solid-state, interface-confined AOP analogue where (i) single atoms provide selective redox cycling, (ii) a deliberately slow peroxide release profile prevents radical runaway, and (iii) spatial separation keeps oxidant precursors largely outside the absorber while allowing interfacial ROS cleanup where degradation initiates. This directly targets PSC bottlenecks: photo-oxidation, interfacial recombination, and ion migration driven by interfacial chemistry.
3. Comparative Advantage: Compared to conventional passivating ligands or 2D capping alone, the proposed layer is regenerative (catalytic) rather than consumptive, addressing continuous ROS generation during operation. Compared to nanoparticle catalysts, single-atom sites reduce parasitic absorption/scattering, minimize shunting risk, and avoid uncontrolled radical hotspots. The release-profile control introduces a tunable kinetic “safety valve,” enabling net ROS suppression (short-lived ·OH confined in the carbon) while removing long-lived oxidants that propagate bulk degradation, thus aiming to improve Voc and operational T80 simultaneously.","The proposal is unusually well engineered (SA synthesis/verification, controlled oxidant release, operando ROS diagnostics, and falsification controls are all specified). The main scientific risk is internal: introducing an H2O2 source into a PSC—even diffusion-limited—can create non-benign failure pathways that the current mechanistic argument does not quantitatively bound. In particular, the assumption that ·OH remains confined to the carbon interlayer is asserted rather than demonstrated with transport/kinetic limits (radical lifetime vs pore network vs proximity to perovskite A-site organics/iodide). The plan also under-specifies interfacial electronic consequences of inserting an N-doped carbon layer (possible Schottky barriers, increased series resistance, altered SnO2 surface states) and does not define acceptance metrics (e.g., maximum tolerable ΔRs/ΔFF, target QFLS gains) that would adjudicate tradeoffs. Finally, the ROS readouts (EPR spin traps/fluorescent probes) are notoriously perturbative in solids and near perovskites; without a clearly defined, non-invasive calibration strategy and probe localization control, the operando ROS claims risk ambiguity. Overall, the concept chain is coherent and the adaptation is creative, but the proposal needs harder quantitative constraints and materials-compatibility guardrails to justify that net chemistry remains protective rather than accelerative under realistic oxygen/water flux and illumination histories."
