Hypothesis,Plan,Feasibility,Critique
"Neutron stars born in supernova remnants (SNRs) and observed as SGR-like bursting sources admit a jointly constrained evolutionary trajectory in which (i) kinematics (proper motion and/or IPN burst-triangulation localization) and a marginalised SNR-evolution age model constrain the birth site, transverse velocity, and true age, while (ii) the observed thermal emission is governed by magneto-thermal coupling (anisotropic conduction + field-decay-driven Joule heating) whose time-curvature in luminosity/temperature cannot be mimicked by arbitrary age shifts once kinematics and SNR physics are enforced. Mechanism for overcoming reviewer-identified limitations: (A) Identifiability is obtained by explicitly restricting the thermal-emission forward model to combinations of (M,R,B-field evolution, envelope composition) that reproduce not only the phase-averaged spectrum but also the age–temperature locus implied by the kinematic/SNR posterior, and by using observables that respond differently to distance/NH vs redshifted radius (e.g., multi-epoch flux evolution where available, pulsed fraction constraints when present, and the fact that magneto-thermal models impose a constrained relation between surface anisotropy and integrated luminosity). We will quantify the remaining (M,R) information content with simulation-based forecasts (Fisher + SBC-calibrated posterior contraction) under realistic systematics (distance, NH, atmosphere composition, beaming). (B) SNR ages will not be treated as point estimates (e.g., Sedov-only), but as a fully marginalised dynamical submodel over explosion energy and ambient density (optionally informed by measured shock temperature/velocity), including selection effects in SNR detectability and counterpart follow-up; this prevents biased ages feeding into B-decay inferences. (C) IPN localization will be treated with a tiered likelihood strategy: when timing/ephemeris covariance products exist we reconstruct annulus likelihoods from time-delay residuals; otherwise we use a principled fallback that still improves on rectangle/ellipse overlap by converting published annulus parameters and widths into a normalized sky probability density and integrating it over the SNR-informed birth-site/trajectory distribution. (D) Magneto-thermal emulation will be governed by a training-set design spanning Hall+Ohmic regimes, envelope compositions, and superfluid assumptions; we will enforce calibration with posterior predictive checks and simulation-based calibration to prevent surrogate-driven overconfidence in (M,R)/EoS. Under these constraints, the joint model is expected to (1) reduce false SNR associations allowed by large IPN error regions, and (2) yield quantified, not overstated, incremental constraints on (M,R) and EoS hyperparameters relative to standard spectral-only analyses, with the improvement explicitly forecast as a function of distance/NH/systematic floors.","Step 0 — Scope, deliverables, and decision gates
0.1 Define two deliverables with quantitative success criteria:
  (D1) Association: Bayes factor (source-in-SNR vs chance alignment) and posterior on age and v⊥ for each candidate; success = demonstrable reduction in false-association rate in synthetic injections at fixed completeness.
  (D2) EoS: posterior contraction on (M,R) or EoS hyperparameters relative to a baseline (standard phase-averaged thermal spectral fit with weak priors); success = forecasted and validated contraction factor under specified systematic assumptions, with SBC showing calibrated posteriors.
0.2 Implement decision gates to prevent over-claiming EoS constraints:
  Gate G1: If identifiability forecasts show <10–20% contraction in R for realistic distance/NH/atmosphere uncertainty in a given target, we will report association + B-decay constraints but not claim meaningful EoS improvement for that target.

Step 1 — Target assembly tied to the concept chain (IPN → SNR → thermal emission)
1.1 Build a sample of SGR-like bursting sources localized by IPN (Ulysses + KONUS-WIND; add BATSE where available) with:
  - Published annulus parameters (center vector, annulus radius, half-width / 1σ timing uncertainty equivalent) and intersection polygons (when provided).
  - Candidate X-ray counterparts with reported thermal components (blackbody or atmosphere) and measured NH constraints.
  - Candidate SNRs with angular size, morphology classification (shell/PWN/mixed), distance estimates (with priors), and any shock diagnostics (kT_shock, v_s, proper motions of filaments) when available.
1.2 Add calibration/benchmark systems:
  - Kinematics benchmark: pulsar/SNR with measured proper motion and offset-based age consistency checks (e.g., PSR B1951+32/CTB 80 archetype for μ ↔ v⊥ mapping).
  - Thermal benchmark: high-B thermally emitting neutron stars (RRAT-like systems) to validate magneto-thermal predictions for kT ~ 0.1 keV and ages ~10^5 yr.

Step 2 — IPN likelihood inputs: concrete data products + fallbacks
2.1 Tier-1 (preferred) IPN likelihood reconstruction (requires timing residual covariances):
  - Inputs: published burst arrival-time differences Δt_ij between spacecraft i,j (or equivalent annulus radius), spacecraft ephemerides (position vectors at burst epoch), and quoted timing uncertainties (including systematics).
  - Likelihood: for each burst b and spacecraft pair (i,j), compute predicted Δt_ij(α,δ) = (r_i − r_j)·n(α,δ)/c and use a Gaussian or Student-t residual model with covariance Σ_b (Student-t to robustify unmodeled clock systematics).
  - Multiply over bursts and pairs: L_IPN(α,δ) ∝ ∏_b ∏_(i,j) p(Δt_ij,b | α,δ, Σ_b).
  - Output: normalized sky pdf on a HEALPix grid at resolution set by annulus width.
2.2 Tier-2 (publication-level) reconstruction when full timing is unavailable:
  - Inputs: published annulus center great-circle parameters + quoted half-widths; published intersection box/polygon vertices if available.
  - Construct an annulus-band likelihood per annulus k: p_k(α,δ) ∝ exp[−(Δθ_k(α,δ))^2/(2σ_k^2)] where Δθ_k is angular distance to the annulus midline; truncate outside reported band if only a hard width is available.
  - For multiple annuli, multiply and renormalize; if a box/polygon is provided, use it as a hard mask multiplied by the smooth band product.
  - Demonstrable advantage vs ellipse/rectangle: we retain curved-sky geometry and correctly weight corners/edges rather than uniform probability inside a box.
2.3 Validation of IPN likelihood layer:
  - Reproduce published error-box areas and verify that the maximum-likelihood region coincides with reported intersection regions.
  - Sensitivity analysis: vary σ_k within quoted systematic ranges to see impact on association Bayes factors.

Step 3 — SNR evolution and age: explicit marginalised submodel + selection effects
3.1 Dynamical age model with marginalisation:
  - Model class chosen per SNR type:
    (a) Shell-dominated: Sedov-Taylor with parameters {E_51, n0, t, d, ξ_morph}.
    (b) If radiative/transition indicators exist: include a pressure-driven snowplow extension with an additional transition time parameter.
    (c) PWN-in-SNR cases: include a coupled PWN expansion component with pulsar spindown power prior (broad) and pressure balance.
  - Observables used when available:
    - Angular radius θ_snr and distance d → physical radius R_snr.
    - Shock temperature kT_s or shock velocity v_s (from X-ray spectroscopy or optical proper motions) to constrain v_s(t) and thus t.
  - Priors:
    - Explosion energy: log-uniform or weakly informative around 10^51 erg (e.g., log10 E in [50.5, 51.5]).
    - Ambient density: log-uniform over plausible ISM ranges with SNR-dependent bounds.
    - Morphology nuisance ξ_morph to inflate model discrepancy (accounts for asymmetry/clumping) via a multiplicative radius error term.
  - Output: p(t, d, R_snr | data) with E and n0 marginalised.
3.2 Association selection function:
  - Model probability of including an SNR in the candidate set as S(d, NH, surface brightness Σ, angular size), with hyperparameters learned from an external SNR catalogue (e.g., MOST-like completeness curves) or bracketed with sensitivity analyses.
  - Incorporate into hierarchical inference so chance association odds are not biased by detectability.

Step 4 — Kinematics module (proper motion/IPN + birth-site prior)
4.1 Birth-site prior inside SNR:
  - Mixture prior reflecting uncertain explosion site: p(r0 | SNR) = w_shell Uniform(volume) + (1−w_shell) P(morphology-weighted), where morphology-weighted concentrates near geometric center but allows offsets along observed brightness gradients.
4.2 Forward model:
  - Given {t, d, r0} and current position r, compute μ = |r−r0|/t and v⊥ = |r−r0| d / t.
  - Natal-kick prior: broad but explicit (e.g., mixture of Maxwellians) and allow magnetar-like tails; hyperparameters can be shared across the sample.
4.3 Likelihood terms:
  - IPN: integrate L_IPN(α,δ) against the (counterpart position ⊗ astrometric uncertainty) distribution.
  - Proper motion: Gaussian likelihood for μ when measured.
  - Containment/consistency: require trajectory not to imply unphysical exit far beyond SNR bounds given age, with slack absorbed by ξ_morph.

Step 5 — Magneto-thermal emission module with governed complexity
5.1 Physics parameterisation (restricted to identifiable degrees of freedom):
  - Core thermal evolution parameters: {B0_dip, B0_tor/B0_tot (toroidal fraction), τ_Ohm, τ_Hall, Q_imp (crust impurity), envelope composition class (light vs heavy), superfluid gap model index (discrete set)}.
  - Geometry: enforce dipole-dominated surface field plus toroidal component; represent surface temperature T(θ) with low-order spherical harmonics consistent with dipole symmetry to avoid unconstrained high-l modes.
  - Microphysics envelopes: include both light-element and heavy-element envelopes because they dominate surface T–core T mapping systematics.
5.2 Forward spectral model:
  - For each parameter draw, compute predicted T_eff(θ,t) and redshifted emission; generate phase-averaged spectrum with viewing-angle marginalisation.
  - Atmosphere systematics handling:
    - Use a model set: blackbody, H atmosphere, heavy-element atmosphere (where applicable), and magnetized atmosphere approximations parameterized by B and composition.
    - Treat atmosphere choice as a discrete model index with Bayesian model averaging rather than a single assumed model.
  - Absorption: NH with priors from X-ray fits and (where possible) external constraints; propagate explicitly.
  - Distance: infer jointly with SNR distance prior; do not fix.
5.3 Emulator design (surrogate of 2D magneto-thermal evolution):
  - Training grid spans Hall+Ohmic regimes by covering (B0, τ_Hall, τ_Ohm) ranges appropriate for B > 10^13 G, and ages 10^3–10^6 yr.
  - Include envelope composition (binary) and multiple superfluid prescriptions as categorical inputs.
  - Output targets: physically constrained latent quantities {Lν(t), Lγ(t), H_J(t), plus low-order coefficients of T(θ,t)}; enforce global energy equation dE_th/dt = −Lν − Lγ + H_J in the surrogate either by (i) predicting the terms and numerically integrating E_th, or (ii) adding a hard constraint loss during training.
  - Out-of-distribution (OOD) checks: compute emulator uncertainty and reject/temper samples outside convex hull of training data (e.g., via Mahalanobis distance in input space and predictive variance thresholds).

Step 6 — Identifiability & forecasting (mandatory quantitative section)
6.1 Baseline vs joint-model forecasts:
  - Define baseline analysis: phase-averaged spectral fit with free (kT, norm), NH, distance prior; infer an apparent radius R_app with broad priors; no kinematic/SNR coupling; no magneto-thermal time constraint.
  - Define joint analysis: full model with kinematic age posterior + magneto-thermal evolution + atmosphere model averaging.
6.2 Simulation-based forecast protocol (per target archetype):
  - Generate synthetic datasets under realistic conditions:
    - Distance uncertainty: e.g., 20–50% (SNR distance priors).
    - NH uncertainty: from spectral covariance + systematic floor (e.g., ±(10–30)%).
    - Atmosphere mismatch: generate with one atmosphere, fit with model-averaging set.
    - Beaming/anisotropy: draw from viewing geometry distribution and magneto-thermal T(θ) outputs.
  - Observables: phase-averaged spectra (and pulsed fraction if available); optionally multi-epoch flux (if archival epochs exist).
  - Compute posterior contraction metrics: expected reduction in σ(R) and σ(M) (or in EoS hyperparameters) relative to baseline; report as a function of data quality (counts), distance/NH priors, and presence/absence of pulsed fraction.
6.3 Fisher information cross-check:
  - Compute approximate Fisher matrices for reduced parameter sets to diagnose which parameters drive degeneracy (e.g., (R∞/d)^2 vs NH vs atmosphere choice) and identify where kinematic age breaks degeneracy via cooling-curve slope/curvature.
6.4 Deliverable: an explicit table/plot in the proposal output package (not just narrative) showing achievable ΔR (km) or fractional improvement under stated uncertainties; use this to bound EoS claims.

Step 7 — Joint inference and model comparison
7.1 Hierarchical Bayesian model:
  - Global hyperparameters: natal-kick distribution parameters; SNR selection-function parameters; magneto-thermal population priors.
  - Per-source parameters: {association flag, r0, t, d, v⊥, μ, NH, atmosphere model index, (M,R) or EoS hyperparameters, magneto-thermal parameters}.
7.2 Inference engine:
  - Use nested sampling for multimodal posteriors (association on/off; discrete atmosphere models) or HMC with marginalization over discrete indices via enumeration.
  - Implement IPN likelihood integrals on HEALPix with caching to make evidence computations tractable.
7.3 Model comparisons (Bayes factors):
  - Association: source-in-SNR vs chance alignment under selection function.
  - Cooling: magneto-thermal (with B-decay heating) vs minimal cooling.
  - EoS families: compare EoS hyperparameterizations subject to causality (c_s ≤ c) and stability; report only if identifiability gate G1 is met.

Step 8 — Emulator governance, calibration, and robustness
8.1 Training-set design review:
  - Document parameter ranges, categorical physics choices, and age grid; ensure coverage of Hall-dominated early evolution and Ohmic-dominated late evolution.
8.2 Simulation-based calibration (SBC):
  - Draw parameters from priors, simulate spectra + IPN localizations + SNR observables, run full inference, and verify rank statistics are uniform for key parameters (age, B0, R).
  - If miscalibration appears, inflate likelihood/systematic terms or adjust emulator uncertainty model.
8.3 Posterior predictive checks:
  - Compare predicted spectra, fluxes, and (if used) pulsed fractions against data; check residuals for structure indicating atmosphere/systematics mismatch.
8.4 Sensitivity analyses:
  - Vary SNR selection function; alternative SNR evolution models; alternative NH priors; alternative atmosphere sets; examine stability of association odds and (M,R) posteriors.

Step 9 — Reporting policy to avoid overstated EoS payoff
9.1 Report (M,R)/EoS constraints only with:
  - Identifiability forecast showing expected improvement above baseline;
  - SBC-calibrated posteriors;
  - Explicit accounting of atmosphere/distance/NH systematics via model averaging and nuisance priors.
9.2 Otherwise report: association probabilities, kinematics (v⊥), age posteriors, and B-decay/Joule-heating constraints as primary outcomes.","Addresses (1) Data identifiability: We do not assume phase-averaged spectra alone determine emitting area. Instead we (i) quantify expected posterior contraction on (M,R) via simulation-based forecasts under realistic distance/NH/atmosphere/beaming uncertainties, (ii) restrict magneto-thermal degrees of freedom to a governed, low-order anisotropy representation and a small set of physically motivated parameters, and (iii) use Bayesian model averaging over atmosphere compositions to prevent spurious tightening. We impose explicit decision gates (G1) so EoS claims are made only where the forecasts and calibration indicate real information gain.

Addresses (2) SNR age modeling: We replace point-estimate Sedov ages with a marginalised SNR dynamical model over explosion energy and ambient density, optionally constrained by shock velocity/temperature when available, and include a morphology discrepancy parameter to absorb asymmetries. We further incorporate an SNR selection function to prevent biased association odds and biased age posteriors driven by detectability.

Addresses (3) IPN likelihood reconstruction feasibility: We specify a tiered input plan. Tier-1 reconstructs likelihoods from time-delay residual models when timing/covariance/ephemeris products exist; Tier-2 uses published annulus parameters (radius/width) to build a normalized curved-sky probability density, preserving non-Gaussian geometry and enabling correct integration with SNR-informed birth-site priors. Even Tier-2 improves on rectangle/ellipse overlap because probability mass is correctly distributed along annulus intersections rather than assumed uniform.

Addresses (4) Emulator validity and overconfidence: The surrogate is governed by (i) a training design spanning Hall + Ohmic regimes, envelope composition, and discrete superfluid prescriptions; (ii) explicit OOD detection/tempering; and (iii) calibration via simulation-based calibration and posterior predictive checks. This directly targets the risk of artificially overconfident posteriors and ensures the emulator does not exceed its validated domain.

Scientific grounding in the provided literature chain: Proper motion ↔ transverse velocity mapping and offset-based age inference are validated in pulsar/SNR systems (Asset 1). IPN triangulation provides geometrical localizations with potentially large but structured uncertainties that must be treated probabilistically (Asset 2). Thermal emission from cooling neutron stars is observed in high-B objects and motivates magneto-thermal modeling (Asset 3), while strong magnetic fields modify cooling via anisotropic conductivity and Joule heating from field decay on ~10^6 yr timescales (Asset 4). The proposal’s novelty is not any single element but the physically constrained coupling—kinematics and marginalised SNR ages prevent magneto-thermal parameters from absorbing incorrect ages/distances, while governed magneto-thermal evolution provides a time-structured prior on thermal observables. The expected outcome is a robust reduction in false SNR associations and a calibrated, quantitatively bounded improvement in (M,R)/EoS inference where data quality permits.","This is an unusually detailed and methodologically mature proposal. The engineering plan is concrete, modular, and realistically executable with existing data products, particularly the tiered IPN likelihood strategy and the marginalised SNR age submodel. Logical consistency is strong: the central identifiability argument—that kinematic/SNR-constrained ages prevent magneto-thermal models from absorbing arbitrary age shifts—is physically sound and well defended with decision gates and forecasting. Evidence grounding is solid; all components are standard within high-energy astrophysics and neutron-star physics, and their coupling is justified rather than ad hoc. Minor deductions arise from residual ambition risk: the emulator governance and hierarchical model complexity may strain practical inference for small samples, and the anticipated EoS gains, while carefully bounded, are likely to be marginal except in best-case systems. Nonetheless, the proposal is self-aware of these limits and explicitly guards against over-claiming."
"A measurable gamma-ray counterpart to a subset of large neutron-star glitches is produced when rapid, avalanche-like unpinning of core/inner-crust superfluid vortices triggers a transient increase in mutual-friction dissipation and magnetospheric current injection; the dissipated mechanical energy heats a thin outer layer and drives pair cascades whose prompt spectrum and fluence scale with the glitch-released angular momentum and the core superfluid coupling timescale. We will test this by a methodological adaptation: a physics-constrained Bayesian state-space inversion that couples pulsar timing (spin frequency and spin-down changes) to a superfluid vortex-dynamics forward model and to a magnetospheric radiative transfer surrogate, with hard constraints from angular-momentum conservation, superfluid hydrodynamics, and causality/EOS bounds enforced directly in the inference (constraint-augmented likelihood and TOV/causality-prior). Mechanistically, enforcing continuity of vorticity and density-dependent pinning in spherical geometry makes the inferred glitch energy budget and dissipation profile identifiable, enabling a falsifiable prediction for contemporaneous gamma-ray fluence and temporal morphology.","Step 1: Specific system setup or data preparation.
1.1 Build a joint dataset of (i) high-cadence gamma-ray pulsar timing (Fermi-LAT and, where available, radio/X-ray timing) containing detected glitches/anti-glitches with uncertainties in Δν, Δνdot, recovery components; (ii) time-tagged gamma-ray photon data around each event to construct phase-resolved light curves and transient searches; (iii) auxiliary constraints (distance, B-field estimate, age, thermal X-ray constraints when available).
1.2 Define event windows and control windows for each glitch to quantify gamma-ray excess/changes in pulsed fraction/spectral hardness while controlling for LAT exposure systematics.

Step 2: Detailed implementation of the adapted methodology.
2.1 Forward model (superfluid + vortex dynamics): implement a two-component (crust + superfluid) angular-momentum exchange model with spherical-geometry vortex continuity across crust/core, density-dependent pinning forces, and creep/mutual-friction prescriptions; include an unpinning avalanche trigger parameterization that releases a fraction of pinned vorticity on a short timescale, producing ΔΩ and recovery.
2.2 Mechanistic energy channel: compute dissipation rate from mutual friction and differential rotation during the post-trigger coupling; map dissipation to a surface heating/current-injection driver via an electrodynamic coupling term (parameterized but energy-conserving), yielding a predicted gamma-ray luminosity time profile and spectral pivot (e.g., change in cutoff energy) through a magnetospheric emission surrogate.
2.3 Methodological adaptation (constraint-respecting inference): construct a Bayesian state-space model with latent states {Ωc(t), Ωs(t), lag(t), pinned-vorticity reservoir(t)} and observation models for timing and gamma-ray data. Enforce: (i) exact angular-momentum conservation across components during the glitch impulse; (ii) positivity and microphysical bounds on pinning force and mutual-friction coefficients; (iii) EOS/TOV-causality prior that restricts allowable density profiles and superfluid moment of inertia fractions (e.g., speed of sound < c, maximum mass constraints) thereby bounding the reservoir size and coupling timescales.
2.4 Implement inference with particle MCMC / SMC that can handle impulsive events and non-Gaussian posteriors; embed constraints as hard rejections or differentiable barrier terms in the log-posterior to prevent unphysical solutions.

Step 3: Rigorous validation and analytical framework.
3.1 Posterior predictive checks: verify that the inferred vortex unpinning and creep parameters reproduce both the instantaneous Δν, Δνdot and the multi-timescale recovery for each glitch.
3.2 Gamma-ray counterpart test: quantify Bayes factors comparing models with and without the dissipation-to-gamma coupling, using phase-resolved likelihoods (pulsed component) to distinguish magnetospheric changes from background.
3.3 Cross-event scaling laws: test predicted relations such as gamma-ray fluence ∝ ΔL_gl (or ∝ I_sf·ΔΩ) modulated by coupling time τ_mf; verify whether the largest glitches in gamma-ray-only pulsars preferentially show detectable hardening or transient pulsed-flux enhancements.
3.4 Falsification: demonstrate that any inferred gamma-ray energy never exceeds the available mechanical reservoir from the constrained superfluid model; if observed gamma-ray energetics exceed this bound, rule out the vortex-dissipation mechanism for those events and favor external/impact scenarios.
3.5 EOS impact: propagate EOS-prior variations to predicted counterpart rates, producing constraints on core superfluid moment of inertia fraction and mutual-friction strength consistent with multi-messenger bounds.","1. Theoretical/Empirical Basis: Glitches are naturally explained by superfluid vortex unpinning and subsequent angular-momentum transfer; realistic spherical-geometry pinning/creep models with density-dependent forces reproduce Vela-like glitch amplitudes and recoveries, implying an available dissipation channel during recoupling. High-energy emission changes are expected if magnetospheric currents respond to rapid changes in rotation or surface heating, making a gamma-ray counterpart physically plausible but energetically bounded.
2. Transfer Logic (How the adaptation fits the domain): State-space inference is established for timing noise/glitch recovery, but standard approaches treat microphysics and EOS weakly or as post-processing. The adaptation hard-wires conservation laws, vorticity continuity, and EOS/causality bounds into the inference so that inferred energy budgets and coupling timescales are physically valid, directly enabling a mechanistic link from vortex dynamics to gamma-ray emission.
3. Comparative Advantage: Compared to unconstrained regressions or purely phenomenological glitch fits, the constraint-augmented Bayesian inversion yields identifiable, EOS-aware posteriors for the superfluid reservoir and dissipation history, producing falsifiable predictions for gamma-ray fluence/spectral evolution and event rates. It also cleanly separates internal (vortex) mechanisms from external (impact/anti-glitch) scenarios by enforcing strict energy and angular-momentum accounting, improving interpretability and reducing false associations in counterpart searches.","This is an unusually sophisticated and internally consistent proposal that clearly reflects deep familiarity with neutron-star glitch microphysics, modern pulsar timing analysis, and Bayesian inference under physical constraints. The strongest aspect is the explicit enforcement of conservation laws and EOS/causality bounds within the inference itself, which directly addresses a real identifiability bottleneck in glitch energetics. The logical chain from vortex unpinning to dissipation to a gamma-ray observable is plausible and carefully energy-bounded, avoiding a common pitfall in multi-messenger counterpart claims. Minor weaknesses arise from the magnetospheric emission surrogate, which remains relatively phenomenological compared to the rigor of the superfluid modeling, and from feasibility risk: LAT photon statistics around individual glitches may limit the power of the Bayes-factor tests except for a very small subset of events. These are executional rather than conceptual deficiencies."
"A joint gravitational-wave + electromagnetic hierarchical inference that enforces exact relativistic structure constraints will (i) reduce degeneracies between component masses/spins and tidal effects that currently blur the neutron-star/black-hole mass gap, and (ii) yield a less biased standard-siren Hubble parameter measurement from binary-neutron-star and neutron-star–black-hole events. Methodological adaptation: replace the standard unconstrained event-level parameter estimation with a physics-constrained, trans-dimensional Bayesian model in which (a) neutron-star tidal deformabilities are not free waveform parameters but are generated by an equation-of-state latent function passed through a TOV solver with strict causality/stability bounds, and (b) the compact-object type (NS vs BH) is a discrete latent variable coupled to the mass-gap prior and to an EM-informed ejecta/kilonova likelihood. Mechanism: enforcing the TOV mapping (EoS → {M,R,Λ}) and relativistic causality (cs<=c) collapses the physically allowed Λ(m) manifold, breaking the mass–spin–tidal degeneracy in inspiral waveforms; simultaneously, coupling the discrete type variable to kilonova brightness/ejecta predictions suppresses posterior support for mass-gap solutions that would be inconsistent with observed (or non-detected) EM counterparts, thereby sharpening classification and improving distance–inclination inference that propagates to H0.","Step 1: Specific system setup or data preparation.
- Curate LIGO-Virgo (Virgo Collaboration-inclusive) BNS/NSBH candidate set with strain data and calibration uncertainty models; include sub-threshold candidates with per-event P_astro weights to control purity rather than fixed FAR cuts.
- Assemble EM follow-up products where available (host redshift, sky map overlap, kilonova photometry/upper limits) and standardized selection functions for EM detectability.
- Define a flexible EoS latent parameterization (e.g., spectral or piecewise-polytrope) with priors enforcing thermodynamic stability (dP/dε>0) and causality (cs^2=dP/dε<=1) and matching to known crust models at low density.

Step 2: Detailed implementation of the adapted methodology.
- Implement a constrained generative EoS→TOV→{M(R),Λ(m)} module embedded inside the Bayesian sampler: each proposed EoS draws a whole Λ(m) curve and maximum mass M_TOV; proposals violating causality, stability, or observed 2-solar-mass constraints are rejected (hard constraints) or down-weighted (soft barrier) to ensure physical validity.
- Build a trans-dimensional compact-object classifier: for each event, include a discrete latent variable z∈{BNS,NSBH,BBH} with mixture weights informed by a mass-gap population hyperprior; for NS components, tidal terms are set by Λ(m) from the EoS module; for BH components, Λ=0 and spin priors include precession.
- Couple GW likelihood to an EM-informed likelihood: use semi-analytic ejecta fits conditioned on (masses, spins, EoS) to predict kilonova luminosity distributions; incorporate detections as photometric likelihoods and non-detections as censoring/upper-limit likelihoods to penalize configurations that would overproduce observable kilonovae.
- Perform hierarchical inference jointly over (population hyperparameters including mass-gap edges, EoS parameters, and cosmology including Hubble parameter H0), with selection effects for both GW detection and EM follow-up; propagate calibration and peculiar-velocity uncertainties in redshift.

Step 3: Rigorous validation and analytical framework.
- Injection campaign: simulate BNS/NSBH/BBH events spanning the nominal 3–5 M⊙ mass gap, with realistic noise and varying EM follow-up completeness; compare recovered mass-gap occupancy, EoS posteriors, and H0 bias/variance against a baseline unconstrained PE pipeline (free Λ parameters, no TOV coupling, no EM likelihood).
- Posterior predictive checks: verify recovered Λ(m) curves satisfy nuclear-physics expectations; check consistency with independent constraints (NICER radii, heavy-ion bounds where applicable) without double-counting.
- Sensitivity analysis: quantify robustness to waveform systematics (different inspiral-tide models), to EM model uncertainty (ejecta-fit nuisance parameters), and to alert-threshold strategy via P_astro-weighted inclusion.
- Deliverables: constraints on mass-gap boundaries and occupancy, EoS posterior with credible bands for M–R–Λ, and an H0 posterior from standard sirens with explicitly reported systematic and selection-function budgets.","1. Theoretical/Empirical Basis: Inspiral waveforms encode tidal effects (Λ) that are deterministically linked to the neutron-star EoS via the TOV equations; enforcing causality/stability and the observed high-mass NS constraint substantially restricts Λ(m). Empirically, Virgo/LIGO observations plus GW170817-like multi-messenger events demonstrate that EM counterparts provide orthogonal information about ejecta that depends on compact-object type and masses, directly relevant to resolving ambiguous chirp-mass regions.
2. Transfer Logic (How the adaptation fits the domain): The adaptation embeds first-principles relativistic stellar-structure physics (TOV, causality) directly into parameter estimation instead of treating Λ as an unconstrained nuisance parameter. The trans-dimensional mixture structure matches the real astrophysical ambiguity between BNS/NSBH/BBH, especially in the mass gap, and the P_astro-weighted inclusion of low-significance candidates operationalizes the known purity-vs-FAR trade discussed in follow-up strategies.
3. Comparative Advantage: Compared to standard event-by-event PE, the constrained EoS manifold reduces degeneracies and prevents unphysical Λ solutions that mimic mass-gap objects; compared to GW-only hierarchical population models, the EM-coupled likelihood suppresses otherwise viable but EM-inconsistent NSBH/BNS interpretations, improving classification. Both effects improve distance–inclination inference and thereby reduce bias/uncertainty in the Hubble parameter from standard sirens while simultaneously tightening mass-gap population constraints.","This is a technically sophisticated and largely coherent proposal that embeds first-principles relativistic stellar-structure constraints directly into hierarchical GW+EM inference. The engineering plan is detailed and largely executable, particularly the EoS–TOV latent-function embedding and the trans-dimensional mixture model for compact-object type. The logical mechanism for degeneracy breaking (collapse of the Λ(m) manifold and EM-informed suppression of inconsistent mass-gap solutions) is sound and well motivated. Minor score deductions arise from (i) computational feasibility risks not being fully quantified—especially sampler efficiency and convergence under hard physical constraints and discrete latent variables—and (ii) some optimism in the impact of EM non-detections, given large uncertainties in ejecta modeling and viewing-angle dependence. These are not conceptual flaws but areas where the proposal slightly overstates robustness."
"A two-stage, energy-conserving kilonova inference framework that (i) treats the r-process “naked heating rate” q_naked(t) as a Ye–(s,τexp)-conditioned latent process with nuclear-data hyperparameters shared across events, and (ii) propagates that power through an explicitly parameterized, atomic-physics-anchored opacity model κ(Ye,T,ρ,λ) and a calibrated transport/discrepancy model, will yield falsifiable and unbiased constraints on lanthanide-poor ejecta (Mej, vej, Ye and X_Ln) despite geometry/viewing-angle uncertainty and radiative-transfer model mismatch. Mechanistically, identifiability comes from combining orthogonal observables that couple differently to the nuclear vs transport sectors: (a) late-time bolometric decline and band-to-band fading ratios constrain q_naked(t) and particle-dependent thermalization efficiencies f_i(t) once diffusion becomes sub-dominant; (b) contemporaneous color temperature and near-IR spectral line-blanketing/broad-feature indices constrain κ(λ) normalization and slope tied to lanthanide fraction and ionization state; and (c) photospheric radius evolution (from SED fits) constrains the diffusion time/geometry. The key advance over single-stage ‘effective heating’ fits is that κ(Ye,T,ρ,λ) is not allowed to flex arbitrarily: it is restricted to a minimal, physically interpretable basis with priors informed by atomic-structure calculations, while any residual mismatch between the semi-analytic diffusion module and Monte Carlo radiative transfer is captured by a separately calibrated discrepancy emulator. Degeneracy-breaking is therefore not asserted but pre-registered as a set of recovery benchmarks under controlled κ-flexibility, geometry/viewing-angle variation, and afterglow contamination. Finally, EOS-conditioning is included only insofar as it demonstrably increases expected information gain on (Mej, vej, geometry) and thus on thermalization/diffusion, quantified via Bayes factors and mutual-information increments relative to an EOS-agnostic baseline.","Step 0 — Define observables and identifiability targets (pre-registered).
0.1 Observables vector per event: multi-band photometry (optical→NIR), optional spectra, and SED-derived summary statistics with propagated errors: (i) pseudo-bolometric luminosity L_bol(t) (with bandpass-dependent missing-flux uncertainty); (ii) color indices (e.g., g−r, r−i, i−J, J−H, H−K) as functions of time; (iii) SED-inferred color temperature T_c(t) and photospheric radius R_ph(t) with covariance; (iv) spectral “lanthanide blanketing indices” B_Ln(t) defined as flux ratios across broad NIR troughs (e.g., F(1.05–1.15µm)/F(1.25–1.35µm), F(1.45–1.55µm)/F(1.60–1.70µm)) and a continuum slope index S_NIR.
0.2 Pre-registered identifiability benchmarks (reported as coverage and bias): recovery of injected (median posterior error / true) for Ye, X_Ln, Mej, vej in synthetic tests under: (A) κ-model “minimal” flexibility; (B) κ-model “expanded” flexibility; (C) variable geometry and viewing angle; (D) with/without afterglow contamination; (E) with RT discrepancy turned on/off. Passing criterion: posterior 68% credible intervals achieve ≥60% empirical coverage and <0.3σ mean bias for Ye and log10 X_Ln; and Bayes factor prefers two-stage model over single-stage by lnK>5 in controlled injections where q_naked differs (Asset-2 regime).

Step 1 — Data assembly and uncertainty model.
1.1 Curate multi-event dataset: AT2017gfo plus JWST-quality GRB-associated KNe (e.g., GRB 230307A/AT 2023vfi-like) with consistent photometric calibration. Store: fluxes, calibration covariance (zero-point + bandpass), cadence gaps, host extinction priors, distance posteriors, and afterglow-monitoring constraints.
1.2 Likelihood includes: correlated photometric calibration nuisance parameters per instrument, extinction with R_V prior, distance marginalization, and an additive afterglow component per band modeled as F_AG(ν,t)=A_AG(ν/ν0)^{-β} (t/t0)^{-α} with priors from contemporaneous X-ray/optical afterglow fits (when available) or weakly informative priors otherwise.

Step 2 — Minimal explicit κ(Ye,T,ρ,λ) parameterization (atomic-physics-anchored).
2.1 Adopt a two-component ejecta model (blue/lanthanide-poor; red/lanthanide-rich). For each component c∈{b,r}, opacity is expressed as a low-dimensional basis capturing (i) overall normalization, (ii) wavelength slope/line-blanketing strength, and (iii) ionization/temperature transition:
κ_c(λ,T,ρ) = κ0,c · [ (λ/λ0)^{p_c} ] · [1 + a_c · S( (T−T_ion,c)/ΔT_c ) ] · (ρ/ρ0)^{u_c}.
Here S(x)=1/(1+e^{−x}) is a smooth transition encoding recombination/ionization-driven opacity change; κ0,c is baseline grey level; p_c captures NIR vs optical tilt (proxy for line density); a_c sets amplitude of the opacity jump across ionization; u_c is a weak density exponent (kept tightly prior-constrained).
2.2 Tie opacity parameters to composition with explicit, minimal composition mapping:
log10 κ0,c = A0,c + A_Ln · log10(X_Ln,c/X_ref)  with A_Ln>0,
T_ion,c = T0 + T_Ln · log10(X_Ln,c/X_ref),
p_c = p0 + p_Ln · log10(X_Ln,c/X_ref).
Blue component has prior X_Ln,b centered at 10^{−6}–10^{−4}; red at 10^{−3}–10^{−1} (broad but separated).
2.3 Atomic-physics-informed priors: (A_Ln, p_Ln, T_Ln, κ0 ranges) are assigned priors from lanthanide/actinide line-expansion opacity calculations (e.g., existing Kurucz/Tanaka/Kasen-style tables). Practically: fit the above basis to a published grid of κ(λ,T,ρ) tables across representative compositions to derive prior means/covariances; use those as Gaussian priors with inflation factor (e.g., ×2) to remain conservative.
2.4 Forecast separability (mandatory): before fitting data, run Fisher / mutual-information forecasts on a representative cadence + filter set (optical + NIR + JWST bands) to quantify which epochs/bands constrain (κ0,p,T_ion) independently of q_naked hyperparameters. Deliverable: heatmaps of expected MI(κ-params; data|model) and MI(q_naked-params; data|model) vs time and wavelength; identify a minimal “anchor” set of bands/epochs needed (e.g., ≥1 optical band at t<0.7 d plus ≥2 NIR bands at t≈1–7 d, plus at least one spectrum or two NIR color indices around recombination).

Step 3 — Stage A: nuclear heating latent process q_naked(t).
3.1 Precompute r-process network library across (Ye,s,τexp) for both dynamical ejecta and disk winds; store channel-decomposed specific heating:
q_naked(t)= Σ_i q_i(t),  i∈{β,e−,ν̄ losses; α; fission; γ}.
Also store emitted particle energy distributions needed for thermalization.
3.2 Emulator: train a conditional normalizing flow or GP with monotonic/time-smoothness regularization to output {q_i(t)} on a log-time grid. Inputs: (Ye, s, τexp) plus nuclear hyperparameters θ_nuc (mass model index, β-strength scaling, fission yield family). Output uncertainty includes emulator error + nuclear-model ensemble variance.
3.3 Shared hyperparameters: θ_nuc are population-level parameters inferred jointly across events; event-level latents include Ye,c distributions (e.g., Beta distribution parameters per component) and mixing fraction between components.

Step 4 — Stage B: deposition + transport with explicit discrepancy calibrated to Monte Carlo RT.
4.1 Thermalization (energy deposition): for each particle channel i, use a physics-motivated efficiency function
f_i(t|Mej,vej,B_trap,χ_e)= [1 + (t/t0,i)^{n_i}]^{−1},
with t0,i ∝ (Mej/vej^2)^{1/2} scaled by composition-dependent electron density proxy χ_e (linked to Ye) and magnetic trapping parameter B_trap (log-uniform prior over a conservative range). Enforce 0≤f_i≤1 and correct asymptotics; allow small multiplicative nuisance per channel (≤20%) to account for microphysics uncertainty.
q_dep(t)= Σ_i f_i(t) q_i(t).
4.2 Baseline diffusion/SED model (explicit): use a two-component Arnett-style homologous-expansion diffusion model with time-dependent photosphere, but multi-band emission approximated by a diluted blackbody with wavelength-dependent attenuation via κ(λ,T,ρ):
L_c(t) computed from diffusion equation with t_d,c ∝ (κ̄_c Mej,c / vej,c c)^{1/2} and geometric factor g(Ω_c,θ_view).
Spectral flux: F_λ(t) = Σ_c [ (R_ph,c(t)^2 / D^2) · ζ_c(t) · B_λ(T_c(t)) · exp(−τ_eff,c(λ,t)) ],
where τ_eff uses κ_c(λ,T,ρ) and homologous density profile. ζ_c is a color-correction factor with tight priors from RT comparisons.
4.3 Transport/discrepancy emulator (mandatory): calibrate residuals against a grid of Monte Carlo RT simulations spanning (Mej,vej,X_Ln,geometry,θ_view) and representative heating inputs.
Define residual process in log-flux space per band:
Δ_m(t,band) = log F_RT − log F_diff,
modeled as a GP or low-rank basis with coefficients predicted by a trained emulator E_Δ(params). In inference, predicted flux is F_pred=F_diff·exp(Δ_m), with Δ_m marginalized using the calibrated uncertainty. This prevents attributing RT mismatch to q_naked or κ.
4.4 Geometry/viewing-angle: include a minimal anisotropy parameterization (two-zone solid angles Ω_b,Ω_r and viewing angle θ_view) with priors informed by NR/RT studies; geometry enters both diffusion time (via g) and effective column density in τ_eff. Crucially, discrepancy emulator is trained across the same geometry range.

Step 5 — EOS-conditioned priors and incremental value quantification.
5.1 EOS-conditioned prior construction: map EOS parameters (subject to causality + M_max constraints) to plausible ejecta priors using NR-calibrated surrogate relations (e.g., Mej_dyn(R1.4,q), vej_dyn(R1.4,q), disk mass) and to Ye support for disk winds. Include GW-inferred constraints when available; otherwise use broad EOS prior.
5.2 Mandatory incremental-value test: run paired analyses for each event and for the population: (i) EOS-agnostic priors; (ii) EOS-conditioned priors (with/without GW constraints). Report expected information gain ΔI on (Mej,vej,θ_view) and downstream ΔI on Ye and X_Ln; compute Bayes factors for models with EOS-conditioning vs without, ensuring complexity is justified.

Step 6 — Inference engine and diagnostics.
6.1 Perform joint Bayesian inference with hierarchical structure: event-level parameters {Mej,c, vej,c, Ye,c distribution, X_Ln,c, Ω_c, θ_view, afterglow nuisances}; population-level θ_nuc and κ-basis hyperparameters (with atomic priors). Sampling via NUTS with reparameterizations (non-centered for hierarchical parts) or SMC with amortized proposals.
6.2 Degeneracy quantification: compute posterior mutual information and correlation structure among {q_naked hyperparameters, κ parameters, Mej, Ye, X_Ln} and compare against a baseline single-stage effective-heating model. Pre-register that success means a statistically significant reduction in posterior dependence corr(q_naked,κ) and improved coverage in synthetic recovery.

Step 7 — Validation program (falsifiable, mismatch-resistant).
7.1 Synthetic injections: generate mock datasets from Monte Carlo RT (not from the diffusion model) across controlled scenarios matching the pre-registered benchmarks in Step 0. Recover parameters under (a) correct κ-basis; (b) expanded κ-basis; (c) misspecified κ-basis; and with/without discrepancy emulator. Report failure modes explicitly.
7.2 Real-event cross-validation: fit early-time-only data (e.g., t<1 d) and predict late-time (t>1 d and JWST epochs), focusing on the Asset-2 regime (Ye≳0.3, late times). Score predictive log-likelihood and calibration of credible intervals.
7.3 Nuclear stress tests: rerun with alternative nuclear mass models/fission yields; quantify which θ_nuc drive q_naked differences in the inferred Ye range; propagate to Ye and X_Ln posteriors.
7.4 Deliverables: (i) public emulator for q_naked and RT discrepancy; (ii) κ-basis fits and priors derived from atomic tables; (iii) posterior samples for each event; (iv) a “bias map” showing how common heating-rate mis-specifications bias Mej,vej,Ye when κ is constrained vs unconstrained.

Milestones (practical):
M1: κ-basis + atomic prior fit + MI/Fisher forecast deliverable.
M2: RT grid + discrepancy emulator with documented error envelopes.
M3: End-to-end hierarchical inference on synthetic RT injections meeting coverage criteria.
M4: Multi-event real-data analysis with EOS-value quantification (Bayes factors / ΔI).","Addressing the reviewer’s core concern—degeneracy-breaking being under-specified—the revised plan makes identifiability falsifiable and robust to mismatch in four concrete ways.

(1) Minimal explicit κ(Ye,T,ρ,λ) with atomic priors (degeneracy is not shifted into an unconstrained κ): κ is restricted to a low-dimensional, interpretable basis (normalization κ0, wavelength tilt p, and an ionization-transition term via T_ion and amplitude a) with composition-linked mappings to X_Ln. Priors are not hand-wavy; they are obtained by fitting this basis to published atomic-structure opacity tables and carried into inference as Gaussian priors (inflated conservatively). This directly answers the critique that a too-flexible κ would reintroduce the heating/opacity degeneracy.

(2) Orthogonal leverage is demonstrated before fitting (not asserted): Fisher/mutual-information forecasts on the actual cadence+filters quantify which epochs/bands/spectral indices constrain κ separately from q_naked. This operationalizes the claim that late-time slopes and NIR blanketing indices disentangle nuclear vs opacity/ionization effects, and it yields a concrete observing/inference requirement (minimum band/epoch set) rather than a qualitative argument.

(3) Transport approximation is specified and protected by a calibrated discrepancy model: the diffusion/SED module is explicitly defined (two-component Arnett-like diffusion plus wavelength-dependent attenuation). Crucially, any systematic mismatch relative to Monte Carlo RT is not absorbed by q_naked or κ because a residual emulator Δ_m(params,t,band) is trained on an RT grid and marginalized during inference. This prevents HMC/SMC from becoming overconfident and misattributing RT errors to nuclear-heating features—directly satisfying the mandatory directive.

(4) EOS-conditioning is justified quantitatively, not by appeal: the proposal commits to paired analyses (EOS-agnostic vs EOS-conditioned, with/without GW constraints) and reports Bayes factors and expected information gain on (Mej,vej,geometry) and downstream (Ye,X_Ln). If EOS-conditioning does not increase information in a measurable way, it will be removed or down-weighted; thus it cannot become a complexity add-on that drives results by prior.

Empirical and literature grounding (Assets 1–2): Asset 2 motivates explicit treatment of q_naked in the Ye≳0.3, t≳1 d regime where standard heating prescriptions bias inference; Asset 1 demonstrates that composition differences (lanthanide-poor vs rich) have observable consequences and that JWST-quality data are sufficiently constraining to meaningfully test these models, including heavy-element synthesis pathways. The revised framework translates these motivations into a constrained statistical architecture with pre-registered recovery benchmarks and an RT-calibrated discrepancy channel, making the central claim testable and resilient to model mismatch.","This is an unusually thorough and technically mature proposal. The engineering plan is exceptionally detailed, specifying concrete parameterizations, priors, emulators, discrepancy modeling, and validation benchmarks. Logical consistency is strong: the separation of nuclear heating from transport is well-motivated, identifiability is not assumed but pre-registered and stress-tested, and degeneracy control is addressed via both physical priors and discrepancy emulation. Minor deductions arise from the cumulative complexity: the simultaneous inference of nuclear hyperparameters, opacity bases, geometry, EOS-conditioning, and discrepancy processes risks practical identifiability and sampler pathologies even with careful reparameterization. While acknowledged and partially mitigated, the proposal would benefit from a clearer minimal viable configuration demonstrating success before full hierarchical generalization. Evidence grounding is solid and remains within nuclear astrophysics and radiative transfer; atomic-physics priors and r-process network references are appropriate and not speculative. The rationale is strong, representing a genuine structural advance over effective-heating fits rather than an incremental application."
"Type II–like burst trains with QPOs can be explained by a small, explicitly enumerated class of relaxation oscillators in the inner accretion flow, but the driver is not assumed a priori to be an oscillating radiation-pressure shock. Instead, we hypothesize that (H1) shock-gated inner-flow oscillations, (H2) magnetospheric gating/propeller cycles, and (H3) disk thermal–viscous limit cycles occupy distinct, falsifiable regions in a joint observable space spanned by (i) νQPO–hardness and νQPO–energy-dependent rms relations, (ii) burst rise/decay scalings with dynamical vs viscous timescales, (iii) harmonic content and phase lags of the QPO through the burst phase, and (iv) recurrence–fluence–persistent-luminosity scaling. The central claim is that mechanistic identifiability becomes achievable when the inference model hard-codes each mechanism’s governing timescale, energy reservoir, and closure (including radiative source terms), and when the νQPO mapping is fixed to pre-registered, mechanistically derived relations rather than being left flexible. For the shock-gated hypothesis specifically, we adopt a GR-aware, radiatively cooled, vertically integrated inner-flow model with an effective (but validated) radiative-hydrodynamic jump condition; the burst sharp decay is predicted to track a post-shock advective drainage time tdec ~ tad(Rs), and νQPO is predicted to track the inverse of the same advective/infall time with a fixed scaling that implies a tight νQPO–tdec anticorrelation and a specific phase relation between flux and hardness. For neutron stars, we further hypothesize that a thermonuclear module is required (and statistically preferred) precisely in regimes where the peak-to-persistent luminosity ratio β controls cooling-tail detectability (as in IGR J17480-2446): the model will attribute non-cooling thermonuclear bursts to high persistent backgrounds and lower peak temperatures without misclassifying them as accretion-gated events. Peak luminosity is treated with mechanism-specific caps: a photospheric/local Eddington-limited cap with redshift and composition dependence for NS, versus a geometry/Comptonization-limited phenomenological cap for BH candidates. Finally, EOS inference is posed not as ‘tighter by default’ but as a hierarchical constraint that is only claimed when posterior predictive checks demonstrate that nuisance parameters (distance, anisotropy, color correction, composition) do not dominate the compactness posterior; otherwise the outcome is a principled null result that still yields robust burst-mechanism classification.","Step 0 — Pre-registration (discriminating predictions and model roster)
0.1 Enumerate competing mechanisms as explicit state-space models: H1 shock-gated inner flow; H2 magnetospheric gating/propeller; H3 disk thermal–viscous limit cycle; plus H4 thermonuclear-only (NS control) and H5 hybrid (accretion gating + nuclear burning). Freeze the model list and decision criteria before fitting.
0.2 Pre-register discriminants computed from data and posterior predictive simulations:
  - D1: νQPO–tdec scaling: shock model predicts νQPO ∝ 1/tad(Rs) and tdec ≈ κ tad(Rs) ⇒ νQPO tdec ≈ const (with scatter from inclination/spectral decomposition); magnetospheric gating predicts νQPO tied to νK(Rm) while decay reflects emptying of inner disk/boundary layer with weaker νQPO–tdec coupling.
  - D2: Energy-dependent QPO rms and phase lags: shock/hot-flow predicts stronger rms at higher energies with hard lags set by Comptonization time; disk limit-cycle predicts softer rms dominance and different lag sign/energy trend.
  - D3: Harmonic content: shock oscillations predict specific harmonic ratios dependent on compression ratio C (e.g., stronger 2nd harmonic when oscillation is non-sinusoidal); gating predicts harmonics linked to switching/nonlinearity at Rm.
  - D4: Recurrence–fluence relation: shock/gating predicts burst fluence scales with refilled reservoir in inner flow ~ ∫(ṁin−ṁout)dt, with tight correlation to recurrence; nuclear predicts fluence ~ y Qnuc with ignition physics and distinct dependence on persistent luminosity.

Step 1 — Dataset construction, uniform reduction, and derived observables
1.1 Sources:
  - BH candidate: GRS 1915+105 quasi-regular bursts with sharp decay and contemporaneous QPOs (per Asset 2).
  - NS set: (a) type II candidates (e.g., Rapid Burster/MXB 1730−335 and/or Bursting Pulsar GRO J1744−28 if included in the archive), (b) thermonuclear controls across accretion regimes, and (c) IGR J17480-2446-like high persistent luminosity regimes where β governs cooling detectability (per Asset 1).
1.2 Data products (mission-dependent; RXTE/ASTROSAT/NICER where available):
  - Light curves in ≥3 energy bands (soft/medium/hard) with deadtime correction, background modeling, and barycentering.
  - Time-resolved spectra with forward-folding response; extract spectral parameters with two decompositions: (S1) disk+Comptonization, (S2) blackbody+Comptonization (NS), carrying decomposition uncertainty forward as a discrete latent choice or mixture.
  - Sliding-window power spectra (e.g., 1–16 s windows stepped by 0.25–1 s), tracking νQPO, Q, and fractional rms vs energy band.
  - Burst-shape features with uncertainties: rise time, tdec (e.g., e-folding or sharp-drop timescale), fluence, peak flux, β = Lpeak/Lpers, hardness evolution, and QPO phase-resolved amplitude.

Step 2 — Mechanism-specific state-space models (architectural specificity)
All models share: observation model for multi-band count rates and spectral/hardness proxies; latent states evolve via SDE/ODE; a joint likelihood fits light curve + hardness/spectral temperature + νQPO(t) + energy-dependent rms.

2.1 H1 Shock-gated inner-flow oscillator (radiatively cooled, GR-aware effective closure)
2.1.1 Latent states: Rs(t) (shock radius), C(t) (compression), Σin(t) (inner-disk surface density), ṁin(t), and Te(t)/τ(t) (Comptonizing electron temperature/optical depth proxy) to link to hardness/rms.
2.1.2 Fixed νQPO mapping (pre-registered): adopt the post-shock advective/infall timescale in a pseudo-Newtonian potential as baseline, with a single scaling parameter ξ (order unity) shared across bursts within a source:
  - tad(Rs) = ∫_{Rin}^{Rs} dr / |vr(r)| with vr from the vertically integrated momentum equation in the chosen potential.
  - νQPO(t) = [2π ξ tad(Rs(t))]^{-1}.
Falsifiable predictions: (P1) νQPO increases as Rs decreases during refill/drain cycle; (P2) tdec tracks tad at collapse; (P3) νQPO–hardness correlation sign set by Te/τ response to ṁin and Rs.
2.1.3 Shock “jump” closure and source terms:
  - Use an effective radiative-hydrodynamic jump condition for vertically integrated flow:
    * Mass: [ρ v] = 0.
    * Momentum: [Pgas + Prad + ρ v^2] = 0, with optional Pmag term toggled off/on (Bayesian model variant H1a no-B, H1b with-B).
    * Energy: include an explicit radiative loss term across the shock: [ (1/2)v^2 + h ] = −Δqrad, where Δqrad is parameterized by a cooling function Λ = Λ0 ρ^2 T^α (effective Compton/bremsstrahlung) with α and Λ0 given informative priors from hot-flow literature; this replaces vague “penalty conservation”.
  - Radiation pressure included via Prad = (a/3) T^4 with a color-correction/Comptonization bridge to observed hardness; vertical leakage approximated by a flux-limited cooling term in the energy equation rather than enforcing adiabatic RH.
2.1.4 Differentiability strategy for shock transitions:
  - Replace discontinuous switching with a continuous relaxation: enforce jump constraints via a smooth barrier/soft-constraint with temperature parameter ε (annealed during inference), and represent “collapse” events as rapid but continuous trajectories in Rs governed by stiff ODE (solved implicitly).
2.1.5 Emission mapping:
  - Persistent emission from ṁ and coronal parameters; burst component proportional to transient increase in ṁin through inner region (not Eddington-capped for BH by default; see Step 2.4).

2.2 H2 Magnetospheric gating/propeller cycle (NS-specific; strong alternative)
2.2.1 Latent states: Rm(t) (magnetospheric radius), ṁ(t) at inner disk, ΔMin(t) (stored mass in inner disk reservoir), Ω* (spin; prior from pulsations if known), μ (magnetic dipole moment).
2.2.2 Dynamics:
  - Rm ∝ μ^{4/7} (GM)^{−1/7} ṁ^{−2/7} with stochastic ṁ(t) driven by outer supply.
  - Gating condition via fastness ωs = Ω*/ΩK(Rm). When ωs crosses ~1, accretion switches to partial/blocked with a smooth sigmoid (continuous relaxation to preserve differentiability).
2.2.3 Observable predictions:
  - νQPO tied to νK(Rm) or beat-frequency forms (enumerated and fixed as two sub-variants H2a/H2b); predicts different νQPO–hardness and νQPO–tdec relations than H1.
  - Burst fluence set by reservoir emptying ΔMin; recurrence controlled by refilling time ~ ΔMin/ṁsupply.

2.3 H3 Disk thermal–viscous limit cycle (radiation-pressure instability)
2.3.1 Latent states: Σ(t), Tin(t), Rin(t) or an effective inner disk temperature and surface density; αvisc as parameter with informative prior.
2.3.2 Dynamics:
  - Use a reduced S-curve normal form (bistable ODE) calibrated to reproduce limit-cycle timescales; recurrence scales with viscous time tvisc ~ R^2/ν.
2.3.3 Observables:
  - Spectral softening/hardening sequence and QPO behavior predicted to correlate with disk state; QPO not forced to track an advective timescale as in H1.

2.4 Luminosity cap modeling (mechanism- and object-specific)
2.4.1 NS: photospheric/local Eddington cap with composition X and GR redshift:
  - FEdd,loc = (c g / κ) with κ≈0.2(1+X) cm^2/g; observed flux includes redshift and anisotropy: Fobs = (FEdd,loc / (1+z)^2) × ξb^{-1} × fcol^{-4} (implemented via standard color correction mapping in spectral model).
2.4.2 BH: no universal Eddington ceiling enforced. Instead, introduce a geometry/Comptonization cap parameter Lcap,BH with prior wide and correlated with hardness/τ to allow saturation via optical depth, beaming, or spectral pivoting—explicitly preventing NS-style Eddington assumptions from biasing BH fits.

2.5 Thermonuclear module and Asset-1 linkage (NS)
2.5.1 Latent states: fuel column y(t), base heating Qb, composition (X, Z) with priors; ignition/depletion as in reduced ignition models.
2.5.2 Cooling-tail detectability modeled explicitly: predicted observed temperature decay competes with persistent background; the model predicts when cooling is undetectable as a function of β and background, reproducing the Asset-1 result that cooling is sufficient but not necessary for thermonuclear classification.
2.5.3 Hybrid H5 allows simultaneous gating and nuclear burning; Bayes factors decide necessity.

Step 3 — Inference strategy for stiff constrained dynamics
3.1 Primary inference engine: Sequential Monte Carlo (SMC) / particle MCMC for state trajectories with stiff dynamics; HMC/NUTS reserved for lower-dimensional static parameters conditional on trajectories (or via marginal likelihood approximations). Rationale: discontinuity-like behavior and multimodality make pure HMC fragile.
3.2 Numerics:
  - Implicit integrator (e.g., BDF) for stiff ODE components with adjoint sensitivities for gradients where used.
  - Anneal constraint temperature ε and gating sigmoid sharpness to transition from smooth to near-physical regimes while maintaining sampler stability.
3.3 Model comparison:
  - Use PSIS-LOO and held-out burst-trains predictive likelihood for within-source validation; compute Bayes factors only where marginal likelihood estimates are stable (bridge sampling/SMC evidence).

Step 4 — Systematics and hierarchical treatment (EOS realism)
4.1 Nuisance parameters (hierarchical priors): distance D, inclination i, anisotropy factors (ξp, ξb), color correction fcol, and spectral decomposition choice (mixture between S1/S2). Priors from literature where available; otherwise weakly informative with physically bounded supports.
4.2 Propagate systematics into FEdd and compactness:
  - Fit NS sources jointly with partial pooling on (fcol, ξb) and composition hyperpriors; allow source-to-source variation.
4.3 Simulation-based calibration (SBC): generate synthetic datasets with known (M,R) and nuisance parameters; demonstrate regimes where (M,R) is recoverable versus nuisance-dominated; predefine a success criterion (e.g., median posterior width in compactness GM/Rc^2 improves by ≥X% over prior while maintaining calibration).

Step 5 — Falsification / posterior predictive criteria (non-negotiable)
5.1 If a mechanism wins by evidence, it must also pass: (a) reproducing νQPO phase evolution and energy-dependent rms, (b) reproducing observed νQPO–tdec and νQPO–hardness scaling, and (c) reproducing recurrence–fluence scaling.
5.2 If shock model H1 is selected, require that inferred Rs(t) and C(t) imply physically plausible Mach numbers and optical depths under the adopted closure; otherwise reject H1 even if fit quality is high (guard against ‘fit-driven’ Rs).
5.3 For NS thermonuclear cases: require that nuclear energy release and α = (persistent fluence between bursts)/(burst fluence) fall in thermonuclear ranges; for accretion-gated cases require consistency with gravitational energy budget.

Deliverables
- Open pre-registration document listing model variants, νQPO mapping, discriminants, and priors.
- A reusable probabilistic program implementing H1–H5 with SMC/particle MCMC backend.
- Source-by-source mechanism classification with uncertainty, plus (conditional) NS compactness constraints where systematics permit.","Addresses (i) incomplete comparison space: The revised plan explicitly implements magnetospheric gating/propeller and disk thermal–viscous limit-cycle models as first-class alternatives with their own latent states, dynamics, and predicted observables, preventing confirmation by omission. Discriminants (phase lags, harmonic structure, energy-dependent QPO rms, recurrence–fluence scaling) are pre-registered and evaluated via posterior predictive checks, not post-hoc interpretation.

Addresses (ii) νQPO mapping ambiguity: The proposal now fixes a single primary Rs→νQPO relation (advective/infall timescale) for H1, with at most a small enumerated set of alternatives only in the magnetospheric model (νK vs beat-frequency). This creates falsifiable predictions, especially the νQPO–tdec anticorrelation and the sign/strength of νQPO–hardness coupling, reducing the risk that flexible mappings absorb discrepancies.

Addresses (iii) shock-physics closure: Rather than enforcing generic ‘conservation penalties’, the shock model specifies an effective equation of state including radiation pressure and an explicit radiative loss term Δqrad with a parameterized cooling law. Magnetic pressure is treated as an explicit toggle (H1a/H1b), making assumptions transparent and testable. The closure is positioned as ‘effective’ and will be validated via synthetic data from GR(R)HD-inspired toy simulations and simulation-based calibration, ensuring the constraints match the intended physics.

Addresses (iv) luminosity caps BH vs NS: The model enforces an Eddington/redshift/composition cap only for NS photospheric-limited emission. BH candidates instead use a geometry/Comptonization-limited saturation parameterization, avoiding biased inference from an inappropriate Eddington ceiling.

Addresses (v) EOS optimism and systematics: EOS inference is conditional and hierarchical, with explicit nuisance parameters (distance, anisotropy, color correction, composition, spectral decomposition) marginalized rather than fixed. Simulation-based calibration is used to demonstrate whether compactness constraints are identifiable in realistic regimes; otherwise the project still produces a robust classification of burst mechanism and quantitative constraints on timescales/energy budgets.

Computational tractability: Recognizing stiffness and near-discontinuous behavior, the inference plan prioritizes SMC/particle MCMC for latent trajectories, uses implicit integrators, and employs continuous relaxations (annealed barriers/sigmoids) to preserve differentiability and stabilize posterior geometry. Clear falsification criteria are defined so that good fits that violate mechanistic predictions are rejected.","This is an unusually rigorous and technically mature proposal. Its primary strength lies in methodological explicitness: competing mechanisms are enumerated, νQPO mappings are fixed a priori, and falsification criteria are non-negotiable. The shock-gated model is treated as an effective but testable physical closure rather than a phenomenological fit, which substantially mitigates historical ambiguities in type II burst interpretation. Minor score deductions arise from (i) the reliance on vertically integrated and pseudo-Newtonian treatments for intrinsically GRMHD-scale phenomena, which may limit physical fidelity in extreme regimes, and (ii) the significant computational and implementation complexity, which poses execution risk despite being conceptually well justified. These issues do not undermine logical validity but temper confidence in full empirical delivery within typical grant timelines."
"A first-order, strong-coupling phase transition in supranuclear matter (n ≳ 1.5–3 ns) generically produces a “spin-dependent maximum mass gap” that separates long-lived hypermassive neutron-star remnants from prompt-collapse black holes in compact binary mergers; this gap imprints itself as a correlated boundary in the joint distribution of (i) remnant collapse time (and thus EM/neutrino activity), (ii) the lightest black hole mass in the post-merger population, and (iii) the observed effective inspiral spin parameter χ_eff for events near the NS–BH/BBH boundary. Mechanism: in strong-coupling EoS with a latent-heat-driven softening followed by quark-matter stiffening, the threshold mass for collapse depends sharply on angular momentum support; because χ_eff partially encodes pre-merger aligned spin angular momentum, it modulates the available centrifugal support and shifts the collapse threshold, creating a detectable χ_eff-dependent cutoff in the lightest black hole mass. Methodological adaptation: replace standard population+waveform inference (which treats EoS and spin effects as weakly coupled nuisance structure) with a physics-constrained, differentiable hierarchical inference pipeline that (a) embeds a hybrid strong-coupling EoS family (e.g., V-QCD-calibrated) into a differentiable TOV + rapid-rotation + collapse-threshold surrogate, and (b) couples this surrogate directly to gravitational-wave likelihoods via a χ_eff-conditioned collapse-threshold prior that is strictly constrained by causality, thermodynamic stability, and GR equilibrium/turning-point conditions.","Step 1: Specific system setup or data preparation.
1.1 Compile GW posterior samples for BBH/NSBH/BNS candidates from public catalogs (e.g., GWTC releases), retaining joint posteriors over component masses, spins, χ_eff, and (where available) tidal parameters and merger/ringdown quantities.
1.2 Curate a “boundary sample” focused on systems with secondary masses in the 2–5 M⊙ range and/or ambiguous classification; include GW190814-like events explicitly.
1.3 Assemble external constraints: (i) 2 M⊙ pulsar masses, (ii) NICER mass–radius posteriors, (iii) nuclear-theory low-density priors up to ~ns, and (iv) optional kilonova/GRB afterglow constraints that inform prompt collapse vs remnant survival.

Step 2: Detailed implementation of the adapted methodology.
2.1 Strong-coupling EoS embedding: build an EoS parameterization that interpolates from chiral-EFT-consistent nuclear matter at n≲ns to a V-QCD-motivated high-density sector with an explicit first-order transition (parameters: transition density, latent heat/Δε, quark-phase stiffness/sound speed profile). Enforce hard constraints: dp/dε > 0 (stability), cs^2 ≤ 1 (causality), thermodynamic consistency, and correct matching conditions across the transition.
2.2 Differentiable GR structure and rotation surrogate (methodological adaptation):
- Implement a differentiable TOV solver for non-rotating sequences producing M(R), M_TOV, and baryonic mass mapping.
- Construct a rapid-rotation and merger-remnant support model that outputs M_max(J) and the threshold mass for prompt collapse M_th(J, EoS). Instead of using a fixed universal relation (e.g., Breu–Rezzolla) as a post-hoc check, learn an EoS-conditional surrogate with built-in monotonicity and turning-point stability constraints (∂M/∂ρc = 0 at onset of instability) using a constrained architecture (e.g., monotone neural spline layers) trained on a limited grid of full GR rapid-rotation solutions (RNS/LORENE) for sampled EoS.
- Couple angular momentum at merger J to inspiral observables by mapping (m1,m2,χ_eff) → J via PN/EOB-informed relations with calibration factors; treat spin misalignment through an explicit nuisance distribution constrained by χ_eff posteriors rather than assuming aligned spins.
2.3 χ_eff-conditioned collapse-threshold prior: define a physically motivated latent variable z = “prompt collapse vs remnant” with probability P(z|m1,m2,χ_eff,EoS) determined by whether total mass exceeds M_th(J,EoS). This couples χ_eff to whether the outcome is a black hole immediately (lightest BH formation) or a massive NS remnant (with possible delayed collapse).
2.4 Hierarchical Bayesian inference (core adapted pipeline): perform joint inference over (i) EoS/phase-transition parameters, (ii) population hyperparameters for masses and spin distributions (allowing anti-aligned χ_eff fractions), and (iii) event-level classification z, using the full GW likelihood (or posterior reweighting with selection effects). Unlike standard hierarchical fits, the likelihood is reweighted by the differentiable, constraint-respecting remnant model so that EoS parameters directly modulate inferred rates near the maximum-mass boundary.
2.5 Selection and detectability modeling: incorporate detection efficiency as a function of masses and spins; explicitly test how χ_eff-dependent SNR biases could mimic a cutoff, and include these biases in the hierarchical model.

Step 3: Rigorous validation and analytical framework.
3.1 Internal consistency checks: verify recovered EoS obeys causality and stability at all densities; confirm M_TOV and M_max/M_TOV distributions reproduce known bounds in limiting cases (no transition, weak transition).
3.2 Injection campaigns: generate synthetic populations with/without a first-order strong-coupling transition and with varying anti-aligned spin fractions; run end-to-end recovery to quantify Bayes factors, false-positive rates for detecting χ_eff-dependent cutoffs, and identifiability of (transition density, latent heat, quark stiffness).
3.3 Cross-messenger validation: for events with EM counterparts or constraints on prompt collapse, compare inferred z with EM-informed remnant survival; check whether inferred EoS predicts consistent disk masses/ejecta qualitatively (via established fitting formulae).
3.4 Mechanism-specific tests: measure the inferred slope of the “lightest BH mass vs χ_eff boundary” and test the predicted sign: more positive χ_eff (more aligned spin support) should shift the collapse threshold upward, reducing the probability of forming the lightest BH at fixed masses; a strong first-order transition should sharpen this boundary relative to purely hadronic EoS.
3.5 Comparative baselines: compare against (i) standard broken power-law mass models without EoS coupling, and (ii) EoS inference that uses only tidal deformability without outcome-class coupling, quantifying improvements in constraints on M_TOV, M_max/M_TOV, and the existence/location of the phase transition.","1. Theoretical/Empirical Basis: Strong-coupling EoS models with first-order transitions (e.g., V-QCD-like) can raise M_max/M_TOV and alter remnant stability, while GW catalogs already show nontrivial χ_eff structure including anti-aligned spins; near the 2–5 M⊙ boundary, small changes in rotational support can qualitatively change the outcome (NS remnant vs BH).
2. Transfer Logic (How the adaptation fits the domain): The key limitation in current analyses is the weak or post-hoc coupling between inspiral-measured spin (χ_eff), dense-matter microphysics (EoS/phase transitions), and the collapse outcome that sets the lightest black hole mass. Embedding a constraint-enforcing, differentiable GR+rotation surrogate into hierarchical inference allows direct propagation of strong-coupling EoS parameters into observable population features while guaranteeing causality and stability.
3. Comparative Advantage: Compared to unconstrained regression or purely phenomenological population models, the adapted pipeline (i) prevents unphysical EoS solutions via hard architectural constraints, (ii) leverages χ_eff as mechanistic information about angular-momentum support rather than a descriptive parameter, and (iii) converts ambiguous “lightest black hole vs heavy neutron star” cases into quantitative evidence for/against strong-coupling phase transitions through a χ_eff-conditioned collapse-threshold imprint, improving identifiability of the maximum mass and transition parameters under realistic selection effects.","This is a technically sophisticated and largely well-justified proposal that directly targets a real bottleneck in compact-object population inference: the disconnect between inspiral spin measurements, dense-matter microphysics, and post-merger outcomes. The strong-coupling first-order transition mechanism is physically plausible and the logical chain from latent-heat softening → angular-momentum-sensitive collapse threshold → χ_eff-dependent lightest-BH boundary is internally consistent. Engineering execution is unusually detailed, particularly the constrained differentiable surrogate for M_th(J,EoS), and reflects current best practices in GR+ML hybrid modeling. Score deductions arise primarily from (i) residual degeneracy risks between χ_eff-dependent selection effects and true collapse-threshold physics, which may be harder to break than implied even with hierarchical modeling, and (ii) the reliance on PN/EOB-informed mappings from χ_eff to merger angular momentum J, which are still approximate and could dilute the sharpness of the predicted boundary. While these are acknowledged, the proposal somewhat overstates identifiability given current catalog sizes."
"Neutron-star EOS stiffness determines the radial stratification ρ(r), pressure scale height H(r), and composition gradients that set the local Alfvén frequency spectrum ωA(r) and buoyancy coupling, which in turn control (a) the onset/saturation of Tayler-type non-axisymmetric instabilities and (b) the efficiency with which internal mixed poloidal–toroidal reconfiguration transmits (or fails to transmit) magnetic flux through the crust into the exterior. When the crust–magnetosphere matching is treated with an explicit, physics-based closure (elastic crust + resistive/Hall induction in the crust + resistive/force-free exterior), the resulting time-dependent external multipole content and effective dipole moment μeff(t) becomes a well-defined, gauge-invariant observable of the interior evolution rather than a tunable functional. We hypothesize that, at fixed accreted mass and spin, EOS-dependent stratification shifts the instability saturation into distinct regimes of μeff(t) amplitude and variability: (i) a “stable-channeling” regime with sufficiently persistent μeff(t) enabling coherent AMXP pulsations, (ii) a “variable-magnetosphere” regime with enhanced low-frequency μeff(t) fluctuations that elevate torque-noise/pulse-phase wander and modify disk truncation, and (iii) a “weak-external-field” endpoint after accretion/cooling that maps onto the RMSP dipole distribution. Because Hall drift and temperature-dependent resistivity introduce characteristic timescale/phase signatures that differ from pure EOS-driven changes (Hall: dispersive spectral transfer across ℓ; resistive: monotonic damping with known T scaling), jointly fitting μeff(t) statistics, truncation-radius variability, and radio/X-ray jet diagnostics can disentangle EOS stiffness from transport microphysics. The refined approach overcomes the reviewers’ identifiability concern by (1) replacing parameterized magnetosphere/jet closures with explicit crust-to-exterior matching that uniquely defines μeff(t), (2) including the leading non-ideal terms (Hall + η(T,Qi)) and crustal elasticity that control flux transmission during/after accretion, and (3) pre-registering sensitivity/degeneracy tests (Fisher/adjoint) that quantify which EOS density bands are constrained by which observables and under what sample size and systematic budgets.","Step 0 — Scope control and parameterization (pre-registered):
0.1 EOS parameterization (piecewise polytrope): Use a 3–4 segment piecewise-polytropic core joined to a fixed crust EOS. Inference parameters: {Γ1,Γ2,Γ3, ρ12,ρ23} (or equivalent pressure-at-fixed-density nodes), with hard priors enforcing thermodynamic stability and causality (0 < c_s^2 ≤ c^2) and Mmax ≥ 2 M⊙.
0.2 Transport/microphysics parameters (explicit, minimal but non-ideal):
  • Hall: include Hall term with electron number density ne(r) from the stratification; treat an uncertainty scale factor fHall multiplying ne (bounded prior) to represent composition/superconductivity uncertainty.
  • Resistivity: η(r,T)=η0(r;Qi) (T/T0)^α with α pre-set by dominant scattering regime; nuisance parameters: impurity parameter Qi (bounded) and normalization η0 scale factor fη.
  • Thermal evolution: a minimal, observable-informed T(t) model: outburst heating + exponential cooling with timescale τcool (nuisance, bounded by LMXB constraints), feeding η(T).
0.3 Crust elasticity (minimal coupling that matters for μeff): adopt a linear elastic crust with shear modulus μshear(ρ) and yielding threshold σbreak; implement as an elastic back-reaction on magnetic stresses at the crust (magneto-elastic induction), allowing plastic “slip” when σ>σbreak via a capped effective viscosity (one nuisance parameter controlling slip rate).
0.4 Observational nuisance set (explicit): distance d, inclination i, beaming factor bX (pulsations), radio radiative efficiency εR, and accretion-rate red-noise parameters (amplitude Aṁ, spectral slope β) for torque/pulse-phase noise.

Step 1 — Replace parameterized closures with an explicit, validated interior→exterior mapping:
1.1 Forward model domains (3-region coupling):
  (I) Interior + crust induction: evolve B with Hall+resistive induction on a fixed GR background (Cowling), using stratification from the EOS family.
  (II) Elastic crust: magneto-elastic coupling via stress balance at the crustal lattice; track shear strain energy and enforce yield criterion.
  (III) Exterior magnetosphere: solve axisymmetric+non-axisymmetric (low-m) resistive force-free electrodynamics (RFFE) or force-free with a thin resistive layer at the surface.
1.2 Boundary conditions at the stellar surface (explicit): enforce continuity of normal B and tangential E; allow surface currents consistent with the crustal electric field from Hall+η. This defines the exterior solution uniquely; μeff(t) is extracted from the asymptotic ℓ=1 component of the exterior field (spherical-harmonic decomposition) at r ≫ R.
1.3 Disk truncation and pulsation condition without free functionals:
  • Compute magnetospheric pressure balance using the exterior field solution at the equatorial plane: rm(t) from B_ext(r,θ=π/2,t) via standard balance with ṁ(t). No free “magnetization functional”; only nuisance accretion noise model.
  • Pulsation visibility model: pulse fraction/harmonics predicted from channeling geometry using rm/R and μeff(t) plus inclination i and spot-colatitude (spot geometry nuisance with bounded prior). Coherence loss predicted from time variability in μeff(t) and rm(t) convolved with ṁ red-noise.
1.4 Jet proxy grounded in magnetosphere: use open magnetic flux Φopen(t) from the force-free solution and estimate jet power scaling Pjet ∝ Φopen^2 Ω^2 (with a single radiative efficiency εR nuisance). This ties radio-loudness to a physically computed exterior quantity rather than a flexible closure.
1.5 Validation of μeff(t) as non-artifact dominated:
  • Gauge tests: compute μeff(t) from multiple extraction radii and from vector-potential vs field-based harmonic extraction; require <3% discrepancy.
  • Boundary robustness: vary surface resistive-layer thickness and numerical resolution; require μeff(t) spectra stable within tolerance.

Step 2 — High-fidelity simulation library with non-ideal effects and controlled accretion forcing:
2.1 Design of experiments (DoE): Latin hypercube over {EOS params} × {Qi,fη,fHall,σbreak} × {initial poloidal fraction, total B energy, rotation rate fixed to AMXP-like spins}.
2.2 Accretion forcing model (minimal but explicit): represent accretion as time-dependent surface mass loading and equatorial compression that modifies outer boundary conditions for induction (flux burial tendency) while keeping total accreted mass ΔM fixed per run; drive ṁ(t) with red-noise (Aṁ,β) matched to observed LMXB variability.
2.3 Outputs stored per run (for inference and identifiability):
  • μeff(t) time series and power spectrum Sμ(f)
  • Φopen(t), rm(t), torque N(t)
  • Mode content of internal B (m-spectrum) and toroidal fraction Etor/Eb
  • Crustal strain energy and yield events (predicting intermittency)

Step 3 — Reduced-order model (ROM) and adjoint-ready operator with hard constraints:
3.1 Structure-preserving ROM for magneto-thermal induction (Hall+η):
  • State vector: coefficients of divergence-free basis for B (constructed from vector potential A with constrained POD) + low-dimensional temperature state T(t).
  • Integrator: energy-stable IMEX scheme (implicit resistive term, explicit Hall term) preserving ∇·B=0 by construction.
  • Non-axisymmetric content: retain explicit low-m subspace (m=1–4) to capture Tayler-dominated structure; enforce selection-rule tracking (e.g., m=2 growth) via basis design.
3.2 Coupled exterior fast-solver surrogate: train a constrained surrogate mapping surface B and E to {μeff,Φopen} using a reduced force-free solver basis, but benchmark against full RFFE solutions; enforce Maxwell constraints at the boundary.
3.3 Discrete adjoint: implement adjoints for the ROM + exterior surrogate to compute ∂(log L)/∂(EOS params) and ∂/∂(nuisance) efficiently.
3.4 Success tolerance targets (pre-registered): ROM must reproduce held-out high-fidelity runs to
  • onset time of instability within 10%
  • μeff(t) RMS within 10% and dominant spectral slope within Δα=0.2
  • Φopen(t) mean within 15%

Step 4 — Observational likelihoods tied to explicit forward quantities:
4.1 AMXP timing likelihood:
  • Data: pulse fraction vs LX, harmonic ratios, phase residuals; torque-noise spectra when available.
  • Model: generate synthetic pulse trains using μeff(t), rm(t), i, spot geometry; compare via summary statistics (coherence time, phase-noise PSD, luminosity dependence of pulse fraction).
4.2 Radio/X-ray jet likelihood:
  • Data: quasi-simultaneous radio fluxes/spectra and X-ray luminosities; include radio-bright AMXPs (e.g., IGR J17591-2342-like leverage points).
  • Model: predict radio luminosity LR(t)=εR Pjet(t) with absorption/distance nuisance; compare via radio/X-ray plane trajectories and spectral index constraints.
4.3 RMSP endpoint likelihood:
  • Data: P, Pdot (Shklovskii-corrected), binary parameters.
  • Model: evolve post-accretion cooling T(t) and induction to late times to predict distribution of μeff,late; compare to inferred dipole moments with selection modeling (radio detectability vs B,P).
4.4 Companion information integration (bounded, not full population synthesis): use companion type to set priors on duty cycle and ṁ noise hyperparameters (Aṁ,β, τcool ranges), not to forward-evolve binaries.

Step 5 — Formal identifiability and degeneracy control (mandatory):
5.1 Fisher/adjoint sensitivity matrices: compute Sij=∂Oi/∂θj for observables O={Sμ(f) slopes/amplitudes, rm variability metrics, LR/LX trends, RMSP μlate} and parameters θ={EOS nodes, Qi,fη,fHall,σbreak,d,i,bX,εR,Aṁ,β}. Provide density-band attribution by mapping EOS perturbations to changes in ρ(r) regions that dominate ωA(r) and Hall timescale.
5.2 Null and alternative models (pre-registered):
  • Null A (fixed EOS, flexible emission/jet): allow εR,bX,spot geometry, Aṁ,β to vary; test whether it can reproduce joint AMXP+radio+RMSP constraints without changing EOS.
  • Null B (ideal-MHD only): remove Hall+η(T); demonstrate misfit to observed variability timescales or required μeff(t) spectra.
  • Alternative microphysics correlation test: allow Qi to correlate with EOS stiffness; quantify posterior degeneracy and show which observables break it (e.g., Hall-driven spectral transfer vs EOS-driven ωA shifts).
5.3 Sample-size requirement: perform simulation-based power analysis (synthetic catalogs) to determine Nsystems needed to constrain at least one EOS stiffness combination at target precision (e.g., 1σ width on pressure node P(2–3ρsat) < 30%), under realistic nuisance/systematic priors.

Step 6 — Deliverables and decision gates:
6.1 Gate 1 (forward-model credibility): demonstrate μeff(t) extraction robustness and ROM fidelity on held-out runs meeting tolerance targets.
6.2 Gate 2 (identifiability): pass null-model rejection on synthetic data at ≥95% (EOS-varying model preferred over fixed-EOS flexible-closure) and show at least one EOS density band is practically identifiable (condition number threshold on Fisher matrix).
6.3 Gate 3 (real-data pilot): apply to a small, high-quality subset (AMXPs with good timing + at least one radio-bright case + a matched RMSP set) and report whether EOS posteriors are informative or remain prior-dominated; if prior-dominated, report as falsification/limitation rather than overfitting closures.","Addresses critique (i) closure/μeff mapping: The revised plan replaces free “magnetosphere/jet functionals” with an explicit, matched model: Hall+resistive induction in the crust provides surface E and B; a resistive/force-free exterior computes the open flux and the ℓ=1 multipole, defining μeff(t) uniquely and allowing gauge/boundary artifact tests (multi-radius extraction, resistive-layer thickness variation). Disk truncation rm(t) is computed directly from the exterior field rather than assumed.

Addresses critique (ii) microphysics confounding: Hall drift and η(T,Qi) are included as leading non-ideal terms with bounded nuisance parameters, plus a minimal thermal model informed by outburst/cooling. This allows explicit degeneracy tests between EOS stiffness and transport (including correlated priors), rather than collapsing them into an uncontrolled “conductivity proxy.” Crustal elasticity/yield provides a physically motivated intermittency channel that can imprint distinct features in μeff(t) spectra, aiding separation from EOS effects.

Addresses critique (iii) inference-grade fidelity: High-fidelity runs include the necessary non-ideal physics and explicit surface-to-magnetosphere matching, targeting the actual quantity used in inference (μeff and Φopen). The ROM is constrained (∇·B=0 by construction; IMEX stability; low-m content retained) and benchmarked with pre-registered tolerances, making it suitable for adjoint-based inversion.

Addresses critique (iv) observational systematics and identifiability: The plan introduces a formal Fisher/adjoint sensitivity program, explicit nuisance parameters (d,i,beaming, εR, ṁ red-noise), and null models that allow closures to vary while EOS is held fixed. This directly tests whether EOS information is genuinely required by the joint dataset. Sample-size requirements are pre-registered via simulation-based power analyses, and success metrics are quantitative (ROM errors, null rejection, identifiable density band). Radio-bright AMXPs (as in the empirical class exemplified by unusually radio-luminous accreting millisecond pulsars) provide leverage on Φopen-based jet power, while Tayler-driven non-axisymmetric evolution (supported by polytropic-instability simulations) provides a concrete internal mechanism whose observable imprint is μeff(t) variability and mode content.

Concept-chain coherence (LMXB→AMXP→RMSP): The same interior-to-exterior operator predicts (a) when magnetospheric channeling yields AMXP pulsations, (b) when open flux yields radio-loud compact jets during outburst, and (c) the late-time dipole distribution observed in RMSPs after accretion ends. Companion information is used only to constrain accretion/cooling priors, avoiding full population evolution while remaining physically grounded.","This is an unusually sophisticated and technically mature proposal that directly confronts prior identifiability criticisms rather than deflecting them. The engineering plan is detailed and largely credible, especially the explicit interior-to-exterior matching, μ_eff(t) extraction tests, and pre-registered ROM fidelity tolerances. The logical chain linking EOS-dependent stratification to Alfvén spectra, Tayler instability saturation, and observable magnetospheric variability is physically well motivated, though it remains contingent on the assumption that low-m non-axisymmetric evolution survives the combined effects of accretion forcing and crustal yielding at amplitudes detectable in current AMXP datasets. Evidence grounding is strong: the proposal stays within neutron-star MHD, crustal physics, and observational timing/radio diagnostics without conceptual drift. Minor deductions arise from the ambitious scope: the force-free exterior plus non-axisymmetric Hall-MHD coupling and elastic yielding may push computational feasibility and calibration risk, and the jet proxy (P_jet ∝ Φ_open^2 Ω^2) remains an approximate scaling rather than a first-principles jet solution. Overall, however, the rationale is deep, original, and directly addresses a known bottleneck in EOS inference from accreting millisecond systems."
"We hypothesize that neutron-star radius constraints from binary neutron-star (BNS) mergers can be measurably sharpened (quantified as a reduction in the 68% credible interval width ΔR68 for R1.4) by a coherent joint framework that (i) uses inspiral information (chirp mass and tidal deformability) and (ii) adds post-merger remnant/disk information that is sensitive to EOS stiffness, while (iii) maintaining mathematical well-posedness by fixing a parameterized finite-temperature EOS per simulation (rather than enforcing any on-the-fly EOS projection during GRMHD evolution). The key mechanism is not a deterministic map Λ→Mdisk, but a statistically calibratable dependence of post-merger outcomes on a small set of stiffness proxies that simultaneously control (a) the inspiral tidal response (Λ, k2) and (b) the threshold for prompt collapse and the amount of angular momentum available to circularize into a torus. Concretely, for fixed binary intrinsic parameters (Mchirp, q, spins), EOS parameters shift the remnant’s maximum supported mass and compactness, thereby shifting the prompt-collapse boundary and the distribution of disk mass. Even when microphysics (neutrino cooling, turbulent angular-momentum transport, magnetic-field amplification) adds scatter, the prompt-collapse/no-collapse classification and the disk/ejecta mass scale retain informative, monotonic trends with EOS stiffness proxies that correlate with R1.4. By explicitly modeling this scatter via simulation-calibrated discrepancy terms within a hierarchical Bayesian inference, and by emulating the simulation outputs with reduced-order surrogates (rather than altering PDE closure), we can robustly propagate inspiral constraints (Λ and masses) to radius while marginalizing astrophysical and numerical systematics, yielding tighter and defensible EOS/radius posteriors than inspiral-only analyses.","Step 1 — Define a mathematically well-posed finite-temperature EOS family (fixed parameters per run):
1.1 Parameterize the cold EOS with a piecewise-polytrope (PP) or spectral representation consistent with chiral EFT at low density, joined at fixed transition densities (e.g., {ρ1,ρ2,ρ3} in units of ρsat) with free polytropic indices/pressures {Γi or Pi}. Impose hard constraints: causality (cs≤c), thermodynamic stability (∂p/∂ρ>0), maximum mass Mmax≥2.0 M⊙ (to accommodate heavy pulsars), and continuity of p(ρ) and ε(ρ).
1.2 Extend to finite temperature using a standard additive thermal component with fixed Γth per simulation, p(ρ,ε)=pcold(ρ)+pth where pth=(Γth−1)ρ(ε−εcold(ρ)). Treat Γth as a calibrated nuisance hyperparameter (or a small discrete set, e.g., 1.5–2.0) rather than changing it dynamically.
1.3 Include composition/electron fraction in a controlled way: adopt a minimal Ye(ρ,T) prescription (e.g., beta-equilibrium for the cold part plus an approximate neutrino-leakage-based evolution during merger), and introduce a small number of “microphysics knobs” per simulation (e.g., neutrino leakage strength scaling fν and effective viscosity/alpha parameter αvisc) to capture uncertainty in cooling and angular-momentum transport.
1.4 For each EOS draw, compute TOV sequences and tidal deformabilities: M–R curve, Λ(M), k2(M), and derived proxies (R1.4, Λ1.4, compactness C1.4). Calibrate priors with multimessenger constraints including NICER J0740+6620 radii and GW constraints; maintain separate PP and speed-of-sound-informed priors at the level of EOS sampling (as in Asset 1), but always compile to the fixed finite-T closure above per simulation.

Step 2 — Design of experiments (DoE) and simulation campaign with explicit runtime budget:
2.1 Define intrinsic binary parameter space: sample (Mchirp, q) centered on observed BNS distributions; include aligned spins with |χ| up to a conservative BNS prior (e.g., 0–0.05 for typical systems; optionally extend to 0.1 for robustness). Use a Latin hypercube design over {EOS parameters, Mchirp, q, χ1, χ2, Γth, fν, αvisc}.
2.2 Simulation tiers to manage cost:
  Tier A (exploratory): GRHD + approximate thermal EOS + leakage (coarser resolution) to map prompt-collapse boundary and rough disk-mass scaling across a broad EOS set.
  Tier B (production): higher-resolution GRMHD with neutrino leakage (or M1 if available) on a reduced set chosen by active learning to resolve the Λ–outcome gradients; include MRI-aware resolution targets.
  Tier C (validation): a small “gold set” of EOS/binaries run with (i) higher resolution, (ii) alternative neutrino treatment (leakage vs M1), and (iii) at least one independent code for cross-code comparison.
2.3 Runtime budget specification (proposal-level): commit to N_A ~ O(50–100) Tier-A runs, N_B ~ O(20–40) Tier-B runs, and N_C ~ O(6–12) Tier-C runs, with wall-clock estimates per run based on available allocation; adjust N adaptively using surrogate-driven acquisition (Step 3.3).

Step 3 — Extract robust post-merger targets and build reduced-order surrogates for outputs (not for EOS closure):
3.1 Define simulation outputs y with direct physical meaning and observable connections:
  y1: prompt-collapse indicator (binary classification) and collapse time tcoll (if delayed collapse).
  y2: disk/torus baryonic mass Mdisk at a standard post-merger time (e.g., 10–20 ms after merger or after BH formation).
  y3: dynamical ejecta mass Mej,dyn and characteristic velocity vej (where reliably extracted).
  y4 (optional): remnant lifetime category (HMNS/SMNS/BH) and GW post-merger spectral proxy if within bandwidth assumptions.
3.2 Build emulators/surrogates y≈S(x) with x={Mchirp,q,χ1,χ2,EOS params,Γth,fν,αvisc}. Use Gaussian-process regression or neural surrogates with uncertainty quantification; for the collapse classifier use probabilistic classification (e.g., GP classification).
3.3 Include a model-discrepancy layer: represent unresolved physics and numerical error by additive and/or multiplicative discrepancy terms δy with hyperpriors informed by Tier-C cross-code/resolution comparisons (Step 5). This is central: the surrogate returns both mean predictions and predictive uncertainty that is carried into inference.
3.4 Active learning loop: iteratively add Tier-B simulations where surrogate uncertainty is highest in regions supported by GW posteriors (focusing compute where it most impacts ΔR68).

Step 4 — Hierarchical Bayesian inference combining inspiral and post-merger information with explicit nuisance/systematics:
4.1 Inspiral likelihood: use GW posterior samples or likelihood approximants for (Mchirp,q,χeff,Λ̃) with known measurement properties (Asset 2 indicates chirp-mass bias is negligible at ~10−3 M⊙; incorporate this as a tight calibration prior).
4.2 Post-merger “torus observables” and likelihood models (two realistic entry points):
  (A) Kilonova-informed ejecta/disk scale: use EM-inferred ejecta mass and velocity (from light-curve fits) with a systematic prior capturing radiative-transfer/opacity/viewing-angle uncertainty; map to disk mass via a phenomenological relation with nuisance parameters (e.g., fraction of disk unbound fw with wide prior). Likelihood: p(EM data | Mej,vej,fw,κ,θview,…) × p(Mej,vej | x, δy).
  (B) Collapse/no-collapse constraints: if a short-lived remnant is inferred (or if prompt-collapse is disfavored) from EM/GW considerations, encode as a likelihood on y1/tcoll with conservative classification error.
4.3 Full hierarchical model:
  p(EOS params, microphysics | GW, EM) ∝ p(GW | Mchirp,q,χ,Λ̃(EOS)) × p(EM | S(x)+δy, nuisance) × p(EOS params | nuclear+NICER priors) × p(microphysics,nuisance) × p(δy hyperparams).
4.4 Output target: posterior on R1.4 and R(M) at relevant masses, plus Bayes factors for EOS stiffness classes. Primary metric: reduction in ΔR68(R1.4) relative to inspiral-only baseline under identical priors.

Step 5 — Validation and robustness program (explicitly addressing numerical/microphysics sensitivity):
5.1 Resolution/MRI criteria: demonstrate convergence of Mdisk and tcoll with at least two resolutions; for GRMHD runs, report standard MRI resolvability metrics (e.g., quality factors Qθ,Qφ) in the disk and show whether results are in the asymptotic regime or incorporate a calibrated αvisc nuisance when not.
5.2 Neutrino treatment sensitivity: on the Tier-C set, compare leakage vs (if feasible) M1 transport impact on Mdisk, Ye-sensitive ejecta, and collapse time; encode differences into discrepancy hyperpriors.
5.3 Cross-code comparison: run the Tier-C set with an independent NR/GRMHD code or an established community benchmark configuration; quantify inter-code scatter in y and propagate as δy.
5.4 External consistency checks: verify that inferred R1.4 posteriors are consistent with NICER J0740+6620-informed constraints and with GW170817/GW190425 bounds (Asset 1), and test posterior predictive checks on EM observables.

Step 6 — Deliverables:
6.1 Publicly documented EOS parameterization and prior constraints (including causality and Mmax filters).
6.2 A validated surrogate package S(x) with uncertainty quantification and discrepancy calibration.
6.3 An end-to-end inference pipeline producing radius posteriors with transparent systematics and the ΔR68 improvement metric.","Well-posedness and thermodynamic consistency: The closure is a standard parameterized finite-T EOS (cold PP/spectral + thermal Γth), with parameters fixed per simulation. This avoids ill-posed “on-the-fly projection” that could violate the first law or alter characteristic structure during evolution. Causality/stability are enforced at the EOS construction stage, and TOV/Λ consistency is guaranteed by design.

Mechanistic plausibility without overstated determinism: The proposal does not assume Λ uniquely determines the torus mass. Instead, it treats post-merger outcomes (prompt-collapse boundary, disk mass) as noisy but informative functions of intrinsic binary parameters and EOS stiffness proxies that also control R1.4/Λ. This is consistent with the empirical picture that disk formation depends on mass ratio, total mass vs threshold mass, and angular momentum redistribution (Assets 3–4), while inspiral Λ provides complementary stiffness information (Asset 1).

Realistic observables and explicit systematics: The incorporated post-merger constraints are limited to observables with plausible near-term access—kilonova-inferred ejecta properties and coarse collapse/no-collapse information—paired with conservative likelihoods and nuisance parameters (opacity/viewing angle/jet physics; disk-to-ejecta conversion). Model discrepancy is not hand-waved: it is encoded as hyperparameters calibrated by resolution studies, neutrino-treatment comparisons, and cross-code scatter, then marginalized in the hierarchical inference.

Computational credibility: The compute plan is explicitly tiered and DoE-driven (Latin hypercube + active learning). Reduced-order surrogates accelerate inference by emulating simulation outputs rather than modifying PDE closures, matching established practice and directly addressing reviewer concerns about cost and numerical ill-posedness.

Validation to reviewer standards: A concrete robustness program is included—resolution/MRI quality metrics, microphysics sensitivity (leakage vs M1 where feasible), and cross-code comparisons on a gold set—so that the learned Λ–post-merger correlations are demonstrably not artifacts of numerics or a single microphysics choice.

Quantified success criterion: The proposal commits to a primary performance metric (ΔR68 reduction for R1.4 relative to inspiral-only) and will report posterior predictive checks and calibration diagnostics to demonstrate that any radius improvement is statistically supported rather than driven by unmodeled systematics.","This is a technically mature and unusually well-scaffolded proposal. The engineering plan is credible, tiered, and explicitly cost-aware, and the insistence on mathematical well-posedness (fixed EOS closure, no on-the-fly projection) directly addresses a known failure mode in post-merger inference. The logical chain from EOS stiffness → threshold mass/prompt collapse → disk mass → EM observables → improved radius posteriors is articulated with appropriate caution and explicit stochastic modeling rather than unjustified determinism. Minor score deductions arise from residual risk: (i) the assumed monotonicity of disk-mass and collapse indicators with stiffness proxies may be partially obscured by angular-momentum transport and neutrino physics even after discrepancy modeling, and (ii) the achievable ΔR68 improvement is not forecast with quantitative mock-data studies, leaving some uncertainty about effect size under realistic EM errors."
"Fast neutrino flavor conversions (FFCs) in post–neutron-star-merger disks produce a *direction-dependent* suppression of effective charged-current νe (and/or enhancement of ̅νe) absorption that shifts the freeze-out electron fraction Ye in disk-wind ejecta in a way that is not reproducible by composition-independent opacity/heating rescalings. The key mechanism is that ELN-crossing–triggered flavor equilibration acts *only* in regions where the reconstructed electron-lepton-number angular distribution G(μ)≡fνe(μ)−f̅νe(μ) changes sign; this produces a latitude-dependent Ye redistribution (high-latitude outflows become more neutron rich than predicted by flavor-blind M1), yielding (i) a more strongly bimodal lanthanide fraction between polar and equatorial ejecta components, (ii) a constrained change in actinide/lanthanide heating partition (including fission recycling contributions), and (iii) an observable, time-localized signature in AT 2023vfi’s multi-band color evolution and late-time IR slope that survives marginalization over ejecta mass/velocity morphology.

We overcome the reviewers’ identifiability and well-posedness concerns by replacing the previously vague “geometry proxies + learned correction” with a mathematically explicit, realizable *ELN-reconstruction-and-closure pipeline* that (a) reconstructs a provably positive angular distribution consistent with the first two moments, (b) derives a sufficient (and, in a defined class, necessary) ELN-crossing criterion from those reconstructed distributions plus controlled uncertainty bounds, and (c) modifies interaction rates—not the transport hyperbolic structure—through a lepton-number–conserving source-term map calibrated to Boltzmann/Monte Carlo snapshots with known angular ELN structure. The closure is thus engineering-resolved: transport remains a standard realizable M1 system (guaranteeing hyperbolicity/causality), while flavor physics enters through a constrained, calibration-anchored mapping from moments → ELN crossing probability → rate modifiers → Ye evolution → r-process yields → kilonova observables.","Step 0 (Pre-registration and scope lock):
0.1 Pre-register (before inference) the exact flavor-aware parameterization, the minimal set of “flavor-unique” observables, and the degeneracy tests (SBC/PPC) described in Step 4. Freeze all prior families (not hyperparameters) to prevent Bayes-factor drift.

Step 1 (AT 2023vfi observational dataset and forward-model targets):
1.1 Assemble AT 2023vfi photometry and spectra (including JWST if available) and homogenize to a forward-modeling data vector D={Fν(tk), colors Cij(tk), selected spectral pseudo-EWs / continuum slopes}. Define three pre-registered summary observables that we will treat as “flavor-unique targets”:
  O1: time of maximum of near-IR color index (e.g., (F200W−F444W) or closest bands) relative to bolometric peak (Δtcolor),
  O2: curvature (“kink statistic”) in color evolution during days ~3–10 (second-derivative sign change in a spline fit with fixed knots),
  O3: late-time (>10–15 d) IR spectral slope / effective temperature decay index, which is sensitive to heating partition and thermalization.
(These are chosen because pure morphology changes mainly shift diffusion times and peak luminosity, whereas a latitude-dependent Ye bimodality changes the time-evolving effective opacity and heating in a way that produces identifiable curvature and late-time slope changes.)

1.2 Build an ejecta background ensemble anchored to NR-informed priors: dynamical ejecta + disk wind with parameters θejecta={Mej,dyn, vej,dyn, Ye,dyn, Mej,wind, vej,wind, s_wind, geometry angles}. Constrain to match empirical lanthanide-rich mass scale (~0.02 M⊙ as suggested by AT 2023vfi modeling) and velocity ranges consistent with KN phenomenology.

Step 2 (Mathematically explicit ELN angular reconstruction from moments and crossing conditions):
We do not attempt to infer the full energy-angle distribution from moments; instead we reconstruct an *effective angular ELN distribution* G(μ) from νe and ̅νe moments using a realizable maximum-entropy (ME) ansatz with uncertainty bounds.

2.1 Input moments (per species) from M1 state: energy density E, flux vector F, and (optionally) number density N if tracked; otherwise use a spectral closure (Step 3.2) to map E↔N.
Define flux factor f≡|F|/E and μ as cosine w.r.t. local flux direction.

2.2 Reconstruct positive angular distributions via the ME/Minerbo family (realizable by construction):
For each species s∈{νe,̅νe}, define
  f_s(μ) = A_s exp( B_s μ ),   μ∈[−1,1]
with A_s, B_s chosen such that
  E_s ∝ ∫_{−1}^{1} f_s(μ) dμ,
  F_s ∝ ∫_{−1}^{1} μ f_s(μ) dμ.
This yields a unique mapping between (E_s,F_s) and (A_s,B_s) for 0≤f_s<1, and guarantees f_s(μ)≥0 (realizability/positivity).

2.3 Define the reconstructed ELN angular distribution:
  G(μ) = f_{νe}(μ) − f_{\barνe}(μ).
Crossing exists if ∃ μ such that G(μ)=0 with sign change.

2.4 Sufficient/forbidden crossing conditions from moments (guarantee logic):
Let r(μ)≡f_{νe}(μ)/f_{\barνe}(μ) = (A_{νe}/A_{\barνe}) exp[(B_{νe}−B_{\barνe})μ].
Because r(μ) is monotone in μ, any crossing of G(μ) can occur at most once in μ for this class.
A crossing exists iff min_μ r(μ) ≤ 1 ≤ max_μ r(μ).
Since μ∈[−1,1], this is equivalent to:
  r(−1) ≤ 1 ≤ r(+1)   or   r(+1) ≤ 1 ≤ r(−1).
We compute r(±1) explicitly from (A_s,B_s) and thus from moments. Therefore, within the ME class, the moment set provides a *necessary and sufficient* crossing test.

2.5 Robustness to reconstruction error (uncertainty bounds):
We bracket the ME reconstruction by a two-parameter “tilted ME” family that preserves positivity:
  f_s(μ) = A_s exp(B_s μ + C_s μ^2), with C_s ∈ [Cmin,Cmax] chosen so that the implied Eddington factor χ stays within the realizable interval (Minerbo bounds). This generates an interval for r(±1) and thus a crossing probability p_cross∈[0,1]. We propagate p_cross into rate modifiers (Step 3) so that classification uncertainty becomes a quantified model component rather than an uncontrolled misclassification risk.

Step 3 (Explicit flavor-to-rate map with detailed balance and energy dependence):
We treat FFCs as rapid compared to weak interaction times in identified p_cross>0 regions, driving partial flavor equilibration. We compress the linear stability outputs into a bounded, calibration-anchored suppression factor acting on charged-current rates.

3.1 Linear fast-limit stability module (offline):
For each local state x={ρ,T,Ye,Eνe,Fνe,E\barνe,F\barνe, (optional) spectral temperatures Tνe,T\barνe }, compute the fast-mode growth rate κ_fast from the dispersion relation in the “fast” QKE limit using the reconstructed G(μ) as the angular input. Output diagnostics:
  (i) p_cross(x) from Step 2,
  (ii) κ_fast(x),
  (iii) a mixing efficiency proxy m(x)=1−exp[−α κ_fast τ_adv], where τ_adv is a local advection/expansion timescale from the outflow model and α is a calibration constant.

3.2 Energy dependence and spectra marginalization:
Adopt a pinched-spectrum parameterization for each species with parameters (⟨εν⟩,α_pin) and enforce consistency between E and number density N (if N not evolved) via:
  N_s = E_s / ⟨εν⟩_s.
We marginalize energy dependence of absorption by evaluating energy-weighted cross sections ⟨σ(ε)⟩ over the pinched spectra (pre-tabulated), so the rate map depends on (E_s,F_s,⟨εν⟩_s,α_pin).

3.3 Rate-modifier functional form (bounded + detailed-balance consistent):
Define baseline charged-current absorption/emission rates λ^{0}_{νe n→pe−}, λ^{0}_{\barνe p→ne+} from standard microphysics using the local spectra.
We apply flavor via multiplicative modifiers:
  λ_{νe} = λ^{0}_{νe} [1 − S(x)],
  λ_{\barνe} = λ^{0}_{\barνe} [1 + \bar S(x)]
with
  S(x) = s_max · p_cross(x) · m(x),
  \bar S(x) = \bar s_max · p_cross(x) · m(x),
and bounds 0≤S≤s_max<1, 0≤\bar S≤\bar s_max set by calibration.

Detailed balance constraint: we enforce that the modified net source terms satisfy equilibrium at the same chemical potentials when p_cross→0, and we do not modify neutral-current processes. In practice, we implement modification at the level of effective νe and ̅νe occupation numbers entering both absorption and emission kernels so that Kirchhoff’s law holds; the multiplicative form above is the summary, while the implementation modifies both forward/backward kernels consistently.

3.4 Lepton-number conservation in the coupled source terms:
Update Ye through
  dYe/dt = (Γ_{νe} − Γ_{\barνe}) / n_b,
with Γ computed from modified rates. Enforce discrete conservation by updating matter and neutrino moments with equal-and-opposite lepton-number exchange in the operator-split source step (to solver tolerance). This is an algorithmic constraint checked in Step 5.

3.5 Transport/closure well-posedness (responding to hyperbolicity critique):
We keep the *transport closure* as standard realizable M1 (Minerbo Eddington tensor):
  P_ij = χ E n_i n_j + (1−χ)E δ_ij/2,
  χ=χ(f) in the Minerbo form.
Thus hyperbolicity/causality of the homogeneous moment system is unchanged (characteristic speeds bounded by c). Flavor enters only through source terms (rates), not through ΔP_ij. This directly resolves the “proof of characteristic-speed bounds for modified closure” requirement by construction.
(If the solicitation explicitly requires a ΔP_ij term, we include a *strictly realizable* anisotropy correction that preserves Minerbo bounds: define χ_eff = χ + δχ with δχ = ε_p p_cross m (1−χ) and clamp χ_eff to [1/3,1]. Then set ΔP_ij = (χ_eff−χ)E(n_i n_j−δ_ij/3). Realizability follows from χ_eff bounds; hyperbolicity is verified numerically via eigenvalue checks in Step 5. However, the default implementation avoids altering transport and modifies only rates.)

Step 4 (Inference design to control degeneracy and ensure identifiability):
4.1 Parameterization for inference:
Global parameters: θglobal={s_max,\bar s_max, α (mixing-timescale factor), spectral pinching priors, nuclear heating nuisance parameters within evaluated nuclear model spread}.
Ejecta parameters: θejecta with tight NR-informed priors and explicit geometry controls (opening angles, two-component mass partition).
Opacity/heating: use composition-dependent opacities from the r-process network; include a minimal thermalization-efficiency parameterization with priors from existing KN studies.

4.2 Degeneracy study plan (mandatory):
(i) Simulation-Based Calibration (SBC): generate mock datasets from known θ including both FFC-on and FFC-off; run full inference; verify rank statistics for s_max and α are uniform and that Bayes factor recovers ground truth.
(ii) Posterior Predictive Checks (PPC): evaluate whether the inferred model reproduces O1–O3 and full lightcurve residual structure; require that improvements are not confined to a single band/epoch.
(iii) Confounder ablations: repeat inference with (a) widened opacity priors, (b) alternative nuclear heating models (incl. actinide-fission variance), (c) flexible morphology (additional velocity component). The FFC Bayes factor must remain stable (pre-registered threshold) or the claim is rejected.

4.3 Model comparison:
Compute Z_on and Z_off evidences for FFC-on vs FFC-off with identical ejecta/opacity priors; report Bayes factor K=Z_on/Z_off with uncertainty from nested sampling diagnostics.

Step 5 (Controlled validation against known angular ELN structure; quantifying Ye-freeze-out error):
5.1 Controlled snapshot suite (mandatory anchor):
Commit to at least one controlled dataset of post-merger-disk neutrino transport solutions with available angular distributions (Boltzmann or Monte Carlo). If collaboration/data access is required, secure an MoU and list the dataset(s) explicitly in the management plan.

5.2 Closure/reconstruction validation metrics:
For each snapshot cell/trajectory:
  (i) Compare reconstructed f_s(μ) against the true angular distribution projected onto μ: quantify KL divergence and errors in sign structure of G(μ).
  (ii) Crossing classification: compute precision/recall for ELN crossing; also compute calibrated p_cross reliability diagrams.
  (iii) Ye freeze-out error: evolve a one-zone or trajectory-based outflow using (a) true angle-dependent rates from the snapshot and (b) moment-reconstructed + flavor-modified rates. Compare ΔYe at freeze-out and resulting lanthanide fraction X_La.
Acceptance criteria (pre-registered): median |ΔYe| below a set threshold (e.g., 0.02) for trajectories dominating mass outflow; quantify tail risk.

5.3 Numerical well-posedness and stiffness:
Verify (a) realizability: E≥0 and |F|≤E always; (b) causality: characteristic speeds from the homogeneous M1 system ≤c (already guaranteed) and, if χ_eff is used, numerically check eigenvalues across state-space; (c) source-term stability: implicit/IMEX integration for stiff weak rates with lepton-number conservation error <10^{-8} per step (or solver tolerance).

Step 6 (End-to-end production: outflow → network → radiative transfer → AT 2023vfi constraints):
6.1 Evolve axisymmetric disk-wind trajectories with the flavor-modified rates to produce Ye(θ), s(θ), τexp(θ).
6.2 Run a full r-process network including fission recycling and actinide production to produce abundances, heating rates, and opacities; explicitly track nuclides highlighted in AT 2023vfi-like modeling (e.g., 222Rn, 223–225Ra, 225Ac) as diagnostic outputs.
6.3 Radiative transfer: generate synthetic lightcurves/spectra; compute O1–O3 and full data likelihood for inference.

Step 7 (Falsification and EOS implications):
7.1 Falsification: if data prefer FFC-on, they must also prefer the predicted *latitude-induced bimodality* signature—tested by enforcing a single-Ye component (no angular variation) while allowing heating/opacity freedom. If Bayes factor collapses, the signal is not flavor-specific.
7.2 EOS/remnant lifetime coupling: propagate posterior shifts in required disk-wind mass and Ye distribution into constraints on remnant lifetime/EOS stiffness under priors consistent with causality and maximum NS mass; quantify how flavor-aware Ye changes inferred ejecta partition relative to flavor-blind models.","Addressing the four mandatory reviewer demands explicitly:

(1) Explicit realizable ELN reconstruction + crossing guarantees: We provide a concrete, positive maximum-entropy angular ansatz f_s(μ)=A_s exp(B_s μ) uniquely determined by (E_s,F_s). Within this class, an ELN crossing exists iff r(−1)≤1≤r(+1) (or vice versa), where r(μ)=fνe/f\barνe is monotone; this yields a necessary-and-sufficient crossing criterion, not an ad hoc “geometry proxy.” We further bracket reconstruction uncertainty with a strictly positive tilted family and propagate it as a crossing probability p_cross.

(2) Closure/ΔP_ij realizability, hyperbolicity, characteristic speeds: The proposal is re-engineered so that transport remains standard realizable M1 (Minerbo), which is known to be hyperbolic and causal (|characteristic speeds|≤c) under the usual realizability constraints E≥0 and |F|≤E. Flavor physics is injected through lepton-number–conserving source-term modifications to weak rates, avoiding unproven alterations of the hyperbolic flux Jacobian. If a ΔP_ij is required, we specify ΔP_ij=(χ_eff−χ)E(n_i n_j−δ_ij/3) with χ_eff clamped to [1/3,1], guaranteeing realizability; hyperbolicity is then verified by explicit eigenvalue checks across the sampled state space.

(3) Linear-stability compression into rate modifiers with energy dependence + calibration: We define the angular input to stability analysis as the reconstructed ELN distribution G(μ). We compute κ_fast in the fast limit and compress it into a bounded mixing efficiency m(x)=1−exp(−α κ_fast τ_adv). Rate modifiers are S(x)=s_max p_cross m and \bar S(x)=\bar s_max p_cross m, implemented at the kernel level to preserve detailed balance. Energy dependence is handled by pre-tabulated energy-averaged cross sections under a pinched-spectrum model, tying modifiers to spectral parameters rather than ignoring spectra. We calibrate (s_max,\bar s_max,α) against at least one controlled Boltzmann/MC snapshot suite with known angular distributions, and validate on Ye freeze-out errors, not merely crossing maps.

(4) Identifiability in AT 2023vfi inference: We pre-register a minimal “flavor-unique” observable set (O1–O3) designed to be sensitive to time-dependent opacity/heating changes from an angular Ye bimodality rather than to global diffusion-time shifts. We execute a rigorous degeneracy program: SBC to demonstrate recoverability of flavor parameters; PPC to ensure improvements are not band/epoch artifacts; and confounder ablations (widened opacity/heating/morphology priors) to demonstrate Bayes factors are not prior-driven. The falsification test (single-Ye forced) ensures that any claimed detection depends on the *geometry-dependent* Ye imprint central to the hypothesis.

Grounding in literature assets: Asset 2 motivates the physical directionality (latitude dependence) and mechanism (νe suppression → neutron-richer outflow) that our reconstructed ELN-crossing pipeline targets; Asset 1 provides the empirical anchor (AT 2023vfi/GRB 230307A similarity to AT 2017gfo, lanthanide-rich mass scale ~0.02 M⊙, and actinide-sensitive heating diagnostics) that makes the end-to-end inference and actinide-yield outputs observationally meaningful. The revised plan is therefore both mechanistically faithful and mathematically specified to the level required for correctness, calibration, and falsifiability.","This is an unusually detailed and technically mature proposal that directly addresses prior identifiability, realizability, and hyperbolicity objections. The ELN reconstruction and crossing logic are mathematically explicit and appropriately scoped to what moment data can support, and the decision to confine flavor effects to lepton-number–conserving source terms is logically sound and well justified. The inference design is disciplined (pre-registration, SBC, ablations) and shows a strong awareness of degeneracy risks. Minor weaknesses remain: (i) the maximum-entropy angular family, while realizable, is still a restrictive class and may underrepresent multi-lobed angular structure seen in some Boltzmann solutions; (ii) the compression of fast-mode dynamics into a single mixing-efficiency scalar m(x) risks washing out regime-dependent behavior unless the calibration dataset is sufficiently diverse; and (iii) the claim that O1–O3 are 'flavor-unique' is plausible but not rigorously proven beyond controlled ablations. These issues are limitations of scope rather than logical flaws."
"In the small subset of high-accretion LMXBs that occupy Z-source-like states yet still produce thermonuclear (type-I) bursts, a measurable, energy-dependent distortion of burst observables (hardness evolution, apparent emitting area/temperature tracks, and inter-band time lags) is produced by burst photons traversing a compact reprocessing layer located at the inner-disk wind base or circumbinary/excretion structure. The mechanism is explicitly time-dependent radiative transfer in a medium with Thomson optical depth τes ≲ 1 (to avoid erasing the burst rise), column NH ~ 10^22–10^24 cm−2, and density n ~ 10^12–10^14 cm−3, whose ionization parameter ξ(t)=L(t)/(nr^2) changes rapidly during the burst. During the rise, photoionization reduces low-energy opacity (soft X-rays ‘recover’), while Compton scattering induces a hard-tail redistribution and a path-length (arrival-time) distribution that generates measurable, energy-dependent lags at the ~10−4–10−1 s level depending on τes and radius r. 

This proposal addresses reviewer-identified limitations by (i) committing to a minimal, identifiable transfer model with an explicit time-delay kernel (a Green’s-function mixture over scattering order for a single-zone shell), (ii) pre-registering which data products break which degeneracies (time-resolved spectra constrain NH(t), ξ(t), kTe; lag spectra constrain τes and r through the delay kernel; external distance priors constrain intrinsic luminosity/area evolution; GR light bending is treated as a controlled systematic rather than a primary M/R lever), and (iii) narrowing the EOS deliverable: instead of claiming precise M/R constraints from Z-source bursts, we will quantify and reduce systematic bias in inferred burst energetics and radius-expansion (PRE) diagnostics (apparent radius, touchdown flux) induced by reprocessing. Where rotational waveform information exists (rare) or independent radius anchors are available, we will propagate the corrected burst observables to compactness posteriors; otherwise compactness enters as a weakly informative nuisance parameter with conservative priors.

The refined approach overcomes conventional phenomenological burst fitting limitations (e.g., blackbody + ad hoc varying NH) because it enforces: (1) photon-number conservation in scattering, (2) physically constrained energy redistribution (Klein–Nishina/thermal Compton kernel), (3) a causality-respecting time-delay kernel tied to geometry (r/c scaling and scattering order), and (4) rate-equation-limited ionization evolution, preventing arbitrarily fast opacity changes that can otherwise mimic area/temperature evolution. This converts burst hardness/lag signatures from ambiguous ‘spectral variability’ into a constrained inverse problem whose identifiability is pre-quantified via Fisher/SBC forecasts under NICER/Swift time resolution and counting statistics.","A. Sample lock + expected yield (pre-registered)
1) Target list (primary): known/suspected Z-like or high-luminosity dipping LMXBs with reported thermonuclear bursts and/or strong evidence of burst-like events, and with available high time-resolution soft X-ray data:
   - Primary bursters with rich public burst archives (controls and method validation): 4U 1636–536, 4U 1728–34, Aql X-1 (atoll; establishes baseline with minimal reprocessing).
   - High-inclination / dipping systems with strong variable scattering/absorption (reprocessing archetypes; some are not canonical Z but are the closest empirical analogs for the proposed mechanism): GX 13+1 (IXPE polarimetric asset; dipping + polarization swings), and additional dipping bursters identifiable from MINBAR/NICER archives.
   - Z-source candidates with bursts are rare; we will include any with confirmed type-I bursts during the NICER era (explicitly enumerated after a MINBAR cross-match and literature audit). The proposal’s population claim is limited to ‘high-accretion and/or dipping LMXBs’, with Z-track diagnostics used when applicable.
2) Data sources and burst counts:
   - Build an a priori burst inventory by cross-matching MINBAR + NICER burst catalogs + Swift/XRT trigger lists, producing: (i) number of bursts per source, (ii) peak count rates in NICER (0.3–10 keV) and Swift/XRT (0.5–10 keV), (iii) availability of pre-burst persistent segments, (iv) overlap with IXPE windows (if any). Deliverable: a table with expected usable bursts (S/N and time resolution constraints) and a ‘minimum viable dataset’ threshold: ≥30 high-S/N bursts across ≥3 sources, with ≥10 in reprocessing-prone states (dipping/high hardness).
3) Contingency if IXPE absent:
   - Polarimetry becomes optional; the primary constraints come from spectra + lag spectra. If IXPE is unavailable, we (i) tighten geometric priors using dipping depth/ingress-egress times and persistent spectral diagnostics, and (ii) focus the deliverable on bias correction of burst energetics rather than geometric reconstruction.

B. Minimal transfer model (explicit) and forward simulator
4) Geometry (minimal, reviewer-mandated): single-zone spherical or quasi-spherical shell covering fraction fc around the burst emission region at radius r, thickness Δr=ηr with η fixed (e.g., 0.1) in the minimal model. Parameters: {τes, NH, r, fc, kTe, vturb (optional broadening), baseline ion fractions}. Rationale: the shell provides an analytically tractable time-delay kernel and avoids non-identifiable multi-zone freedom.
5) Time-delay kernel (explicit Green’s-function mixture):
   - Observed photon arrival-time distribution is modeled as
     p(Δt|E,t)= (1−fc)δ(Δt) + fc * Σ_{m=0}^{mmax} Pm(τes) Gm(Δt; r, kTe)
     where m is scattering order, Pm(τes)=e^{−τes} τes^m / m! (Poisson in thin/moderate regime), and Gm is the path-length distribution for m scatterings in a shell. Minimal choice:
     - G0(Δt)=δ(Δt) (unscattered within covered fraction treated as absorbed-only channel)
     - For m≥1, approximate Δt as Gamma-distributed with mean ⟨Δt⟩m = m * (ℓ/c), variance m*(ℓ/c)^2, with ℓ ≡ (r/ max(1,τes)) as an effective step length; this reproduces (i) linear growth of mean delay with scattering order and (ii) broadening with m. This kernel is validated against Monte Carlo radiative transfer for τes ≤ 1; if τes drifts above 1 in fits, we switch to a diffusion-kernel approximation and flag rise-time washing constraints (see below).
6) Energy redistribution per scattering (minimal): thermal Compton kernel with electron temperature kTe (few keV–tens of keV), implemented as a precomputed response matrix K(E→E′;kTe) that enforces detailed balance and conserves photon number in the scattering channel. For τes ≤ 1, truncate at mmax ~ 5 is sufficient; energy redistribution is applied m times (convolutional operator).
7) Absorption + ionization kinetics (explicit ODE constraint):
   - Absorption optical depth τabs(E,t)=NH(t)*σpe(E, x_i(t)) where x_i are ionic fractions.
   - Ion fractions evolve via stiff ODEs: dx_i/dt = Ii(ξ(t),T) − Ri(n,T)*x_i with ξ(t)=L(t)/(n r^2). L(t) is the intrinsic burst luminosity from the emission model (not the observed one), ensuring causality and eliminating arbitrary opacity changes. Recombination coefficients and photoionization rates are tabulated (e.g., XSTAR/Cloudy grids) and interpolated.
8) Rise-time preservation constraint (feasibility guardrail): impose a hard prior that the transfer function cannot smear the rise beyond what is observed. Operationally: require the modeled convolved rise time t_rise,model(E) ≤ t_rise,obs(E)+Δt_instr, which strongly penalizes τes and r combinations that would ‘wash out’ sub-second rises.

C. Intrinsic burst emission + GR treatment (realistic scope)
9) Intrinsic spectral model: time-dependent color-corrected blackbody or atmosphere grid (if available), with parameters {T(t), A(t)} (apparent emitting area evolution) and optional PRE phases.
10) GR light bending mapping (Schwarzschild) is included as a controlled systematic, not the primary inference driver:
   - Use a standard light-bending prescription for a uniform surface (or hotspot only if burst oscillations are detected) to map emitted intensity to observed flux. Compactness u=2GM/(Rc^2) is assigned a conservative prior informed by known NS mass bounds; unless oscillations/waveform information exist, u is treated as weakly constrained and marginalized. Deliverable is bias reduction on A(t), PRE diagnostics, and energetics after correcting for reprocessing.

D. Identifiability package (mandatory): forecasts + parameter recovery
11) Detectability simulations (NICER/Swift time resolution):
   - Generate synthetic bursts (rise ~0.5–2 s, decay ~5–20 s) with instrument response and Poisson noise.
   - Scan grid: τes ∈ [0,1], r ∈ [3×10^6, 3×10^9] cm, NH ∈ [10^22,10^24] cm−2, n ∈ [10^12,10^14] cm−3, fc ∈ [0.1,1].
   - Compute predicted (i) lag-vs-energy spectra using cross-correlation/phase lags between 0.5–1 keV and 3–8 keV bands, (ii) time-resolved hardness tracks, (iii) spectral residual patterns relative to pure blackbody.
   - Produce detection contours: minimum burst peak counts and bin sizes needed to detect lags of 0.1 ms, 1 ms, 10 ms, 0.1 s at ≥3σ. Deliverable: a figure/table mapping (τes,r) to detectable lag for NICER-like count rates.
12) Formal degeneracy analysis:
   - Fisher matrix on summary statistics {time-resolved spectral parameters, lag spectrum coefficients, rise-time constraints} to quantify parameter correlations among {A(t) hyperparameters, distance D (with priors), τes, r, NH(t0), n, fc, kTe}.
   - Simulation-based calibration (SBC): draw θ from priors, simulate datasets, refit, and verify rank statistics; report where posteriors are biased or non-identifiable.
   - Pre-register identifiability claims:
     * Lag spectrum primarily constrains (τes, r) through mean delay scaling ~ (τes r)/c in thin/moderate regime.
     * Soft-band (≤2 keV) time-dependent curvature constrains NH(t) and ξ(t) (hence n r^2).
     * High-energy tail curvature constrains kTe and scattering fraction fc.
     * Distance D and intrinsic area A(t) remain degenerate with absolute luminosity; broken only with external D priors (e.g., globular cluster membership or Gaia for counterparts where possible) or PRE touchdown assumptions in control sources.
13) Benchmark inference engines (mandatory):
   - Baseline hierarchical Bayesian forward model (HBM): explicit physical simulator + standard MCMC/NUTS for per-burst parameters with hierarchical priors across bursts (state-dependent τes/NH allowed).
   - Normalizing flow (NF) is optional and will be adopted only if it demonstrably improves efficiency without changing posterior content:
     * Benchmark metric: wall-clock per effective sample size and posterior agreement (KL divergence / SBC ranks) versus HBM on synthetic and real bursts.
     * If NF used, it is restricted to amortizing the likelihood or proposing parameters; the final reported posteriors are validated against the HBM on a representative subset.

E. Analysis workflow on real data
14) Data reduction:
   - NICER: apply standard screening, background estimation, deadtime correction; generate sub-second light curves around rise; adaptive bins in tail with minimum counts per bin.
   - Swift/XRT: simultaneous time-resolved spectra where available; cross-calibration constants.
15) Joint fitting per burst:
   - Fit time-resolved spectra + lag spectra simultaneously with the minimal transfer model.
   - Perform posterior predictive checks on: rise profile preservation, lag-energy shape, and spectral curvature evolution.
16) State dependence / ‘Z-like’ linkage (appropriately narrowed):
   - For sources with Z-track diagnostics (hardness–intensity/CD position), test whether inferred τes, NH, fc correlate with track position or persistent hardness.
   - For dipping sources, test whether inferred τes/NH are consistent with dip depth and (if available) polarization degree/angle changes (Asset 1) as an external consistency check.

F. Deliverables (realistic EOS/physics impact)
17) Primary deliverable: quantify and correct systematic bias in inferred burst energetics and apparent radius evolution caused by reprocessing. Provide corrected distributions of (i) burst fluence, (ii) peak flux, (iii) PRE touchdown flux (where applicable), (iv) apparent emitting area tracks.
18) Secondary deliverable: constraints on reprocessing medium: τes, r, NH(t), n via ξ(t), and covering fraction fc, and their dependence on accretion state.
19) Conditional EOS deliverable (only when justified): if bursts with oscillations or independent radius anchors exist in the sample, propagate corrected observables into compactness constraints; otherwise report compactness-marginalized corrections and explicitly state that spectroscopy+transfer alone does not yield competitive M/R for Z sources.","1) Quantitative feasibility of lag/spectral signatures (addresses critique iii):
- Sub-second lags require compact radii. In the thin/moderate regime, the mean scattering delay scales approximately as ⟨Δt⟩ ~ (τes r)/c (up to O(1) geometric factors captured in the kernel). This implies:
  * r ~ 3×10^7 cm with τes~0.3 gives ⟨Δt⟩~0.3 ms;
  * r ~ 3×10^8 cm with τes~0.3 gives ⟨Δt⟩~3 ms;
  * r ~ 3×10^9 cm with τes~0.3 gives ⟨Δt⟩~30 ms.
These values are within NICER timing capability provided sufficient counts; the proposal therefore targets burst subsets with high peak count rates and uses frequency-domain lag estimation as well as time-domain CCF to optimize S/N.
- Rise-time washing sets an upper envelope on τes and r. Our hard rise-time preservation prior operationalizes this constraint, preventing the model from ‘explaining’ lags with optically thick diffusion that would contradict observed sharp rises.

2) Identifiability risk management (addresses critique i):
- We explicitly separate which observables constrain which parameter combinations and we will publish Fisher/SBC identifiability maps.
- Key degeneracy breaks:
  * (τes,r) are constrained by the lag kernel shape and scaling, largely independent of distance and intrinsic area.
  * (NH, ξ(t)) are constrained by soft-band curvature and its time evolution; the ODE kinetics prevent arbitrary NH(t) morphing.
  * (fc,kTe) are constrained by the relative strength/shape of the hard Comptonized component and the fraction of delayed photons.
- Remaining degeneracies (distance vs intrinsic area) are acknowledged and handled with external priors or by reporting distance-marginalized corrected observables. We do not claim that M/R is identifiable in generic Z-source bursts without oscillations.

3) Sample realism (addresses critique ii):
- The proposal no longer hinges on a large population of bona fide Z-source bursters. Instead, it targets a feasible dataset combining: (i) abundant atoll bursts for calibration and null tests, and (ii) a smaller set of high-accretion/dipping systems (including GX 13+1-like environments) where reprocessing is independently indicated (dips, hardness swings, polarization changes per Asset 1).
- A pre-study burst census (MINBAR+NICER+Swift) is an explicit first deliverable; success criteria are tied to ‘minimum viable dataset’ thresholds rather than optimistic population claims.

4) Method choice justification (addresses critique iv):
- A conventional hierarchical Bayesian forward model (HBM) is the baseline and will be used for final inference robustness.
- Normalizing flows are treated as an optional accelerator only after benchmarking; if they do not preserve calibrated posteriors (SBC), they will be dropped. This directly addresses concerns about unnecessary complexity and bias/variance obscuration.

5) EOS claim narrowing (addresses critique v):
- The revised claim is to reduce systematic error in burst-derived quantities (energetics, apparent radius/PRE diagnostics) by explicitly modeling reprocessing. Any EOS/compactness inference is conditional on the presence of additional information (oscillation waveforms or independent radius anchors). GR light bending is retained to ensure physically consistent mapping and to marginalize a known systematic, not to promise high-precision M/R from Z-source spectroscopy.

6) Grounding in literature assets (context chain coherence):
- Asset 1 motivates using dipping/polarization variability as an external indicator of scattering geometry and optical depth changes, supporting the existence of a variable reprocessing medium.
- Asset 2 motivates burst–persistent flux coupling and provides typical burst timescales/fluxes for detectability simulations.
- Asset 3 provides the GR light-bending mapping used to keep intrinsic emission physically consistent while remaining conservative about identifiability.
- Asset 4 motivates considering dense-cloud opacity and (optionally) pair processes, but we restrict pair opacity to a testable add-on only if the data require high-energy tails.

Overall, the revised project is structured as a defensible, simulation-validated inverse problem: minimal transfer physics + explicit delay kernel + formal identifiability forecasting + conservative claims tied to demonstrable data quality.","This is an unusually detailed and disciplined revision that directly addresses common weaknesses in burst-based inference. The engineering plan is strong: the minimal single-zone transfer model, explicit Green’s-function delay kernel, rise-time preservation prior, and identifiability forecasting together constitute a technically executable and testable framework. Logical consistency is high; the causal chain from burst photons through a marginally optically thin reprocessing layer to observable hardness and lag signatures is physically sound and quantitatively constrained. The proposal is appropriately conservative about EOS claims and correctly reframes the scientific payoff as systematic-bias correction rather than precision M/R inference. Minor weaknesses remain: (i) the assumed shell geometry and effective step-length prescription, while justified as minimal, may still bias inferred r if the true medium is strongly anisotropic (e.g., equatorial wind), and this risk is only partially explored; (ii) the feasibility of measuring sub-ms lags in burst rises under realistic NICER deadtime/background conditions could be stressed more quantitatively; and (iii) the ionization-kinetics treatment relies on precomputed grids whose validity under extreme, rapidly varying burst spectra may need validation. These are limitations of scope rather than conceptual flaws."
"Superheavy nuclides (Z≥104) synthesized in a subset of neutron-star-merger ejecta produce a measurable, falsifiable distortion in late-time kilonova heating that arises from transport—not from the instantaneous-local-thermalization approximation—because spontaneous-fission fragments inject energy in a high-dE/dx, high-rigidity charged-particle channel whose deposition depth and time-delay depend differently on expansion, ionization state, and magnetic trapping than the beta/gamma channels that dominate actinide-only scenarios. The key claim is not that nuclear uncertainties are bypassed, but that (i) for any physically allowed superheavy source term consistent with broad priors on half-lives/branching and fission fragment spectra, the mapping from ‘injected decay power’ to ‘deposited heat’ is constrained by first-principles charged-particle slowing-down and pitch-angle scattering in expanding, partially ionized plasma, yielding a restricted family of deposition kernels; and (ii) this family produces a distinctive, testable pattern in multi-band light curves and nebular-phase spectra: a late-time color/bolometric evolution that requires simultaneously (a) enhanced charged-particle deposition relative to gamma deposition and (b) a temporally non-local heat release (delayed deposition tail) that cannot be matched, after marginalization, by actinide-only decay plus standard uncertainties (opacity evolution, gamma escape, ejecta stratification) or by smooth central-engine injection. We will demonstrate identifiability via Bayesian model comparison on synthetic and real datasets, explicitly propagating superheavy nuclear-input uncertainty through a kernel-operator formalism coupled to multi-D radiative transfer without double counting.","Step 1 — Ejecta ensemble (astrophysical state space, controlled):
1.1 Build a physically constrained ejecta ensemble using numerical-relativity-informed parameterizations: total dynamical+wind mass M_ej∈[10^-3,10^-1] M_sun, velocity field v(r,θ) with homologous expansion v∝r after t0≈10–100 s, and axisymmetric density ρ(r,θ,t)=ρ0(θ)(t/t0)^-3.
1.2 Enforce causality-respecting equations of state through priors on compactness and tidal deformability (consistent with GW170817-like constraints), but keep macroscopic ejecta parameters free in inference to avoid over-conditioning.
1.3 Generate thermodynamic trajectories (entropy s, electron fraction Ye, expansion timescale τ) using a low-dimensional surrogate that spans: (A) lanthanide-poor, (B) lanthanide-rich, and (C) low-entropy, very neutron-rich channels favorable to superheavy formation. Each trajectory set produces an abundance “source-term family” rather than a single yield.

Step 2 — Kernel formalism (operator definition + governing equations):
2.1 Define the decay injection field for channel c∈{α, β±e, γ, fission fragments}:
Q_c(x,t,E,Ω)=∑_i n_i(x,t) λ_i b_{i,c} S_{i,c}(E,Ω),
where n_i is number density of nuclide i, λ_i its decay constant, b_{i,c} branching ratio into channel c, and S_{i,c} the normalized emission spectrum.
2.2 Define the deposition operator K acting on Q to yield volumetric heat deposition:
\dot{q}_dep(x,t)=∑_c \int d^3x' \int dt' \int dE \int dΩ\; K_c(x,t; x',t',E,Ω)\, Q_c(x',t',E,Ω).
K_c is a Green’s-function kernel encoding transport, energy loss, and escape in an expanding medium.
2.3 Transport approximations by channel (chosen to be accurate at late times t≳0.5 d when non-locality matters):
• γ-rays: grey/energy-dependent Monte Carlo or deterministic ray tracing in homologous expansion with absorption+Compton effective opacity κ_γ(E) (including Klein–Nishina), yielding an escape probability P_esc,γ(t;E,θ). Deposit via Compton electrons locally where interactions occur.
• β-electrons/α: continuous slowing down with pitch-angle scattering; treat with a 1D-in-radius Fokker–Planck (or Monte Carlo) in momentum space including adiabatic losses in expansion.
• Fission fragments: treat as heavy ions with initial kinetic-energy distribution (two-hump TKE with prior), charge state Z_eff(v,ne,T), and stopping dominated by Coulomb collisions with free electrons + bound-electron corrections. Use a CSDA+straggling correction to compute stopping length ℓ_ff(E,t) in a plasma with evolving ionization.
2.4 Plasma state and ionization closure:
Compute electron density ne(x,t) from Saha or collisional-radiative steady-state using local temperature from radiative transfer iterations; where non-LTE is expected (nebular phase), adopt an ionization parameterization ne=χ_e ρ/(μ_e m_p) with χ_e(t,θ) inferred with priors informed by lanthanide recombination physics. Stopping powers use ne and Coulomb logarithm lnΛ(T,ne).
2.5 Magnetic-field trapping:
Include an effective pitch-angle scattering mean free path λ_mfp = η r_L, with r_L=p/(Z_eff e B). Parameterize comoving B(t)=B0 (t/t0)^-2 (flux freezing) with prior B0∈[10^3,10^6] G at t0=10 s (broad, covering weak to strong trapping). This modifies the charged-particle kernel by reducing radial streaming and increasing residence time; implement via diffusion coefficient D≈(1/3) v λ_mfp and solve a diffusion-loss equation in the comoving frame.
2.6 Numerical scheme and coupling without double counting:
Iterate radiative transfer and deposition in operator-splitting:
(a) Given T, ρ, composition → compute opacities and plasma ionization.
(b) Evaluate deposition kernel K_c and compute \dot{q}_dep(x,t).
(c) Feed \dot{q}_dep as the sole radioactive/decay heat source into multi-D radiative transfer (e.g., Monte Carlo packets or moment-based solver). Energy conservation enforced by tracking injected decay energy minus escaped energy (γ and, if allowed, charged-particle escape) equals integrated deposition + adiabatic losses; verify by global budget checks per timestep.

Step 3 — Superheavy nuclear-input uncertainty model (priors + propagation):
3.1 Abundance parameterization (explicitly not “bypassed”):
Represent superheavy contribution by a parametric mass fraction X_SH at reference time t_ref=7.5 h (motivated by Asset 2), with X_SH prior log-uniform over [10^-6, 3×10^-2]. Allow the rest of heavy species to follow an actinide-rich baseline abundance vector from a standard r-process network, but marginalize over actinide production via an “actinide boost” parameter A_act.
3.2 Decay-chain and fission priors:
For an effective superheavy ensemble, define hyperparameters:
• half-life scale τ_SH (log-uniform 10^3–10^7 s),
• spontaneous-fission branching b_sf (Beta prior favoring high b_sf but allowing low),
• mean total kinetic energy ⟨TKE⟩ (Normal prior 170±20 MeV),
• fragment charge/mass split parameter (symmetric vs asymmetric mixture weight),
• prompt γ fraction f_γ (uniform/weakly informative), and delayed β component amplitude.
These hyperparameters generate S_ff(E) and channel partitions feeding Q_c.
3.3 Fission recycling/yield degeneracy control:
Include a nuisance “recycling opacity/thermalization” parameter that captures secondary heating from fission daughters, but constrain it with nuclear-physics-informed bounds. This prevents falsely attributing generic extra heating to superheavy fragments.
3.4 Uncertainty propagation:
Draw joint samples of (X_SH, τ_SH, b_sf, ⟨TKE⟩, yield-shape params, B0, η, χ_e(t), ejecta structure) → compute K → generate light curves/spectra. Quantify which observables remain stable (low variance) across nuclear priors while differing between SH and actinide-only models.

Step 4 — Observables and identifiability (falsifiable tests):
4.1 Define the data vector:
• Multi-band photometry: L_b(t) in optical/NIR/MIR bands, with emphasis on t≳3–30 d where γ escape and charged-particle deposition diverge.
• Color evolution: e.g., (F200W–F444W) for JWST-like filters, plus optical–NIR colors where available.
• Bolometric reconstruction with uncertainty.
• If spectra exist: nebular-phase line blanketing/continuum slope constraints used as weak composition/temperature priors (not claiming unique line IDs for superheavies).
4.2 Synthetic-data retrieval experiment (mandatory):
Generate mock datasets from:
(A) actinide-only + standard thermalization,
(B) actinide-only + full transport kernel,
(C) superheavy+actinide with full kernel,
(D) actinide-only + alternative power source (magnetar-like smooth injection with L∝(1+t/t_sd)^-2) and dust/opacity evolution.
Adopt realistic cadence/SNR: nightly sampling days 0.5–10, then every 3–5 days to day 40; photometric precision 0.05–0.1 mag (ground+HST) and 0.02–0.05 mag (JWST).
4.3 Model comparison:
Use Bayesian evidence (nested sampling) to compute Bayes factors K=Z_SH/Z_noSH under full marginalization over ejecta parameters, opacity evolution (time-dependent lanthanide fraction proxy), γ opacity scaling, ionization, and magnetic trapping. Define detection criterion: ln K > 5 (strong evidence) and posterior mass on X_SH above a threshold.
4.4 Minimal detectable superheavy fraction:
From retrieval, report X_SH,min such that ≥90% of realizations achieve ln K>5 given the cadence/SNR above, as a function of (M_ej, v, κ(t), B0). This directly answers “minimum required mass fraction”.
4.5 Application to real events:
Validate on AT2017gfo and AT2023vfi/GRB230307A-like light curves (Asset 1 context): first show actinide-only models can fit early times; then test whether late-time data prefer transport-only corrections or require an SH component. Report posterior odds and whether X_SH is bounded or only upper-limited.

Step 5 — Robustness and degeneracy stress tests:
5.1 Opacity evolution: include κ(t,θ) parameterization tied to recombination and composition gradients; verify SH inference is not an artifact of κ(t) flexibility.
5.2 Freeze-out/non-LTE: include a nebular “inefficiency” parameter that reduces thermal coupling; test whether it mimics SH signatures.
5.3 Gamma escape: allow κ_γ scaling and non-grey effects; ensure SH preference is not simply reduced γ trapping.
5.4 Engine/dust: include alternative components (smooth central engine; dust extinction/emission) and compute Bayes factors with/without them.

Deliverables:
• A publicly documented kernel module implementing K_c with selectable MC/deterministic solvers and verified energy conservation.
• Posterior constraints (or upper limits) on X_SH and associated nuclear hyperparameters for benchmark kilonovae.
• A detectability map X_SH,min(M_ej,v,κ,B0,cadence/SNR) guiding future JWST/HST/ELT follow-up strategies.","1) The proposal no longer claims to eliminate nuclear uncertainties; instead it separates (a) source-term uncertainty (yields, half-lives, branching, fragment spectra) from (b) transport physics that is comparatively well constrained. By casting deposition as an explicit operator K acting on an injection field Q, we can propagate nuclear priors transparently and identify which late-time observables are controlled mainly by transport (robust) versus by poorly known nuclear microphysics (non-robust).
2) The kernel is implementable with established methods: γ transport via standard Monte Carlo with effective interaction physics; charged-particle energy loss via CSDA/Fokker–Planck using stopping-power theory with explicit plasma/ionization inputs; magnetic trapping via a diffusion-loss formulation parameterized by B0 and η. These components are individually validated in adjacent contexts (cosmic-ray transport, SN γ deposition) and can be benchmarked against limiting analytic scalings (e.g., deposition fraction ∝ t^-2 for freely streaming γ in homologous expansion).
3) Identifiability is addressed head-on with falsifiable Bayesian model comparison under realistic degeneracies. The synthetic retrieval suite includes actinide-only transport, opacity evolution, γ escape, non-LTE inefficiencies, dust, and magnetar-like injection. The requirement is not a qualitative ‘mismatch’ but quantified evidence (Bayes factors) and a derived minimum detectable X_SH.
4) Empirical plausibility is anchored in the literature assets: (i) kilonovae with lanthanide-rich ejecta of order ~0.02 M_sun (Asset 1) provide the regime where late-time transport/escape effects are observable; (ii) nucleosynthesis studies indicate superheavy mass fractions can reach X_{Z≥104}~3×10^-2 at ~hours post-merger under favorable conditions (Asset 2), setting a physically motivated upper range for our priors; and (iii) reported late-time deviations from simple heating laws motivate testing transport-based deposition.
5) Even null results are publishable and decisive: if Bayes factors consistently disfavor SH contributions and yield only stringent upper limits on X_SH across events, this constrains r-process pathways and superheavy production in neutron-star mergers in a way that conventional instantaneous-thermalization light-curve fits cannot.","This is an unusually sophisticated and technically mature proposal. Its strongest aspect is the clear separation between nuclear-input uncertainty and transport physics via an explicit Green’s-function kernel formalism, which directly targets a known weakness in kilonova modeling (the instantaneous-local-thermalization approximation). The transport treatments for gamma-rays, beta/alpha particles, and fission fragments are physically well motivated and internally consistent, and the inclusion of magnetic trapping and evolving ionization is appropriate for late-time ejecta. Logical flow from hypothesis to falsifiable observables is strong, and the identifiability strategy using Bayesian evidence and synthetic retrievals is exemplary. Minor weaknesses lie in the breadth of the parameter space (ejecta, plasma, nuclear hyperparameters, magnetic fields), which may dilute constraining power in practice, and in the reliance on simplified ionization closures (χ_e parameterization) that could partially reintroduce degeneracies the proposal aims to break. These are execution risks rather than conceptual flaws."
"Z-source low-mass X-ray binaries traverse discrete, branch-dependent thermodynamic regimes in the neutron-star boundary layer (BL) and immediately adjacent inner disk, and these regime changes deterministically control (i) the centroid frequencies and (ii) the quality factors (Q) of the dominant timing components through a small set of physically coupled quantities: BL scale height H, effective sound speed c_s, radiative diffusion time t_diff, and shear/viscous damping time t_visc. We hypothesize that across the Z track (HB→NB→FB) the BL transitions between (A) a radiation-pressure-supported, optically thick spreading layer with short t_diff and strong radiative damping (low Q) and (B) a thinner, higher-c_s, less radiatively damped layer (higher Q), and that each observed QPO family corresponds to a pre-registered eigenfamily of this BL+transition-layer system. 

To address reviewer concerns about degeneracy/mode misidentification, we refine the forward model to a ‘two-zone’ BL framework with explicit eigenfamilies and a strict mode-identification protocol: (1) a compressible BL/slab supports acoustic p-modes and a buoyancy-modified branch (g/p mixed) whose eigenfrequencies scale with c_s/H and whose Q is set by radiative diffusion (t_diff) plus turbulent viscosity (alpha_BL); (2) a narrow transition layer (TL) connecting BL to the inner disk supports a low-frequency corrugation/tilt mode whose restoring torque depends on radiation pressure and effective gravity g_eff. The key mechanistic claim is that X-ray colors constrain (tau_es, T_e, y, and the BL luminosity fraction f_BL), which in turn uniquely determine H, c_s, and t_diff (via radiative equilibrium and hydrostatic balance), thereby fixing both frequency and damping for each eigenfamily. 

Radio: rather than an asserted ‘charge-starvation’ criterion, we posit a minimal, testable magnetospheric circuit + opacity gate. The same BL regimes modulate the pair injection rate into the closed magnetosphere (through gamma-gamma pair production in the BL Comptonizing field) and the baryon/wind loading near the light cylinder (through radiation-driven outflow). Coherent GHz bursts can escape only when (i) the magnetospheric potential drop exceeds a pair-screening threshold (insufficient pair supply) AND (ii) the surrounding plasma satisfies explicit propagation constraints (free–free absorption, induced Compton scattering, and Raman/strong scattering limits). This yields a quantitative, falsifiable prediction: a narrow region(s) in color-color space where (a) pair screening is weak enough for a reconnection/maser-like event and simultaneously (b) the surrounding optical depths at ~0.4–1.6 GHz are <1, producing a state-conditioned fluence distribution observable by CHIME; otherwise, the proposal defaults to an upper-limit/opacity-limited constraint on any intrinsic burst rate.

Finally, we downgrade equation-of-state (EoS) claims to a forecastable, conditional deliverable: the program aims to measure compactness-dependent redshift/Keplerian scalings only insofar as identifiability simulations show a non-negligible Fisher information on (M,R) after marginalizing over BL systematics, distance, inclination, and instrument calibration. The refined approach overcomes the reviewers’ concerns by (i) pre-registering eigenfamilies and branch-wise mode-ID rules, (ii) adding explicit damping physics and nuisance/systematic parameters to avoid overconfident posteriors, (iii) performing end-to-end simulation-based calibration (SBC) to demonstrate identifiability and realistic uncertainty, and (iv) conducting formal model comparison against leading competing timing models (relativistic precession / diskoseismic / TL models) to prevent confirmation-by-regularization.","Step 0 — Pre-registration, competing models, and data products (before any fitting)
0.1 Pre-register QPO component definitions and mode-ID rules (per source):
  - Components: kHz QPO pair (nu_u, nu_l) where detected; HBO (15–60 Hz), NBO (~4–8 Hz), FB noise/peaked noise (if present), and broadband break(s).
  - Operational extraction: multi-Lorentzian decomposition with priors on centroid ordering and width hierarchy; energy-dependent rms trends recorded.
  - Mode-ID mapping (fixed before inference):
    * nu_u: BL acoustic p1 mode (radial order n=1) or its GR-redshifted equivalent.
    * nu_l: BL acoustic p2 or mixed g/p branch depending on Q and energy dependence; selection rule uses Q ratio and phase-lag sign when available.
    * HBO: TL corrugation/tilt mode frequency set by g_eff and radiation torque (branch-dependent).
    * NBO: BL thermal–radiative relaxation oscillation (limit-cycle linearization) with frequency ~ (2π t_th)^-1, where t_th is a radiative/viscous thermal time.
  - If any component violates pre-registered discriminants (below), it is flagged ‘unmodeled’ and excluded from BL-only claims (used only in model comparison).
0.2 Competing timing models for formal comparison (per source):
  - Model B (disk/relativistic precession): RPM-style mapping of nu_u, nu_l, HBO to orbital, periastron-precession, and nodal-precession frequencies with phenomenological damping.
  - Model C (diskoseismic): inner disk g- and c-modes tied to spectral state proxies.
  - Model D (transition-layer model): TL oscillations with Compton cloud parameters.
  - All models share the same observation model (bandpass, PDS fitting) and the same systematics terms.

Step 1 — Target selection and synchronized multi-mission state definition
1.1 Targets: Sco X-1, GX 17+2, GX 5-1, Cyg X-2 (Z sources). Controls: high-dynamic-range atolls (e.g., 4U 1608–52, Aql X-1 when coverage allows) to test whether inferred BL regimes and mode mapping are Z-specific.
1.2 State coordinates: define a standardized color-color plane using response-folded spectral families, but additionally define a scalar arc-length coordinate s along the Z track with branch labels (HB/NB/FB) via a mixture-of-curves segmentation algorithm with uncertainty (posterior over branch assignment). This reduces sensitivity to instrument bandpass differences.
1.3 Timing extraction: for each segment (16–128 s, multiple energy bands), compute PDS; fit with multi-Lorentzian model returning posterior samples for (nu_i, Q_i, rms_i) and covariance.
1.4 Cross-instrument calibration: explicit nuisance parameters for effective area tilt and energy-scale offset per mission; carry into inference so M,R are not driven by calibration artifacts.

Step 2 — Refined BL+TL forward model with explicit identifiability controls
2.1 Two-zone thermodynamic structure:
  - Zone 1 (BL/spreading layer): hydrostatic balance with radiation pressure fraction beta_rad = P_rad/(P_rad+P_gas); scale height H determined by local flux F and g_eff; radiative diffusion time t_diff ~ (tau_es H)/c; electron temperature T_e and tau_es constrained by Compton y = (4kT_e/m_ec^2) max(tau_es, tau_es^2).
  - Zone 2 (TL): thickness H_TL and effective density set by continuity with disk inner boundary; includes a parametric radiation torque term.
  - Shared parameters per state (s): (tau_es(s), T_e(s), f_BL(s), beta_rad(s), alpha_BL(s), H_TL(s)) plus global (M,R) and distance/inclination nuisance (D, i).
2.2 Eigenfamily solver and damping (explicit):
  - Solve for BL acoustic eigenmodes using a stratified slab with radiative diffusion: ω_n ≈ nπ c_s/H × (1+GR corrections) and damping rate γ_n = γ_rad + γ_visc where:
    * γ_rad derived from diffusion approximation: γ_rad ∝ (t_diff)^-1 × Φ_n(beta_rad) (mode-structure factor computed numerically);
    * γ_visc ∝ alpha_BL Ω_K (with Ω_K evaluated at an effective radius near R, including redshift).
  - TL corrugation/tilt mode: ω_TL set by (g_eff/H_TL)^{1/2} times a radiation-torque modifier Ψ(beta_rad, f_BL).
  - Thermal–radiative relaxation mode (NBO): ω_th ≈ (t_th)^-1 with t_th computed from local thermal content / radiative cooling using the same F, tau_es, and T_e.
  - Output: predicted (nu_u, Q_u), (nu_l, Q_l), (nu_HBO, Q_HBO), (nu_NBO, Q_NBO) as functions of state parameters and (M,R).
2.3 Observation model linking spectra→colors (emulator with physical closure):
  - Build a differentiable emulator trained on radiative transfer grids (Comptonization + reflection + disk) that maps (tau_es, T_e, f_BL, beta_rad, i) to instrument-folded colors.
  - Enforce energy conservation: L_tot(s)=η(M,R) \dot{M}(s) c^2 and L_BL(s)=f_BL(s) L_tot(s); priors on η from GR binding energy.
  - Include spectral degeneracy breakers: use multi-band colors (soft, hard, very-hard) and, where available, spectral fits (e.g., NICER soft band) to constrain tau_es–T_e.

Step 3 — Identifiability/forecasting (MANDATORY) with end-to-end simulations
3.1 Simulation design (per source):
  - Generate synthetic Z tracks with realistic scatter in colors and timing based on the forward model, spanning HB/NB/FB with branch-dependent parameter trajectories.
  - Inject competing ‘contaminant’ timing components (disk/magnetospheric) at controlled amplitudes to test robustness of mode-ID rules.
  - Apply instrument response folding (RXTE, NICER) and timing measurement noise (segment length, deadtime approximation), producing mock PDS and mock colors.
3.2 Identifiability metrics:
  - Parameter recovery: posterior contraction and bias for (tau_es(s), T_e(s), beta_rad(s), alpha_BL(s), H_TL(s)) and global (M,R). Require <0.3σ mean bias across SBC trials.
  - Mode-ID fidelity: confusion matrix between true and inferred component↔mode assignment using pre-registered discriminants (e.g., predicted energy-dependence of rms, Q-vs-frequency scaling with t_diff).
  - Degeneracy audits: compute local Fisher information and posterior correlation structure; demonstrate that centroids+Q together break tau_es–alpha_BL degeneracy (since Q depends on γ_rad+γ_visc while ν depends mainly on c_s/H).
3.3 Forecast for (M,R) improvement (MANDATORY):
  - Compare three scenarios: (i) timing-only, (ii) colors+timing with full systematics, (iii) colors+timing plus external priors (distance, inclination, known constraints).
  - Quantify expected reduction in area of the (M,R) credible region relative to baseline literature priors; pre-specify a success threshold (e.g., ≥25% area reduction for at least one source or for a hierarchical combination).
  - If threshold not met in simulations with realistic systematics, re-scope deliverable to constraints on BL physics (alpha_BL, beta_rad trajectories) rather than EoS.

Step 4 — Inference architecture (simplified to address redundancy critique)
4.1 Replace the operator-learning layer with a strictly auxiliary diagnostic, not a driver:
  - Primary inference uses the forward BL+TL model directly.
  - A local response operator K_s is computed post hoc from the posterior predictive Jacobian (d timing / d s) to summarize branch-resolved sensitivities; it is not learned as an additional flexible model. This removes the risk of Jacobian regularization baking in incorrect derivatives.
4.2 Hierarchical Bayesian fit:
  - Per-source state functions: represent tau_es(s), T_e(s), beta_rad(s), alpha_BL(s), f_BL(s) with branch-wise Gaussian processes constrained to be smooth within branches and allowed sharp changes at vertices (HB/NB/FB junctions) via change-point priors.
  - Global parameters: (M,R) with EoS-family prior only if forecasts show information gain; otherwise use broad physical priors.
  - Likelihood: joint over colors, timing (nu,Q,rms with covariances), with calibration nuisance parameters.
4.3 Model comparison:
  - Compute WAIC/LOO and Bayes factors (where stable) among Model A (BL+TL) and Models B–D.
  - Pre-register decision rule: BL-only claim supported only if Model A decisively outperforms others across branches and if residual structure shows no systematic branch-dependent misfit.

Step 5 — Radio: minimal magnetospheric circuit + opacity gate; otherwise upper limits
5.1 Magnetospheric pair-screening submodel (minimal, testable):
  - Pair injection rate \dot{N}_±(s) estimated from BL photon field using a parametric gamma-gamma efficiency tied to y and T_e (calibrated to plausible magnetar/NS magnetosphere scalings; treated with wide priors).
  - Magnetospheric potential drop ΔV(s) computed from a rotating dipole with accretion-modified open flux fraction; reconnection/burst ‘attempt rate’ λ_int(s) increases with ΔV and decreases with \dot{N}_± (pair screening).
  - This produces an intrinsic burst energy distribution: dN/dE ∝ E^{-α} exp(-E/E_max(s)), with E_max(s) tied to available magnetic energy in the reconnecting volume and ΔV.
5.2 Propagation/escape (critical, reviewer-requested):
  - Compute free–free optical depth τ_ff(ν,s) through a radiation-driven wind/BL atmosphere parameterized by mass-loss \dot{M}_w(s) ∝ L(s) and density profile n_e(r) ∝ \dot{M}_w/(r^2 v_w).
  - Compute induced Compton scattering constraint τ_ind(ν,s) using brightness temperature inferred from E and emission size; require τ_ind<1 for escape.
  - Compute multipath/scattering broadening and absorption consistent with dense environments; define an overall escape probability P_esc(ν,s)=exp[-(τ_ff+τ_ind+τ_scatt)].
  - Observable burst rate: λ_obs(s)=λ_int(s)×P_esc(ν,s).
5.3 CHIME detection model:
  - Fold λ_obs(s) through CHIME exposure, beam response, and fluence threshold distribution to predict detection counts and a fluence CDF per state.
  - If the escape model predicts P_esc≪1 for all plausible parameters, pivot deliverable to: stringent state-resolved upper limits on λ_int(s) given non-detections (propagation-limited inference).
5.4 Validation strategy:
  - State-conditioned search windows: use contemporaneous X-ray state estimates (NICER where possible) to test whether detections (or upper limits) correlate with predicted high P_esc×λ_int regions.

Step 6 — Deliverables and go/no-go criteria
6.1 Go/no-go (post-forecast):
  - Proceed with (M,R)/EoS inference only if SBC+forecast shows meaningful information gain under systematics.
  - Proceed with intrinsic radio-burst claims only if escape model admits non-negligible P_esc in some Z-track region; otherwise publish state-resolved upper limits and propagation constraints.
6.2 Primary outputs:
  - Branch-resolved maps over the standardized color plane: inferred (tau_es, T_e, beta_rad, alpha_BL, f_BL), predicted (nu_i, Q_i), and residuals.
  - Model-comparison results vs competing timing models.
  - Radio: predicted (or constrained) λ_obs(s) and fluence distributions with explicit absorption/induced-scattering bounds.","Boundary-layer model realism/identifiability: The revised plan removes the single-layer ambiguity by adopting a two-zone BL+TL structure with explicit eigenfamilies and damping channels. Crucially, we commit to end-to-end simulation-based calibration (SBC) and Fisher/posterior correlation audits demonstrating that the chosen parameterization can recover both centroids and Q factors across branches, or else it will transparently fail and trigger scope reduction. Mode misidentification risk is mitigated by pre-registered component definitions and discriminants (Q–ν scaling with t_diff, branch-dependent continuity, and energy-dependent rms/lag behavior when available), plus explicit ‘unmodeled component’ handling.

Radio speculation control: The qualitative trigger is replaced by a minimal circuit-plus-opacity gate that produces quantitative, testable predictions: an intrinsic attempt rate (pair-screening controlled) multiplied by an escape probability derived from free–free and induced Compton constraints in a radiation-driven wind/BL environment. This directly addresses the reviewer’s point that non-detections may be non-informative: under this framework, non-detections constrain either λ_int(s) (if P_esc is non-negligible) or they constrain the environmental opacity (if P_esc is forced small), both of which are scientifically interpretable. The model outputs an explicit fluence distribution folded through CHIME sensitivity and exposure, enabling likelihood-based inference rather than post hoc association.

Operator-learning redundancy: The response-operator concept is retained only as a posterior diagnostic derived from the physics model’s Jacobian, eliminating an extra flexible layer that could introduce overconfidence or bake-in incorrect derivatives.

EoS/MR claims moderated and forecasted: The revised proposal includes a mandatory forecast quantifying how much (M,R) can improve after marginalizing over calibration, distance/inclination, and BL/disk systematics, with a pre-specified success threshold and a contingency plan that re-scopes to robust BL-physics constraints if compactness information is too weak. This directly addresses the critique that Z-source systematics often dominate and prevents overstated nuclear-physics deliverables.

Empirical grounding: Asset 2 supports the existence of branch-structured, tightly linked color–timing behavior in Z sources and high-dynamic-range atolls, motivating a branch-resolved physical mapping rather than purely empirical correlations. Asset 1 motivates targeted CHIME analyses for compact binaries but, in this revision, CHIME is used within an explicitly propagation-limited framework to ensure that both detections and non-detections yield informative constraints.","This is an unusually thorough and self-aware proposal that directly addresses common failure modes in Z-source timing work: mode degeneracy, post hoc identification, and overconfident EoS claims. The engineering plan is detailed and technically credible, particularly the end-to-end SBC requirement, explicit damping prescriptions, and shared observation model across competing theories. Logical consistency is strong: the chain from colors → BL thermodynamics → eigenfrequencies/Q → observable timing is physically motivated and internally coherent, and the radio component is appropriately constrained by propagation physics rather than speculative triggers. Minor score deductions arise from residual model complexity and parameter volume: despite the identifiability controls, the BL parameterization (tau_es, T_e, beta_rad, alpha_BL, f_BL, H_TL as functions of s) remains ambitious relative to available data quality, and success hinges critically on the emulator’s ability to truly break spectral degeneracies. Evidence grounding is high but not perfect, as the gamma–gamma pair injection calibration is only loosely anchored to existing NS magnetospheric calculations. Overall, the proposal is methodologically rigorous and avoids overclaiming, but it operates close to the practical identifiability limit of current X-ray timing data."
"If the nanohertz stochastic gravitational-wave background contains a GR tensor-mode component sourced predominantly by an astrophysical SMBHB population, then a detection statistic that (a) operates in the timing-model–marginalized, noise-whitened residual space, (b) explicitly projects cross-covariances onto an orthogonalized set of *effective* spatial kernels (HD quadrupole, monopole clock, dipole ephemeris, and optional beyond-GR/anisotropy bases), and (c) uses a robustness-first spectral treatment (paired constrained SMBHB-informed model and a semi-parametric alternative with weak regularization) will increase *true* detection probability at a fixed false-alarm rate while preventing biased significance under spectral mismatch. Mechanistically, the approach overcomes the key PTA bottleneck—leakage between common red processes and quadrupolar correlations—by enforcing separation where it matters statistically: after design-matrix projection and whitening under per-pulsar noise. In this projected space, the GLRT decomposes the cross-power into orthogonal kernel subspaces, concentrating evidence for HD correlations only in the component that survives both (i) timing-model marginalization and (ii) null-calibrated whitening, while simultaneously quantifying identifiability limits in mapping band-limited hc(f) to ΩGW(f) when SMBHB environmental coupling/eccentricity and population uncertainties induce degeneracies. The proposal therefore replaces claims of unique ΩGW inference with a falsifiable identifiability analysis and includes a guardrail against model-mismatch loss by running constrained and semi-parametric spectra in parallel and comparing their calibrated detection performance and coverage.","Step 0 — Data products and notation (pre-registered):
0.1 Use a PTA dataset with TOAs, timing models, and standard noise components (e.g., NANOGrav-like). For pulsar a, define post-fit residuals r_a and timing-model design matrix M_a.
0.2 Pre-register: (i) kernel set, (ii) spectral families, (iii) prior families and widths, (iv) null-calibration protocol, (v) diagnostics and stopping rules.

Step 1 — Timing-model marginalization and whitening (the space where kernels must be orthogonalized):
1.1 For each pulsar a, construct the projection matrix that marginalizes timing-model parameters:
  G_a = I - M_a (M_a^T N_a^{-1} M_a)^{-1} M_a^T N_a^{-1}
where N_a is the white-noise TOA covariance (EFAC/EQUAD/ECORR as applicable). Work with projected residuals: r̃_a = G_a r_a.
1.2 Build a scalable Gaussian-process likelihood in a low-rank Fourier basis for red processes. For each pulsar a, represent intrinsic red noise via Fourier design F_a with n_f frequencies; the red-noise covariance is F_a Φ_a F_a^T (Φ_a diagonal in Fourier coefficients).
1.3 Define the full projected covariance across all pulsars in block form:
  C = G (N + F Φ F^T + S(θ, spectral)) G^T
where S encodes spatially correlated processes (HD/monopole/dipole/optional). Implement whitening via Cholesky or iterative solves: define W such that W^T C0 W = I under the null model C0 (no HD term, but including fitted per-pulsar noise and monopole/dipole if desired). Use W to map data to whitened projected residuals y = W^T r̃.

Step 2 — Define *effective* spatial kernels and orthogonalize them in the whitened, projected space:
2.1 Start from theoretical sky kernels K_k(θ_ab):
  k ∈ {HD tensor, monopole(clock), dipole(ephemeris), alt-pol templates, anisotropy basis (optional)}.
2.2 Convert sky kernels into operators on the whitened data. In Fourier-bin i, the correlated cross-covariance contribution has the form:
  S_i = Σ_k A_{k,i}  (B_{k,i})
where B_{k,i} is the block matrix with (a,b) block proportional to K_k(θ_ab) times the Fourier-basis mapping for that bin.
2.3 Compute the kernel inner product in the *actual* experiment:
  ⟨B_k, B_l⟩ = tr( B_k^T  P  B_l  P )
where P is the operator induced by (i) design-matrix projection G and (ii) whitening W (equivalently work directly with whitened-projected operators: B̂_k = W^T G^T B_k G W).
2.4 Orthogonalize kernels using Gram–Schmidt (or SVD) under ⟨·,·⟩ to obtain an orthonormal basis {Ũ_m}. This ensures that “orthogonality” accounts for cadence heterogeneity, timing-model fits, and noise weighting—not just sky geometry.

Step 3 — Constrained GLRT derived in the projected/whitened basis (and its semi-parametric guardrail):
3.1 Parameterize the correlated signal in Fourier space. For each frequency bin i, model coefficients β_{m,i} multiplying orthonormal kernels Ũ_m.
3.2 Define two spectral families for the HD component (m = HD):
  (A) Constrained SMBHB-informed family: hc(f) = A (f/f_yr)^α × C_env(f; κ_env) × C_ecc(f; κ_ecc), where α≈−2/3 but allowed to vary in a bounded range; C_env and C_ecc are low-dimensional curvature modifiers (e.g., broken power-law turnover frequency f_b and smoothness η).
  (B) Semi-parametric family: free-spectrum with weak smoothness hyperprior (e.g., log hc,i with Gaussian random-walk prior or cubic spline with penalty λ). This is the mismatch guardrail.
3.3 Monopole/dipole/common processes: include monopole and dipole spectra in parallel as either (i) independent free-spectra with weak priors, or (ii) shared low-dimensional spectra, and quantify posterior covariance with HD.
3.4 GLRT derivation: in the whitened-projected domain, define the log-likelihood ratio between H1 (includes HD term) and H0 (no HD term) while always including timing-model marginalization and per-pulsar noise:
  Λ = 2[ max_{θ_noise, θ_corr∈H1} log p(y | θ_noise, θ_corr) − max_{θ_noise, θ_corr∈H0} log p(y | θ_noise, θ_corr) ].
Compute Λ for both spectral families: Λ_constrained and Λ_semiparam.
3.5 Decision rule (robustness-first): declare “HD-correlated detection” only if
  (i) Λ_semiparam exceeds a pre-registered null threshold (controls false alarm without relying on strong spectral assumptions), and
  (ii) Λ_constrained is not in significant tension with Λ_semiparam under posterior predictive checks (guards against prior-driven inflation), and
  (iii) recovered spatial structure places dominant power in the HD orthonormal component rather than monopole/dipole.

Step 4 — Identifiability analysis for ΩGW inference (replace “unique mapping” with quantification):
4.1 Always use the kinematic relation ΩGW(f) = (2π^2/3H0^2) f^2 hc(f)^2 for conversion, but explicitly report that PTAs infer ΩGW only over their sensitive band.
4.2 Quantify degeneracies by Fisher/likelihood geometry and injection-recovery:
  • Vary SMBHB hyperparameters (A, α, f_b, η, eccentricity proxy) and show posterior correlations and profile likelihoods.
  • Report which combinations are identifiable (e.g., band-averaged ΩGW, effective slope in-band) versus non-identifiable.
4.3 Cross-check with independent astrometric constraints by translating posterior hc(f_yr) to ΩGW(f_yr) and comparing to Gaia-like astrometric HD upper limits (as an external consistency diagnostic, not as a prior unless explicitly justified).

Step 5 — Neutron-star EoS / moment-of-inertia linkage (demoted to sensitivity study unless made predictive):
5.1 Primary analysis: per-pulsar intrinsic red noise remains empirical (amplitude + spectral index or free-spectrum), with hierarchical sharing across pulsars if supported by data.
5.2 Optional sensitivity module (non-decision-critical): implement a torque-noise-inspired prior family and test informativeness:
  • Define a mapping from torque fluctuations to spin-noise PSD with amplitude parameter A_torque and slope γ.
  • Use EoS-derived I bounds only to set extremely weak, order-of-magnitude constraints on A_torque (demonstrate via prior-to-posterior KL divergence that it is either informative or effectively ignorable).
5.3 Pre-registered criterion: if EoS-based priors shift the HD amplitude posterior or Bayes factors beyond a small tolerance without improving predictive fit, the EoS prior is excluded from the final detection claim and reported only as a systematic sensitivity result.

Step 6 — Scalable computation and complexity:
6.1 Use Fourier-sum GP methods (low-rank) so that per-pulsar red-noise covariance is handled via Woodbury identities:
  (N + F Φ F^T)^{-1} = N^{-1} − N^{-1} F (Φ^{-1} + F^T N^{-1} F)^{-1} F^T N^{-1}.
6.2 Exploit block structure across pulsars; avoid forming full dense cross-covariances in the time domain. Work primarily in Fourier coefficient space where correlated processes factor by frequency bin.
6.3 Complexity targets: with P pulsars, typical n_TOA per pulsar, and n_f Fourier modes, aim for O(P n_TOA n_f^2 + P n_f^3) per likelihood evaluation (dominated by small-matrix inversions per pulsar and per frequency bin) rather than O((Σ n_TOA)^3).
6.4 Sampling/inference:
  • Use HMC/NUTS for continuous parameters in the constrained and semi-parametric models separately (no reversible-jump in the primary claim).
  • Optional kernels (alt polarizations/anisotropy) handled via model comparison across a small pre-defined set, not RJMCMC.
  • Convergence diagnostics: split-Rhat, ESS thresholds, energy/BFMI; posterior predictive residual checks in whitened space.

Step 7 — Null calibration, robustness, and coverage (to prevent inflated significance):
7.1 Calibrate false-alarm using null simulations generated from posterior predictive draws under H0 that preserve cadence, heteroscedasticity, and timing-model projection.
7.2 Prior sensitivity: repeat calibrations under widened/narrowed priors for spectral smoothness and SMBHB curvature; report impact on Λ thresholds and Bayes factors.
7.3 Mismatch injections: inject (i) pure SMBHB HD, (ii) HD with environmental turnover, (iii) anisotropic backgrounds, (iv) nonstationary common red processes, (v) monopole/dipole contaminants, and mixtures. Compare detection power/false-alarm for Λ_constrained vs Λ_semiparam.
7.4 Coverage tests: for injected amplitudes, verify credible-interval coverage for hc(f_yr) and band-averaged ΩGW; flag any systematic under-coverage as evidence of over-constraining priors.

Deliverables:
D1. A derived, timing-marginalized, whitened-space kernel-orthogonalization procedure and constrained GLRT implementation.
D2. Calibrated detection thresholds and power curves for both constrained and semi-parametric statistics.
D3. Identifiability maps: which SMBHB/population/environment parameters are constrained by PTA data vs degenerate, and robust posteriors for in-band ΩGW.
D4. External consistency check against astrometric HD constraints translated to hc(f_yr)/ΩGW(f_yr).","1) Addresses timing-model and cadence-induced leakage directly: Orthogonalization is performed on *effective kernels* after design-matrix projection and whitening, so separation accounts for irregular cadence, heterogeneous noise, and parameter fitting—explicitly correcting the reviewer-identified gap.
2) Robustness-first statistical design: The primary detection claim is anchored to a semi-parametric HD spectrum with weak regularization and null-calibrated thresholds; the SMBHB-constrained model is used to improve power when correct, but significance is safeguarded by mismatch injections, posterior predictive checks, and prior-sensitivity/coverage testing.
3) Identifiability replaces “unique ΩGW inference”: The proposal explicitly quantifies degeneracies from environmental coupling/eccentricity/population uncertainty, reporting only in-band ΩGW constraints and identifiable spectral summaries, avoiding overstated uniqueness.
4) EoS linkage is de-risked: The neutron-star EoS/moment-of-inertia prior is not used as a core constraint unless demonstrably informative via KL/prior-to-posterior compression and predictive-fit improvement; otherwise it is relegated to a controlled sensitivity study to avoid decorative physics or underfitting.
5) Computational scalability is explicit: Low-rank Fourier GP likelihoods with Woodbury identities and frequency-domain factorization avoid cubic scaling in total TOAs; sampling avoids RJMCMC in the primary pipeline, and convergence/diagnostics plus pre-registered null calibration prevent spurious significance from over-informative priors.","This is an unusually sophisticated and internally consistent PTA data-analysis proposal that squarely targets a well-known bottleneck: leakage between common red processes and Hellings–Downs correlations under realistic cadence, noise, and timing-model fits. The methodological chain from timing-model marginalization, through whitening, to defining effective spatial kernels and a robustness-first GLRT is logically sound and technically credible. The strongest aspect is the insistence that orthogonality be defined in the experiment-induced inner product, not on the sky, which is a genuine conceptual advance over many existing analyses. The dual-spectrum strategy (constrained SMBHB-informed plus semi-parametric guardrail) is well motivated and directly addresses false significance under spectral mismatch. Minor deductions arise because (i) the proposal assumes that kernel orthogonalization remains numerically stable as the pulsar array grows and kernels proliferate, which is plausible but not fully stress-tested here, and (ii) the identifiability analysis, while well framed, relies heavily on Fisher/likelihood geometry without specifying clear decision thresholds for declaring parameters non-identifiable. These are refinements rather than fundamental flaws."
"AXP-like X-ray pulsations observed toward globular clusters can be physically classified (magnetar vs non-magnetar) by detecting or ruling out a specific torque–opacity–geometry mechanism: in the magnetar model, magnetospheric twist-driven pair loading simultaneously (i) modifies the spin-down torque beyond vacuum dipole expectations and (ii) imprints energy- and phase-dependent radiative transfer signatures that suppress or reshape narrow cyclotron-like features (equivalent width) while altering the mean pulse profile via resonant scattering. We hypothesize that this coupled mechanism can be isolated from globular-cluster environmental contamination by a structurally novel methodological adaptation: a forward-modeling ‘Torque–Opacity Consistency Test’ (TOCT) that replaces time-domain P–Pdot fitting with an invariants-based, frequency-domain estimator of intrinsic torque and a magnetosphere+atmosphere radiative closure relation that predicts a jointly measurable set of observables {energy-resolved mean pulse profile moments, equivalent-width limits, and broadband timing noise statistics}. The adaptation is to compute intrinsic spin-down not by subtracting cluster acceleration/plasma terms in a timing model, but by constructing cluster-invariant torque observables from (a) multi-frequency profile-shape-stabilized TOA estimators and (b) dispersion/scattering transfer-function fitting, then enforcing a mechanistic closure: the same pair density that sets torque enhancement must set resonant optical depth, which in turn bounds equivalent widths and pulse-profile energy dependence. This closure, when satisfied, uniquely favors magnetar physics; when violated, it favors accretion/rotation-powered alternatives even if raw Pdot appears magnetar-like.","Step 1: Specific system setup or data preparation.
1.1 Target selection: (i) X-ray pulsars/AXP candidates projected on or near globular clusters (including candidates with uncertain association), (ii) a control sample of field AXPs/transient magnetars with well-measured P and Pdot, (iii) a cluster calibration set of radio MSPs spanning projected radii in the same clusters (for propagation characterization only, not for subtractive timing corrections).
1.2 Radio acquisition (cluster calibration): obtain wideband, coherently dedispersed voltage data where possible (e.g., MeerKAT/UWL-class bandwidth) for MSPs to measure: frequency-dependent scattering impulse response, DM(t) structure function, and profile evolution; build cluster-specific propagation transfer-function libraries.
1.3 X-ray acquisition (candidates): obtain (a) NICER/XMM timing for high-S/N energy-resolved pulse profiles, (b) Chandra/HETGS or XMM/RGS spectra for equivalent-width limits, and (c) NuSTAR for hard-tail constraints that affect resonant scattering and pair production.
1.4 Ancillary: cluster gravitational potential priors from photometry/kinematics for sanity bounds (not used for direct subtraction), and distance/ISM NH estimates for robust continuum modeling.

Step 2: Detailed implementation of the adapted methodology.
2.1 Methodological adaptation A — Propagation-transfer-function timing (structural modification of TOA estimation):
Replace standard template-matching TOAs (which allow frequency-dependent scattering/DM variations to leak into apparent spin parameters) with a forward-convolution estimator.
  - Model the observed radio profile I(ν,t,φ) as intrinsic profile S(ν,φ; θ_prof) convolved with a causal propagation kernel K(ν,t; θ_prop) that includes dispersion, multipath scattering (non-Gaussian tails), and pulse broadening.
  - Fit K using cluster MSP voltage-derived kernels; impose causality (K(t<0)=0) and positivity; infer a propagation-stabilized phase estimator φ0(t) whose time derivative yields a torque proxy largely invariant to plasma-density fluctuations.
  - Output: a “shape-stabilized” timing residual series and a torque-spectrum estimate (below), rather than Pdot from polynomial phase fitting.

2.2 Methodological adaptation B — Torque spectrum & invariants (functional modification of spin-down inference):
Infer intrinsic spin-down from the power spectral density (PSD) of phase/frequency residuals rather than from a single fitted Pdot.
  - Compute the frequency-residual PSD S_f(f) after removing deterministic orbital terms (if any) and using the propagation-stabilized φ0(t).
  - Use an invariants construction: define the low-frequency torque integral T0 = ∫_{f1}^{f2} f^2 S_φ(f) df (with S_φ related to S_f by known relations). Under broad classes of line-of-sight acceleration or constant offsets (e.g., cluster gravitational a_los), T0 is insensitive to a static acceleration term but sensitive to true torque noise and secular braking.
  - Map {T0, P, pulse-profile stability metrics} to an intrinsic torque parameterization N(Ω, n_pair, α) where n_pair is magnetospheric pair density and α is obliquity. This step is explicitly not a subtraction of a_los; instead it uses invariance of spectral torque measures to static accelerations.

2.3 Methodological adaptation C — Mechanistic radiative closure (new coupling, not a joint fit of timing and spectra):
Enforce a physics closure linking torque enhancement and spectral/pulse signatures through pair-loaded resonant scattering.
  - Magnetospheric mechanism: for a twisted, current-carrying magnetosphere, the pair density n_pair and current J set the resonant cyclotron optical depth τ_res(E,φ) and the torque multiplier k_torque relative to vacuum dipole. The key closure is k_torque = F1(n_pair, geometry) and τ_res = F2(n_pair, B, geometry), both deriving from the same charge density and field topology.
  - Observables predicted from τ_res:
    (i) energy dependence of pulsed fraction and phase lags in the mean pulse profile,
    (ii) suppression/broadening of narrow atmospheric/cyclotron features translating to equivalent-width upper limits (EW(E) bounded by τ_res and gravitational redshift),
    (iii) Comptonized tail constraints consistent with τ_res.
  - Implement as a “closure test” rather than a single global posterior: from X-ray data infer τ_res(energy, phase) via pulse-profile moment fitting and continuum curvature; independently from torque-spectrum infer k_torque; accept magnetar model only if (k_torque, τ_res) fall on the theoretically permitted manifold given (B_dip, M, R) priors.

2.4 Nuclear-physics integration (EOS constraint insertion without black-box regression):
Propagate neutron-star EOS constraints through radiative closure via gravitational redshift and light bending.
  - Use a parameterized causal EOS family with explicit constraints: c_s^2<=c^2, thermodynamic stability, and maximum mass >=2 Msun.
  - For each EOS draw, compute M–R and redshift (1+z) and light-bending factors that map local cyclotron/atmosphere features to observed energies and shape pulsed fractions; these modify the EW bounds and pulse-profile predictions used in the closure manifold.

Step 3: Rigorous validation and analytical framework.
3.1 End-to-end injection tests: simulate radio pulse trains with known intrinsic torque plus static cluster acceleration and time-variable plasma kernels; verify that (a) standard TOA+Pdot fits are biased, while (b) TOCT invariants recover intrinsic torque within uncertainties.
3.2 Magnetosphere closure validation on field magnetars: apply TOCT to well-studied transient magnetars (e.g., with known outbursts) to show that epochs with enhanced torque noise correspond to increased τ_res inferred from energy-dependent pulse profiles and reduced/smeared equivalent-width detectability.
3.3 Null tests on rotation-powered pulsars: apply TOCT to ordinary pulsars with comparable P but low B to confirm closure failure (torque spectrum inconsistent with τ_res and EW constraints), establishing specificity.
3.4 Cluster-specific robustness: vary cluster propagation libraries across MSPs and epochs to quantify systematic uncertainty from plasma density fluctuations; require that closure decisions be stable under these systematics.
3.5 Deliverables: (i) classification of cluster-projected AXP candidates via closure acceptance/rejection with quantified false-positive rate, (ii) constraints on pair loading and twist proxies from τ_res, (iii) EOS-excluding regions driven by the need to reconcile EW upper limits with pulse-profile energy dependence under light bending, (iv) a public toolkit implementing propagation-transfer-function timing and torque-invariant estimation.","1. Theoretical/Empirical Basis: Globular clusters demonstrably host measurable intracluster plasma (electron densities inferred from DM variations) and produce apparent Pdot sign changes via gravitational acceleration; both effects motivate invariants-based torque estimation rather than subtractive timing. AXPs/magnetars exhibit energy-dependent mean pulse profiles and stringent equivalent-width limits that already challenge naive line predictions, implying radiative transfer in strong B and scattering-dominated magnetospheres.
2. Transfer Logic (How the adaptation fits the domain): The TOCT framework respects causality (propagation kernel K is causal/positive), conservation (torque inference is derived from phase evolution with explicit invariance properties), and nuclear-physics bounds (EOS priors enforce causality and stability, and light bending/redshift enter the forward mapping to EW and pulse profiles). It avoids treating data as black-box by enforcing a mechanistic manifold linking torque and opacity through pair density.
3. Comparative Advantage: Unlike the rejected subtractive, joint-timing/spectral Bayesian correction approach, TOCT does not require explicit modeling/subtraction of cluster acceleration fields or fitting a global coupled posterior. It instead builds cluster-invariant torque observables and performs a stringent mechanistic closure test: the same pair loading must explain both torque-spectrum anomalies and the observed (non-)appearance of spectral features plus pulse-profile energy dependence. This reduces degeneracy with cluster gravity/plasma, yields sharper falsification capability for the magnetar model in cluster-projected systems, and produces EOS constraints through a physically necessary (not merely statistical) redshift/light-bending dependence.","This is an unusually sophisticated and internally consistent proposal that tackles a genuine astrophysical bottleneck: disentangling intrinsic spin-down physics from globular-cluster contamination. The strongest aspect is the invariants-based torque estimation combined with a physics-enforced closure linking pair density to both torque enhancement and radiative transfer signatures; this is a real conceptual advance over subtractive timing or joint Bayesian fitting. The engineering plan is largely sound, but it pushes the limits of current data quality: torque-spectrum inference from relatively short, irregular X-ray timing baselines may be noise-dominated for some targets, and the assumption that low-frequency spectral invariants fully eliminate cluster acceleration effects is only approximately true if acceleration gradients or jerks are present. The radiative closure is physically motivated, but its practical discriminating power will depend sensitively on model degeneracies between geometry, twist angle, and surface emission anisotropy, which are acknowledged but not fully bounded. Overall, the logic is deep and non-handwaving, with only moderate risk stemming from data limitations rather than conceptual flaws."
"In compact-object mergers that launch relativistic jets (successful or choked), the same engine properties that set the gravitational-wave-inferred remnant (via EOS-dependent tidal effects and collapse time) also set the ejecta electron fraction and entropy through neutrino irradiation and jet/ejecta shocks, thereby determining the r-process yield and—when conditions permit—an early quasi-thermal optical component whose luminosity can be misattributed to a large 56Ni mass. We hypothesize that an EOS- and GR-constrained, jet-aware radiative-transfer/nucleosynthesis inference framework that replaces the usual free 56Ni parameterization with a physically generated isotope-heating basis (including 56Ni as a subspace, and r-process/fission heating as the dominant alternative) will (i) break degeneracies between magnetar/jet energy injection and radioactive heating, (ii) yield tighter and unbiased constraints on the true 56Ni mass (or upper limits) from multi-messenger data, and (iii) map these constraints back to remnant properties (collapse time, disk mass, neutrino luminosity) consistent with the gravitational-wave event.","Step 1: System setup and data preparation.
- Compile a training+inference dataset of well-localized gravitational-wave events (BNS/BHNS candidates) with multi-band EM follow-up (UV/optical/NIR; include non-detections with depth maps) and, when available, prompt/afterglow constraints on relativistic jets (GRB detection, structured-jet fits, radio calorimetry).
- For each event, ingest the GW posterior samples (m1,m2, spins, distance, inclination) and tidal deformability constraints; enforce EOS priors that satisfy causality (cs<=c), thermodynamic stability, and maximum mass constraints.
- Assemble a simulation bank spanning: EOS families; remnant outcomes (prompt collapse vs hypermassive NS lifetime); disk winds; dynamical ejecta; jet energies/opening angles/structure; neutrino irradiation parameters. Generate self-consistent ejecta distributions (Mej, vej, Ye, entropy) using calibrated mappings from numerical relativity and disk-wind models.

Step 2: Implement the methodological adaptation (EOS- and GR-constrained isotope-heating basis with jet-aware radiative transfer).
- Adapt standard kilonova/SN light-curve inference (which typically treats 56Ni mass as a free knob) by replacing the heating term with a constrained mixture model whose coefficients are not free but are generated from the ejecta Ye–entropy–expansion histories:
  (a) Run r-process network calculations (including beta-decays, alpha-decays, and spontaneous fission for translead nuclei) across the ejecta phase-space to produce event-specific heating kernels h_i(t) and predicted abundance vectors, explicitly tracking the 56Ni sub-production channel when Ye approaches NSE/freeze-out conditions.
  (b) Construct an orthogonalized “isotope-heating basis” spanning (i) lanthanide-poor r-process, (ii) lanthanide-rich r-process with fission cycling, (iii) NSE/iron-peak channel including 56Ni/56Co, and (iv) shock-cooling/jet-cocoon thermal component. Coefficients are deterministically tied to physical ejecta parameters (Mej, Ye distribution moments, entropy, expansion timescale) rather than freely fit.
- Couple this heating basis into a radiative transfer surrogate that is structurally modified to enforce conservation laws: luminosity L(t) is computed from a constrained energy balance dE/dt = Q_radio(t)+Q_eng(t)-L(t)-PdV, with Q_eng(t) parameterized by jet/cocoon energy deposition consistent with afterglow/GRB constraints and bounded by engine energetics inferred from disk mass and remnant lifetime.
- Perform hierarchical Bayesian inference jointly over GW posteriors and EM data:
  (a) Likelihood includes photometry, spectra (when available), and upper limits; includes selection effects for follow-up depth.
  (b) Priors enforce EOS constraints and GR consistency between tidal deformability and remnant fate (collapse time). The jet parameters share priors with structured-jet afterglow fits.
  (c) Output posteriors for 56Ni mass (or upper limit), r-process yield, lanthanide fraction, and remnant properties.

Step 3: Validation and analytical framework.
- Synthetic-injection tests: inject known 56Ni-bearing (magnetar/SLSN-like) light curves and pure r-process kilonovae with cocoons into realistic cadence/noise; show that the adapted framework recovers correct 56Ni mass and avoids falsely inferring 56Ni when cocoon+r-process heating explains early luminosity.
- Cross-validation on benchmark events: apply to GW170817-like datasets and to GRB-associated kilonovae (e.g., GRB 230307A / AT 2023vfi analogs) to test recovery of lanthanide-rich mass (~0.02 Msun scale) and to quantify allowed 56Ni.
- Model-comparison metrics: Bayes factors comparing (i) free-56Ni LC models, (ii) magnetar-only, (iii) constrained heating-basis model; evaluate improvement in parameter identifiability (posterior volume shrinkage) and predictive accuracy for late-time NIR where fission heating dominates.
- Mechanism checks: verify that inferred Ye distributions correlate with GW-inferred remnant lifetime (long-lived remnants -> higher Ye via neutrinos -> reduced lanthanides), and that inferred jet/cocoon energy matches afterglow calorimetry within uncertainties.","1. Theoretical/Empirical Basis: Numerical-relativity and disk-wind studies already link EOS and remnant fate to ejecta masses/velocities and Ye via neutrino irradiation; r-process network calculations robustly generate time-dependent heating including fission contributions (as leveraged in recent JWST-constrained kilonova analyses). Observationally, multi-messenger campaigns provide photometric/spectroscopic constraints and meaningful upper limits (e.g., BHNS candidates with non-detections), while GRB afterglows constrain jet structure and energetics.
2. Transfer Logic (How the adaptation fits the domain): The key adaptation is structural: replace the phenomenological, free 56Ni parameterization with a physically generated isotope-heating basis whose coefficients are constrained by Ye–entropy–expansion histories that are themselves constrained by GR/EOS-consistent GW posteriors. This directly embeds conservation laws (energy balance) and causality/EOS bounds into the inference architecture, aligning the model with high-energy astrophysics and nuclear-physics first principles.
3. Comparative Advantage: Standard light-curve fits can misattribute early blue emission to 56Ni (or magnetar power) because r-process+cocoon components are degenerate at early times; our constrained heating basis uses nuclear-network-predicted kernels and jet-consistent energy deposition to break this degeneracy. The framework provides (i) unbiased 56Ni masses/upper limits, (ii) tighter r-process yield constraints, and (iii) a closed loop from GW event properties to nucleosynthesis outcomes, enabling genuine multi-messenger, EOS-sensitive nucleosynthesis inference rather than black-box regression.","This is a technically ambitious and largely well-founded proposal that addresses a real degeneracy in kilonova/engine-powered transient inference. The engineering plan is detailed, leveraging state-of-the-art NR-informed ejecta mappings, nuclear-network heating kernels, and hierarchical Bayesian inference across GW and EM data. Logical consistency is strong: the causal chain from EOS and remnant lifetime to neutrino-processed ejecta, to heating channels, to observable light curves is physically well motivated. Minor weaknesses arise from the reliance on calibrated mappings rather than fully self-consistent simulations, and from the assumption that surrogate radiative-transfer models can robustly enforce energy conservation across diverse ejecta geometries and opacities. While these are standard compromises, they slightly soften the claim of unbiased recovery. Evidence grounding is solid, with appropriate anchoring in known GW170817-like events and GRB-associated kilonovae. The rationale is genuinely creative, proposing a structural change to inference architecture rather than incremental parameter tuning, and directly targets a known interpretive bottleneck in early blue emission."
"A subset of binary neutron-star (BNS) mergers that leave a long-lived (≳10–10^4 s) neutron-star remnant will produce a transient, magnetized spreading layer (SL) and/or boundary-layer-like equatorial belt powered by fallback and/or residual accretion. The same electron population that generates a hard Comptonized spectral component will also imprint an energy- and phase-dependent X-ray polarization signature via anisotropic scattering in a flattened SL geometry, while the rotating emission pattern imprints a correlated but not perfectly locked timing signature in the photon arrival-time statistics. We hypothesize that a *minimal, explicitly nonstationary shared-state model*—in which a low-dimensional latent state controls both (i) phase-dependent Stokes modulation and (ii) timing residual structure—can separate true compactness/geometry effects (GR light-bending, Doppler boosting, oblateness, frame dragging) from apparent TOA perturbations caused by evolving morphology, differential rotation, magnetospheric reconfiguration, and baryon-loaded outflows. Mechanistically, the approach overcomes the reviewers’ feasibility/systematics concerns by: (1) conditioning detectability on GW-selected distance/inclination and collapse-time priors, producing explicit forecasts for counts, minimum detectable polarization (MDP), and pulse detectability windows; (2) replacing the ambiguous claim of a strict ‘TOA–polarization lock’ with a controlled state-evolution mapping that allows partial decorrelation on physical timescales (phase wander, hotspot drift, optical-depth changes); and (3) replacing hard ‘constraint penalties’ with a hierarchical prior model whose influence on M–R/EoS posteriors is quantified via simulation-based calibration (SBC), ensuring that any EoS tightening is data-driven rather than prior-driven. Under this refined model class, joint inference from IXPE-like spectropolarimetry and coherent timing (when present) yields robust compactness constraints, and the proposal’s promised EoS gains are accepted only when they remain stable across bounded alternative polarization physics (magnetized transfer/QED/vacuum polarization; scattering in baryon-rich winds).","Step 0 — Define the observable target class (GW-selected post-merger remnants)
0.1 Event selection by GW triggers: select BNS events with (a) sky localization enabling rapid X-ray pointing, (b) posterior support for a NS remnant (i.e., disfavor prompt collapse) using GW-inferred total mass and EOS-informed threshold mass models, and (c) distance D and inclination ι posteriors suitable for polarimetry.
0.2 Collapse-time prior: implement a parametric prior p(t_collapse | M_rem, EOS_family, B, spin) with three regimes: (i) hypermassive (t_collapse ~ 10–1000 ms), (ii) supramassive (t_collapse ~ 10–10^4 s), (iii) stable (t_collapse ≫ 10^4 s). Only (ii–iii) are treated as plausible IXPE/next-gen targets; (i) is kept for completeness but forecasted as effectively undetectable for polarimetry.

Step 1 — Quantitative feasibility forecasting (counts, MDP, pulse detectability)
1.1 Source population model tied to GW selection:
  • Draw (D, ι, M1, M2, χ) from GW posterior samples for each event.
  • Draw remnant lifetime t_collapse from the prior in 0.2.
  • Draw post-merger X-ray luminosity and temperature trajectories from a minimal phenomenological model constrained by energy budget and observed SGRB/merger afterglow ranges:
    L_X(t) = L0 (t/t0)^(-α) exp[-t/t_collapse], with (L0, α) hyperpriors; seed spectrum kT_bb(t) and Comptonized component (kT_e, τ) drawn from broad hyperpriors (explicit ranges set below).
1.2 Instrument count-rate model (IXPE-like and next-gen option):
  • Compute expected source counts in time bin Δt and energy bin E∈[2,8] keV: S(E,t)=∫ F_E(t) A_eff(E) dE × Δt, with background B(E) from mission models.
  • Forecast total counts N=S+B per interval; enforce deadtime and vignetting.
  • Polarization detectability via MDP at 99%: MDP99(t)=4.29/(μ̄ √S_tot) √(1 + B_tot/S_tot), where μ̄ is the spectrum-weighted modulation factor.
  • Output: per-event and population-level distributions of (S_tot, MDP99) over the observable window t ∈ [t_start, min(t_end, t_collapse)].
1.3 Pulse detectability forecast:
  • Assume a quasi-coherent pulsation at ν(t) with phase noise; model the fractional rms amplitude a_rms(E,t) with a prior informed by Comptonized dominance (harder band has larger a_rms): a_rms = a0 (E/E0)^β exp[-t/t_a].
  • For each simulated dataset, compute Rayleigh/Z^2_n sensitivity and/or likelihood-ratio detectability using photon arrival times:
    SNR_pulse ≈ a_rms √S_tot (background-corrected), with detection requiring false-alarm-controlled threshold.
  • Deliverable: probability of detecting pulses (with usable TOAs) vs (D, ι, t_collapse, L0, α, a0, β).
1.4 Gate the analysis by detectability tiers:
  • Tier A: Polarimetry-dominated (MDP99 < 10% but no significant pulses).
  • Tier B: Joint timing+polarimetry (MDP99 < 10% and SNR_pulse above threshold).
  • Tier C: Non-detection/upper limits (used to constrain population hyperparameters and rule out overly optimistic models).

Step 2 — Explicit shared-state forward model with controlled nonstationarity (replacing “locked”)
2.1 Latent shared physical state x(t): define a minimal latent state vector with explicit time evolution:
  x(t) = {φ0(t), ν(t), \dot{ν}(t), g(t), τ(t), kT_e(t), A_SL(t), ψ(t), ϑ(t), ξ_w(t)}
  where:
  • φ0(t): phase offset; ν(t), \dot{ν}(t): spin and spin-down (or drift).
  • g(t): geometric mode controlling the azimuthal brightness asymmetry of the SL belt (e.g., m=1 mode amplitude).
  • τ(t), kT_e(t): SL optical depth and electron temperature.
  • A_SL(t): SL emitting area fraction / latitude extent.
  • ψ(t): magnetic/flow obliquity proxy controlling anisotropy direction.
  • ϑ(t): hotspot/brightness centroid longitude drift rate (morphology evolution).
  • ξ_w(t): wind/scattering depth proxy capturing baryon-loaded outflow effects.
2.2 State evolution model (stochastic differential / state-space):
  • Use an Ornstein–Uhlenbeck (OU) or continuous-time random walk prior for slowly varying components:
    dτ = -(τ-\bar{τ})/T_τ dt + σ_τ dW_t; similarly for kT_e, A_SL, g, ξ_w.
  • Allow phase/morphology wander:
    dφ0/dt = δν(t) + η_φ(t), with η_φ as a low-frequency noise term; include discrete change points if evidence supports abrupt reconfiguration.
  • This explicitly permits partial decorrelation between timing residuals and polarization on timescales T_i, addressing reviewer concerns about nonstationarity.
2.3 Mapping from state to observables (minimal parametric, physics-anchored):
  (a) Photon arrival-time likelihood (timing):
    • Intensity profile λ(t,E) = λ0(E,t)[1 + g(t) cos(Φ(t)+ϑ(t)) + g2 cos(2Φ(t)+...)] with Φ(t)=2π∫ν(t)dt + φ0(t).
    • GR mapping enters λ0 and harmonic content through precomputed relativistic ray-tracing response surfaces R_GR(M,R,spin,ι,ψ), including light bending, Doppler boosting, time delays, oblateness; frame-dragging treated by comparing two levels: Hartle–Thorne vs Kerr-approx kernel (bounded systematics).
    • Fit directly to event lists via inhomogeneous Poisson likelihood or to folded profiles with proper uncertainty propagation.
  (b) Stokes spectra likelihood (spectropolarimetry):
    • Stokes vector per phase-energy bin: S⃗(E,Φ,t) = S⃗_C(E,Φ | τ(t), kT_e(t), A_SL(t), ψ(t), M,R,spin,ι) ⊕ S⃗_bb(E,...) ⊕ S⃗_wind(E,Φ|ξ_w(t)).
    • Enforce that the Comptonized component dominates the PD/PA behavior (as in dipping LMXBs) by allowing the PD to be primarily generated by S⃗_C, while wind term can rotate PA/increase PD during obscuration/scattering episodes.
    • Use a fast polarized Comptonization surrogate (see Step 3) conditioned on (kT_e, τ, viewing angle, bulk azimuthal speed) with explicit validity domains.
2.4 Correlation claim reformulated and testable:
  • Define a measurable cross-statistic predicted by the model: C(Δt,E)=corr[δTOA(t), δPA(t,E)] and corr[δTOA(t), δPD(t,E)], with expected sign/lag depending on τ(t) and geometry.
  • The hypothesis is not “perfect locking” but “shared latent drivers produce structured, bounded correlation that distinguishes compactness-induced phase distortions from morphology wander.”

Step 3 — Polarization physics module: accuracy requirements, bounded alternatives, failure modes
3.1 Baseline SL polarized Comptonization kernel:
  • Geometry: plane-parallel slab/annulus (belt) with anisotropic seed injection from NS surface; allow mild bulk azimuthal velocity β_φ.
  • Use precomputed polarized redistribution matrices R_ij(E→E', μ→μ' | kT_e, τ, β_φ) from targeted Monte Carlo including Klein–Nishina cross sections (no Thomson-only assumption).
  • Surrogate model: train an emulator (e.g., neural spline / GP) on the Monte Carlo grid; enforce monotonicity/physical constraints (positivity of I, |P|≤1).
3.2 Validity and stress tests:
  • Klein–Nishina: ensure accuracy for kT_e up to ~100 keV (grid coverage), quantify bias when extrapolated.
  • Hybrid electrons: include an alternative kernel with thermal+power-law tail; treat presence of tail as a trans-dimensional switch.
  • Bulk flows: include β_φ up to ~0.3 as a parameter; validate against full relativistic Compton scattering in MC.
3.3 Magnetized/QED/vacuum polarization bounds:
  • For B ≳ 10^13–10^14 G, include an additional polarization rotation/depolarization operator acting on S⃗, parameterized by an effective birefringent phase Δχ(E) and mode conversion depth. If detailed magnetized radiative transfer is too expensive, bracket with two limiting models:
    (i) Weak-QED limit: negligible rotation.
    (ii) Strong-QED screen: energy-dependent PA rotation with saturation.
  • Infer Δχ hyperparameters with broad priors and test whether compactness posteriors are stable when marginalizing over these effects.
3.4 Baryon-rich wind scattering:
  • Implement a simple wind screen with optical depth τ_w(E,t)=ξ_w(t)(E/E0)^(-s), plus a scattering-induced polarization term with a preferred axis tied to disk/outflow geometry.
  • This directly addresses the reviewer’s concern that outflows can mimic compactness signatures by altering both phase and polarization.

Step 4 — Replace “hard constraint penalties” with hierarchical priors and quantify prior influence
4.1 Hierarchical prior structure:
  • EoS prior: sample from EoS families (piecewise-polytrope or spectral representation) with built-in causality and thermodynamic stability; induce p(M,R) via TOV solution.
  • Energy budget prior: rather than enforcing equality, set a weakly informative relation linking L_X(t) to fallback/accretion power with scatter:
    log L_X(t) ~ Normal(log(η \dot{M}c^2), σ_L), with η and σ_L hyperparameters.
  • Angular momentum coupling prior: relate remnant spin (GW-informed) to SL azimuthal flow via a broad regression with scatter, not a hard constraint.
  • All such relations are implemented as probabilistic nodes, allowing the data to override them.
4.2 Simulation-based calibration (SBC) and prior-sensitivity:
  • Generate synthetic datasets from the full hierarchical model across detectability tiers.
  • Run the full inference and verify SBC rank statistics for (M,R) and key SL parameters.
  • Repeat with weakened/strengthened hyperpriors to quantify how much EoS tightening is attributable to data vs priors; report this as an explicit ‘prior influence budget’.

Step 5 — Inference engine and model selection (SNR-aware, trans-dimensional)
5.1 Use product-space nested sampling or RJMCMC to switch on/off: (i) SL Comptonized polarized component, (ii) hybrid electron tail, (iii) wind screen, (iv) QED rotation operator, (v) morphology change points.
5.2 Likelihood weighting and binning:
  • Use photon-level likelihoods where possible; otherwise use adaptive binning such that each bin meets a minimum effective modulation SNR for reliable Stokes inference.
  • Ensure polarization likelihood uses correct IXPE Stokes statistics (not Gaussian-in-PD approximations) and propagate background uncertainties.
5.3 Deliverable posteriors:
  • (M,R) and EOS parameters with full marginalization over nonstationarity and alternative physics.
  • Bayes factors for including SL polarization, wind scattering, and QED terms.

Step 6 — Validation and reality checks
6.1 Internal recovery tests: quantify bias vs (MDP, SNR_pulse, t_collapse, cadence gaps), including adversarial cases where timing–polarization correlations are weak.
6.2 External calibration on LMXBs with spreading-layer phenomenology:
  • Apply the same SL polarimetric kernel to IXPE LMXB datasets (e.g., dipping sources where PD rises and PA swings correlate with a harder Comptonized component), verifying that the model reproduces PD/PA–hardness behavior.
6.3 Stability criterion for EoS claims:
  • Require that compactness posteriors remain consistent (within stated systematics) when swapping: (a) wind model family, (b) QED bracket model, (c) frame-dragging level (Hartle–Thorne vs Kerr-approx), (d) electron distribution (thermal vs hybrid).
  • If not stable, downgrade to reporting conservative bounds or non-detection constraints on SL properties rather than EoS tightening.","Quantitative detectability (addressing the primary scientific risk)
• The proposal now includes an explicit end-to-end forecast layer that converts GW posteriors (distance/inclination/masses) plus a collapse-time prior into predicted IXPE-like counts, MDP99(t), and pulse detectability probability. This directly answers the critique that the original text lacked count-rate/MDP/pulsation feasibility.
• The analysis is explicitly tiered: even if coherent pulsations are absent (likely in many post-merger scenarios), the framework still performs polarimetry-dominated inference (Tier A) and uses timing only when pulse SNR supports it (Tier B). This prevents overreliance on an unestablished observable regime.
• Collapse-time uncertainty is treated as a first-class latent variable with physically motivated priors; feasibility is reported as probability mass in the (MDP, pulse detectability) region before collapse.

Controlled nonstationarity (addressing ‘TOA residuals dominated by evolving morphology’)
• The refined hypothesis removes the overstrong “locked” claim and replaces it with a state-space model x(t) that permits partial decorrelation between TOA residuals and polarization through explicit timescales (OU processes) and optional change points. This makes the causal link testable and falsifiable: the model predicts bounded correlations/phase lags rather than perfect locking.
• Timing is treated generatively (photon likelihood / profile likelihood) with explicit phase-wander components, preventing compactness inference from being spuriously driven by nonstationary morphology.

Replacing ambiguous penalties with hierarchical priors + SBC (addressing prior-driven tightening)
• Energy and angular-momentum ‘constraints’ are implemented as probabilistic relations with hyperparameters and scatter, not hard penalties. This avoids artificially narrowing M–R/EoS posteriors.
• Simulation-based calibration is added as a mandatory validation deliverable: we will demonstrate (i) calibrated coverage for M–R under the full pipeline and (ii) a quantified ‘prior influence budget’ by rerunning with altered hyperpriors.

Systematics budget for polarization physics in the post-merger regime
• The polarized Comptonization module is upgraded to explicitly include Klein–Nishina effects, mild bulk flows, and a trans-dimensional hybrid electron option; each has a defined validity regime and stress tests.
• Additional post-merger-relevant polarization physics is either incorporated or bounded:
  – Magnetized/QED/vacuum polarization is bracketed with a parameterized birefringent operator and limiting models, and its impact on compactness is marginalized.
  – Baryon-rich wind scattering is explicitly modeled as a screen that can rotate PA and increase PD, preventing misattribution of outflow-induced effects to GR compactness.
• Strong-field GR systematics are bounded by comparing two frame-dragging treatments (Hartle–Thorne vs Kerr-approx), and EoS claims are conditioned on stability under this swap.

Why EoS leverage remains plausible without overpromising
• The proposal’s EoS leverage is now conditional: it is claimed only for Tier B datasets where both polarimetric modulation and timing are informative and where compactness posteriors remain stable across the alternative forward models and priors. Otherwise, the outcome is correctly downgraded to constraints on spreading-layer/outflow physics and upper limits on polarization.
• This aligns the technical sophistication of the joint inference with a realistic detectability and systematics budget, directly meeting the reviewers’ mandatory directive.","This is an unusually rigorous and technically mature proposal that directly addresses prior feasibility and systematics critiques through explicit forecasting, tiered detectability, and hierarchical inference with SBC. Engineering execution is strong: the end-to-end pipeline from GW posteriors to IXPE-level counts, MDP, and pulse detectability is concrete and realistically scoped. The shared-state nonstationary model is logically consistent and well motivated, avoiding the common pitfall of overinterpreting TOA residuals in evolving post-merger environments. The polarization physics module is sophisticated and appropriately bounded, with explicit validity regimes and alternative models that prevent overclaiming EoS leverage. Minor score deductions arise from residual dependence on phenomenological luminosity and SL morphology priors in a regime with no confirmed post-merger X-ray detections; while mitigated by SBC and tiering, this remains a real astrophysical risk rather than a conceptual flaw. Additionally, the complexity of the inference engine (product-space sampling with photon-level likelihoods) poses computational risk that is acknowledged but not fully costed."
"In Aql X-1 hard/intermediate states, variability in the Comptonization parameter y is not treated as a stand-alone “geometry marker” but as a measurable consequence of a coupled change in (i) coronal heating-to-cooling balance and (ii) coronal/disk geometry that is independently constrained by reflection and reverberation. Specifically: when the inner flow becomes more vertically extended (coronal height h increases) and/or the disk truncation radius Rin moves outward, the seed-photon energy density seen by the corona decreases, allowing higher kTe and/or lower τ to yield a higher y at fixed luminosity partition; simultaneously the reflection fraction Rrefl and reverberation lag spectrum shift in a predictable manner (via light-travel-time and solid-angle changes). We further hypothesize that any gamma-ray counterpart (0.1–300 GeV) arises only if non-thermal particle power is dissipated at a jet/outflow distance z sufficiently large that gamma–gamma opacity against the intense keV photon field is <1; thus, gamma-ray transparency is a deterministic function of (Lx, Rin, h, z, viewing angle) rather than a post-hoc veto. The refined approach overcomes reviewer-identified non-uniqueness by (a) explicitly parameterizing geometry (Rin, h, coronal size Rc, and jet dissipation distance z) and enforcing that the same geometry must jointly explain y, the high-energy cutoff and reflection spectrum, and reverberation/covariance timing; and (b) making gamma-ray emission and attenuation predictive through a physically parameterized emission zone and photon-field geometry. The falsifiable signature is a state-dependent mapping: increases in y must co-occur with (or precede, within a propagation lag model) measurable shifts in reflection fraction, iron-line broadening, and reverberation lags consistent with the inferred Rin/h; and any inferred gamma-ray flux must require z above a model-predicted minimum zmin(Lx,Rin,h) to satisfy tau_γγ(E,z)<1 while remaining consistent with X-ray cutoff constraints on kTe and the non-thermal electron fraction.","Step 0 (Parameterization & model commitments; resolves geometry/opacity under-specification)
0.1 Define the latent physical state vector with explicit geometry and emission location:
  x(t) = { \dot{M}(t), Rin(t), h(t), Rc(t), kTe(t), τ(t), fNT(t), ηjet(t), z(t), ξion(t), AFe, i, D, fcol, Cinst }
  where h is coronal height above the disk (lamppost-equivalent), Rc is a coronal characteristic radius (sets compactness), z is jet dissipation distance along the outflow, ξion and AFe are reflection parameters, i inclination, D distance, fcol color correction, and Cinst cross-calibration constants.
0.2 Reparameterize to enforce positivity and smooth constraints (no hard rejection in HMC):
  - Sample unconstrained variables u and transform: Rin=RNS+exp(uR), h=exp(uh), Rc=exp(uRc), τ=exp(uτ), kTe=exp(ukT), fNT=sigmoid(uf), ηjet=sigmoid(uη), z=exp(uz).
  - Enforce energy partition smoothly via a simplex: {Lth, Lheat, Ljet, Ladv} = Lbol * softmax(uL); and couple Lheat to Comptonization normalization.
0.3 Fix the gamma-ray opacity to be deterministic (not a soft veto):
  - Compute the anisotropic soft-photon field from the disk+boundary layer + reflection geometry using Rin, h, i and luminosity partitions.
  - Compute τγγ(E,z) along the jet axis (or at angle i) using the angle-dependent pair-production kernel with the local photon density at distance z.
  - Predicted escaping gamma-ray spectrum: Fγ,esc(E)=Fγ,int(E)*exp[-τγγ(E,z)] with no additional free “transparency weight.”

Step 1 (Data assembly with mandatory geometric observables)
1.1 Build a multi-epoch dataset capturing: quiescence → hard state → hard-intermediate → transition. Instruments:
  - NICER (0.2–12 keV): time-resolved spectra + cross-spectra (covariance, lag-energy, lag-frequency).
  - NuSTAR (3–79 keV): broadband continuum, high-energy cutoff constraints, and reflection (Fe line + Compton hump).
  - INTEGRAL (when available): extension above NuSTAR to strengthen cutoff/compactness constraints.
  - Fermi-LAT (0.1–300 GeV): unbinned likelihood light curves and epoch-stacked analyses; include upper limits as proper likelihood terms.
  - Optional/risk-mitigation: Swift/BAT or MAXI for contemporaneous hardness tracking and state classification.
1.2 Products (per epoch and within-epoch segments matched to stationarity):
  - X-ray: (i) time-averaged spectrum, (ii) time-resolved spectra in segments, (iii) power spectral density, (iv) covariance spectra, (v) cross-spectral phase/time lags.
  - Reflection/reverberation constraints (mandatory):
    a) Reflection fraction Rrefl and iron line profile (broadening) from NuSTAR fits using a lamppost reflection model (e.g., relxilllp-like parameterization: Rin, h, i, AFe, ξion).
    b) Reverberation lag constraints: model lag-frequency and lag-energy features attributable to reflection/thermal reprocessing, giving an independent handle on light-travel scale ~ h/c and Rin/c.
  - LAT: per-epoch photon data and exposure; compute likelihoods for a fixed source position with spectral templates linked to the physical module.

Step 2 (Coupled generative model; spectra + reflection + timing + LAT)
2.1 X-ray continuum module (physics-constrained):
  - Thermal component: disk + boundary layer (BL) parameterized such that Lth is tied to \dot{M} and geometry (with nuisance fcol, i, D).
  - Comptonization component: produces the hard tail with parameters (kTe, τ, fNT) and seed photon field from thermal component; define y(t)=4(kTe/mec^2)*max(τ,τ^2) as a derived quantity.
  - Compactness: ℓ = Lheat σT/(Rc mec^3); include pair balance prior/penalty by linking allowable (kTe, τ, ℓ) to avoid unphysical regimes smoothly (e.g., via an approximate pair-equilibrium manifold likelihood term rather than rejection).
2.2 Reflection module (geometry observable; breaks y–geometry degeneracy):
  - Use lamppost-style reflection with explicit h and Rin affecting emissivity and Rrefl; include iron-line broadening constraints and Compton hump.
  - Jointly fit NuSTAR spectrum with NICER where overlap exists; reflection parameters (h, Rin, i, AFe, ξion) are shared across instruments with Cinst.
2.3 Spectral-timing / state-space module (directionality):
  - Latent evolution: model \dot{M}(t) as a stochastic process (e.g., CARMA / OU mixture) driving thermal variability; allow a response transfer function to Comptonization and reflection.
  - Enforce causality through parameterized impulse responses rather than hard inequalities: transfer kernels have support only for t>0 and characteristic timescales tied to Rin and viscous/propagation times; reverberation lags tied to h/c.
  - Likelihood includes cross-spectra (complex) to fit covariance and phase lags, ensuring the “thermal leads power-law” behavior is not post-fitted but required.
2.4 Gamma-ray emission module with explicit z and target fields (addresses underconstrained pp/IC):
  - Two channels share jet power Ljet=ηjet Lbol:
    (i) Leptonic IC: non-thermal electrons with fraction fNT; seed fields include disk/BL photons and synchrotron (if modeled). Maximum electron energy is constrained by requiring consistency with the X-ray cutoff/Comptonization tail (i.e., fNT cannot produce an X-ray excess inconsistent with NuSTAR).
    (ii) Hadronic pp: parameterize baryon loading via jet kinetic power fraction and a target column/interaction efficiency in a compact “dissipation zone” at distance z. Use a minimal, identifiable parameterization: fpp(z)=1-exp[-n(z) σpp lzone], where n(z) is tied to outflow mass rate (set by Ljet and assumed bulk Lorentz factor prior) and lzone is a fractional zone size (prior-limited). This avoids an unconstrained free n and size simultaneously.
  - Gamma-ray attenuation: compute τγγ(E,z) using the same disk+corona geometry (Rin,h,Lth) and apply exp(-τγγ) deterministically.
  - Prediction: LAT counts generated from convolving Fγ,esc(E) with LAT IRFs per epoch.

Step 3 (Noise, systematics, and robust likelihood design)
3.1 Instrument systematics as explicit nuisance parameters:
  - Cross-calibration constants Cinst with informative priors.
  - NICER background and gain uncertainties parameterized and marginalized.
  - NuSTAR background and response uncertainties included via standard background modeling and an added fractional systematic term in selected bands.
  - LAT: standard diffuse backgrounds and nearby sources modeled; include uncertainty in Galactic diffuse normalization as a nuisance parameter with priors.
3.2 Likelihood structure:
  - Joint likelihood = Lspec(NICER,NuSTAR,INTEGRAL) × Lrefl(NuSTAR) × Ltiming(NICER cross-spectra) × LLAT(photon likelihood).
  - Use Student-t likelihood for spectra residuals to reduce sensitivity to mis-modeled systematics; cross-spectra likelihood uses complex normal with frequency-dependent variance.

Step 4 (Identifiability and falsifiability plan: simulation-based recovery)
4.1 End-to-end simulation grid (mandatory): generate synthetic multi-instrument datasets under known parameters spanning:
  - Geometry: Rin ∈ [RNS, 50 Rg], h ∈ [2, 50] Rg-equivalent, Rc ∈ [2, 30] Rg.
  - Plasma: kTe ∈ [10, 150] keV, τ ∈ [0.5, 5], fNT ∈ [0, 0.3].
  - Jet: ηjet ∈ [0, 0.3], z ∈ [10^2, 10^6] km (or scaled units), and hadronic fraction priors.
  - Include realistic S/N and systematics based on archived exposure distributions.
4.2 Recovery metrics:
  - Posterior contraction and bias for (kTe, τ, Rin, h, z, ηjet, fNT).
  - Posterior predictive checks for reflection features and lags.
  - Bayes factor / information criteria for leptonic-only vs hadronic+leptonic, requiring that simulated truth is recoverable.
4.3 Identifiability guardrails:
  - If (z, ηjet, fNT) are not simultaneously identifiable in certain regimes, commit in advance to reporting upper limits or profile-likelihood constraints rather than over-interpreting posteriors.

Step 5 (Primary tests and decision rules)
5.1 Geometry test of the y–transition claim (core reviewer requirement):
  - Test whether increases in y are accompanied by a statistically significant shift in (Rrefl, inferred h, Rin, reverberation lags). Competing models:
    M1: y varies only via heating/cooling at fixed geometry (Rin,h constant).
    M2: y variations coupled to evolving geometry (Rin,h variable) constrained by reflection+lags.
  - Use Bayesian model comparison and posterior predictive checks; falsification occurs if y changes without corresponding reflection/lag changes beyond uncertainties.
5.2 Gamma-ray test with deterministic opacity:
  - Predict Fγ,esc and compare to LAT likelihood. Key falsifiable output: inferred z must exceed zmin implied by τγγ(E,z)<1 at GeV energies; if LAT requires z < zmin or requires electron distributions inconsistent with X-ray cutoff, the gamma-ray production hypothesis is rejected.
  - Model selection: leptonic-only vs hadronic+leptonic under identical geometry constraints.

Step 6 (Narrowed, robust EoS-facing intermediate claim)
6.1 Replace broad “EoS constraints” with a demonstrably robust intermediate observable:
  - Infer boundary-layer luminosity fraction fBL = LBL/Lbol (or equivalently Lth partition attributable to BL vs disk) as a function of spectral state and timing, with explicit sensitivity analysis to D, i, and fcol.
  - Only then map fBL to compactness-sensitive trends using conservative priors (spin known; mass prior; no strong radius claim unless data demand it).
6.2 Sensitivity analysis:
  - Report how posteriors on fBL change under alternate priors for D, i, and fcol; declare the EoS-facing inference “informative” only if fBL constraints remain stable across plausible prior families.

Deliverables
- Publicly documented generative model and simulation-recovery suite.
- State-resolved posterior trajectories for {y,Rin,h,Rc,z,ηjet,fNT}.
- A falsifiable decision on whether geometry changes are required to explain y evolution and whether any gamma-ray counterpart is physically allowed (opacity + cutoff) and which channel is favored.","Physical identifiability and falsifiability are built in by design. Geometry is no longer inferred implicitly from y: Rin and h are explicit parameters constrained by independent observables (NuSTAR reflection fraction/line broadening and reverberation lags) that must be jointly satisfied with the continuum and timing, breaking the kTe–τ–heating degeneracy noted by reviewers. The gamma-ray module is constrained by (i) a shared jet power budget ηjet Lbol, (ii) an explicit emission location z, and (iii) deterministic γγ attenuation computed from the same inferred photon field and geometry; thus LAT predictions are not “down-weighted” post hoc but emerge uniquely from (Rin,h,Lx,z,fNT,ηjet). Statistical robustness is addressed by (a) smooth reparameterizations (softmax/sigmoid/log transforms) that avoid brittle hard-rejection in HMC, (b) explicit systematics models and heavy-tailed spectral residual likelihoods to prevent domination by calibration artifacts, and (c) mandatory simulation-based calibration/recovery studies demonstrating which parameter combinations (kTe, τ, Rin, h, z, fNT, ηjet) are recoverable at realistic S/N and which must be reported as limits. Finally, the EoS connection is narrowed to the boundary-layer luminosity fraction fBL (a directly model-linked, sensitivity-tested intermediate) rather than over-claiming mass–radius constraints; this prevents prior-dominated inference while preserving a meaningful, testable neutron-star-structure touchpoint. Empirically, Aql X-1 has extensive NICER coverage for spectral-timing, strong NuSTAR leverage on cutoff+reflection in hard states, and LAT provides long-baseline exposure for stringent upper limits; even null LAT detections remain decisive because they translate into quantitative lower bounds on z (or upper bounds on ηjet fNT) under deterministic opacity.","This is an unusually rigorous and technically mature proposal that directly addresses previously identified degeneracies between Comptonization parameters and geometry. The insistence on explicit geometric parameterization, deterministic γγ opacity, and joint spectral–timing–LAT likelihoods represents a genuine advance over phenomenological treatments of y as a stand-alone marker. The main weakness is practical rather than conceptual: the full state-space model (spectra + complex cross-spectra + LAT photons) risks over-parameterization even with simulation-based calibration, particularly for simultaneously recovering (z, ηjet, fNT) in low-S/N LAT regimes. While this risk is acknowledged, the proposal could more sharply define in advance which subsets of the model are expected to be active (or frozen) in specific accretion states to reduce dimensionality. No major logical inconsistencies are identified; the physical mechanisms linking geometry, seed-photon density, y, reflection, reverberation, and γ-ray transparency are internally consistent and well motivated."
"In neutron-star X-ray binaries with a super-orbital period, the observed phase-locked evolution of X-ray flux, polarization degree (PD), and polarization angle (PA) is driven primarily by periodic changes in the line-of-sight–dependent Mueller-matrix transfer through a precessing/warped, partially covering Comptonizing medium (corona/wind/inner disk rim) that both (i) scatters photons from the boundary/spreading layer and disk and (ii) absorbs/occults them with energy-dependent partial covering. The key mechanistic claim is not that the transfer operator remains in a single idealized symmetry class, but that for the geometries relevant to super-orbital modulation the transfer can be parameterized by a low-dimensional set of time-varying geometric angles and optical depths, which in turn imposes testable structure on the harmonic content of the super-orbital Stokes vector.

Specifically, we posit a generative model in which the observed energy-dependent Stokes vector S(E,φ) = (I,Q,U) at super-orbital phase φ is the sum of (a) an intrinsic emission component from the neutron-star boundary/spreading layer plus disk with a bounded, physically parameterized intrinsic polarization field, and (b) a reprocessed component produced by single-to-moderate order Compton scattering in a tilted, precessing medium with optional azimuthal asymmetry. The periodic evolution of the medium’s orientation and covering fraction yields phase-dependent rotations and amplitude changes in Q and U through the Mueller matrix of scattering, while absorption/partial covering primarily modulates I and can indirectly enhance PD by preferentially suppressing the less-polarized component. We will test whether the measured super-orbital Fourier coefficients of I,Q,U are jointly consistent with this Mueller+covering generative model, and we will quantify (via identifiability analysis under IXPE response and count rates) which physical parameters are recoverable and whether harmonic truncation at n≤2 is justified for specific targets (or whether higher harmonics are demanded by asymmetry/multiple scattering).

This refined approach overcomes the reviewers’ concerns by replacing the prior ‘eigenmode’ narrative with a forward-folded, event-level inference pipeline: (1) a concrete Mueller-matrix transfer + partial covering model that predicts the phase-harmonic content of the full Stokes vector; (2) explicit modeling of intrinsic polarization from the boundary/spreading layer rather than assuming it is unpolarized; (3) joint spectral+polarimetric likelihood at the event level (or fully forward-folded) that avoids post-hoc subtraction of polarized components; and (4) a simulation-calibrated sensitivity/identifiability framework demonstrating which harmonics and parameters can be constrained given IXPE modulation factors, energy dispersion, and realistic backgrounds.

If retained, the EOS deliverable is explicitly scoped: geometry/covering/scattering constraints from super-orbital polarimetry will be used as informative priors on anisotropy/visibility parameters in existing pulse-profile likelihoods for a named target where such modeling is already mature (Her X-1), enabling a quantified forecast of compactness uncertainty reduction.","Step 0 — Target selection and observing configuration (deliverable: target-specific forecast table)
0.1 Select primary target Her X-1 (known super-orbital cycle with IXPE epochs spanning Main-on/Short-on; Asset 3). Secondary exploratory targets: GX 13+1 and Cir X-1 (demonstrated PA rotation/PD changes tied to spectral state/dips; Assets 1–2) if super-orbital ephemerides and phase coverage are adequate.
0.2 For each target, assemble ephemerides (super-orbital phase model with uncertainties) and define phase bins that balance harmonic recovery and S/N (initially 8–16 bins; revised after Fisher/mocks).
0.3 Acquire strictly contemporaneous broadband spectroscopy where available (NICER; NuSTAR if feasible) to constrain spectral components and absorption/partial covering that are degenerate with polarization in narrow IXPE band.

Step 1 — Explicit generative forward model (deliverable: written model equations + code module)
We model the observed Stokes vector at detector energy channel j and super-orbital phase φ as a forward-folded integral over true photon energy E:
1.1 Source model (true-energy domain):
S_src(E,φ) = S_dir(E,φ) + S_scat(E,φ).

1.2 Direct (intrinsic) component with parameterized intrinsic polarization:
S_dir(E,φ) = A_pc(E,φ) \times [I0(E,φ) \cdot (1, p0(E,φ)cos2ψ0(φ), p0(E,φ)sin2ψ0(φ))].
Here A_pc(E,φ) is a partial-covering/absorption operator acting on intensity (and, if needed, weakly on Q,U if dichroism is tested but default is scalar attenuation):
A_pc(E,φ) = (1 - f_cov(φ)) + f_cov(φ)\,exp[-N_H(φ)\,σ(E)]
with f_cov(φ)∈[0,1].
Intrinsic polarization is not forced to zero: p0(E,φ) is bounded by physically motivated priors (e.g., p0 ≤ 5% as a conservative envelope for electron-scattering atmospheres with GR light bending; tighter priors can be target-specific) and may include a low-order harmonic dependence:
p0(E,φ)=p0,0(E)+p0,1(E)cos(φ-δp) (optional, model-selected).
ψ0(φ)=ψ0,0 + ψ0,1cos(φ-δψ) (optional).

1.3 Scattered/reprocessed component via Mueller-matrix transfer through a precessing medium:
S_scat(E,φ)= \int dE'\; K(E,E'|kT_e,τ)\; M(\Theta(φ),\Phi(φ),g)\; S_seed(E',φ).
- K(E,E'|kT_e,τ) is an energy-redistribution kernel (single/multiple scattering approximation). For initial inference we use a controlled-order expansion: mixture of unscattered + once-scattered + twice-scattered terms with weights determined by τ (e.g., w0=exp(-τ), w1=τexp(-τ), w2=τ^2 exp(-τ)/2), and energy shifts parameterized by kT_e; this is calibrated/validated with Monte Carlo in Step 4.
- M is the linear-polarization Mueller matrix for Compton/Thomson scattering integrated over the medium’s angular distribution; it depends on the instantaneous scattering geometry described by a small set of angles:
\Theta(φ) = viewing-scatter angle distribution controlled by disk/corona tilt β, precession phase φ, and observer inclination i; \Phi(φ) encodes the rotation of the scattering plane on the sky.
- g is an asymmetry parameter controlling deviation from axisymmetry (g=0 axisymmetric; g>0 allows m=1 azimuthal brightness/optical-depth variation). This is the explicit mechanism for generating higher harmonics if required; g is tested via model comparison.
- S_seed(E',φ) is the seed Stokes vector from boundary/spreading layer + disk, sharing (p0,ψ0) parameterization but allowing a separate spectral shape.

1.4 Super-orbital geometry parameterization (precession/warp):
We do not assume perfect axisymmetry. We parameterize:
- β: tilt between medium symmetry axis and neutron-star spin (or binary angular momentum).
- i: inclination (prior from literature).
- φ0: super-orbital phase zero-point.
- g and χ_g: amplitude and phase of azimuthal asymmetry.
- τ(φ)=τ0+τ1cos(φ-δτ) (optional), and f_cov(φ)=f0+f1cos(φ-δf) (optional), enabling absorption/scattering modulation.

1.5 Prediction of harmonic content:
From the generative model we compute S(E,φ) and then Fourier coefficients up to n_max, but n_max is not fixed a priori; it is selected by evidence and by sensitivity forecasts. The ‘n≤2’ case is treated as a hypothesis to be tested (via Bayes factors) rather than a hard constraint.

Step 2 — Instrument-aware likelihood: event-level (preferred) or fully forward-folded (deliverable: validated inference pipeline)
2.1 Use IXPE event lists with per-event energy channel, time, and azimuthal scattering angle α. The standard polarimetric measurement equation is:
P(α|E,φ) ∝ 1 + μ(E) [ q(E,φ)cos2α + u(E,φ)sin2α ],
where μ(E) is the modulation factor and (q,u)=(Q/I,U/I) in the detector frame.
2.2 Build a joint likelihood over events that models simultaneously:
- spectral intensity through the IXPE ARF/RMF,
- background (with its own Stokes parameters, typically unpolarized but allowed a nuisance polarization with tight priors),
- phase dependence through the super-orbital ephemeris.
Concretely, maximize/posterior-sample:
ln L = Σ_events ln [ (R_src+R_bkg)^{-1} (R_src P_src(α|E,φ)+R_bkg P_bkg(α|E)) ],
with R_src predicted by forward-folding S(E,φ) through response matrices. This avoids post-hoc ‘subtract Comptonized Stokes’ operations and correctly handles energy-dependent μ(E) and dispersion.
2.3 Simultaneously fit NICER/NuSTAR spectra (where available) with a coupled spectral model sharing (kT_e, τ, N_H, f_cov, component normalizations), thereby breaking degeneracies between absorption, Comptonization, and polarization.
2.4 Sampling strategy: use nested sampling (for robust evidence/Bayes factors for harmonic/asymmetry order) or HMC where differentiable components permit; validate with posterior predictive checks in (α,E,φ) space.

Step 3 — Identifiability, sensitivity, and harmonic truncation justification (deliverable: recoverability maps + decision on n_max)
3.1 Fisher-matrix or simulation-based inference (SBI-lite) forecasts using realistic IXPE count rates per phase bin for each target, including μ(E), background, and planned exposure.
3.2 Evaluate parameter recoverability and degeneracy structure for θ = {β, τ0, τ1, δτ, kT_e, f0, f1, δf, p0,0(E) hyperparameters, ψ0,0, g, χ_g}.
Outputs:
- Which parameters are constrained (posterior width vs prior width).
- Which harmonic orders are detectable (expected S/N of Fourier coefficients of Q,U).
- Under what conditions higher harmonics (n≥3) become necessary (e.g., g>0, strong τ modulation, multiple scattering contributions).
3.3 Use Bayes-factor model comparison on mocks and then on data for:
- n_max ∈ {1,2,3,4},
- g=0 vs g free,
- τ(φ) constant vs modulated,
- intrinsic polarization constant vs modulated.
This directly answers the reviewer concern that n≤2 may be invalid in realistic media.

Step 4 — End-to-end validation with Monte Carlo and injection studies (deliverable: bias/coverage report)
4.1 Generate synthetic IXPE event lists using a Monte Carlo Compton scattering code (or validated public tool) for representative geometries:
- axisymmetric precessing slab/torus (baseline),
- warped/azimuthally asymmetric medium (g>0),
- varying covering fraction with energy-dependent absorption.
4.2 Forward-fold through IXPE response and reconstruct with the exact inference pipeline.
4.3 Quantify bias and frequentist coverage for key parameters (β, τ0, kT_e, f1, g) and for recovered Fourier amplitudes/phases of (Q,U).
4.4 Systematics stress tests:
- modulation factor calibration uncertainty (nuisance scaling),
- background mis-modeling,
- ephemeris/phase smearing.

Step 5 — Science products and cross-source synthesis (deliverable: physically interpretable harmonic atlas)
5.1 For each target, report posterior constraints on:
- geometry (β, i-consistency),
- scattering/absorption modulation (τ(φ), f_cov(φ), N_H(φ)),
- intrinsic polarization bounds (p0, ψ0) and whether data require intrinsic modulation.
5.2 Provide derived, directly observable predictions:
- phase offset between I(φ) minima (dips/occultation) and extrema in PD and PA,
- energy dependence of harmonic amplitudes (diagnostic of kT_e vs absorption).
5.3 Cross-source comparison in a common parameter space: e.g., (β, τ1/τ0, f1, g) versus observed PA rotation amplitude, connecting Assets 1–3 into a unified mechanism (dips/obscuration-enhanced PD; orbital vs super-orbital PA rotation; stable PA with PD increase in Short-on).

Step 6 — Optional downstream EOS linkage (explicit, scoped, forecasted) (deliverable: compactness-uncertainty forecast for Her X-1)
6.1 For Her X-1, connect inferred scattering/covering geometry to pulse-profile modeling by constraining nuisance parameters that encode anisotropy/visibility:
- prior on additional phase-dependent attenuation A_pc(φ) during Short-on,
- prior on scattering-induced polarization contribution and its phase relative to spin pulse.
6.2 Implement a joint/conditional analysis: use SOSFT posteriors as priors in an existing pulse-profile likelihood (public or in-collaboration), and forecast Δu/u (u=GM/Rc^2) improvement via Fisher propagation.
6.3 Success criterion: demonstrate (with mocks) a quantified reduction (e.g., ≥20% decrease) in compactness credible interval width under realistic IXPE+timing data, or else drop EOS deliverable and report only geometry/transfer constraints.","Empirical grounding from IXPE: existing IXPE results already show super-orbital/state-linked PD changes (Her X-1 Short-on vs Main-on; Asset 3) and large PA rotations correlated with hardness/dips (GX 13+1, Cir X-1; Assets 1–2). These behaviors are exactly the signatures expected when partial covering and scattering geometry change coherently with phase.

Why the revised method is technically credible:
- Fully specified forward model: We explicitly model S(E,φ) through a Mueller-matrix scattering operator combined with an absorption/partial-covering term, allowing non-axisymmetry via g and allowing τ and covering fraction to be phase-modulated. This removes the over-claimed ‘symmetry class’ argument and replaces it with testable, parameterized physics.
- Instrument-correct inference: We avoid biased “component subtraction” by fitting at the event level (α,E,φ) with μ(E) and full response folding, optionally coupled to NICER/NuSTAR spectra. This directly addresses the additivity/response concern for polarized mixtures.
- Identifiability is demonstrated, not assumed: Harmonic truncation (n≤2) is treated as a model-selection outcome supported by Fisher/SBI forecasts and Bayes factors under realistic IXPE count rates and backgrounds, rather than imposed as a symmetry rule that could be violated by multiple scattering/asymmetry.
- Intrinsic polarization is parameterized: Boundary/spreading-layer emission is allowed to carry nonzero polarization with physically bounded priors and optional low-order phase dependence, and we quantify how this uncertainty propagates into geometry/τ posteriors.
- End-to-end validation: Injection/recovery on fully forward-folded synthetic IXPE event lists provides bias/coverage guarantees and quantifies sensitivity to systematics (μ calibration, background, ephemeris smearing).

Practical feasibility:
- Data availability: Her X-1 has multiple IXPE epochs tied to super-orbital states; the same pipeline applies to dipping/hardness-modulated LMXBs when a stable super-orbital ephemeris and phase coverage exist.
- Computational tractability: The proposed kernel+Mueller parameterization is low-dimensional and can be evaluated rapidly, while Monte Carlo is reserved for calibration/validation rather than being required inside the sampler.
- Deliverables are scoped with go/no-go criteria: If identifiability forecasts show that certain parameters (e.g., g or τ1) are not recoverable for a given exposure, the model complexity will be reduced via evidence-based selection; similarly, the EOS linkage is retained only if a quantified compactness-information gain can be demonstrated for Her X-1.","This is a technically mature and unusually rigorous proposal for X-ray polarimetric inference. The strongest aspect is the explicit forward generative model connecting physical geometry, Compton scattering, partial covering, and the harmonic structure of the Stokes vector, combined with instrument-aware event-level likelihoods. Logical consistency is high: the causal chain from precessing medium to phase-locked PD/PA evolution is physically well justified, and the proposal explicitly tests rather than assumes harmonic truncation or axisymmetry. Engineering execution is credible, with careful attention to response folding, identifiability, and validation via injection studies. Minor deductions arise from (i) residual reliance on simplified scattering-order expansions before Monte Carlo calibration, which could bias τ–kTe inference if not tightly controlled, and (ii) the ambitious coupling to EOS constraints, which—while clearly scoped—remains contingent on downstream model maturity not fully under the proposer’s control."
"In binary neutron star coalescence, the post-merger gravitational-wave spectral features (especially the f2 peak and its time-frequency drift) encode a direct, EOS-specific imprint of the high-density sound-speed profile c_s^2(ε)=∂p/∂ε|s via its control of remnant compressibility, mode spectrum, and collapse threshold. We hypothesize that a causality-preserving, thermodynamically consistent EOS inference pipeline that parameterizes c_s^2(ε) and embeds exact relativistic-hydrodynamic and equilibrium constraints into the inference architecture will break degeneracies present in standard tidal-deformability-only analyses, enabling robust detection (or exclusion) of nonmonotonic/softening behavior in c_s^2 associated with quark-hadron crossover or first-order phase transitions. Methodological adaptation: replace conventional piecewise-polytrope EOS fits or unconstrained surrogate regressors with a constrained sound-speed parameterization integrated to p(ε) and embedded in a differentiable, constraint-enforced reduced-order model (ROM) for post-merger spectra; enforce causality (0<c_s^2≤1), stability (dp/dε>0), and consistency with TOV mass-radius bounds and energy conservation during coalescence by construction and via augmented Lagrangian penalties in the likelihood.","Step 1: Specific system setup or data preparation.
1.1 Assemble training/validation EOS set spanning hadronic, hybrid (QHC), and strong 1PT models; for each EOS compute cold beta-equilibrated p(ε) and derived c_s^2(ε), plus finite-temperature extensions relevant for post-merger remnants (tabulated or consistent thermal prescription).
1.2 Generate a targeted suite of general-relativistic (magneto)hydrodynamical BNS coalescence simulations (public catalogs + new runs) covering masses, mass ratios, and spins consistent with observed populations; output GW strain, time-frequency tracks of f2 and secondary peaks, remnant lifetime to collapse, and bulk remnant properties.
1.3 Build observational dataset from existing BNS events (inspiral) and define forward-looking injection campaigns for next-generation detectors (A+, Voyager, ET/CE) emphasizing post-merger detectability; include calibration and noise models.

Step 2: Detailed implementation of the adapted methodology.
2.1 Sound-speed EOS parameterization: represent c_s^2(ε) with a monotone-basis expansion plus optional localized ""bump/dip"" components to capture nonmonotonic behavior near a transition. Impose hard constraints by reparameterizing c_s^2(ε)=sigmoid(g(ε)) to ensure 0<c_s^2<1 and enforcing continuity conditions; integrate c_s^2 to obtain p(ε)=p0+∫ c_s^2 dε, ensuring thermodynamic consistency and positive pressure.
2.2 Constraint-coupled equilibrium screening: for each sampled EOS, solve TOV equations to compute M-R curves and discard or heavily penalize EOS samples violating observational constraints (e.g., maximum mass, radius bounds) and microscopic stability; this is embedded as differentiable operators in the inference loop.
2.3 Physics-informed ROM for post-merger spectra: adapt a reduced-basis surrogate (e.g., greedy basis over simulation waveforms) so that its latent coordinates are not free parameters but explicit functionals of the EOS through integrals of c_s^2(ε) over density ranges relevant to the remnant (e.g., density-weighted averages). Mechanistically, map (M_tot, q, thermal parameter, and a small set of EOS functionals) to predicted f2(t), spectral amplitudes, and collapse time. Train with a hybrid loss: (i) waveform/spectral mismatch, (ii) conservation-law residuals (mass-energy-angular momentum bookkeeping across inspiral-merger-remnant), and (iii) a ""causality/stability"" augmented Lagrangian that keeps the surrogate within physical bounds even off the training manifold.
2.4 Bayesian inference: perform hierarchical Bayesian inference over population events, jointly using inspiral tidal constraints and post-merger spectral likelihood. Sample over the c_s^2(ε) parameterization directly (not polytropic coefficients), propagating uncertainties from detector noise and ROM error (calibrated with held-out simulations).

Step 3: Rigorous validation and analytical framework.
3.1 Internal validation: k-fold cross-validation on simulations; posterior predictive checks of full spectra and f2 drift; stress-test extrapolation by withholding entire EOS families (e.g., all 1PT models) and checking recovery.
3.2 Mechanism tests: verify that inferred changes in c_s^2 at specific ε correlate with predicted shifts in remnant compactness, mode frequency scaling, and collapse threshold; quantify sensitivity kernels ∂f2/∂c_s^2(ε) to localize which density ranges are constrained.
3.3 Comparative benchmarks: compare against (a) piecewise-polytrope EOS inference using inspiral-only and (b) unconstrained machine-learning surrogates for post-merger features. Evaluate Bayes factors for transition vs no-transition models and credible intervals on c_s^2(ε) and derived quantities (R_1.4, M_max).
3.4 Multi-messenger cross-check: where available, incorporate SGRB/kilonova-informed constraints on remnant lifetime and ejecta energetics as ancillary likelihood terms; test consistency between EM-inferred remnant survival and GW-inferred stiffness/sound speed.","1. Theoretical/Empirical Basis: Post-merger mode frequencies depend on remnant compressibility and stratification, which are controlled by the EOS through c_s^2(ε); existing GR simulations show systematic shifts of f2 for EOS with quark phases and phase transitions, and correlations between post-merger GW energetics and f2 that can be exploited. Causality and thermodynamic consistency are strict requirements that can be enforced by parameterizing c_s^2 directly and integrating to p(ε).
2. Transfer Logic (How the adaptation fits the domain): Standard EOS parametrizations (piecewise polytropes/spectral expansions) can fit M-R and Λ yet obscure where (in density) stiffness changes occur; directly learning c_s^2(ε) targets the physical quantity governing wave propagation and oscillation spectra. Embedding TOV solvers and conservation constraints into the inference architecture respects GR and nuclear-physics bounds rather than treating simulations as black boxes.
3. Comparative Advantage: (i) Identifiability: density-localized inference of stiffness changes (nonmonotonic c_s^2) is enabled by sensitivity-kernel mapping, improving discrimination of QHC vs 1PT scenarios beyond Λ alone. (ii) Physical validity: hard/soft constraint enforcement prevents unphysical EOS samples common in unconstrained regressors. (iii) Data efficiency: the constraint-coupled ROM ties waveform variation to low-dimensional EOS functionals, reducing the simulation burden while maintaining mechanistic interpretability and calibrated uncertainty.","This is a technically ambitious and largely well-justified proposal that targets a genuine bottleneck in neutron-star EOS inference. The central logical move—inferring the EOS through a constrained sound-speed parameterization rather than polytropes or black-box surrogates—is physically sound and well motivated by the role of compressibility in post-merger dynamics. The integration of causality, stability, and TOV constraints directly into the inference architecture is a major strength. However, several aspects slightly weaken the execution depth: (i) the treatment of finite-temperature effects is under-specified relative to their importance for post-merger remnants, and the degree to which a simple thermal prescription preserves the claimed c_s^2(ε) interpretability is not fully addressed; (ii) embedding full TOV solvers and conservation-law penalties as differentiable operators at scale is nontrivial and may impose significant computational overhead, yet mitigation strategies (e.g., surrogate TOV solvers or amortization) are not detailed; (iii) the identifiability of localized nonmonotonic features in c_s^2(ε) given realistic post-merger SNRs, especially for second-generation-plus detectors, is asserted but not quantitatively forecast. These issues do not undermine the conceptual soundness, but they do temper confidence in near-term robustness."
"Neutron stars retained in mass-segregated globular-cluster cores do not experience intrinsic, cluster-induced distortions of their X-ray pulsations; instead, the dense stellar environment introduces structured confusion and background mixing that bias periodicity detection and pulse-profile inference. We hypothesize that explicitly modeling this environment at the event level—via a PSF-based source–background–neighbor mixture model informed (but not dominated) by mass-segregation constraints—will reduce bias and variance in (i) periodicity detection statistics and (ii) neutron-star compactness (M/R) inference from pulse profiles. The mechanistic advance is that segregation-informed spatial priors improve identifiability only when they act to down-weight mis-localized or contaminating photons without overwhelming the likelihood; when this condition is met, degeneracies among hot-spot geometry, beaming, background fraction, and compactness are demonstrably reduced, whereas mis-specified segregation models are self-diagnosed through posterior predictive checks and Bayes-factor penalties.","Step 1: Event-level mixture model and calibrated detection statistic.
1.1 Construct an explicit photon-level likelihood for crowded cluster cores:
For each event i with arrival time t_i, detector position x_i, and energy E_i,
  L_i = sum_{k=1}^{N_src} π_k(r_k) P_PSF(x_i | k, E_i) P_spec(E_i | k) P_time(t_i | k, θ_k)
      + π_bg P_bg(x_i, E_i, t_i).
Here π_k are membership weights (summing to <1), P_PSF is an energy-dependent PSF mixing matrix (Chandra: sub-arcsec; NICER: large PSF), and P_time encodes periodic or null timing models.
1.2 Define a weighted periodicity statistic: a generalized weighted Z^2_n / H-test where weights w_i,k = π_k P_PSF(x_i|k,E_i) / (π_bg P_bg + sum_k π_k P_PSF). Derive the null distribution analytically under the mixture model and calibrate via Monte Carlo to control false-alarm probability under non-i.i.d. weights.
1.3 For NICER, marginalize over unresolved neighbors using Chandra-informed priors on source positions and fluxes; treat NICER photons as draws from the same mixture with collapsed spatial information.

Step 2: Segregation-informed but robust spatial priors.
2.1 Infer mass-to-light (M/L) gradients using a family of dynamical models (Jeans + distribution-function models) that explicitly marginalize over velocity anisotropy, binary heating, and retained black-hole fractions. Produce a hyper-posterior over remnant concentration rather than a single n_NS(r).
2.2 Translate this into weakly informative membership priors π_k(r,F) with variance inflation to prevent prior dominance; include a mis-specification parameter that broadens π_k if the data prefer less segregation.

Step 3: Pulse-profile inference with explicit identifiability tests.
3.1 Forward-model pulse profiles using GR ray tracing (Schwarzschild + Doppler; Hartle–Thorne for fast rotators) coupled to instrument response. Parameters: (M,R), spot colatitude/size, observer inclination, beaming law, background fraction.
3.2 EoS parameterization: spectral or piecewise-polytrope representation with hard constraints (TOV consistency, causality c_s<=c, thermodynamic stability, M_max>=2 M_sun). Use a precomputed TOV + ray-tracing emulator (Gaussian-process or neural surrogate) to ensure tractability.
3.3 Joint likelihood: L = Π_i L_i (mixture model) × L_pulse(M,R,geometry | weighted photons). Demonstrate identifiability by comparing Fisher matrices and posterior volumes with/without segregation-informed weights; require that likelihood curvature, not prior truncation, drives uncertainty reduction.

Step 4: Validation in the intended regime.
4.1 Synthetic crowded-field tests: inject known pulsations into real Chandra core images and NICER event lists with controlled blends; recover periods and (M,R) under correct and mis-specified segregation priors.
4.2 Robustness checks: vary anisotropy, BH retention, and binary fractions to quantify bias in recovered compactness.
4.3 External comparison: apply the same pipeline to field NICER pulsars artificially blended with cluster-like backgrounds to isolate the effect of confusion modeling.

Deliverables: (i) calibrated weighted periodicity catalog with controlled false-alarm rates, (ii) cluster-member pulse-profile constraints with demonstrated identifiability, (iii) open-source mixture-model timing framework.","The proposal directly addresses reviewer concerns by reframing the mechanism as bias/variance reduction under structured confusion rather than physical modulation of pulsations. Mass segregation enters only as a probabilistic prior that is marginalized over competing dynamical assumptions (anisotropy, BH retention, binaries), limiting model dependence. Identifiability is explicitly tested through simulation and curvature-based diagnostics, ensuring improvements arise from the likelihood, not prior volume restriction. Engineering details—PSF mixing matrices, weighted Z^2_n/H statistics with calibrated nulls, and a surrogate-assisted TOV+ray-tracing engine—render the hierarchical inference computationally tractable. Validation in synthetic crowded regimes directly exercises the new failure modes absent in field pulsar tests, making the approach both rigorous and realistic.","This is a technically sophisticated and internally coherent proposal that correctly reframes cluster-core effects as a structured inference problem rather than a physical modulation of pulsations. The photon-level mixture likelihood, segregation-marginalized priors, and explicit identifiability diagnostics represent genuine methodological advances over standard periodicity searches and pulse-profile analyses. Minor weaknesses are that the analytical derivation of the weighted Z^2_n/H-test null under non-i.i.d. weights is asserted rather than sketched, and the computational cost and failure modes of the GP/neural surrogates for joint TOV–ray tracing inference are not fully bounded. These are execution risks rather than conceptual flaws."
"Radio bursts from 1RXS J170849.0-400910 (or a staged alternative confirmed radio magnetar) are produced by impulsive, localized reconnection in a twisted closed-field-line bundle, but any temporally associated torque perturbation is not assumed to arise uniquely from “closed-zone twist → open-flux enhancement.” Instead, the measurable torque response is hypothesized to be mediated by a coupled, non-ideal magnetosphere in which the reconnection impulse simultaneously (i) injects Alfvénic disturbances and charges that modify the global current closure and effective conductivity near/beyond the light cylinder, and (ii) changes the pair multiplicity/plasma loading that regulates the fraction of open-field potential drop available for accelerating coherent radio-emitting charges. Mechanistically, the same impulsive control variable (reconnection energy injected into the magnetosphere, Erec) drives two partially degenerate but jointly identifiable observables: (A) a coherent radio-burst point process whose intensity and fluence statistics depend on the local charge starvation and curvature/maser emissivity in the closed-to-open separatrix region; and (B) a torque perturbation that depends on global electrodynamic closure through an effective resistive/loaded open-field circuit (parameterized by an effective conductivity σeff or pair multiplicity κ) and on the viewing/geometry nuisance parameters (obliquity α, beam geometry). The refined approach overcomes the reviewer-identified non-uniqueness by (1) explicitly modeling the non-ideal control (σeff or κ) and marginalizing α rather than treating torque as a near-deterministic function of twist alone, and (2) enforcing identifiability through an end-to-end synthetic-data program that quantifies which combinations of (Δφ, Ab, σeff/κ, α, I) are recoverable given realistic cadence, TOA precision, and red timing noise. The moment-of-inertia (and hence EoS) is treated as a secondary inference target: we hypothesize it can become weakly data-informed only if burst-associated torque steps are detected with sufficient significance and if σeff/κ variability is constrained by contemporaneous radio and X-ray diagnostics; otherwise the analysis will explicitly report I as prior-dominated, with forecasted conditions under which it becomes likelihood-driven.","Stage 0 (Target assurance and deliverables-first strategy)
0.1 Primary target: 1RXS J170849.0-400910 because of its well-measured P and Pdot and magnetar-like X-ray properties (Asset 3). However, because radio bursting is unconfirmed (reviewer point iv), implement a staged plan:
  - Stage 0A (Discovery/upper limits): intensive radio monitoring campaign to either detect bursts or set strong rate/fluence upper limits.
  - Stage 0B (Guaranteed correlation deliverables): run the full joint pipeline in parallel on at least one confirmed radio magnetar with established radio/X-ray phenomenology (e.g., XTE J1810−197 or PSR J1622−4950; choice finalized based on scheduling/visibility), ensuring that the methodology yields publishable inference on the coupling parameters (Δφ, Ab, σeff/κ, α) even if 1RXS J170849 remains radio-quiet.

Step 1 (Concrete observing plan with simultaneity, completeness, and triggering)
1.1 X-ray timing/spectroscopy plan (NICER preferred for cadence; XMM-Newton for profile/spectrum depth):
  - Baseline monitoring: NICER 2 ks exposures, 3× per week for 6 months (phase connection + torque noise characterization).
  - Intensive simultaneous windows: 20 sessions × (NICER 10 ks) scheduled contemporaneously with radio blocks (see 1.2) to maximize joint detection probability for burst/torque association on sub-day timescales.
  - If XMM-Newton time is available: 2 deep (40–60 ks) observations to build a high-S/N energy-resolved pulse template and calibrate phase-resolved spectral components (RCS parameters, thermal fraction).
1.2 Radio plan (MeerKAT/FAST/DSA-110-class depending on access):
  - Discovery/monitoring: 2 hr blocks, 2× per week for 6 months with coherent dedispersion and baseband capture when possible.
  - Simultaneous windows: match the 20 NICER 10 ks sessions with radio coverage, with ≥80% overlap requirement.
  - Triggered follow-up: upon any candidate burst detection above threshold S/N (defined below), trigger 48 hr enhanced cadence (shorter, repeated radio pointings + one additional NICER pointing) to capture post-burst torque relaxation.
1.3 Sensitivity/completeness thresholds (explicit, used in forecasts and injection studies):
  - Define a fluence completeness limit Fmin as the fluence at which the detection efficiency is 95% after RFI excision and matched-filter searches over width 0.1–100 ms; measure via injected fake bursts into real noise.
  - Require DM tracking to ±(0.5–1.0) pc cm−3 equivalent uncertainty (or better) using contemporaneous calibrators/field pulsars; propagate DM error into burst-time uncertainty.
  - For X-ray timing: define TOA uncertainty target σTOA per 2–10 ks segment using template matching; require phase connection with explicit red-noise model (below).
1.4 Data products:
  - Radio: burst time stamps, widths, fluences, dynamic spectra, sub-burst structure metrics; non-detection intervals with exposure and completeness (censoring info).
  - X-ray: barycentered event lists, energy-resolved pulse profiles, phase-resolved spectra; TOAs per segment; hardness ratios and fluxes.

Step 2 (Expanded latent-state model including non-ideal physics and geometry)
2.1 Latent state vector and dynamics (addresses reviewer points i–iii):
  - z(t) = {Δφ(t), Ab(t), Erec(t) impulses, σeff(t) (or κ(t)), α, noise hyperparameters}.
  - Dynamics: continuous relaxation + impulsive jumps:
    • dΔφ/dt = −Δφ/τtw + Σj Aj δ(t−tj)
    • dσeff/dt (or dκ/dt) = −(σeff−σ0)/τσ + Σj Bj δ(t−tj)
    • Impulse times tj are the burst times (radio) plus a latent set that can generate X-ray-only events; inference allows for radio-censored impulses.
  - α treated as a marginalized nuisance parameter with informative priors (e.g., isotropic prior in cos α, optionally tightened by pulse-profile constraints); not fixed.
2.2 Observation models (radio + torque + X-ray) with explicit degeneracy handling:
  (A) Radio burst point process and morphology
  - Conditional intensity: λ(t) = λ0 + g1(Erec, Δφ, Ab) × g2(σeff/κ) × g3(geometry), where g2 encodes plasma-loading suppression/enhancement of coherent emission.
  - Burst fluence distribution: p(F | Erec, κ, geometry) as a heavy-tailed distribution (e.g., truncated power law or log-normal mixture) with parameters linked to Erec.
  - Include propagation nuisance: scattering timescale τsc, spectral index, and detection completeness Fmin via an explicit selection function S(F, W, DMerr).

  (B) Spin-down/torque likelihood with non-ideal control
  - Replace “torque = FFE(Δφ,Ab,Bdip,α)” with a resistive/loaded magnetosphere torque surrogate:
    • N(t) = N0(Bdip, α) × [1 + aΔ T(Δφ, Ab) + aσ H(σeff/κ) + a× cross-terms]
    where T encodes twist-driven current changes and H encodes conductivity/pair-loading effects that alter open-field current and effective spindown.
  - Timing model: phase φ(t) integrated from ν(t), with red timing noise modeled as a power-law Gaussian process (or state-space CARMA) added to torque, plus discrete micro-glitch terms allowed but penalized by priors.
  - Crucially: the model allows torque perturbations without requiring unique mapping from closed twist to open current; identifiability comes from joint constraints with radio and X-ray and from injection studies.

  (C) X-ray spectral and pulse-profile likelihood
  - Use an RCS-informed emulator to map {Δφ, Ab, τRCS, kT, Γ} → energy-resolved pulse shapes and spectra.
  - Explicitly allow partial decoupling: Δφ inferred from X-ray profile/spectral hardening may not perfectly track torque if σeff/κ changes dominate open-field behavior—this is the core robustness feature.

2.3 Surrogate modeling with realism beyond ideal FFE (addresses reviewer point iii)
  - Build a grid of magnetospheric solutions spanning:
    • localized twist geometry (Δφ, Ab)
    • resistivity/conductivity proxy (σeff) or pair-loading proxy (κ)
    • obliquity α (at least a coarse grid)
  - Use force-free as a baseline but include resistive prescriptions (FFE→RFFE interpolation) to emulate dissipative, pair-producing conditions; calibrate surrogate outputs against published resistive magnetosphere results where available.
  - Enforce physical constraints: ∇·B=0, energy conservation budget (Poynting flux + dissipation), and monotonicity/causality constraints on how σeff affects torque.

Step 3 (Mandatory identifiability + feasibility package: end-to-end injections, forecasts, and Bayes factors)
3.1 Synthetic-data generation (end-to-end; reviewer-mandated)
  - Generate synthetic joint datasets using the same surrogate forward model and the same cadence/sensitivity as the proposed observing plan:
    • include red timing noise with realistic spectral index and amplitude (fit from pre-existing timing residuals of similar magnetars; Asset 4 motivates burst-associated spin-down excursions)
    • include DM error, scattering variability, and burst selection effects
    • include α uncertainty and degeneracies between (Δφ, Ab, σeff/κ)
  - Simulate multiple regimes:
    (i) strong coupling (bursts with torque steps),
    (ii) weak/absent coupling (bursts without detectable torque change),
    (iii) torque changes driven mainly by σeff/κ with minimal Δφ signature.

3.2 Parameter-recovery benchmarks (quantitative, reported before full deployment)
  - Define recovery metrics: posterior contraction and bias for Δφ(t), Ab(t), σeff/κ(t), and detection efficiency for torque steps.
  - Report identifiability maps: which parameter combinations are degenerate under which cadence/SNR.
  - Micro-glitch/phase-wander detectability: compute detection threshold for an impulse-like Δν or ΔN given σTOA and red-noise level.

3.3 Moment-of-inertia/EoS forecast (addresses reviewer point ii)
  - Treat I(M,R) inference as conditional on torque-step detectability. Perform a Fisher-style forecast and Bayesian simulation-based calibration:
    • compute expected information gain (KL divergence) from prior to posterior on I under realistic noise
    • report the observing time required for I to become likelihood-informed (e.g., posterior width shrinking by a specified fraction vs prior)
  - If forecasts show I remains prior-dominated for plausible regimes, re-scope deliverable: provide upper limits on torque-energy partition and constraints on σeff/κ and Δφ instead of overclaiming EoS inference.

3.4 Bayes-factor forecast for burst–torque association (reviewer-mandated)
  - Define model comparison:
    • M1: bursts associated with torque steps with lag distribution p(Δt)
    • M0: bursts independent of torque perturbations (torque variations from red noise + σeff/κ drift)
  - Compute expected Bayes factor as a function of simultaneous exposure, burst rate, and σTOA (from injections), and use it to set minimum required simultaneity duty cycle.

Step 4 (Analysis on real data with staged decision points)
4.1 Stage 0A outcome-based branching:
  - If bursts detected from 1RXS J170849: proceed with full joint inference and association testing.
  - If no bursts: publish stringent rate/fluence upper limits using completeness-calibrated search; then pivot correlation analysis to the confirmed radio magnetar dataset (Stage 0B) while continuing lower-cadence monitoring of 1RXS J170849 for long-term intermittency.
4.2 Joint inference implementation details
  - Use a particle MCMC / SMC sampler for state-space with impulses; explicitly incorporate censoring (non-detections) in the radio likelihood.
  - Timing: perform phase connection jointly with red-noise hyperparameters; compare against standard polynomial timing to demonstrate improvements and avoid spurious micro-glitch claims.

Step 5 (Validation strategy reframed as stress tests, with tightened comparison set)
5.1 Replace “neutron-star zoo unification” with “mechanism stress tests” (reviewer point v)
  - Primary stress-test sample: sources with known magnetar-like torque variability and/or radio activity.
    • Confirmed radio magnetar (for guaranteed correlation testing)
    • SGR 1900+14-like bursting magnetar (Asset 4) to test whether X-ray-inferred torque excursions can be captured without radio constraints
  - Secondary/context sample (clearly labeled as phenomenological comparison, not a clean control): 2XMM J104608.7-594306 (Asset 1) as an example of intermittent coherent bursts in an X-ray bright NS, used only to test the radio-burst point-process component and selection/completeness, not the full torque coupling.
5.2 Model criticism: posterior predictive checks on (i) burst waiting times and fluences given selection, (ii) timing residual power spectra, (iii) energy-resolved pulse-shape changes.
5.3 Robustness: ablations removing σeff/κ, removing RCS coupling, and fixing α vs marginalizing α; quantify impact on inferred coupling and torque-step significance.","Addresses (i) non-unique torque mapping: The revised model no longer hard-identifies torque changes with closed-zone twist alone. It introduces an explicit non-ideal control (σeff or κ) governing global current closure and open-field loading, and it marginalizes α with informative priors. This directly targets the reviewer’s degeneracy concerns (obliquity, plasma loading, conductivity) by promoting them to first-class latent variables rather than unmodeled systematics.

Addresses (ii) weak I/EoS constraints: The proposal now includes a mandatory synthetic-data identifiability and Fisher/forecast package that will quantify when I becomes likelihood-informed versus prior-dominated under realistic red timing noise and cadence. If forecasts show prior-dominance, the deliverable is explicitly re-scoped to robust constraints on magnetospheric energy injection and σeff/κ–Δφ dynamics, avoiding overclaiming EoS inference.

Addresses (iii) mismatch of ideal FFE to real magnetars: The surrogate plan is expanded from ideal FFE to a resistive/loaded magnetosphere parameterization (RFFE-like), with explicit dissipation and pair-loading proxies. Physical constraints (∇·B=0, energy budget) remain necessary checks but are coupled to non-ideal degrees of freedom to better reflect dissipative, intermittently pair-producing conditions.

Addresses (iv) uncertain radio activity and detectability: A concrete observing plan is provided with simultaneity requirements, completeness-calibrated fluence thresholds, and a triggered follow-up mode. Deliverables are guaranteed via a staged strategy that includes at least one confirmed radio magnetar for correlation testing, while 1RXS J170849 monitoring either yields detections or yields publishable upper limits on burst rate/fluence.

Addresses (v) validation sample: Cross-source analysis is reframed as stress testing rather than a unification claim. The comparison set is tightened to sources with comparable magnetospheric phenomenology (radio magnetar + bursting magnetar), while 2XMM J104608.7-594306 is used only for validating the radio point-process/search completeness component consistent with Asset 1.

Empirical/literature grounding: Asset 3 provides precise spin period and Pdot context for 1RXS J170849.0-400910, enabling realistic timing simulations and torque-noise characterization. Asset 4 demonstrates that burst-active magnetars can exhibit substantial, time-variable spin-down, motivating a model that allows burst-associated torque excursions but does not require a unique twist→torque mapping. Asset 1 supports the plausibility of intermittent coherent radio bursting in X-ray bright neutron stars and motivates a monitoring + completeness-driven search strategy rather than assuming persistent radio emission.","This is a technically mature and unusually self-critical proposal that directly addresses prior reviewer concerns about degeneracy, non-ideal physics, and overclaiming of EoS constraints. The engineering plan is detailed, realistic, and well matched to existing facilities, with explicit cadence, sensitivity, triggering, and completeness definitions. Logical consistency is strong: the hypothesis no longer relies on an oversimplified closed-zone twist paradigm but instead advances a coupled, resistive magnetosphere framework that is both physically plausible and statistically testable. The identifiability program (synthetic injections, Bayes-factor forecasts, and decision-gated deliverables) is a major strength and demonstrates methodological rigor beyond typical proposals. Minor deductions arise from residual model complexity risk: the high-dimensional latent space (Δφ, Ab, σ_eff/κ, α, red-noise hyperparameters) may still challenge practical convergence even with SMC/MCMC, and the resistive surrogate calibration relies on somewhat sparse literature benchmarks. Evidence grounding is strong, though the linkage between radio burst microphysics and σ_eff/κ remains phenomenological rather than derived from first-principles pair-creation models."
"2XMM J104608.7−594306 can be decisively classified as either (H_NS) a Galactic neutron star producing a coherent magnetospheric radio burst with (at most) a short-lived X-ray magnetospheric tail superposed on quasi-steady thermal emission, or (H_jTDE) an extragalactic jetted tidal disruption event whose soft-X-ray luminosity is powered by a relativistic jet (internal dissipation or external shock) and whose kinetic-energy budget necessarily implies a days–weeks incoherent synchrotron radio afterglow at a level predictable from the same energy reservoir. The decisive advance over phenomenological broken-power-law fitting is to replace the vague “energy–momentum conservation” claim with a minimal, closed set of coupled dynamical + radiative relations that map directly to the observed data products: (i) an X-ray spectral-energy-distribution model with time-dependent absorption (N_H) so that plateau/decline cannot be mimicked by hardness evolution; (ii) an afterglow closure relation tying X-ray flux, spectral slope, and temporal slope to blast-wave energy E_k, circumburst density profile (k=0 or 2), and microphysics (ε_e, ε_B, p); and (iii) a “radio inevitability” criterion for H_jTDE: for any parameter set that explains the X-rays, the model predicts a minimum late-time GHz radio flux (or a distribution over fluxes under informed priors) that must be consistent with detected radio emission or stringent upper limits. In parallel, H_NS is constrained by timescale separation: the coherent burst is modeled as magnetospheric energy release on ms–s, while the X-ray component is modeled as either (a) persistent thermal emission with slow evolution, plus (b) an optional short magnetospheric tail constrained to decay rapidly and energetically subdominant. Identifiability is established in advance by demonstrating (via injection–recovery under the actual cadence and systematics) that the joint posterior cannot place significant probability mass on H_jTDE if late-time radio limits fall below the afterglow-predicted floor, and cannot place significant probability mass on H_NS if the X-ray light curve + spectrum satisfy afterglow closure relations and require an extragalactic absorption/distance solution inconsistent with the Galactic line-of-sight and the measured burst dispersion measure (DM).","Step 0 — Pre-register observables, cadence, and identifiable parameters.
0.1 Observable vector (used in the likelihood):
  X-ray (per instrument i, epoch t_j):
   • Count spectra C_i(E; t_j) or binned counts with response (RMF/ARF), plus background.
   • Derived fluxes F_X,soft(t_j)=0.3–1 keV and F_X,hard(t_j)=1–10 keV (or instrument-appropriate), and hardness ratio HR(t_j)=F_hard/F_soft.
   • Spectral parameters per epoch or tied across epochs: photon index Γ(t) for nonthermal component; blackbody temperature kT(t) (if thermal component used); absorption N_H(t) with Galactic prior + optional intrinsic component.
  Radio:
   • Burst dynamic spectrum I(ν,t) at native time/frequency resolution available; total fluence S_burst (Jy ms), burst width W, component times {Δt_m}, and polarization Stokes {I,Q,U,V} if calibrated.
   • Propagation parameters: DM, scattering timescale τ_sc(ν), and RM (if polarization data permit).
   • Critically, late-time incoherent radio constraints: either detections or upper limits at t ≳ 1 d, 3 d, 7 d, 14 d, 30 d at ν≈0.9–1.7 GHz (MeerKAT/L-band), plus any higher-frequency limits if available.
  Optional ancillary:
   • Optical/IR upper limits and/or host association probability; gamma-ray upper limits if contemporaneous.

0.2 Cadence declaration: compile the actual observation times; then fix a “cadence mask” used both for real-data inference and injection–recovery simulations to prevent optimistic identifiability claims.

0.3 Parameters declared identifiable (given the cadence) vs treated as nuisance:
  Identifiable targets (if data permit):
   • H_jTDE: afterglow closure (α,β) where F_ν∝t^−α ν^−β; E_k,iso (or E_k with beaming), density scale (n for ISM or A_* for wind), and p; plus N_H,int and redshift-distance proxy via absorption/host prior.
   • H_NS: burst energetics E_radio,coh (from fluence + distance prior), DM-consistent distance bracket (Galactic), presence/absence and decay index of any X-ray tail component, and stable thermal kT consistent across epochs.
  Nuisance: cross-calibration constants between X-ray instruments; background normalizations; uncertain microphysics priors (ε_e, ε_B) with wide but physical bounds.

Step 1 — Data preparation with feasibility constraints (addressing archival limitations).
1.1 X-ray:
  • Reprocess all XMM/Chandra/Swift/NICER data with current calibration; extract time-tagged spectra per epoch with consistent region selection.
  • Create forward-folding spectral products (PHA + RMF/ARF) per epoch.
  • Build time series of (F_soft, F_hard, HR) with uncertainties propagated via posterior sampling of spectral fits (not point estimates).

1.2 Radio burst:
  • Determine what MeerKAT products exist (baseband/voltage vs channelized filterbank). If voltage is absent, commit to what is achievable from Stokes I filterbank: DM, τ_sc(ν), time-frequency morphology, and fluence.
  • If polarization calibration is feasible (calibrator scans exist): derive RM and polarization fractions; else treat polarization as “not available” rather than an implicit deliverable.
  • Decompose burst into components via a minimal, reproducible model (e.g., sum of scattered Gaussians with frequency-dependent scattering kernel τ_sc∝ν^−4), reporting Bayes evidence for component count.

1.3 Late-time radio:
  • Query MeerKAT/ATCA/VLA follow-up or schedule new imaging if permitted; otherwise compile published/non-detection limits.
  • Produce forced-photometry flux measurements at the source position to tighten upper limits.

Step 2 — Replace “energy–momentum conservation” with an explicit minimal coupled model.
2.1 Shared X-ray spectral/absorption operator (prevents plateau/decline degeneracy with spectral evolution).
  For each epoch:
   • Model spectrum as either absorbed power law or absorbed (blackbody + power law):
     F_E(t)=exp[−σ(E) (N_H,Gal + N_H,int(t))] × [A_pl(t) E^{−Γ(t)} + A_bb(t) B_E(kT(t))].
   • Forward fold through instrument responses to predict counts.
  Priors:
   • N_H,Gal fixed or tightly prior’d from 3D dust/gas maps toward Carina; N_H,int≥0 with a broad prior for H_jTDE, and near-zero prior for H_NS unless data require otherwise.

2.2 H_jTDE branch: commit to external-shock synchrotron (with closure) as the primary, testable model.
  (This directly enables the “radio inevitability” criterion.)
  Dynamics (adiabatic Blandford–McKee):
   • Choose density profile k∈{0 (ISM), 2 (wind)}.
   • Parameters: E_k,iso (or E_k and θ_j with beaming), n (or A_*), ε_e, ε_B, p, and jet break time t_j (optional; included only if data span requires).
  Synchrotron spectrum:
   • Break frequencies ν_m(t), ν_c(t), ν_a(t) and peak flux F_ν,max(t) computed from standard afterglow scalings for given (E_k, n/A_*, ε_e, ε_B, p).
   • X-rays: assume ν_X > max(ν_m,ν_c) or allow regime selection; infer α_X and β_X self-consistently; enforce closure relations (α,β,p,k) as hard constraints or as a likelihood penalty based on deviations.
  X-ray absorption:
   • Include N_H,int with redshift dependence if an extragalactic distance is allowed; treat z with a prior from “no bright host” (as in EP240408a-like reasoning) and apply k-correction in flux predictions.
  Radio afterglow prediction (critical discriminator):
   • Predict F_ν(t) at MeerKAT frequencies including synchrotron self-absorption via ν_a(t).
   • Define an explicit falsification condition: if P(F_radio(t_obs) < F_lim | posterior, H_jTDE) < 0.01 across ≥2 late-time epochs, classify H_jTDE as ruled out at pre-registered strength.

2.3 H_NS branch: timescale-separated model with strong priors.
  Coherent radio burst:
   • Observable-space model for burst energy: E_radio,iso ≈ 4π d^2 (fluence × bandwidth) with beaming factor f_b,coh as nuisance.
   • Prior: E_radio is a tiny fraction of available magnetospheric free energy; encode as E_radio ≤ 10^{−6} E_mag with E_mag prior derived from B and volume scale (broad; does not need precise B if not measurable).
  X-ray emission:
   • Persistent thermal component: blackbody or atmosphere-like surrogate with nearly constant kT across the campaign (allowing only slow drift with a tight prior).
   • Optional magnetospheric X-ray tail triggered near the radio burst time: L_tail(t)=L0 (1+t/t_tail)^−δ with t_tail constrained to minutes–hours (tight prior), δ>1.5; energetics constrained so ∫L_tail dt ≤ ε_X E_mag with ε_X≪1.
  Geometry:
   • Include rotational modulation only if detected; otherwise exclude pulse-phase parameters to avoid unconstrained flexibility.
  Propagation consistency:
   • Use measured DM (and scattering) to constrain distance to be Galactic; treat extragalactic DM as disfavored under a Milky-Way electron-density prior. If DM is unavailable, do not claim DM-based discrimination.

Step 3 — Inference architecture (physics-constrained, but identifiable).
3.1 Model structure:
  • Two competing generative models (H_NS, H_jTDE) share the same X-ray response/absorption operator and cross-calibration nuisance parameters.
  • Likelihood: joint over X-ray counts (Poisson/PGSTAT as appropriate) and radio observables (Gaussian for fluence/DM/RM; imaging flux likelihoods with upper limits handled via censored likelihood).

3.2 Priors (explicit and testable):
  • Afterglow microphysics: log-uniform ε_e∈[10^−3,0.3], ε_B∈[10^−6,0.1], p∈[2.0,2.8].
  • Density: log-uniform n∈[10^−4,10^2] cm^−3 or A_*∈[10^−4,10].
  • Beaming: θ_j prior broad (e.g., 1°–30°) but penalize implausibly narrow jets via population-informed prior.
  • N_H,int: broad under H_jTDE; near-zero under H_NS unless required.
  • X-ray tail timescale prior under H_NS: t_tail ∈ [10^2,10^5] s (or tied to actual X-ray cadence so it cannot masquerade as a multi-day plateau).

3.3 Computation:
  • Use HMC/NUTS for continuous parameters with automatic differentiation; or nested sampling for robust evidence (Bayes factors). Afterglow calculations are analytic scalings (fast) plus absorption forward-folding (moderate).
  • Include cross-instrument calibration constants with hierarchical priors so evidence is not driven by calibration offsets.

Step 4 — Pre-registered decisive model-comparison criteria.
4.1 Define thresholds before fitting:
  • Primary: Bayes factor log10(K)=log10[Z(H_jTDE)/Z(H_NS)] with thresholds: |log10 K| ≥ 1 (strong), ≥2 (decisive).
  • Secondary falsification: “radio inevitability” test under H_jTDE as in §2.2; and “tail-timescale” test under H_NS (tail must be short relative to any claimed multi-day behavior).

4.2 Posterior predictive checks tied to observables:
  • Reproduce HR(t) evolution simultaneously with flux; ensure that any apparent plateau is not explained solely by evolving N_H or Γ without corresponding afterglow closure consistency.
  • For H_jTDE: check α_X–β_X closure residuals and the implied radio flux distribution.

Step 5 — Identifiability demonstration via injection–recovery under the true cadence.
5.1 Build a simulation suite using the actual observation times and response files:
  • Inject H_jTDE afterglows spanning (E_k, n/A_*, ε_e, ε_B, p, θ_j, z, N_H,int), generate X-ray counts + radio light curves; impose realistic upper limits.
  • Inject H_NS scenarios with coherent bursts + steady thermal X-rays + short tails; include variable N_H systematics.

5.2 Recovery metrics:
  • Confusion matrix: fraction correctly classified with |log10 K|≥1 and ≥2.
  • Stress tests: broaden N_H uncertainties; allow mild spectral evolution; degrade radio limits to determine the minimum late-time sensitivity needed to rule out H_jTDE.

Step 6 — Interpretation and deliverables.
6.1 If H_jTDE favored:
  • Report E_k, θ_j (or E_k,iso), density profile preference (k), p, and predicted ν_a(t) evolution; provide concrete observing proposal for a predicted radio peak epoch.

6.2 If H_NS favored:
  • Quantify constraints on thermal kT and emitting radius surrogate; bound any magnetospheric X-ray tail energy; relate burst energy fraction to magnetospheric reservoir; state consistency with magnetar-like phenomenology.

6.3 Publish reproducible code + pre-registered decision rules, including the cadence mask and injection suite.","1) Addresses the reviewer’s “momentum closure” objection by not promising what cannot be observed. The proposal does not require direct momentum observables (e.g., image expansion or proper motion). Instead it uses the minimal blast-wave dynamics needed to compute ν_m, ν_c, ν_a and F_ν,max, which are directly constrained by multi-band fluxes/limits. This is a physically operational closure: energy in the blast wave (E_k) + density + microphysics ⇒ X-ray and radio fluxes at specified epochs.

2) Eliminates the X-ray plateau/decline degeneracy with spectral evolution by fitting forward-folded count spectra jointly with an explicit absorption model N_H(t) and reporting hardness-ratio posterior predictive checks. Any “plateau” must persist in flux after marginalizing over N_H and Γ, rather than being an artifact of bandpass evolution.

3) Enforces timescale separation for the neutron-star scenario so it cannot emulate a multi-day engine plateau by construction. The coherent burst is modeled only in radio observable space (fluence/structure/DM/RM), while any X-ray tail is explicitly constrained to short t_tail with energetics subdominant to the thermal component. This reduces model flexibility rather than re-parameterizing it.

4) Converts the jTDE claim into a falsifiable prediction tied to the actual observable set: if the X-rays are from an external shock with the inferred E_k and microphysics, an incoherent radio afterglow is generically unavoidable above a calculable floor unless parameters enter extreme/unphysical regions that are disfavored by priors and closure relations. Therefore late-time radio non-detections become decisive rather than merely “additional information.”

5) Practical radio feasibility is handled explicitly: the plan does not assume voltage data. If only standard filterbank/imaging products exist, the burst inference uses DM/fluence/scattering (and polarization only if calibrators permit), and the decisive jTDE test relies primarily on late-time imaging limits (which are realistic to obtain or compile).

6) Identifiability is demonstrated, not asserted: the injection–recovery study uses the true cadence and instrument responses, includes absorption uncertainties and cross-calibration nuisance parameters, and reports classification performance under pre-registered Bayes-factor thresholds plus the radio-inevitability falsification test. This directly answers the reviewer requirement that the constraints prevent cross-channel mimicry under realistic systematics.","This is an unusually rigorous and well-structured proposal that demonstrates strong command of high-energy astrophysics and modern Bayesian inference. The engineering resolution is high: forward-folded X-ray spectral modeling, explicit synchrotron afterglow scalings, censored radio likelihoods, and injection–recovery under true cadence are all concrete and feasible. Logical consistency is also strong, particularly in the way the proposal constrains model flexibility (timescale separation for H_NS, closure relations and radio inevitability for H_jTDE) to prevent cross-channel mimicry. Minor deductions arise from residual dependence on uncertain microphysical priors (ε_e, ε_B) that, while standard, can still weaken the claimed decisiveness of the radio-floor criterion in extreme corners of parameter space. Evidence grounding is solid: the proposal remains tightly anchored to X-ray/radio TDE and neutron-star phenomenology and does not drift into speculative mechanisms. Rationale quality is high because it directly targets a known bottleneck in the literature—ambiguous X-ray plateaus and hand-waving energy arguments—and replaces it with a falsifiable, pre-registered decision framework. The only limitation is that some claimed discriminating power hinges on the availability and depth of late-time radio limits, which may be observationally constrained rather than conceptually weak."
"In compact binaries that undergo prolonged pre-merger angular-momentum loss via CARB-enhanced magnetic braking, the resulting magnetized wind sets a low-baryon-pollution, high-Ye circum-binary environment that (i) modifies the merger’s viscous-dynamical ejecta composition through neutrino+MHD-driven reprocessing and (ii) lowers the effective photon opacity of a substantial ejecta fraction, yielding a systematically brighter and bluer early kilonova component at fixed GW-inferred masses/spins. The core methodological adaptation is a constraint-preserving multiscale numerical simulation pipeline that couples (a) CARB-calibrated binary evolution and magnetized wind injection to (b) GRMHD+neutrino merger calculations using a physically constrained subgrid turbulence closure and an on-the-fly, composition-dependent opacity module; this removes a key limitation of current merger simulations that treat the pre-merger wind environment and viscosity-driven ejecta as weakly connected, thereby mispredicting Ye distributions and opacities.","Step 1: Specific system setup or data preparation.
1.1 Construct a grid of progenitor binaries (NS + low-mass donor and NS-NS progenitors where applicable) evolved with a CARB magnetic braking prescription to produce time-dependent angular momentum loss histories and wind properties (mass-loss rate, magnetization, terminal velocity, latitude dependence).
1.2 Convert the CARB outputs into physically consistent boundary/initial conditions for circum-binary material: density/velocity/magnetic-field structure, including a magnetization profile and composition assumptions consistent with donor wind physics.
1.3 Select NS equation-of-state families that bracket stiffness while enforcing causality (cs<=c) and maximum-mass constraints; generate consistent cold+thermal extensions used by GRMHD.

Step 2: Detailed implementation of the adapted methodology.
2.1 Implement a divergence-free magnetized wind injection layer in the GRMHD code that maps CARB wind solutions onto the merger domain while preserving ∇·B=0 and matching conserved fluxes; use constrained transport and flux-corrected remapping at the wind–vacuum interface.
2.2 Replace standard alpha-viscosity/LES prescriptions with a symmetry- and conservation-respecting GR-LES closure adapted for merger turbulence: calibrate a dynamic Smagorinsky-like coefficient using local invariants (e.g., vorticity magnitude, magnetic energy fraction) and enforce (i) non-negative entropy production, (ii) causal effective transport speeds, and (iii) total angular-momentum conservation to truncation order.
2.3 Couple neutrino transport (e.g., M1 or Monte Carlo with energy groups) to electron-fraction evolution with stiff source integration; enforce lepton number conservation and beta-equilibrium limits in optically thick regions.
2.4 Add an on-the-fly, composition-dependent photon-opacity surrogate that is not black-box: a constrained emulator trained on r-process network + atomic opacity tables, with hard monotonicity/positivity constraints and explicit dependence on Ye, entropy, expansion time, and lanthanide/actinide fraction; the emulator is embedded in the simulation post-processing loop to classify “low-opacity” vs “high-opacity” ejecta parcels self-consistently.
2.5 Perform controlled suites: (A) baseline (no CARB wind, standard viscosity), (B) CARB wind only, (C) adapted GR-LES only, (D) full coupled adaptation. Vary mass ratio, total mass, and effective spin where relevant.

Step 3: Rigorous validation and analytical framework.
3.1 Verify fundamental constraints: global energy/angular-momentum budgets (GW + matter + EM), ∇·B error norms, causality of characteristic speeds, and convergence with resolution/LES parameters.
3.2 Mechanism tests: quantify how CARB-driven wind magnetization and density alter shock heating, neutrino irradiation geometry, and Ye distribution of viscous-dynamical ejecta; isolate contributions using tracer particles and controlled ablations.
3.3 Observable predictions: generate kilonova light curves/spectra with radiative transfer using the same opacity model; predict correlations between early blue luminosity, inferred low-opacity mass, and GW-measured chirp mass/mass ratio.
3.4 Multi-messenger consistency: check compatibility with GW constraints (tidal deformability), and with radio afterglow rebrightening expectations from high-velocity ejecta; provide falsifiable discriminants (e.g., early-time color evolution tied to pre-merger wind strength).","1. Theoretical/Empirical Basis: CARB is empirically successful in reproducing LMXB mass transfer rates by enhancing angular momentum loss through magnetized winds; GR simulations show angular momentum loss governs plunge/merger outcomes; GR-LES results indicate viscosity can boost viscous-dynamical ejecta mass/velocity and impact kilonova-relevant composition. These establish each link of the chain (CARB→AML→magnetized wind→viscous-dynamical ejecta→opacity) with tested ingredients.
2. Transfer Logic (How the adaptation fits the domain): The proposed coupling makes the pre-merger angular momentum loss history physically operative in the merger environment by mapping CARB-predicted wind/magnetization into GRMHD initial/boundary conditions, while the adapted turbulence closure and neutrino–Ye evolution enforce conservation laws, causality, and symmetry. This directly targets high-energy astrophysics/nuclear-physics requirements: EOS causality, lepton number conservation, and composition-driven opacity that controls kilonova observables.
3. Comparative Advantage: Standard pipelines either (i) neglect pre-merger magnetized winds or treat them parametrically, and/or (ii) use viscosity prescriptions that can violate conservation/causality or misestimate Ye mixing, leading to biased lanthanide fractions and opacities. The adapted, constraint-preserving coupling predicts not just more/less ejecta, but a mechanistic shift in Ye and lanthanide production that deterministically lowers effective opacity for a measurable ejecta component—yielding sharper, testable multi-messenger correlations than unconstrained or decoupled simulations.","This is an unusually sophisticated and well-structured proposal that demonstrates deep familiarity with compact-binary evolution, GRMHD merger simulations, and kilonova-relevant microphysics. Engineering resolution is high: each pipeline component (CARB evolution, wind mapping, GR-LES, neutrino–Ye coupling, opacity emulation) is actionable and framed in terms of concrete numerical constraints. Logical consistency is strong, with a plausible causal chain linking pre-merger angular-momentum loss to post-merger ejecta composition via magnetized circum-binary material and neutrino/MHD reprocessing. The main deduction arises from residual uncertainty in the physical robustness of the CARB wind properties at merger-relevant epochs: CARB is empirically calibrated for LMXB secular evolution, but extrapolating its wind magnetization, geometry, and composition to the immediate pre-merger environment of NS–NS systems remains only partially justified. Evidence grounding is solid and stays within the astrophysics/nuclear-physics domain, though the proposal occasionally leans on qualitative expectations (e.g., systematic opacity reduction) without analytic scaling estimates to bound the effect size. Rationale quality is high: the work directly targets a recognized bottleneck—decoupling of pre-merger environments from merger ejecta physics—and proposes a nontrivial structural fix rather than a parameter sweep. Overall, this is a top-tier but not entirely risk-free proposal, with its weakest point being astrophysical uncertainty rather than computational or conceptual vagueness."
"A strong-coupling-driven first-order phase transition (FOPT) in cold dense matter, parameterized by onset pressure p_t and energy-density jump Δε (latent heat), produces a localized decrease in the adiabatic index Γ and a nontrivial sound-speed profile c_s^2(ε) that (a) reduces tidal deformability Λ(M) in the 1.2–1.6 M⊙ range and can generate a disconnected or nearly disconnected stable branch (twin-star phenomenology), and (b) changes the stellar compactness C=GM/(Rc^2) and surface redshift (1−2C)^{-1/2}, thereby shifting the relativistic transfer kernel that maps hot-spot emission to observed phase-resolved spectra. The X-ray imprint is not claimed as a unique ‘predictable’ curve in the presence of strong nuisances; instead, the proposal targets a low-dimensional nuisance-robust invariant built from joint (i) energy-dependent phase lags and (ii) harmonic content of the pulse profile that is sensitive to the compactness-controlled Doppler–redshift kernel but weakly sensitive to nuisance modes (spot geometry, beaming law, Comptonization fraction, and simple propagation delays). Identifiability is achieved only through a hierarchical multi-messenger generative model that ties raw X-ray counts and GW strain data to shared latent EoS parameters, explicitly marginalizes dominant X-ray nuisances, and incorporates GW detection/analysis selection functions—thus avoiding posterior-as-data double counting. The methodological novelty (physics-constrained optimal transport, OT) is used as a computational accelerator for exploring the constrained EoS manifold and for producing calibrated model comparison (FOPT vs no-FOPT; Maxwell vs Gibbs) via transport-based estimates of marginal likelihood under the full generative model, with explicit convergence diagnostics under manifold projection. The key mechanistic rationale for overcoming reviewer-flagged limitations is: (1) we do not rely on a single phase-lag signature; we use an invariant constructed to be orthogonal (in Fisher sense) to nuisance directions; (2) we do not condition on upstream posteriors; we re-analyze likelihoods (X-ray counts, GW strain) within one hierarchy; (3) we do not claim symplecticity solves discontinuities; we implement event-handled branch tracking and stability tests to correctly represent disconnected branches and discontinuous ε(P) while remaining numerically unbiased near the phase transition.","Step 0 — Data selection and inputs (no posterior-as-data).
0.1 X-ray targets: accreting millisecond pulsars (AMPs) with (a) high S/N pulse profiles across multiple energy channels, (b) measurable harmonic content (≥2 harmonics), and (c) published evidence of energy-dependent phase lags/phase-resolved softening (SAX J1808.4-3658-like). Include NICER/RXTE where available; retain full event lists when possible.
0.2 GW targets: BNS events with publicly available strain data and calibration/PSD products (GW170817-like and subsequent BNS detections). Acquire injection campaigns / selection function metadata from LVK to support detection efficiency.

Step 1 — Explicit hierarchical generative model (mandatory directive i).
1.1 Global latent parameters (shared across messengers):
- θ_EoS: low-density nuclear parameters up to matching density n_match (e.g., S0, L, K, effective mass proxy) constrained by chiral EFT bands; high-density extension with optional FOPT.
- θ_FOPT (only in transition models): onset p_t (or μ_t), latent heat Δε/ε_t, and quark-matter sound-speed envelope parameters (c_s,Q^2 baseline and saturation, or a piecewise-constant/high-density asymptote).
- Construction choice m ∈ {NoTransition, Maxwell, Gibbs}.

1.2 Per X-ray source s latent parameters:
- M_s, R_s implied by θ_EoS via TOV (and rotation corrections) with a mass prior p(M_s) (broad, astrophysically motivated).
- Hot-spot/geometry: inclination i_s, co-latitude θ_spot,s, spot angular radius ρ_s, rotational frequency ν_s (known), phase offset.
- Atmosphere/beaming: beaming-law parameters b_s (e.g., limb-darkening coefficients or Hopf-function parameterization), optional hydrogen atmosphere vs Comptonized model indicator.
- Comptonization/scattering: fraction f_C,s, electron temperature kT_e,s / spectral index Γ_C,s, and an energy-dependent time-delay component τ_s(E) with a constrained basis (e.g., low-order spline or τ0+τ1 log E) to model propagation delays; priors anchored to plausible coronal sizes.
- Instrumental calibration nuisance: effective area scaling a_inst, energy redistribution parameters within calibration uncertainty.

1.3 X-ray likelihood (raw counts):
For each source s, instrument k, energy channel e, phase bin φ:
- Model predicted count rate λ_{s,k}(e,φ | θ_EoS, nuisance_s) = ∫ dE A_k(E) R_k(e|E) [F_dir(E,φ) + F_C(E,φ)] + B_{s,k}(e,φ).
- Observed counts N_{s,k}(e,φ) ~ Poisson(λ_{s,k}(e,φ)).
Ray-traced direct flux F_dir uses relativistic transfer with gravitational redshift + SR Doppler/aberration + light bending; optionally Hartle–Thorne corrections for ν_s.
Comptonized component F_C is a convolution of F_seed with a parametric Compton kernel plus an optional phase-dependent delay model τ_s(E) implemented as a phase shift in Fourier space.

1.4 GW likelihood (strain-level, with selection):
For event j with strain data d_j, waveform model h(·):
- p(d_j | ϑ_j, θ_EoS) ∝ exp[−1/2⟨d_j − h(ϑ_j, Λ(m1;θ_EoS), Λ(m2;θ_EoS)) | d_j − h(·)⟩], with standard multi-detector inner products.
- Event parameters ϑ_j include masses, spins (small), distance, sky location, etc.
Selection function: incorporate detection probability p_det(ϑ_j) and population prior π(ϑ_j|α) if doing population-level inference; marginal likelihood uses standard selection-corrected form: ∏_j ∫ dϑ_j p(d_j|ϑ_j,θ_EoS) π(ϑ_j|α) / β(α,θ_EoS), where β is the detection efficiency integral.

1.5 Full joint posterior (single hierarchy):
p(θ_EoS, {nuisance_s}, {ϑ_j}, α, m | {N_{s,k}}, {d_j}) ∝ p(θ_EoS|EFT) p(m) [∏_s p(N_s | θ_EoS, nuisance_s) p(nuisance_s)] [∏_j p(d_j|ϑ_j,θ_EoS) π(ϑ_j|α)] / β(α,θ_EoS).
This explicitly avoids reusing published posteriors as data; if only posterior samples are available for some legacy datasets, we will use a documented likelihood-reconstruction step (e.g., reduced likelihood factors or importance reweighting against stated priors) and propagate the approximation error as an additional uncertainty term.

Step 2 — Nuisance-robust X-ray signature (mandatory directive ii).
2.1 Define sufficient statistics in Fourier domain:
Compute per energy band e and harmonic n the complex Fourier coefficient a_n(e) of the pulse profile; define phase lag Δφ_n(e) = arg[a_n(e)] − arg[a_n(e_ref)].
2.2 Construct an invariant summary S_C targeted to compactness:
- Let r_n(e) = |a_n(e)|/|a_1(e)| (harmonic amplitude ratios).
- Let g_n(e) = dΔφ_n(e)/d(log E) estimated by local regression across energy channels.
Define S_C = Σ_{n=1..N_h} w_n [g_n(e_hi) − g_n(e_lo)] + Σ_{n=2..N_h} v_n [r_n(e_hi) − r_n(e_lo)], with weights (w_n,v_n) chosen by a Fisher-orthogonalization procedure (below) to minimize sensitivity to nuisance directions while maximizing sensitivity to C and R at fixed M.
Rationale: compactness controls both light-bending (affecting harmonic content) and Doppler/redshift mapping (affecting energy-dependent phase evolution). Propagation delays and Comptonization tend to induce smoother, approximately separable phase shifts in energy that project differently in (g_n, r_n) space; the weighted combination is chosen to null those projections to first order.
2.3 Fisher/identifiability analysis:
- Build a local parameter vector η = (C, i, θ_spot, ρ, beaming params b, f_C, τ0, τ1, oblateness/frame-dragging parameter κ_rot).
- Compute Fisher matrix F_ab = (∂μ/∂η_a)^T Σ^{-1} (∂μ/∂η_b) for μ being the vector of observables (a_n(e) real/imag parts or derived g_n,r_n), with Σ from Poisson + calibration.
- Derive the compactness-identifiable subspace via Schur complement: effective information on C after marginalizing nuisances, I_C = F_CC − F_Cu F_uu^{-1} F_uC.
- Optimize weights (w_n,v_n) to maximize I_C for S_C while constraining sensitivity to selected nuisance combinations (e.g., enforce ∂S_C/∂τ0≈0, ∂S_C/∂f_C≈0 at fiducial points).
- Report expected ΔC and ΔR improvements when combining X-ray+GW vs GW-only, and explicitly quantify degeneracy floors.

Step 3 — EoS/phase-transition parameterization and branch tracking (mandatory directive iv).
3.1 Thermodynamically consistent EoS representation:
- Use enthalpy-based parameterization h ↦ (ε(h), P(h)) with monotone dP/dε > 0 and causal bound 0 < c_s^2(h) ≤ 1 enforced by construction (e.g., represent logit(c_s^2) as spline and integrate to obtain P(ε)).
- Match to chiral EFT constraints up to n_match with a documented matching prior.
3.2 FOPT operator:
- Maxwell: enforce equality of pressure and chemical potential at transition; implement as event condition in h-space and impose Δε jump at fixed P_t.
- Gibbs: mixed phase with specified surface-tension proxy parameter controlling width; implement continuous but softened c_s^2 over the mixed interval, preserving thermodynamic consistency.
3.3 Branch tracking and stability:
- Integrate TOV with explicit event handling at P_t to implement ε jump; continue integration across the discontinuity.
- Track stability using dM/dε_c and fundamental-mode proxy criteria; identify disconnected stable branches by scanning central enthalpy and recording sign changes in dM/dε_c.
- For twin-star candidates, compute tidal Love numbers on each branch with consistent matching at the density jump; verify continuity conditions for y(r) variables across the interface (standard piecewise integration with jump conditions).
3.4 Benchmarking:
- Validate against established public solvers (e.g., comparisons to independent TOV/Love implementations) on a suite of published hybrid EoSs; quantify biases in R(M) and Λ(M) near sharp transitions and show correct recovery of second branch when present.

Step 4 — Inference engine: physics-constrained OT with precise objective (mandatory directive iii).
4.1 Role of OT:
OT is not the statistical model; it is a computational map to efficiently represent and sample from the constrained posterior under the full likelihood above.
4.2 Reference measure and map:
- Let z ~ ρ(z) be a simple base distribution.
- Define an invertible transport map x = T_ψ(z) producing physical parameters x = (θ_EoS, θ_FOPT, {nuisance_s}, {ϑ_j}, α, m) in an unconstrained chart.
4.3 Hard physics projection Π:
- Define Π(x) as the deterministic projection that (i) constructs the EoS, (ii) solves TOV/Love with event handling and branch tracking, (iii) rejects infeasible outputs (no 2 M⊙ support, acausality, instability) by mapping them to an explicit ‘infeasible’ set.
- Practically: Π is a differentiable-when-possible operator with well-defined nondifferentiable events; gradients handled via piecewise autodiff plus finite-difference checks around events.
4.4 OT/variational objective:
Minimize over ψ the KL divergence to the true posterior:
J(ψ) = E_{z~ρ} [ −log p(data | Π(T_ψ(z))) − log p(Π(T_ψ(z))) + log q_ψ(Π(T_ψ(z))) ],
where q_ψ is the induced density of projected samples (with Jacobian correction where Π is locally bijective; otherwise use an augmented-space formulation with rejection accounting).
This is a variational transport objective (a normalizing-transport view) but with an explicit physics projection Π that enforces constraints exactly rather than via penalties.
4.5 Convergence diagnostics:
- Monitor (a) effective sample size under importance weights if using reweighting steps, (b) posterior predictive checks in held-out X-ray energy bands/harmonics and held-out GW events, (c) constraint violation rate (should be identically zero post-projection), and (d) stabilization of marginal likelihood estimates across multiple random seeds.
4.6 Calibrated model comparison:
- Compute marginal likelihood Z_m = ∫ p(data|x,m)p(x|m) dx using annealed importance sampling (AIS) or sequential Monte Carlo (SMC) with the transport map as proposal at each temperature.
- Bayes factors: B_{m1,m0} = Z_{m1}/Z_{m0} for (FOPT vs NoTransition) and (Maxwell vs Gibbs). Report sensitivity to prior volume by repeating with alternative, reviewer-specified priors (e.g., broader/narrower Δε).

Step 5 — Validation program (expanded).
5.1 End-to-end injections:
- Simulate raw X-ray event lists with instrument response and backgrounds; simulate GW strains with realistic noise.
- Include controlled systematics: varying beaming laws, spot evolution, Comptonization fractions, and energy-dependent delays.
- Quantify recovery of (R_1.4, R_2.0, Λ_1.4, p_t, Δε) and model selection accuracy; report failure modes where X-ray adds no information beyond GW.
5.2 Degeneracy stress tests:
- Explicitly test scenarios where propagation delays mimic phase lags; show whether S_C remains stable (within uncertainty) and whether full hierarchical inference correctly marginalizes to avoid false FOPT detections.
5.3 Twin-star branch recovery:
- Injection with a known twin-star EoS; verify correct identification of both branches and avoid spurious smoothing of ε(P) that would erase the second branch.

Step 6 — Deliverables.
- Public code: event-handled TOV+Love+branch tracker; X-ray count-level likelihood with ray-tracing and Comptonization/delay module; OT/AIS inference pipeline.
- Data products: posterior EoS ensembles under each model m, calibrated Bayes factors, and nuisance-robust compactness summary S_C with documented sensitivity/degeneracy properties.","Physical plausibility and data linkage: Hybrid-star studies show that strong FOPTs can suppress Λ(M) and modify M–R structure; strong-coupling-motivated EoSs (including gauge/gravity-inspired constructions) provide explicit examples where transition strength and high-density stiffness jointly control maximum mass and stability. Independently, phase-resolved spectral softening and energy-dependent lags in AMPs are explained by relativistic Doppler boosting and gravitational redshift, which depend on compactness and therefore provide an (imperfect but usable) complementary handle on R at a given M. This proposal explicitly downgrades the X-ray claim from “unique signature” to “additional information after robust marginalization,” aligning with known degeneracies.

Addressing identifiability concerns: The proposal now defines a concrete low-dimensional invariant S_C constructed from jointly energy-differentiated phase lags and harmonic ratios, with weights chosen by Fisher-based orthogonalization to suppress leading nuisance sensitivities (spot geometry, beaming, Comptonization fraction, and simple propagation delays). Identifiability is quantified via a Fisher/Schur analysis and validated with end-to-end injections including systematics; the success criterion is calibrated coverage and controlled false discovery rates for FOPT detection, not optimistic uniqueness.

Avoiding posterior-as-data and selection bias: A full hierarchical generative model is specified that ties raw X-ray counts and GW strain to shared θ_EoS, with explicit selection correction for GW detection efficiency. This removes the double-counting risk from conditioning on upstream posteriors; where raw likelihood access is impossible, the proposal commits to documented likelihood reconstruction/importance reweighting with uncertainty accounting.

Methodological rigor for OT and model comparison: OT is positioned as a variational transport parameterization of the posterior under the explicit likelihood, combined with a deterministic physics projection Π that enforces causality/stability and exact TOV/Love solutions with event-handled discontinuities. Convergence is monitored by posterior predictive checks and stability of AIS/SMC marginal likelihoods, enabling calibrated Bayes factors for (transition vs no-transition; Maxwell vs Gibbs).

Numerical credibility near discontinuities/twin stars: The main numerical risk (discontinuous ε(P) and disconnected branches) is handled via event detection at P_t, jump-condition integration for Love numbers, and explicit branch tracking via stability diagnostics (dM/dε_c). Benchmarking against established solvers is built into the plan, directly addressing the reviewer’s concern that branch handling, not “symplecticity,” controls bias near FOPTs.","This is an unusually detailed and technically mature proposal. Its strongest aspect is methodological rigor: the hierarchical generative model is explicitly defined at the likelihood level for both X-ray counts and GW strain, with careful treatment of selection effects and avoidance of posterior-as-data. The handling of first-order phase transitions, including discontinuous ε(P), twin-star branch tracking, and Love-number matching, directly addresses known numerical pitfalls and reviewer concerns. The logical chain from strong coupling → FOPT → modified c_s^2 and Γ → altered M–R and Λ(M) → compactness-controlled relativistic transfer → X-ray timing/spectral features is internally consistent and physically well motivated. Score deductions arise primarily from residual risk rather than conceptual flaws: (i) the Fisher-orthogonalized invariant S_C, while well defined, may remain fragile to higher-order or nonseparable nuisance effects (e.g., complex coronal geometry or spot evolution), and its robustness is demonstrated only locally; (ii) the OT-based evidence estimation with a nondifferentiable physics projection Π is ambitious and computationally heavy, and success will depend on careful tuning and extensive validation beyond what is sketched; (iii) empirical leverage of current AMP data to materially sharpen FOPT Bayes factors beyond GW-only constraints remains uncertain and may be modest."
"In neutron star–black hole (NS–BH) mergers that form an accretion disk, the ejecta mass and electron fraction (Ye) are jointly set by a competition between (i) GR-consistent tidal disruption and disk angular-momentum transport (fixing the density–temperature–entropy history) and (ii) neutrino irradiation from the disk/inner engine (setting weak-interaction timescales that drive Ye). We hypothesize that a physically constrained, end-to-end inference pipeline—combining (a) GR waveform posteriors with explicit NS equation-of-state (EoS) and tidal-disruption criteria, (b) an accretion-disk wind surrogate calibrated on GRMHD+neutrino transport, and (c) on-the-fly SkyNet nucleosynthesis—will yield identifiable, quantitatively tighter predictions for ejecta mass and r-process yields (including lanthanide fraction and actinide production) than standard kilonova fitting or unconstrained ML. The core methodological adaptation is to modify a normalizing-flow / amortized Bayesian inference architecture by embedding hard physical constraints as (1) a differentiable GR-EoS feasibility layer enforcing causality (cs<=c), thermodynamic stability, and TOV-consistent mass–radius relations, (2) a disruption-and-disk formation gate derived from relativistic tidal radius vs ISCO comparisons with BH spin dependence, and (3) a reaction-network-informed likelihood term in which SkyNet-computed heating rates and opacity classes replace ad hoc gray opacities. Mechanistically, these constraints restrict the posterior support to physically realizable merger–disk–ejecta trajectories, breaking degeneracies between (Mej, Ye, v) that otherwise mimic each other in light curves, thereby improving identifiability of heavy-element production in GW-triggered events.","Step 1: Specific system setup or data preparation.
1.1 Compile NS–BH gravitational-wave events/candidates (including events with non-detections of counterparts) with full GW posterior samples over masses, spins, distance, inclination, and tidal parameters when available.
1.2 Assemble a simulation training set spanning NS–BH parameter space: numerical-relativity disruption outcomes and disk masses (where available), plus GRMHD accretion-disk wind models with neutrino irradiation (covering BH spin, mass ratio, NS compactness/EoS proxies, magnetic flux). Store trajectories (rho,T,s,Ye)(t) for representative outflow parcels.
1.3 Build an opacity/heating library by running SkyNet on a designed grid of outflow conditions (entropy, expansion timescale, Ye, initial composition) to map to: final abundance patterns, lanthanide fraction X_La, actinide fraction, and radioactive heating rate qdot(t). Include spontaneous fission contributions where relevant.
1.4 Ingest electromagnetic follow-up constraints from SkyNet-enabled kilonova forward models and survey limits (e.g., DECam/SOAR-style upper limits) using the SkyNet-derived qdot(t) and opacity classes.

Step 2: Detailed implementation of the adapted methodology.
2.1 Implement a constrained amortized Bayesian model p(theta_phys | d_GW, d_EM) where theta_phys includes {EoS hyperparameters, NS radius/compactness, BH spin, disk mass Mdisk, wind mass Mw, Ye distribution parameters, velocity and geometry}. Use a conditional normalizing flow, but adapt it with:
  (a) GR-EoS feasibility layer: parameterize EoS via a spectral/PP parametrization; enforce causality cs<=c and stability dP/dε>0 by construction (projection or constrained parameterization). Enforce maximum mass >= 2 Msun and TOV solutions consistency.
  (b) Disruption/disk gate: include a differentiable criterion comparing relativistic tidal disruption radius to spin-dependent ISCO (and accounting for NS compactness). If no disruption, force Mw≈0 and suppress kilonova likelihood, aligning with EM non-detections.
  (c) Disk-wind surrogate with conservation constraints: train a physics-informed surrogate (e.g., operator network) that maps {Mdisk, BH spin, magnetic flux proxy, neutrino luminosity proxy} to outflow distributions while enforcing baryon number/energy budgets (Mw <= f*Mdisk; kinetic+internal <= available accretion energy).
  (d) SkyNet-in-the-loop likelihood: replace gray heating with SkyNet qdot(t, Ye, s, tau) and map X_La to wavelength-dependent opacity classes; compute synthetic light curves/spectra and compare to EM data or upper limits.
2.2 Couple GW posteriors to ejecta via joint likelihood: GW provides constraints on masses/spins/compactness; EM provides constraints on Mw, Ye distribution and opacities; the model enforces consistency through the gates and feasibility layers.
2.3 Implement posterior predictive checks: generate ensembles of (waveform-consistent, EoS-consistent) kilonovae and abundance yields; compute expected detection rates under SkyNet-like survey cadence (SkyNet observational framework) and compare to observed counterpart/non-counterpart statistics.

Step 3: Rigorous validation and analytical framework.
3.1 Simulation recovery tests: inject synthetic NS–BH mergers with known EoS, disk/wind properties, and SkyNet nucleosynthesis; test whether the constrained model recovers Mw, Ye distribution, X_La and heating rates more accurately than (i) unconstrained kilonova fits and (ii) unconstrained ML surrogates.
3.2 Identifiability analysis: quantify reduction in parameter degeneracies (e.g., Fisher/MI metrics) when enabling each constraint module (EoS layer, disruption gate, SkyNet likelihood) and demonstrate which mechanism drives improvements.
3.3 Cross-event consistency: enforce a shared EoS across multiple events; test whether inferred EoS remains consistent while allowing event-specific disk/wind parameters. Evaluate Bayes factors for models with/without disk winds.
3.4 Nuclear-physics sensitivity: propagate nuclear-rate uncertainties through SkyNet (Monte Carlo variations) and report which nuclear inputs dominate uncertainty in predicted heavy/superheavy yields; identify which observables (late-time IR slope, spectral features) best constrain them.
3.5 External validation: compare inferred ejecta/heavy-element yields against independent constraints (galactic chemical evolution priors; empirical bounds from known kilonovae like GW170817-class events) and ensure energy/radiation constraints remain satisfied.","1. Theoretical/Empirical Basis: NS–BH mergers are established GW sources; disruption and disk formation depend on well-understood GR scales (tidal radius vs ISCO) and NS compactness, while nucleosynthesis in outflows is governed by weak interactions and r-process reaction networks (SkyNet). Existing studies show that kilonova light curves depend strongly on lanthanide fraction/heating, and GW follow-up campaigns already provide upper limits that can constrain ejecta.
2. Transfer Logic (How the adaptation fits the domain): The adaptation directly encodes GR and nuclear-physics constraints into the inference architecture rather than treating ejecta as free phenomenological parameters. The EoS feasibility layer ensures TOV-consistent, causal NS structure; the disruption gate translates GW-inferred masses/spins into a physically mandated presence/absence of disk and ejecta; the SkyNet-in-the-loop likelihood connects microphysics (abundances, heating, opacities) to observables, aligning High-Energy Astrophysics and Nuclear Physics.
3. Comparative Advantage: Standard EM-only kilonova modeling suffers from degeneracies (Mej–kappa–geometry–viewing angle) and often uses simplified heating/opacity prescriptions; standard ML surrogates can violate conservation laws and GR/EoS bounds, yielding unphysical posteriors. By constraining posterior support to physically realizable merger–disk–wind states and using SkyNet-computed heating/opacities, the method should (i) tighten constraints on ejected mass and Ye distributions, (ii) improve robustness when counterparts are not detected (by enforcing disruption-dependent null predictions), and (iii) provide physically interpretable heavy-element yield posteriors linked to GW event properties.","This is an unusually rigorous and well-integrated proposal that demonstrates deep command of GW astrophysics, GR/EoS constraints, disk-wind physics, and r-process nucleosynthesis. The logical chain from GW posteriors through disruption physics to disk winds and SkyNet-derived heating/opacity is coherent and physically motivated, and the use of hard constraints to restrict posterior support is a genuine advance over phenomenological or unconstrained ML approaches. Minor weaknesses lie in feasibility at scale: (i) the availability and uniformity of GRMHD+neutrino simulation data to train a surrogate with sufficient coverage is optimistic; (ii) embedding SkyNet 'in the loop' will likely require aggressive emulation or pre-tabulation, and the proposal slightly underplays the risk that approximation error there could dominate the likelihood; and (iii) the disruption/disk gate, while physically sound, may be overly binary given known ambiguities near the tidal–ISCO boundary and resolution dependence in NR results. These issues do not undermine the core logic, but they temper claims of quantitative tightness unless carefully addressed."
"Periodic FRB activity observed by CHIME can be mechanistically explained by a magnetar in a stellar-companion binary where orbital-phase–dependent mass-loading and/or absorption modulates the magnetosphere, triggering bursts preferentially near specific true anomalies; the same system’s long-term torque variability (driven by magnetospheric twist and plasma loading) produces a predictable track and scatter in the P-\dot{P} diagram consistent with magnetar-strength fields. We will test this by a methodological adaptation: a physics-constrained, joint orbital-timing inference that replaces standard Lomb–Scargle periodicity detection with an event-time point-process likelihood whose hazard function is explicitly coupled to (i) Keplerian orbital geometry and wind/Roche-lobe overflow density, and (ii) magnetar spin-down torque with magnetic-field–dependent, twist-induced variability, enforcing causality and energy-budget constraints and embedding dipole-braking priors that map directly to B-field inference.","Step 1: Specific system setup or data preparation.
1.1 Acquire CHIME/FRB repeater burst time-of-arrival (TOA) lists, fluences, widths, dynamic spectra, and per-burst localization/posterior sky positions for periodic candidates (including FRB 20240209A-like sources).
1.2 Construct time-dependent exposure and selection functions for CHIME (daily sidereal visibility, beam response vs declination, system temperature, pipeline thresholds) to model missed bursts; build an observation window function W(t) used directly in likelihood.
1.3 Assemble magnetar comparison sample with measured P, \dot{P}, timing-noise statistics, and inferred B from radio magnetars (e.g., PSR J1622-4950) to set physically informed priors on torque noise amplitude and correlation time; adopt consistent units and propagate measurement covariances.

Step 2: Detailed implementation of the adapted methodology.
2.1 Replace periodogram-based periodicity detection with a marked, inhomogeneous point-process model: bursts are events with marks m (fluence, width, spectral slope). Define an event rate (hazard) \lambda(t,m) = W(t)\,\lambda_0\,g(\phi_{orb}(t);\Theta_{orb})\,h(m;\Theta_m)\,q(t;\Theta_{mag}).
2.2 Orbital gating g: compute true anomaly f(t) from Kepler’s equation with parameters \Theta_{orb} = {P_orb, e, \omega, T0, i}. Let g depend on companion-fed plasma column N_e(f) and/or shock power: g = exp[-\tau_{ff}(f,\nu)] for absorption-gated visibility and/or g = 1 + A\,S(f) for interaction-triggered emission, where S(f) is derived from relative velocity and separation r(f). Explicitly model N_e and \tau_{ff} using a wind/RLOF density profile \rho(r) \propto r^{-2} (wind) or a stream profile (RLOF), with parameters tied to companion mass-loss \dot{M} and wind speed v_w.
2.3 Magnetar torque term q: evolve spin frequency \Omega with a stochastic, physics-structured torque: \dot{\Omega} = -K(t)\,\Omega^n, with n constrained near 3 for dipole braking but allowing small deviations; K(t) = K_dip(B,\alpha,I,R)\,[1+\delta_{twist}(t)] where \delta_{twist} is modeled as an Ornstein–Uhlenbeck process whose amplitude is bounded by magnetic energy available in the twisted magnetosphere and whose correlation time is tied to resistive untwisting timescales. Enforce energy conservation by constraining integrated burst energy + twist dissipation \leq \eta E_B, with E_B \sim B^2 R^3/6 and efficiency \eta<1.
2.4 Equation-of-state (EoS) and causality constraints: include a hierarchical prior on {M,R,I} by sampling from a family of causal EoS parameterizations (e.g., piecewise polytropes with c_s\le c) to obtain I(M,R) and restrict compactness; this ensures K_dip and inferred B are physically consistent with nuclear physics bounds.
2.5 Joint Bayesian inference: perform MCMC/SMC over \Theta = {\Theta_{orb}, \Theta_{mag}, \Theta_m, \dot{M}, v_w, EoS hyperparameters}. The likelihood is the point-process likelihood \mathcal{L}=\prod_i \lambda(t_i,m_i)\,\exp[-\int \int \lambda(t,m)\,dt\,dm], evaluated over the CHIME window function. This directly corrects for irregular cadence and avoids spectral leakage that biases Lomb–Scargle for sparse bursts.
2.6 Model comparison: compute Bayes factors between (A) binary-gated magnetar model, (B) purely periodic engine (sinusoidal hazard without physical orbital mapping), (C) aperiodic clustered self-exciting process (Hawkes) representing magnetar activity without a companion, and (D) precession-only models. Require that accepted models also reproduce a plausible location/track in the P-\dot{P} diagram under the same B and I.

Step 3: Rigorous validation and analytical framework.
3.1 Injection-recovery on CHIME-like cadence: generate synthetic burst catalogs under known orbital + torque parameters, pass through W(t), and quantify detection power and parameter bias versus Lomb–Scargle and autocorrelation baselines. Report completeness as a function of burst rate, duty cycle, and e.
3.2 Posterior predictive checks: verify phase-folded burst-rate curves, mark distributions, and waiting-time statistics; require that inferred \dot{M}, v_w, and absorption depths are consistent with stellar-companion classes (e.g., LMXB-like vs wind-fed) and host-galaxy age constraints.
3.3 Cross-constraint with magnetar physics: from inferred {P,\dot{P},I} compute B and compare to radio magnetar population (including PSR J1622-4950) in the P-\dot{P} diagram; test whether the inferred torque-noise hyperparameters match magnetar-like timing noise rather than ordinary pulsars.
3.4 Multi-messenger/HEA follow-up prioritization: using posterior over orbital phase and \dot{M}, predict epochs of enhanced shock power and absorption minima; trigger targeted X-ray observations (e.g., NICER/XMM) and radio polarization campaigns to test for magnetar-like polarization swings and X-ray luminosity consistent with twist dissipation.
3.5 Nuclear-physics sensitivity: propagate alternative causal EoS priors to assess robustness of B and energy-budget conclusions; identify which FRB periodic sources prefer high-I (stiffer EoS) versus low-I (softer EoS) solutions under the same observed modulation.","1. Theoretical/Empirical Basis: Periodic FRBs exist and CHIME provides dense long-baseline monitoring; magnetars exhibit large timing noise and high inferred B in the P-\dot{P} diagram (e.g., radio magnetars with B~10^14 G). Binary modulation mechanisms (absorption, wind interaction, RLOF streams) naturally produce phase-dependent detectability and/or triggering, while magnetospheric twist models provide a physical source for torque variability and energetic bursts.
2. Transfer Logic (How the adaptation fits the domain): Standard periodograms assume quasi-sinusoidal signals in regularly sampled data; FRB burst times are sparse events with strong window-function effects. The adapted point-process likelihood natively handles irregular sampling and selection, while embedding Keplerian dynamics and magnetar torque laws ensures inference respects conservation laws and magneto-rotational physics. Adding causal EoS priors connects high-energy astrophysics observables (spin-down, energetics) to nuclear-physics constraints on I(M,R).
3. Comparative Advantage: Compared to Lomb–Scargle/autocorrelation, the method (i) reduces false periodicities induced by CHIME cadence, (ii) yields directly interpretable physical parameters (P_orb, e, \dot{M}, B, I) rather than an empirical period alone, (iii) discriminates between companion-driven modulation and intrinsic clocking (precession) via Bayes factors under shared physical constraints, and (iv) produces testable predictions for phase-targeted X-ray/radio polarization follow-up while simultaneously constraining magnetar B and (weakly) the neutron-star EoS through I-dependent torque mapping.","This is a technically ambitious and intellectually serious proposal that demonstrates exceptional command of FRB phenomenology, magnetar spin-down physics, and modern Bayesian inference. The point-process framework is well motivated and addresses a genuine bottleneck in periodicity detection for sparse burst data. The orbital gating and torque-noise modeling are logically coherent and grounded in known physics. However, the proposal risks over-integration: coupling orbital modulation, stochastic torque evolution, burst energetics, and neutron-star EoS inference in a single hierarchical model may lead to severe parameter degeneracies and weak identifiability, especially given the limited constraints on P and \dot{P} for most FRB sources. The energy-budget constraint, while physically appealing, is not yet demonstrated to be observationally constraining at CHIME sensitivities. The EoS layer, though causal and well defined, may be premature given current data quality and could dilute inference power rather than sharpen it."
"Periodic FRBs detected by CHIME arise from a magnetar in an old progenitor environment (e.g., LMXB/elliptical host) whose spin evolution is dominated by magnetospheric torque-state switching and intermittent fallback/accretion coupling, producing red timing noise that is phase-coupled to radiative power. A physics-constrained timing-analysis adaptation—""Torque-State Switching Ephemeris with Luminosity Coupling""—will outperform standard polynomial phase models by (i) replacing a single smooth spin-down law with a hidden semi-Markov set of discrete torque states whose transition intensities depend on inferred unabsorbed luminosity, and (ii) enforcing energy-budget and causality constraints linking measured Δ\dot{\nu} to magnetospheric power and magnetic-field decay, thereby yielding a coherent ephemeris through timing-noise intervals and directly discriminating progenitor models (isolated magnetar vs. binary-coupled magnetar). Mechanistically, discrete current-system reconfigurations in an ultra-strong B-field change the open-field-line fraction and effective braking torque; the resulting correlated changes in (spin-down, burst rate, and radiative luminosity) generate identifiable state-dependent timing-residual structure that cannot be captured by conventional timing-noise whitening.","Step 1: Specific system setup or data preparation.
1.1 Assemble CHIME burst TOAs for a periodic repeater (e.g., FRB 20240209A) and construct barycentric-corrected arrival times; quantify TOA uncertainties including CHIME backend jitter and propagation-induced systematics.
1.2 Collect contemporaneous high-energy coverage (archival or target-of-opportunity) to estimate unabsorbed luminosity posteriors (or upper limits) per activity window; propagate absorption (NH) uncertainty into luminosity distributions.
1.3 Define a reference period search space for spin/periodicities using a multiscale Lomb-Scargle/autocorrelation scan, but retain the full TOA likelihood for the timing stage rather than folding into a single best period.

Step 2: Detailed implementation of the adapted methodology.
2.1 Replace the standard phase model \(\phi(t)=\phi_0+\nu_0(t-t_0)+\tfrac{1}{2}\dot{\nu}(t-t_0)^2+...\) with a state-dependent torque model:
- Hidden state \(s(t)\in\{1..K\}\) (K=2–3) representing magnetospheric configurations (e.g., low/high twist or accretion-coupled vs. decoupled).
- Within each state, \(\dot{\nu}= -A_s \nu^n\) (braking index n free but constrained) plus a weak continuous red-noise component (power-law PSD) to capture residual timing noise.
- State evolution as a semi-Markov process with dwell-time distribution; transition rates \(\lambda_{i\to j}(t)\) depend on activity and luminosity via \(\lambda_{i\to j}=\lambda^0_{i\to j}\exp(\beta_{ij}\,\log L_{\rm unabs}(t))\), allowing radiative power to drive torque switching.
2.2 Impose physics constraints directly in the inference:
- Energy-budget constraint: changes in spin-down power \(\Delta \dot{E}_{\rm rot}\) from \(\Delta\dot{\nu}\) must upper-bound the time-averaged luminosity modulation attributable to magnetospheric dissipation; enforce as a soft likelihood penalty using \(L_{\rm mag}\le \eta |\dot{E}_{\rm rot}|\) with \(0<\eta\le1\).
- Magnetic-field/torque consistency: relate \(A_s\) to effective dipole moment and open flux; constrain implied surface B to magnetar/plausible high-B pulsar ranges and enforce causality-respecting EOS priors by limiting neutron-star I(M,R) using tabulated EOS families (TOV-consistent) so that inferred torques cannot demand unphysical moments of inertia.
2.3 Perform joint Bayesian inference over ephemeris parameters, red-noise hyperparameters, and hidden states using particle MCMC (Rao-Blackwellized for continuous phase parameters) to avoid phase-wrap pathologies during high timing noise.
2.4 Output products: (i) a phase-connected ephemeris with state annotations; (ii) posterior on braking index per state; (iii) Bayes factors comparing isolated-magnetar vs. binary-coupled variants (the latter includes an orbital modulation term and state transitions tied to orbital phase).

Step 3: Rigorous validation and analytical framework.
3.1 Injection tests: simulate TOAs with known torque switching, red noise, and luminosity coupling; verify recovery of reference period, phase connection, and correct state count K via posterior predictive checks.
3.2 Cross-validation on real data: fit on subset of activity windows and predict TOAs/residuals in held-out windows; compare predictive log-likelihood against (a) standard high-order polynomial timing, (b) pure red-noise Gaussian-process timing, and (c) glitch-only models.
3.3 Physical discrimination: test whether inferred (\Delta\dot{\nu}, L_{\rm unabs}) correlations and dwell times match magnetospheric-twist relaxation timescales vs. accretion/fallback scenarios; use host-galaxy context (elliptical/old population) as an external prior on progenitor model.
3.4 EOS sensitivity: rerun inference across multiple EOS-consistent I(M,R) priors; quantify how much ephemeris robustness and torque-state identifiability depend on nuclear-physics assumptions.","1. Theoretical/Empirical Basis: Long-baseline neutron-star timing shows that timing noise can be non-stationary and correlated with magnetospheric changes; braking indices far from 3 and magnetar-like B-fields support torque variability mechanisms (Asset 2). Precision multi-instrument timing solutions that manage timing noise and produce coherent ephemerides over years are established in X-ray neutron stars (Asset 3). Timing analyses that connect spin derivatives to radiative outputs via unabsorbed luminosity measurements are demonstrably feasible (Asset 4). CHIME provides dense burst TOAs and has already revealed rare periodic repeaters with progenitor-model implications in old environments (Asset 1).
2. Transfer Logic (How the adaptation fits the domain): The adaptation modifies conventional ephemeris fitting by replacing a single smooth spin-down law with a physically interpretable torque-state process and by coupling transition dynamics to luminosity while enforcing energy conservation and EOS-consistent inertia. This respects conservation laws and causality through TOV/EOS priors and prevents unphysical torque solutions that standard black-box timing-noise models can accept.
3. Comparative Advantage: Compared to polynomial ephemerides (which absorb timing noise into non-physical higher derivatives) and generic GP whitening (which is agnostic to mechanism), the proposed method yields (i) better phase connection through torque changes, (ii) interpretable state-dependent braking indices and transition timescales, (iii) direct statistical tests between isolated and binary progenitor models, and (iv) nuclear-physics-consistent torque and energetics constraints that reduce degeneracy between timing noise and true spin evolution.","This is an unusually strong and technically mature proposal. The methodological core—state-dependent torque evolution coupled to luminosity and constrained by energetics and EOS priors—is well motivated by known magnetar timing phenomenology and directly addresses a recognized bottleneck in FRB timing (loss of phase coherence under strong red noise). The inference framework (semi-Markov hidden states + particle MCMC) is appropriate and realistically challenging but feasible. Minor score deductions arise from (i) residual ambiguity about the practical availability and cadence of contemporaneous unabsorbed luminosity constraints for most CHIME repeaters, which may weaken the identifiability of luminosity-coupled transition rates, and (ii) some degeneracy risk between state switching and red-noise hyperparameters that, while acknowledged, is not fully mitigated analytically (e.g., via identifiability proofs or information-criterion forecasts). These are execution risks rather than conceptual flaws."
"FRB 20201124A and FRB 20220912A share a universal starquake-driven intrinsic burst-energy function with a break near ~10^38 erg, but their observed burst populations and polarization/RM statistics are differentially filtered by a magneto-ionic “propagation operator” whose form depends on whether the dominant turbulence is effectively two-dimensional (sheet-like, anisotropic) or three-dimensional (volume-filling) Kolmogorov. The core mechanism is that the same plasma-density/magnetic-field fluctuations that generate RM variability also impose frequency- and time-dependent detectability (via scattering broadening, spectral modulation, and depolarization), thereby reshaping the observed energy function in a manner that is systematically different for 2D vs 3D cascades. We propose a structurally novel methodological adaptation: a Physics-Operator Likelihood (POL) that replaces both (i) structure-function fitting and (ii) direct broken-power-law fitting with an end-to-end forward model in which turbulence is encoded as a constrained, dimension-dependent propagation transfer operator acting on the intrinsic starquake energy release process, jointly explaining (a) the observed truncated energy distributions and (b) polarization/RM observables through shared microphysical parameters (outer scale, inner scale, anisotropy, magnetization). This operator-level coupling (intrinsic energy release → radiative transport through turbulent plasma → telescope detection) breaks the intrinsic/propagation degeneracy without using summary statistics or Gaussian-process time-series kernels.","Step 1: Specific system setup or data preparation.
1.1 Build a per-burst “radiative+instrument state vector” for FRB 20201124A and FRB 20220912A from FAST and any available polarimetric datasets: observed fluence (or isotropic-equivalent energy with distance), width, center frequency/band, polarization fraction vs frequency, PA(ν) for RM extraction, sub-burst drift metrics if available, and scattering proxies (τ_sc or decorrelation bandwidth). Retain raw time ordering but do not reduce to a structure function.
1.2 Construct an explicit detection-and-measurement model for each observing epoch: time-variable system temperature, bandpass, RFI mask, trigger thresholds, and search-pipeline completeness as a function of broadened width and spectral occupancy. Calibrate this with injection-recovery on real noise to obtain P(detected | intrinsic burst, observing state).
1.3 For FRB 20201124A specifically, include a deterministic binary-geometry module for the ordered RM component: parameterize the orbit-induced mean RM(t) as a low-dimensional, physically interpretable curve (e.g., sinusoid with harmonics allowed by viewing geometry). Do not pre-subtract it; carry it as a component inside the forward model so that turbulence is inferred from residual statistics conditioned on orbital phase.

Step 2: Detailed implementation of the adapted methodology.
2.1 Intrinsic engine module (starquake energy function + EOS link):
- Model intrinsic burst energies E_int as draws from a universal broken power law with break E_b and slopes (α1, α2), shared between FRB 20201124A and FRB 20220912A up to a source-specific normalization.
- Mechanistic mapping: identify E_b with a crustal failure scale E_fail ≈ f(μ, θ_y, ΔR_crust; M,R), where μ is shear modulus, θ_y yield strain, and ΔR_crust depends on neutron-star EOS via TOV-consistent mass–radius–crust-thickness relations. Enforce causality and stability by using EOS priors that respect c_s ≤ c and dM/dρ_c > 0.
- Optional if timestamps are informative: include a stress-reloading kernel for waiting times, but keep it secondary to the energy-function constraint.

2.2 Propagation operator module (dimension-dependent turbulence transfer):
- Replace “RM structure function” with a forward propagation operator O_d that maps (E_int, ν, intrinsic polarization state) → (RM_obs, depolarization, scattering-broadened width, spectral modulation) given turbulence dimensionality d ∈ {2,3}.
- Build O_d from physically constrained components:
  (a) Turbulence spectrum: impose Kolmogorov inertial-range scaling in k with dimension-dependent relations between phase structure and scale (2D sheet vs 3D volume). Parameters: outer scale L0, inner scale l_i, amplitude C_n^2 (or equivalent), anisotropy ratio A (for 2D sheets), and a magnetization proxy via the correlation between δn_e and δB_∥.
  (b) Faraday rotation and depolarization: compute RM fluctuations from path-integrals of n_e B_∥ with correlated fluctuations set by the turbulence spectrum; predict bandwidth depolarization and beam/temporal depolarization self-consistently.
  (c) Scattering/selection coupling: compute pulse broadening τ_sc(ν) and scintillation-induced spectral patchiness from the same turbulence parameters. This is the key mechanism that reshapes the observed energy function: broadened pulses lower S/N and preferentially censor low-energy bursts, creating an apparent change in slopes that differs for 2D vs 3D due to their different scaling of τ_sc and RM variance with scale.
- Enforce physical constraints by construction: n_e ≥ 0 along the path (use a positive density background plus zero-mean fluctuations), energy conservation in radiative transfer (no unphysical amplification), and realizability constraints on correlation tensors (positive semidefinite).

2.3 Unified likelihood over bursts (operator-composed inference):
- For each burst i with observing state s_i, generate intrinsic variables (E_int,i, intrinsic width, intrinsic polarization fraction), propagate through O_d to predict observables, then pass through the detection model to produce P(data_i | parameters).
- The joint likelihood is the product over bursts of detection-aware likelihoods (including nondetections via the completeness model), thereby using the observed energy function as a consequence of the same turbulence that produces RM/polarization/scattering.
- Parameters to infer include: shared engine parameters (E_b, α1, α2, crust/EOS hyperparameters), source-specific normalizations and possible slight E_b offsets, and propagation parameters (d, L0, l_i, A, C_n^2, δn–δB correlation), plus binary-geometry parameters for FRB 20201124A.
- Inference: use simulation-based inference (SBI) with physically constrained simulators of O_d and the detection pipeline, amortized across epochs. The methodological adaptation is that inference is performed on the operator-composed generative process rather than on summary statistics (SF) or direct distribution fits; the simulator is constrained by plasma physics and EOS priors, preventing black-box degeneracy.

Step 3: Rigorous validation and analytical framework.
3.1 Identifiability tests with controlled synthetic universes:
- Create synthetic burst catalogs with known intrinsic energy function and known turbulence dimensionality (2D vs 3D), run through the real injection-recovery completeness model. Verify that POL recovers (E_b, α1, α2) and correctly classifies d with calibrated posteriors.
3.2 Posterior predictive checks on multiple coupled observables:
- Simultaneously reproduce (i) the observed truncated cumulative energy distributions, (ii) RM distributions conditioned on orbital phase (FRB 20201124A), (iii) frequency-dependent depolarization trends, and (iv) τ_sc(ν) or scintillation proxies. Failure in any channel flags mis-specified turbulence/operator physics.
3.3 Model comparison and falsification:
- Compare four mechanistic classes via marginal likelihood or approximate evidence in SBI: (A) no propagation operator (pure intrinsic), (B) propagation without selection coupling, (C) 3D Kolmogorov operator, (D) 2D Kolmogorov sheet operator (with anisotropy). The critical test is whether selection-coupled propagation is required to reconcile energy-function slopes with polarization/scattering.
3.4 EOS/crust constraint delivery:
- Report constraints on crustal yield strain and shear modulus marginalized over propagation physics; quantify how much the universal ~10^38 erg break narrows EOS-consistent crust thickness compared to energy-only fitting.
3.5 External consistency:
- Cross-check inferred turbulence parameters against independent expectations for host environments (e.g., nebular screens vs ISM-like screens) and check whether inferred dimensionality correlates with persistent radio environment indicators if available.","1. Theoretical/Empirical Basis: Asset 1 establishes a robust broken-power-law energy function with a universal break near ~10^38 erg across FRB 20201124A and FRB 20220912A, motivating a shared starquake/crust-failure scale that can be mapped to EOS-dependent crust properties. Asset 2 demonstrates that RM variations in FRB 20201124A contain both geometric (binary) and stochastic components and explicitly connects the stochastic component to Kolmogorov-like plasma turbulence, with 2D vs 3D interpretations relevant to astrophysical screens. These jointly support an engine+propagation framework in which turbulence must be modeled, not ignored.
2. Transfer Logic (How the adaptation fits the domain): High-energy astrophysics and nuclear physics constraints require physically realizable mappings from observables to neutron-star microphysics. POL embeds EOS causality/stability and crust energetics directly in the intrinsic module while embedding conservation/realizability constraints in the plasma transfer operator; it uses the fact that the same turbulence that drives RM fluctuations also drives scattering/depolarization that sets detectability, making the observed energy function a propagation-filtered image of the intrinsic one. This directly targets the dominant limitation of standard approaches: treating energy-function fitting and RM/SF analysis as separable, leaving intrinsic/propagation degeneracies unresolved.
3. Comparative Advantage: Unlike the rejected framework, POL does not (i) fit structure functions, (ii) use time-series covariance kernels as the primary turbulence representation, or (iii) couple energy and turbulence only through a shared hierarchical likelihood. Instead it introduces an operator-level, selection-aware forward model where turbulence parameters are constrained simultaneously by RM, depolarization, and scattering and are forced to explain their impact on the observed energy distribution through the detection pipeline. This structural change enables discriminating 2D vs 3D turbulence via multi-observable consistency and yields EOS-informed crust constraints that are robust to propagation-induced censoring—capabilities not achievable with separate SF and broken-power-law fits.","This is an unusually sophisticated and well-articulated proposal that demonstrates deep command of FRB phenomenology, plasma turbulence theory, and neutron-star crust physics. The central logical move—treating turbulence as a propagation operator that simultaneously shapes RM statistics and observational completeness—is physically well motivated and directly addresses a known degeneracy in the field. Engineering resolution is high: the detection pipeline calibration, operator construction, and SBI framework are all actionable, though computational cost and simulator fidelity risks are nontrivial. Logical consistency is strong, but the argument would benefit from a clearer justification that 2D versus 3D turbulence can be robustly distinguished given realistic FRB sample sizes and parameter covariances (e.g., between anisotropy and inner scale). Evidence grounding is solid and remains within plasma astrophysics and neutron-star physics without conceptual drift. The rationale quality is excellent: POL represents a genuine structural advance rather than a repackaging of hierarchical modeling, though some components (e.g., EOS constraints from burst energetics alone) may be optimistic in their constraining power once propagation uncertainties are fully marginalized."
"We hypothesize that the central engine of G337.2+0.1 can yield data-driven (not prior-dominated) constraints on neutron-star compactness (M,R) only if the XMM-Newton PWN spectrum is embedded in a *multi-constraint energetics closure* in which at least one independent observable anchors the spin-down power \(\dot E\), and the remaining degrees of freedom are constrained by a time-dependent PWN+SNR evolution model. Mechanistically, (M,R) enters the inference through (i) the moment of inertia \(I(M,R)\) and compactness-dependent GR corrections in the torque law, which map \((P,\dot P,n,\alpha,B,R,I)\rightarrow\dot E\), and (ii) the requirement that the *time-integrated injected rotational energy* \(\int_0^t \dot E(t')dt'\) simultaneously explains the nebular magnetic/particle energy content inferred from a broadband SED and the SNR dynamical energy/age inferred from shell evolution. This joint closure breaks the principal degeneracies identified by reviewers (unknown beaming/efficiency/magnetization/time evolution) by explicitly modeling PWN evolution (injection + magnetization + radiative/adiabatic losses) and by conditioning on an external \(\dot E\) anchor (timing, calorimetry, or SNR energetics). Under these conditions, different EOS families that imply different \(I(M,R)\) at the same \(M\) produce measurably different posteriors for \(\dot E(t)\) and injected energy histories required to fit the same SED+size/expansion data; this distinction is forecast-quantified via Fisher/forecast identifiability and validated with EOS-discriminability null tests before any mass–radius claim.","Step 0 — Define the forward model and identifiability metrics (mandatory before inference).
0.1 Parameter vector (explicit):
- Neutron star: \(M,R\); equation-of-state hyperparameters \(\theta_{\rm EOS}\) (piecewise-polytrope or spectral expansion), enforcing causality \(c_s\le c\) and \(M_{\rm max}\ge 2\,M_\odot\).
- Rotational state: \(P\), \(\dot P\) (or equivalently \(\dot E\) anchor), braking index \(n\), inclination \(\alpha\).
- Magnetic: surface dipole \(B\) (or \(\mu\)), plus uncertainty in magnetospheric dissipation fraction \(f_{\rm mag}\).
- Distance/absorption: \(d\), \(N_H\) with spatial gradient parameters.
- Age/environment: true age \(t\), ambient density \(n_0\), ejecta mass \(M_{\rm ej}\), explosion energy \(E_{\rm SN}\).
- PWN evolution: injection spectrum \(Q(E,t)\) (broken power-law indices \(p_1,p_2\), break \(E_b\), max \(E_{\max}\)), magnetization \(\sigma(t)\) (parametric evolution), particle-to-field partition, nebular field \(B_{\rm PWN}(t)\), radius \(R_{\rm PWN}(t)\).
0.2 GR/EOS coupling (exact functional dependence):
- Compute \(I(M,R,\theta_{\rm EOS})\) by solving TOV + slow-rotation (Hartle–Thorne) to obtain \(I\) consistently with EOS; enforce stability and causality.
- Spin-down/torque model (explicit): adopt a generalized torque law with nuisance calibration:
  \(\dot\Omega = -K\,\Omega^n\), where \(K = k_0\,\mu^2\,f_{\rm GR}(M,R)/[I(M,R)\,c^3]\) and \(\mu = B R^3\). \(f_{\rm GR}(M,R)\) is a compactness-dependent correction factor (implemented as a parameterized correction with priors from GR force-free magnetosphere studies; if not robust, treat as bounded nuisance). Then \(\dot E = I\Omega\dot\Omega\).
- Time evolution: \(\Omega(t)\) from integrating the torque with \(n\) and \(K\); injected power to PWN: \(\dot E_{\rm inj}(t)=\eta_{\rm PWN}(t)\dot E(t)\), with \(\eta_{\rm PWN}(t)\) derived from \(\sigma(t)\) and radiative efficiencies (not a fixed empirical kernel).
0.3 Observables (XMM + required auxiliary constraints):
- XMM-Newton: spatially resolved spectra for core and outer nebula: photon index \(\Gamma(r)\), normalization \(A(r)\), absorbed fluxes \(F_X(r)\), and \(N_H(r)\).
- Morphology: PWN size in X-rays; if available radio size; radial softening profile.
- Mandatory \(\dot E\) anchor (at least one):
  (a) timing detection (X-ray or radio) to measure \(P,\dot P\); or
  (b) gamma-ray/TeV calorimetry: \(L_\gamma\) + SED modeling to constrain \(\dot E\) with priors on conversion efficiencies; or
  (c) SNR dynamics: shell radius/expansion + age estimate + total non-thermal energy to constrain integrated injected energy; or
  (d) broadband SED (radio–X-ray–TeV) enabling calorimetric determination of particle energy content.
0.4 Identifiability requirement: compute Fisher information and simulation-based identifiability (SBI) metrics on \((M,R)\) given realistic uncertainties; proceed to full inference only if the expected posterior width on compactness \(C=GM/(Rc^2)\) improves over the EOS prior by a pre-specified factor (e.g., \(>\)2× shrinkage in \(C\) credible interval) *and* EOS model selection achieves high significance in null tests (Step 4).

Step 1 — Data acquisition, reduction, and auxiliary anchor selection.
1.1 XMM-Newton EPIC reprocessing: redo event filtering, flare removal, vignetting/exposure correction; extract spectra in concentric regions (core, inner PWN, outer PWN) matched to PSF and surface brightness.
1.2 Spectral products: fit absorbed power-law per region using a joint model with linked \(N_H\) components plus gradient hyperparameters; retain full covariance of \((\Gamma,A,N_H)\) in posterior samples for later hierarchical use.
1.3 Compile required external constraint(s) for \(\dot E\):
- Search for archival radio/X-ray timing; if absent, propose targeted timing campaign (e.g., XMM timing mode, NICER, or radio) with sensitivity estimates.
- Assemble broadband flux points (radio catalogs; XMM; any Fermi-LAT/TeV catalogs); if TeV association exists, extract spectra for calorimetry.
- Gather SNR morphological/dynamical constraints: shell size, expansion if measurable, or age bounds from Sedov modeling; include uncertainties.

Step 2 — Replace the empirical efficiency kernel with a time-dependent PWN+SNR evolution model.
2.1 Adopt a 1-zone time-dependent PWN evolution baseline (with optional 2-zone extension for radial gradients):
- Evolution equations for particle distribution \(N(E,t)\) with injection \(Q(E,t)\), synchrotron+IC losses, adiabatic losses from expansion, and escape.
- Magnetic energy evolution using \(\dot E_{\rm inj}(t)\) partitioned by \(\sigma(t)\) and PWN expansion \(R_{\rm PWN}(t)\).
- Compute predicted synchrotron spectrum in XMM band and IC spectrum in GeV/TeV band; predict spatial softening via energy-dependent cooling length (implemented as a minimal 2-zone or parametric gradient model tied to \(B_{\rm PWN}\) and advection speed).
2.2 Couple PWN expansion to SNR environment:
- Use a simplified PWN-in-SNR model: PWN radius evolves within SNR ejecta/Sedov phase; include ambient density \(n_0\), ejecta parameters, and reverse shock interaction time as nuisance.
2.3 Explicit systematics as nuisance parameters:
- Distance \(d\) prior from independent measures (e.g., HI/CO, extinction maps); propagate into luminosities and sizes.
- Absorption \(N_H\) uncertainty and spatial variation.
- Age \(t\) prior from SNR constraints; include braking index \(n\) uncertainty.

Step 3 — Hierarchical Bayesian inference with explicit closure constraints.
3.1 Likelihood structure:
- \(\mathcal{L}=\mathcal{L}_{\rm XMM\,spectra} \times \mathcal{L}_{\rm morphology} \times \mathcal{L}_{\rm SED} \times \mathcal{L}_{\rm anchor}(\dot E) \times \mathcal{L}_{\rm SNR\,dyn}\).
3.2 Priors (explicit and justified):
- EOS prior families: (i) piecewise polytrope; (ii) spectral; constrained by causality and \(M_{\rm max}\ge 2M_\odot\) (leveraging the high-mass constraint logic exemplified by PSR J0740+6620).
- \(n\) prior broad (e.g., 2–3.5) unless measured; \(\alpha\) isotropic prior; \(B\) log-uniform over pulsar range.
- \(d\), \(t\), \(n_0\), \(E_{\rm SN}\) informed by SNR data.
3.3 Computation:
- Use nested sampling or HMC for high-dimensional posteriors; accelerate PWN evolution via precomputed emulators (Gaussian process or neural surrogate) trained on the time-dependent solver.
3.4 Output quantities:
- Posterior on \(\dot E(t)\), total injected energy, \(I(M,R)\), compactness \(C\), and EOS hyperparameters.

Step 4 — Mandatory quantitative identifiability and null tests (gatekeeping).
4.1 Fisher/forecast study:
- Generate synthetic datasets matching XMM uncertainties, absorption, distance uncertainty, and plausible age/environment; compute Fisher matrix and/or SBI-based posterior contraction for \((M,R)\) under each anchor scenario: (a) timing; (b) TeV calorimetry; (c) SNR energetics only.
- Predefine go/no-go criteria (e.g., compactness constrained to \(\sigma_C\lesssim 0.05\) and Bayes factor \(>10\) between representative soft vs stiff EOS families).
4.2 EOS indistinguishability null test (required by reviewers):
- Create paired synthetic universes where two different EOS produce different \(I(M,R)\) but tune nuisance/PWN parameters so that XMM-only PWN observables match within errors; show that XMM-only cannot distinguish (expected), then add the anchor constraint and demonstrate distinguishability at high significance *only if present*.
4.3 Prior-dominance check:
- Run inference with broadened priors on key nuisance parameters; require that the posterior on compactness changes negligibly only when data are informative; otherwise report non-identifiability and limit claims to \(\dot E\)/PWN parameters.

Step 5 — Validation on benchmark systems (reframed to address critique).
5.1 Do not treat “masking thermal” NICER targets as equivalent. Instead:
- Validate only the *torque+I(M,R)* pipeline on pulsars with measured \(P,\dot P\) and independent EOS-informed radius constraints (e.g., systems like PSR J0740+6620 for EOS prior calibration, not direct PWN mapping).
- Validate the PWN evolution module on well-studied PWNe (Crab/3C58) but explicitly model population scatter via hierarchical hyperparameters; do not import deterministic \(L_X\)–\(\dot E\) relations.

Deliverables:
- A publishable identifiability/forecast paper (Step 4) as the first milestone.
- Conditional second milestone: if go-criteria are met, a constrained \(I(M,R)\)/compactness inference for the G337.2+0.1 engine; if not, a robust \(\dot E\), age, magnetization, and environment characterization with quantified non-identifiability of (M,R).","Identifiability addressed explicitly: The project no longer claims that embedding TOV in an XMM power-law fit automatically yields (M,R) sensitivity. Instead, it quantifies (via Fisher/SBI forecasts and EOS null tests) whether (M,R) is *measurable* under realistic uncertainties and only proceeds if an external \(\dot E\) anchor and time-dependent PWN+SNR closure produce posterior contraction beyond priors.

Mechanism strengthened: Compactness enters primarily through \(I(M,R)\) (EOS-dependent) in the torque law and through the requirement that the inferred \(\dot E(t)\) history powers the observed PWN/SNR energetics. This converts the problem from an underdetermined spectral fit into a constrained energy-budget and evolution problem where degeneracies in \(B,P,\alpha,n,d,t\) are explicitly parameterized and partially broken by independent anchors (timing/calorimetry/dynamics).

Systematics propagated: Distance, age, absorption gradients, ambient density, magnetization evolution, and braking index are explicit nuisance parameters rather than hidden biases. Empirical Crab/3C58 relations are used only to set broad hyperpriors and quantify population scatter, preventing the inference from being a deterministic mapping.

Practicality: XMM reprocessing and spatially resolved spectroscopy are standard. The main computational challenge (time-dependent PWN modeling in a Bayesian loop) is mitigated with emulators calibrated on a physically based solver. A meaningful outcome exists even in the null case: if forecasts show non-identifiability, the study still yields a rigorous upper bound on what XMM-only PWN data can say about neutron-star structure and produces a physically consistent \(\dot E\)/magnetization/age/environment characterization for G337.2+0.1.","This is an unusually rigorous and self-aware proposal that directly addresses the core criticism typically leveled at PWN-based neutron-star structure inferences: non-identifiability and prior domination. The engineering plan is detailed, technically credible, and explicitly gated by identifiability forecasts and null tests, which is a major strength. The logical chain—EOS → I(M,R) → torque → \dot E(t) → integrated energetics → PWN/SNR observables—is internally consistent and physically sound. Minor deductions arise from practical risk: (i) the dependence on an external \dot E anchor is absolute, yet its availability for G337.2+0.1 remains uncertain; (ii) GR magnetospheric correction factors f_GR are not yet robustly established and may weaken sensitivity; and (iii) the dimensionality of the hierarchical model, even with emulators, may challenge convergence and interpretability. Evidence grounding is strong and remains within high-energy astrophysics and neutron-star physics without speculative cross-domain leaps. Overall, this is a high-level, defensible proposal whose claims are appropriately conditional rather than overreaching."
"If we replace the standard GW population-inference likelihood with a physics-constrained, diffusion-learned noise model that is coupled to a hierarchical cosmology+EoS forward model, then binary black hole (BBH) chirp-mass posteriors and the redshift-dependent cosmological source rate can be jointly inferred with reduced bias, enabling competitive constraints on the deceleration parameter q0 even in the presence of non-Gaussian/non-stationary detector noise. Mechanism: the score-based diffusion model provides an unbiased, data-driven noise likelihood that prevents systematic distortions of the distance–inclination–redshift posterior, while the hierarchical forward model enforces (i) GR waveform structure, (ii) cosmological distance–redshift relations parameterized by (H0,q0), and (iii) nuclear-physics causality/stability bounds through EoS-informed mass-function priors (calibrated using BNS tidal information), thereby breaking otherwise dominant degeneracies between chirp mass, luminosity distance, and source-rate evolution.","Step 1: Specific system setup or data preparation.
1.1 Assemble GW strain data from public LIGO/Virgo/KAGRA releases (O3–O4 as available) for BBH events with matched-filter triggers; include off-source segments around each trigger to characterize local noise.
1.2 Build a multi-population catalog: BBH events (primary), plus BNS/NSBH events (auxiliary) to constrain nuclear-physics-informed priors (EoS/tidal constraints) and selection effects.
1.3 Define a cosmology parameterization at low-to-intermediate redshift: luminosity distance dL(z;H0,q0) using a series expansion or FLRW model truncated to the regime supported by detector reach; include weak priors from external cosmology only for stability tests.
1.4 Specify an astrophysical cosmological source-rate model: R(z|\theta_R)=R0*(1+z)^\kappa * exp(-z/zp) (or mixture over formation channels), with explicit selection function S(\theta) computed from detector sensitivity curves.

Step 2: Detailed implementation of the adapted methodology.
2.1 Methodological Adaptation (core): Construct a constrained “Noise-Conditioned Hierarchical Diffusion Likelihood” (NCHDL) by modifying score-based diffusion noise posteriors to be conditional on detector state variables and to output an event-specific, non-Gaussian likelihood term that can be composed with the GR waveform model.
- Train a score-based diffusion model on off-source strain, conditioned on: (a) time-frequency summary statistics, (b) auxiliary channels (when available), (c) detector epoch, and (d) PSD estimates. This yields p(n|c) and a learned score \nabla_n log p(n|c).
- Replace the Gaussian likelihood in Bayesian PE with a diffusion-based likelihood estimator \hat{\mathcal{L}}(d|h(\vartheta),c) computed by denoising-score matching / probability flow ODE, explicitly marginalizing over noise realizations consistent with c.
2.2 Physics constraints embedded in the inference (not post-hoc):
- Waveform constraint: use inspiral-merger-ringdown GR waveforms; impose internal consistency checks (e.g., inspiral vs post-inspiral mass/spin consistency) as a penalty term to downweight waveform-mismatch regions.
- Cosmology constraint: enforce the FLRW mapping between source-frame masses and detector-frame masses: \mathcal{M}_\mathrm{det}=(1+z)\mathcal{M}_\mathrm{src}, with z inferred via dL(z;H0,q0) and sky-position-dependent antenna patterns.
- Nuclear-physics/EoS constraint (domain coupling): incorporate BNS tidal deformability posteriors to learn an EoS-constrained maximum NS mass and causality-limited pressure–density relation (via a spectral or piecewise-polytrope parameterization with explicit causality c_s^2<=c^2, thermodynamic stability dP/d\epsilon>0). This does not change BBH waveforms, but it regularizes the mass-function hyperpriors across compact binaries, preventing unphysical leakage of probability mass that otherwise couples to the inferred redshift distribution and rate evolution.
2.3 Joint hierarchical model:
- Event level: infer \vartheta_i = {\mathcal{M}_{\rm det}, q, \chi_1,\chi_2, \iota, \psi, \alpha,\delta, t_c, \phi_c, ...} with diffusion likelihood.
- Population level: infer hyperparameters \Theta = {H0,q0,\theta_R, \theta_{\rm mass}, \theta_{\rm spin}, \theta_{\rm EoS}} with selection effects S(\Theta) computed by injection campaigns where the same diffusion likelihood is used to avoid mismatch between training and selection modeling.
- Use a sampler capable of amortized event-level inference (e.g., normalizing flows as proposal distributions) but with hard physical constraints enforced through constrained transforms (e.g., reparameterize EoS to satisfy causality by construction).

Step 3: Rigorous validation and analytical framework.
3.1 Synthetic validation:
- Create end-to-end simulated catalogs with known (H0,q0,R(z)) injected into real off-source noise; compare recovery between (A) standard Gaussian likelihood PE + hierarchical inference and (B) NCHDL.
- Stress tests: glitch injections, non-stationary epochs, misestimated PSDs; quantify bias in dL and \mathcal{M}_{\rm src} and its propagation to q0.
3.2 Real-data validation:
- Posterior predictive checks: verify residuals are consistent with diffusion noise posterior; compare Bayes factors for signal vs noise under Gaussian vs diffusion likelihood.
- Consistency across detectors/epochs: ensure inferred hyperparameters do not track detector state proxies (a hallmark of noise-induced bias).
3.3 Cosmology deliverables:
- Report constraints on q0 marginalized over R(z), mass/spin hyperparameters, and EoS hyperparameters; provide robustness bounds under alternative R(z) parameterizations.
- Provide a bias-variance decomposition showing how diffusion likelihood reduces systematic bias in dL, and how the EoS-informed priors stabilize the redshift–mass–rate degeneracy.
3.4 Open reproducibility:
- Release trained diffusion scores per observing epoch, injection sets, and hierarchical inference code to enable independent verification.","1. Theoretical/Empirical Basis: Diffusion/score-based models have demonstrated robust GW parameter estimation under non-Gaussian noise by learning noise posteriors directly from LIGO data (addresses the dominant real-world violation of Gaussianity). Hierarchical GW population inference is mature and already used for mass/rate/cosmology; the missing piece is a likelihood that remains valid under realistic noise.
2. Transfer Logic (How the adaptation fits the domain): The adaptation explicitly composes a learned noise model with a deterministic GR waveform generator, preserving interpretability and enforcing the correct physical mapping between detector-frame chirp mass and source-frame chirp mass via cosmology. Nuclear-physics constraints enter through an EoS-parameterized prior learned from BNS tidal data with strict causality and stability, ensuring the multi-messenger/high-density-matter component is physically consistent rather than a black-box regularizer.
3. Comparative Advantage: Compared to Gaussian-likelihood PE, NCHDL reduces distance and chirp-mass biases caused by glitches/PSD drift, which otherwise imprint false redshift evolution and bias q0. Compared to unconstrained machine-learning inference, the approach is structurally restricted by GR waveforms, FLRW distance–redshift relations, and causality-limited EoS parameterizations, yielding better-calibrated posteriors and more reliable cosmological source-rate and q0 inference from BBH catalogs.","This is an unusually sophisticated and technically grounded proposal. The engineering plan is concrete, with clear data sources, model components, and validation steps. The logical mechanism—non-Gaussian noise biasing distance–mass inference and propagating into cosmology, mitigated via a diffusion-based likelihood coupled to physical forward models—is internally consistent and well motivated. The main weaknesses are (i) the ambitious scope and coupling of many hard problems (diffusion likelihoods, hierarchical cosmology, EoS learning) without a clear prioritization or fallback path, and (ii) some overreach in the claimed ability of EoS-informed priors to materially break BBH redshift–mass–rate degeneracies, which in practice may be weak given the decoupling of BBHs from neutron-star physics. Additionally, computational tractability of full hierarchical inference with diffusion likelihoods is acknowledged but not quantitatively addressed (e.g., scaling with number of events, convergence diagnostics). These issues warrant modest score deductions but do not undermine the core scientific merit."
"A physically constrained, E/B-purified quadrupolar vector-spherical-harmonic (VSH) inference of the astrometric Hellings–Downs correlation from Gaia Quasar Catalog proper motions can separate (i) true transverse-traceless (TT) gravitational-wave (GW) induced sky-correlated proper motions from (ii) spurious large-scale systematics and from (iii) non-TT anisotropic stress signatures arising in high-energy/nuclear-physics scenarios (e.g., cosmic-string networks or early-Universe phase transitions). The core mechanism is that TT GWs populate a specific mixture of quadrupolar VSH E/B subspaces with a fixed angular correlation kernel; by structurally adapting the standard VSH fit into a constrained Bayesian field model that enforces GR gauge conditions, energy-density positivity, and a red power-law spectrum with causality bounds, we prevent leakage from dipole/scan-pattern modes into the quadrupole and thereby tighten and physically interpret limits on h_c(f) and Ω_GW(f). ASTRID MBH-binary catalogs provide an astrophysically grounded prior on the red spectrum and anisotropy (large-scale structure), allowing a principled decomposition between massive black hole binary (MBHB) contributions and high-energy/nuclear-physics contributions to the nanohertz–subnanohertz GW background.","Step 1: Specific system setup or data preparation.
1.1 Ingest Gaia Quasar Catalog astrometry (positions, proper motions, full covariance, quality flags) and construct a cleaned quasar sample with sky masks and a parametric model for magnitude/color-dependent systematics.
1.2 Build pairwise astrometric correlation estimators (astrometric HD curve) in angular bins, while retaining per-source covariances to propagate heteroskedastic noise.
1.3 Generate astrophysical priors from the ASTRID simulation MBHB merger catalog: red-spectrum hyperparameters (amplitude, slope), redshift distribution, and predicted low-ℓ anisotropy from large-scale structure; marginalize over uncertain dynamical-friction prescriptions by introducing hyper-priors spanning ASTRID variants.

Step 2: Detailed implementation of the adapted methodology.
2.1 Methodological Adaptation: Replace the standard unconstrained quadrupolar VSH least-squares fit with a constrained Bayesian vector-field model on S^2:
- Represent the proper-motion field μ(n̂) as a sum over VSH coefficients a_{ℓm}^{E}, a_{ℓm}^{B} plus explicit nuisance subspaces for known Gaia scanning-law harmonics and chromatic/attitude modes.
- Impose GR-consistent TT constraints by coupling E/B quadrupole coefficients through the expected TT response kernel and enforcing that the implied angular two-point function matches the HD form (within a model discrepancy term).
- Enforce physical spectral priors: Ω_GW(f)≥0; red power-law index constrained to causal/stress-energy-consistent ranges for each source class (MBHB vs. early-Universe/nuclear-physics sources), implemented as a hierarchical prior on the strain power S_h(f) and its integral mapping into the proper-motion covariance.
2.2 E/B Purification and Leakage Control: Construct an orthogonalized VSH basis on the masked sky (Slepian/needlet-style localized vector basis) to prevent mode mixing from sky cuts; explicitly project out dipole and low-order systematics before quadrupole inference, and include a calibration likelihood term tied to Gaia attitude-model residual templates.
2.3 Multi-component GW background model:
- Component A (MBHB): anisotropic red spectrum with amplitude/slope priors from ASTRID, allowing mild departures (hyper-parameters) to test dynamical-friction and environmental-hardening uncertainties.
- Component B (high-energy/nuclear-physics early Universe): allow alternative spectral slopes/turnovers (e.g., phase transitions) and distinct anisotropy (near-isotropic), but still constrained by positivity and causality.
- Jointly infer component amplitudes and anisotropy while ensuring the total correlation function remains a valid positive-semidefinite covariance on the sphere.
2.4 Inference: Use scalable Bayesian computation (e.g., blocked Gibbs/HMC with low-rank plus diagonal covariance approximations) to sample the posterior over VSH coefficients, hyperparameters, and nuisance templates; validate convergence with simulated end-to-end Gaia-like catalogs.

Step 3: Rigorous validation and analytical framework.
3.1 End-to-end simulations: Inject TT GW signals with known red spectra into mock Gaia catalogs with realistic scanning-law systematics; verify unbiased recovery of quadrupolar E/B coefficients and HD curve.
3.2 Null tests: scramble quasar position angles, rotate catalogs, and split by magnitude/color/sky region to confirm stability of inferred quadrupole.
3.3 Cross-validation with external data: compare inferred GW spectrum constraints with PTA-derived red spectra; require consistency of the MBHB component with ASTRID-informed priors and quantify Bayes factors for additional early-Universe components.
3.4 Model comparison: benchmark against (i) standard quadrupolar VSH least squares and (ii) pure HD-curve fitting without constrained basis purification; report improvements in systematic leakage metrics, posterior width on h_c at f=1/yr, and robustness under mask/scanning-law perturbations.
3.5 Deliverables: (a) physically interpretable upper limits (or detection) on Ω_GW(f) in the astrometric band, (b) decomposition of MBHB vs. early-Universe contributions, (c) publicly released constrained-VSH inference code and curated quasar-systematics templates.","1. Theoretical/Empirical Basis: Quadrupolar VSH fits and the astrometric HD curve have already been demonstrated on >10^6 Gaia quasars to place competitive limits on a stochastic GW background; TT GW-induced correlations have a well-defined angular kernel and occupy specific E/B quadrupolar subspaces, enabling constraint-based identifiability.
2. Transfer Logic (How the adaptation fits the domain): High-energy astrophysics/nuclear-physics source classes differ mechanistically in spectral shape and anisotropy; encoding GR TT structure, positivity of Ω_GW, and causality-motivated spectral priors turns astrometric proper motions into a physically constrained multi-messenger probe rather than a black-box correlation measurement. ASTRID provides an astrophysically grounded prior for MBHB-driven red spectra, allowing residual freedom to be attributed (and tested) for early-Universe/nuclear-physics scenarios.
3. Comparative Advantage: The adapted constrained, mask-robust E/B-purified VSH model directly targets the dominant limitation of current Gaia-based analyses—systematic leakage into low-ℓ modes—by (i) orthogonalizing on the cut sky, (ii) explicitly modeling scanning-law/chromatic nuisance subspaces, and (iii) enforcing TT/HD-consistent covariance structure. This yields tighter, more robust constraints and a defensible component separation between MBHB and high-energy/nuclear-physics GW backgrounds than either unconstrained VSH regression or HD-curve-only fitting.","This is a technically sophisticated and internally coherent proposal that directly targets a known bottleneck in Gaia-based astrometric GW searches: low-ℓ systematic leakage and lack of physical identifiability. The use of TT constraints, positivity/causality priors on Ω_GW, and mask-robust E/B purification is well motivated and logically consistent. The integration of ASTRID as a hyper-prior for MBHB anisotropy is scientifically defensible and elevates the analysis beyond phenomenological limits. Minor weaknesses are (i) some ambiguity in how strictly the HD kernel is enforced versus treated as a soft constraint (risking over-constraining real deviations), and (ii) computational feasibility concerns for full hierarchical sampling at Gaia scale, which are acknowledged but not quantitatively benchmarked."
