Hypothesis,Plan,Feasibility,Critique
"Embedding a coordination-programmed single-atom redox buffer directly inside a 2D/3D perovskite heterojunction (rather than as a separate carbonaceous interlayer) will simultaneously increase Voc and long-term operational stability by (i) converting under-coordinated surface Pb–I motifs into a neutral, low-trap coordination environment via chelation/halogen-bridging at the 2D/3D interface and (ii) enforcing a four-electron oxygen reduction pathway on isolated M–N4–X centers that rapidly consumes adventitious O2 without generating peroxide/superoxide intermediates that trigger iodide oxidation. Methodological adaptation: we will replace the rejected ‘SAC@N–C interlayer’ architecture with a solvent-compatible, microwave-synthesized SAC–salt that mechanochemically pre-assembles into a bulky-ammonium spacer ink; during a brief post-deposition conversion, the spacer self-organizes into an ultrathin Dion–Jacobson/Ruddlesden–Popper-like 2D cap where isolated metal atoms become axially coordinated (M–N4–X) and immobilized within the organic–inorganic lattice. This yields a built-in redox/coordination buffer that is electronically benign for extraction, chemically passivating, and operando oxygen-scavenging. Faraday’s law will be used to quantitatively relate charge passed through the redox buffer under illumination to the moles of O2 reduced (n≈4), providing a predictive ceiling for oxygen-driven degradation rates.","Step 1: Specific system setup or data preparation.
1.1 Baseline PSC stack (kept constant across all comparisons): glass/ITO/NiOx (or MeO-2PACz)/3D perovskite/C60 (or SnO2)/BCP/Cu (choose inverted or regular, but keep one architecture). Use a stability-relevant perovskite such as (FA0.8Cs0.2)Pb(I0.9Br0.1)3 or a wide-bandgap variant if targeting tandems; include a control without any 2D cap.
1.2 Define the target coordination motifs: isolated M sites (M = Fe or Co) stabilized as M–N4 with an axial ligand X (X = Cl preferred; Br as comparator; X-free control). The N4 macrocycle will be built from a porphyrin/phthalocyanine-like precursor that is ionic/processable (not carbonized).
1.3 Predefine failure modes to discriminate: (a) interfacial non-radiative recombination (Voc deficit), (b) oxygen/light-driven iodide oxidation, (c) bias-driven ion migration/halide accumulation, (d) 2D-cap-induced transport barrier.

Step 2: Detailed implementation of the adapted methodology.
2.1 Microwave synthesis (core adaptation #1: fast, coordination-preserving SAC salt production):
- Synthesize a metallomacrocycle single-atom complex as a microwave-assisted ionic salt: [M(macrocycle)(X)]^+ paired with a bulky organic counterion compatible with perovskite solvents (e.g., fluorinated sulfonylimide) to ensure solubility in low-polarity alcohols/esters.
- Microwave parameters are tuned to preserve axial coordination (X retention) and suppress dimerization/aggregation (short dwell times; controlled ligand excess). Verify isolation in solution by UV–vis (Soret/Q bands) and EPR/Mössbauer (for Fe) to rule out clusters.
2.2 Mechanochemical synthesis (core adaptation #2: solvent-minimized co-crystal ‘2D-spacer ink’):
- Ball-mill the microwave-made [M–N4–X] salt with a Dion–Jacobson/RP spacer precursor (e.g., diammonium or bulky ammonium iodide) plus a small, stoichiometrically defined iodide/bromide additive to match the 2D phase.
- Objective: form a co-crystalline powder where the SAC salt is molecularly dispersed within the spacer matrix (no carbon, no pyrolysis). Confirm via PXRD (new co-crystal reflections), solid-state NMR/FTIR (ion-pairing), and HAADF-STEM on drop-cast films (no nanoparticles).
2.3 Formation of a built-in SAC-doped 2D/3D interface (structurally novel placement):
- After forming the 3D perovskite film, spin-coat a very dilute solution of the mechanochemically prepared co-crystal in a perovskite-benign solvent (e.g., IPA/EtOAc blends). Mild thermal treatment (≤100 °C) drives self-assembly into an ultrathin 2D cap (1–3 layers typical) at the surface.
- The SAC complex is designed to dock into the 2D lattice via ammonium/halide positioning while retaining M–N4–X coordination; it acts as (i) a chelating passivant for Pb-rich surface sites through halogen-bridging and (ii) a redox-active oxygen scavenger.
- To prevent transport penalties, limit areal density by controlling spacer dose; use DJ-type spacers to reduce insulating van der Waals gaps versus long alkyl RP spacers.
2.4 Coordination-environment control series:
- Axial ligand series: X = none / Cl / Br.
- Metal identity: Fe vs Co (oxygen binding energetics differ).
- 2D phase thickness series: sub-monolayer, ~1 layer, ~3 layers.
- Spacer chemistry series: DJ vs RP to isolate the role of lattice rigidity/hydrophobicity from SAC chemistry.

Step 3: Rigorous validation and analytical framework.
3.1 Prove the intended coordination environment and its persistence in the 2D cap:
- Operando/ambient XAS (XANES/EXAFS) on completed films to extract coordination number and detect axial X; compare before/after 100 h light+O2 exposure.
- XPS depth profiling with gentle cluster sputtering to localize M and X specifically at the top 2D/3D interface.
3.2 Quantify optoelectronic impact (Voc mechanism):
- Absolute PLQY of perovskite films and quasi-Fermi level splitting; compare to device Voc.
- Time-resolved PL and transient photovoltage/photocurrent to separate interfacial recombination changes from bulk.
- UPS/KPFM to confirm band alignment is not made unfavorable by the 2D cap; SCLC or thermal admittance spectroscopy to quantify trap density changes.
3.3 Demonstrate four-electron oxygen reduction pathway without peroxide intermediates (mechanism proof):
- Build thin-film model electrodes replicating the perovskite surface terminated with the 2D:SAC cap on a conductive substrate; perform RRDE in non-aqueous electrolyte relevant to perovskite environments (or controlled aprotic system) to estimate electron transfer number and peroxide yield.
- Complement with in situ EPR spin trapping for superoxide/peroxide under illumination and O2; hypothesis expects suppressed radical signatures for X-tuned SACs.
3.4 Faraday’s law coupling (predictive degradation accounting):
- In a sealed operando cell with controlled O2 partial pressure, measure the net interfacial oxygen-reduction charge (Q) under illumination (electrochemical PSC-mimic or biased thin-film device). Use Faraday’s law: moles O2 consumed = Q/(nF), targeting n≈4.
- Correlate Q-derived O2 consumption with chemical degradation markers (I2/I3− signatures, PbI2 growth) from operando UV–vis/PL and GIWAXS, establishing whether oxygen-driven decomposition rate scales with (peroxide-generating) charge rather than total charge.
3.5 Long-term stability protocols and failure analysis:
- MPP tracking at 60–85 °C under 1 sun with controlled RH (30–60%) and controlled O2 (0%, air, O2-enriched). Report T80 and analyze drift in Voc/FF separately.
- Ion migration verification: TOF-SIMS after bias-aging to quantify halide accumulation at contacts; compare whether the 2D:SAC cap reduces interfacial halide pile-up.
- Post-mortem cross-sections (TEM/EDS) to confirm the cap remains intact and does not induce metal diffusion or chemical corrosion.

Deliverables/Go–No-Go criteria:
- Go if: (i) PLQY-derived QFLS increases and Voc rises without FF loss, (ii) radical/peroxide signatures are reduced under O2+light, (iii) stability improvement is largest specifically under O2 stress (diagnostic of the intended mechanism), and (iv) Faraday-law O2 accounting predicts reduced oxygen-driven decomposition.
- No-Go if: the 2D cap creates transport barriers (FF loss) or the SAC aggregates (loss of single-atom character).","1. Theoretical/Empirical Basis: Coordination environment engineering is a proven lever for single-atom activity/selectivity and stability (Assets 1–2). Microwave synthesis is documented to rapidly produce coordination polymers/MOF-like precursors with controlled motifs (Asset 3), and mechanochemical approaches can disperse/react solids without harsh solvents (Asset 1). Four-electron ORR pathways correlate with improved durability and reduced harmful intermediates in catalyst systems (Assets 3–4), which is directly relevant because peroxide/superoxide accelerates perovskite photo-oxidation.
2. Transfer Logic (How the adaptation fits the domain): PSC degradation is frequently initiated at interfaces where oxygen, light, and defects couple to create reactive iodine/oxygen species. Instead of adding a separate conductive carbon interlayer (rejected approach), this proposal integrates the coordination-tuned single-atom motif into a functional 2D/3D heterojunction—an established, PSC-native stability architecture—so passivation, ion-blocking, and oxygen-scavenging occur exactly where degradation is triggered, while preserving charge extraction.
3. Comparative Advantage: Compared with conventional 2D capping (often passive/hydrophobic only), the SAC-doped 2D cap adds an active, coordination-programmable redox function that targets oxygen chemistry while simultaneously passivating Pb/halide defects. Compared with generic antioxidants/additives, isolated M–N4–X sites offer tunable selectivity toward a four-electron pathway, minimizing peroxide formation. The Faraday’s-law framework transforms oxygen mitigation from qualitative stability claims into quantitative, testable oxygen-consumption and degradation-rate predictions.","This is a technically ambitious and unusually well-specified proposal that demonstrates deep familiarity with both perovskite interfacial physics and single-atom coordination chemistry. The engineering plan is strong, with credible synthetic routes (microwave coordination chemistry, mechanochemistry, dilute 2D capping) and an appropriately rigorous validation stack (XAS, RRDE, operando EPR, PLQY/QFLS). The logical chain linking coordination environment → ORR selectivity → suppression of peroxide-mediated iodide oxidation → Voc and stability gains is internally consistent and substantially better articulated than most PSC stability proposals. Score deductions arise from two areas: (i) the four-electron ORR assumption under solid-state, low-water, low-mobility conditions at a perovskite interface remains speculative even with RRDE analogues, and the proposal slightly overstates the transferability of electrochemical ORR selectivity metrics to operando PSC environments; (ii) the structural assumption that isolated M–N4–X sites remain intact and uniformly incorporated within an ultrathin DJ/RP lattice under bias, light, heat, and halide flux is plausible but not fully de-risked, particularly regarding possible axial ligand loss or metal–halide exchange. These are not fatal flaws, but they limit mechanistic certainty."
"Embedding a Schwarz P–type bicontinuous interfacial layer (20–50 nm curvature length scale) between the perovskite and SnO2 can generate a measurable, geometry-driven modulation of interfacial electrostatics (surface potential/work-function landscape) that improves electron-selective contact behavior only when (a) the curvature length is comparable to the interfacial screening length (Debye length) of the perovskite/ETL contact region, and (b) the interlayer chemistry is tuned to avoid midgap states and parasitic redox. Mechanistically, negative Gaussian curvature increases the interfacial area-normal electric-field components and redistributes charge accumulation at the perovskite/ETL boundary, producing a spatially averaged contact dipole and reduced local barrier for electron transfer into SnO2, thereby lowering interfacial recombination velocity (S) and increasing QFLS-derived Voc. In parallel, atomically dispersed Fe–N4 sites with secondary heteroatom coordination (Fe–N–S or Fe–N–O) are hypothesized to provide chemically specific passivation of undercoordinated Pb2+ and halide-vacancy-associated deep traps (VPb/I, VI, Pb–I antisites, and SnO2 oxygen-vacancy surface states) via Lewis acid–base and coordination interactions, but only if Fe sites are electronically insulated from the perovskite to prevent catalytic halide redox and to suppress shunting. Therefore, the central, falsifiable claim is: (i) curvature alone produces a UPS/KPFM-detectable surface potential shift (ΔWF/ΔCPD) and band-bending change at the perovskite/SnO2 boundary; (ii) Fe–N–X chemistry primarily reduces trap-assisted interfacial recombination (lower S, higher PLQY/QFLS) without introducing new midgap states; and (iii) combining curvature + Fe–N–X yields a super-additive reduction in recombination (synergistic effect) while meeting strict optical/shunt/stability gates.","Step 0 — Device-physics targets (pre-registered, pass/fail):
0.1 Band alignment target: shift the effective electron-contact selectivity such that the perovskite surface work function decreases by ΔWF = 0.10–0.25 eV (electron-favoring) relative to the control SnO2 contact, measured by UPS (secondary cutoff) and KPFM (ΔCPD mapping). Sign requirement: reduced perovskite-side WF (or increased SnO2-side WF) consistent with reduced electron-extraction barrier and suppressed hole leakage.
0.2 Interfacial recombination target: reduce interfacial recombination velocity by ≥3× vs control, extracted from absolute PLQY (QFLS) + transient PL/TPV fits on full stacks; and show Voc increase ≥30 mV at matched Jsc.
0.3 Shunt/optical gate: added parasitic absorption/scatter must reduce Jsc by <0.3 mA cm−2 (integrated EQE) and device shunt resistance must not decrease by >20% relative to baseline SnO2.
0.4 Stability go/no-go: Fe-containing variants must not accelerate perovskite decomposition under bias/light; criterion: ≤10% increase (relative) in PbI2 fraction by GIWAXS and no increased I− accumulation at the interface by ToF-SIMS after 100 h MPP at 1 sun, 60 °C.

Step 1 — Interlayer architecture synthesis with curvature control (decouple geometry from chemistry):
1.1 Prepare three curvature states using polymer cubosome templating to obtain Schwarz P bicontinuous carbon frameworks with controlled periodicity L = 20, 35, 50 nm (verified by SAXS/TEM; quantify mean curvature distribution and pore connectivity). Prepare a ‘flat/zero-curvature’ mesoporous carbon analog with matched composition and thickness but without long-range Schwarz P negative Gaussian curvature (e.g., disordered mesoporous carbon with similar pore size distribution).
1.2 Thickness control: deposit interlayers at 5, 10, 15, 20 nm (ellipsometry/XRR), targeting percolating pathways only within the layer while minimizing optical loss.
1.3 Chemical states at identical geometry:
  (A) Carbon-only (C-SchwarzP; C-flat)
  (B) N-doped carbon (N-C-SchwarzP; N-C-flat)
  (C) Fe-free heteroatom controls: N,S-C and N,O-C (no Fe)
  (D) Fe–N4 single-atom sites: Fe–N4@N-C (Fe loading kept low, e.g., 0.05–0.2 wt% for PV safety; AC-STEM/XAS confirm single atoms)
  (E) Secondary coordination: Fe–N–S and Fe–N–O variants at matched Fe density.
This matrix enforces the mandatory control logic: curvature (Schwarz P vs flat) and chemistry (Fe-free vs Fe–N4 vs Fe–N–X) are orthogonally varied.

Step 2 — Barrier strategy to eliminate shunting while keeping extraction fast (mandatory):
2.1 Introduce an ultrathin conformal insulating/semiconducting barrier on the carbon scaffold before perovskite contact:
  Option 1: ALD Al2O3 (0.5–1.5 nm; 5–15 cycles) or ALD TiO2 (0.5–1.0 nm) to electronically suppress direct carbon/perovskite contact while allowing tunneling.
  Option 2: Self-limiting molecular passivation (phosphonic acid or ammonium halide-anchored monolayer) grafted onto the carbon/Fe sites to tune dipole and block redox.
2.2 Gate criterion: interlayer stacks must show leakage current <10−6 A cm−2 at −0.1 V in dark on electron-only test structures (ITO/SnO2/interlayer/perovskite/PCBM/Ag) compared to baseline.

Step 3 — Interface integration in PSCs with PV-grounded metrology (replace half-wave potential):
3.1 Baseline device: ITO/SnO2/(interlayer)/perovskite (FA/Cs; I/Br)/HTL (e.g., Spiro-OMeTAD or PTAA)/Au. Keep perovskite thickness and composition fixed.
3.2 Measure interfacial energetics:
  - UPS: WF and valence onset of perovskite surface with/without interlayer; extract ΔWF and infer band alignment changes.
  - KPFM: nanoscale CPD maps across grains to see if Schwarz P curvature reduces potential heterogeneity (std. dev. of CPD) and introduces systematic potential offset.
  - Cross-sectional Kelvin probe (where feasible) or surface photovoltage spectroscopy to support band-bending interpretation.
3.3 Measure recombination/kinetics directly linked to Voc:
  - Absolute PLQY on full stacks (glass/ITO/SnO2/interlayer/perovskite) under 1-sun equivalent excitation to extract QFLS; compare QFLS–qVoc deficit.
  - TRPL (early-time extraction vs long-time recombination) and TPV/TPC to extract carrier lifetime and recombination order; derive effective interfacial recombination velocity S by thickness-dependent PL decay or established interfacial quenching models.
  - Temperature-dependent J–V (200–320 K) to extract activation energy of recombination; target shift toward band-to-band limit (Ea → Eg) if interfacial SRH is suppressed.

Step 4 — Trap identification and defect-specific passivation claims (mandatory specificity):
4.1 Quantify trap density and energetic distribution:
  - Thermal admittance spectroscopy or DLTS on dedicated stacks (ITO/SnO2/interlayer/perovskite/metal) to obtain Nt and activation energies.
  - SCLC in electron-only and hole-only configurations to separate bulk vs interfacial contributions.
4.2 Identify targeted defects and chemical bonding:
  - XPS/UPS core levels (Pb 4f, I 3d, Br 3d, N 1s, S 2p, O 1s, Fe 2p) before/after perovskite deposition to detect coordination shifts consistent with passivation (e.g., reduced metallic Pb0 signal; shifts indicating Pb–X interactions).
  - FTIR/Raman (if molecular functionalization used) to confirm surface groups.
4.3 Midgap-state avoidance gate: if sub-bandgap EQE (sEQE) or photothermal deflection spectroscopy shows increased midgap absorption compared to control, Fe–N–X chemistry is revised (lower Fe loading, stronger barrier, or Fe-free heteroatom doping path).

Step 5 — Curvature–electrostatics model tied to measurable length scales (reviewer-required quantitative framing):
5.1 Estimate screening: extract effective Debye length (LD) proxy from capacitance–frequency/temperature data of perovskite/contact stacks and from carrier density estimates; treat curvature periodicity L as the tunable geometric parameter.
5.2 Testable prediction: maximum ΔCPD and recombination suppression occurs when L ~ (1–3)× LD; if L ≫ LD, curvature-induced electrostatic modulation should average out; if L ≪ LD, potential becomes spatially oscillatory but may not translate into net band bending.
5.3 Fit KPFM CPD spatial spectra to quantify whether curvature introduces a systematic offset (dipole-like) versus only roughness-induced heterogeneity.

Step 6 — Chemical stability and ion-migration compatibility (mandatory go/no-go):
6.1 Aging protocols: MPP tracking under 1 sun at 60 °C (ISOS-L2-like) and thermal aging at 85 °C in N2; include bias-stress at Voc and MPP.
6.2 Operando/after-aging diagnostics:
  - GIWAXS to track PbI2 formation and phase segregation (I/Br).
  - ToF-SIMS depth profiling to map I−/Br− accumulation at the interface and Fe migration.
  - XPS depth profiling to detect Fe–halide formation (Fe–I/Fe–Br) and changes in Fe oxidation state.
6.3 Go/no-go: if Fe-containing layers show increased halide accumulation or Fe–halide signatures together with accelerated PbI2 growth, pivot to Fe-free N,S or N,O doping while retaining Schwarz P curvature (salvage curvature mechanism independent of Fe chemistry).

Deliverables (Milestones):
M1 (Month 1–3): Library of curvature/chemistry interlayers + barrier layer; confirm single-atom dispersion (where applicable) and optical/shunt gate.
M2 (Month 4–6): UPS/KPFM + PLQY/QFLS establish whether curvature yields measurable ΔWF/ΔCPD and whether chemistry reduces QFLS deficit.
M3 (Month 7–9): Device matrix with orthogonal controls; extract S, Ea(recomb), and demonstrate Voc/FF improvements without Jsc penalty.
M4 (Month 10–12): Stability validation + interfacial ion profiling; finalize go/no-go on Fe path.","1) PV-grounded endpoints replace electrocatalysis half-wave potential: The proposal now uses UPS/KPFM (ΔWF/ΔCPD) for interfacial energetics, absolute PLQY-derived QFLS to directly bound achievable Voc, and temperature-dependent J–V to identify whether recombination is interfacial SRH-limited. These metrics are standard, falsifiable, and not dominated by ionic CV artefacts.

2) Quantitative curvature rationale linked to screening length: Rather than asserting band bending, the plan tests a specific geometry–screening condition (L relative to LD) and predicts a non-monotonic dependence of ΔCPD and recombination suppression on curvature periodicity. This makes the curvature claim mechanistically constrained and experimentally checkable.

3) Risk controls for carbon/Fe in PSCs are built in: (i) a mandatory ultrathin ALD oxide or self-limiting functional barrier suppresses shunts and blocks direct catalytic contact; (ii) strict optical and leakage gates prevent Jsc loss and shunting; (iii) Fe loading is intentionally kept far below typical electrocatalyst levels, and Fe-free heteroatom controls are included to preserve the curvature thesis if Fe proves incompatible.

4) Defect specificity and midgap-state avoidance: The proposal specifies targeted defect families (undercoordinated Pb, halide vacancies, SnO2 oxygen-vacancy surface states) and couples passivation claims to DLTS/thermal admittance/SCLC plus XPS chemical-shift evidence and sEQE/PDS midgap checks. This prevents unsubstantiated ‘trap passivation’ assertions.

5) Stability compatibility is treated as a first-class deliverable with go/no-go criteria: Operando/after-aging GIWAXS and ToF-SIMS/XPS depth profiling directly address Fe–halide reactivity and ion accumulation under realistic bias/light, enabling an early decision to pivot toward Fe-free designs if degradation is catalyzed.

6) Coherence with the original concept chain and literature assets: The bmFeSAC-inspired Schwarz P bicontinuity is retained as the geometric engine to raise utilization ratio of interfacial charge-transfer area (now quantified via reduced CPD heterogeneity and improved extraction/recombination parameters). The synergistic effect concept is translated from dual-factor performance (geometry + coordination chemistry) into PV-relevant super-additivity on QFLS/Voc and recombination velocity, while heteroatom doping is treated as chemically specific passivation rather than a generic benefit.","This is an unusually rigorous and well-controlled proposal that demonstrates high engineering maturity and strong logical discipline. The central claim—geometry-driven modulation of interfacial electrostatics when curvature length matches screening length—is clearly falsifiable and experimentally constrained, avoiding vague 'band bending' assertions. Orthogonal control of curvature and chemistry, mandatory shunt/optical gates, and explicit go/no-go stability criteria significantly reduce interpretive ambiguity. The use of QFLS, UPS/KPFM, temperature-dependent J–V, and defect-resolved spectroscopy firmly grounds the work in photovoltaic device physics rather than borrowed electrocatalysis heuristics. Score deductions are minor and stem from residual risk: (i) the assumed magnitude of curvature-induced ΔWF (0.10–0.25 eV) may be optimistic given ionic screening and disorder at realistic perovskite interfaces; (ii) extraction of an effective Debye length in mixed ionic–electronic perovskites remains model-dependent and may complicate quantitative fitting in Step 5; and (iii) the synthetic and integration complexity of polymer-templated Schwarz P carbons plus ALD barriers may limit throughput and statistical power within a 12‑month window. These are executional risks rather than conceptual flaws."
"Embedding a **grain-boundary–localized, dual chemical crosslinking system**—comprising (i) a *single, fully specified, perovskite-compatible covalent reaction* and (ii) a *quantified Pb–ligand coordination crosslink network*—together with immobilized atomically precise nanoclusters (APNCs), will convert the perovskite grain-boundary (GB) network from a defect/ion-transport liability into a mechanically, chemically, and electronically functional phase. Specifically: (1) a catalyst-free, water-free strain‑promoted azide–alkyne cycloaddition (SPAAC) between achiral monomers that preferentially segregate to GBs will generate an ultrathin, covalently crosslinked organic mesh that is kinetically inaccessible to the perovskite lattice interior; this mesh imposes nanoscale confinement, anisotropic strain, and static dipole gradients at GBs without requiring long-range periodicity. (2) A multidentate Pb2+-chelating ligand (phosphonate–pyridyl hybrid) introduced at sub‑mol% will form a *measurable Pb–ligand crosslink density* at PbX2-rich GB sites, increasing halide-vacancy hopping activation energies and suppressing ion migration in direct proportion to ligand loading and GB localization, without invoking an idealized MOF lattice. (3) APNCs (Au25-based) immobilized through partial ligand exchange with the Pb-chelating ligand will act as discrete, stable interfacial electronic states that modulate local band bending and interfacial dipoles. Under the non-centrosymmetric GB microenvironment created by confinement and strain, these APNC–ligand ensembles adopt a statistically biased conformational handedness, yielding a weak but persistent circular dichroism signal. Rather than presuming chirality-induced spin selectivity (CISS) as the dominant mechanism, the hypothesis posits a *testable hierarchy*: primary gains arise from trap passivation and ion-blocking; secondary Voc enhancements may arise from chiral/spin-selective effects only if falsifiable spin-transport criteria are met. This reframing yields a chemically derisked, causally attributable pathway from GB chemistry → reduced nonradiative recombination and ionic migration → higher QFLS, reduced hysteresis, and improved operational stability.","1. **Baseline system and architectures**: Use (FA0.83Cs0.17)Pb(I0.75Br0.25)3 (1.68 eV) and FA/Cs PbI3 (1.55 eV) in both n–i–p (ITO/SnO2/perovskite/HTL/Au) and p–i–n (ITO/NiOx/perovskite/C60/BCP/Ag) stacks.

2. **Covalent chemistry package (fully specified)**:
   2.1 Reaction: Strain‑promoted azide–alkyne cycloaddition (SPAAC), chosen for catalyst-free, water-free operation in dry aprotic media.
   2.2 Monomers: (A) bis‑azide aromatic linker with limited solubility in the perovskite lattice; (B) bicyclo[6.1.0]nonyne (BCN)–terminated aromatic linker. Both are achiral and commercially validated.
   2.3 Kinetics derisking: Measure conversion vs time/temperature (60–120 °C) in DMF:DMSO (4:1) with dissolved PbI2/FAI to emulate precursor chemistry, using FTIR azide depletion. Establish a processing window (e.g., 80–90 °C, <10 min) achieving partial crosslinking without perovskite decomposition (verified by XRD/UV–vis).
   2.4 Localization control: Demonstrate GB segregation by TOF‑SIMS depth profiling and nano‑FTIR mapping; include controls with pre‑crosslinked polymer to show lack of bulk incorporation.

3. **Coordination crosslink network (quantified, not MOF)**:
   3.1 Ligand: Achiral pyridyl‑phosphonic acid monoester (protected during solution processing, deprotected thermally at 90–110 °C) enabling strong Pb2+ chelation without proton release during deposition.
   3.2 Metric: Define crosslink density as Pb–ligand coordination number per GB area (from XPS Pb 4f shifts and solid-state NMR where feasible).
   3.3 Ion-migration measurement: Temperature-dependent EIS and transient ion-drift experiments to extract activation energies (Ea) for halide migration as a function of ligand loading (0–0.2 mol%).

4. **APNC integration and stability pretests**:
   4.1 Cluster: Au25(SR)18 with mixed thiolate shell; 10–20% ligands replaced ex situ by pyridyl‑terminated thiols compatible with the coordination ligand.
   4.2 Stability tests: Monitor UV–vis fingerprints and MALDI before/after exposure to DMF/DMSO + halides and after annealing at 100 °C. Reject conditions showing >10% spectral degradation.
   4.3 Loading: 10–100 ppm relative to perovskite solids.

5. **Sequential formation during film processing**:
   5.1 Spin-coating with DNPS + APNCs → antisolvent quench.
   5.2 Anneal 1 (80–90 °C): activate SPAAC at GBs.
   5.3 Anneal 2 (100–110 °C): activate Pb–ligand coordination and APNC immobilization.

6. **Chirality validation (artifact-free)**:
   6.1 Mueller-matrix ellipsometry to separate true CD from linear dichroism/birefringence.
   6.2 Film rotation, front/back illumination, and thickness controls.
   6.3 Compare DNPS-only, APNC-only, and combined systems.

7. **Spin-transport falsification tests**:
   7.1 Fabricate control devices with nonmagnetic vs ferromagnetic (NiFe) contacts in a vertical spin-valve geometry.
   7.2 Perform Hanle-like depolarization measurements; predict sign/magnitude changes only if chiral GB phase is present.

8. **Pre-registered decision tree**:
   - If QFLS↑ and Voc↑ correlate with reduced trap density (TRPL/TPV) but not with Ea(ion) → passivation-dominated.
   - If hysteresis↓ and Ea↑ without QFLS change → ion-blocking-dominated.
   - Only if CD + spin-valve asymmetry appear without changes in trap/Ea metrics → chiral/spin contribution.

9. **Stability and scalability**: MPP tracking at 65–85 °C, ToF‑SIMS after bias stress, and blade-coated films using identical thermal triggers.","This revision directly addresses reviewer concerns by replacing ambiguous reticular claims with **chemically explicit, falsifiable processes**. SPAAC chemistry is well-established in dry aprotic solvents and requires no catalysts or byproduct removal, making it compatible with perovskite processing. Defining the coordination network via measurable Pb–ligand crosslink density avoids overclaiming MOF periodicity while still enabling quantitative structure–property correlations for ion migration. Chirality is treated conservatively: emergence is tested with artifact-free optics, and its electronic relevance is evaluated only through falsifiable spin-transport experiments with clear null hypotheses. APNC stability is derisked through mandatory pretests before device integration. Finally, the pre-registered decision tree ensures that improvements in Voc, hysteresis, and stability can be causally attributed to passivation, ionic blocking, or interfacial energetics rather than post hoc CISS arguments. The proposal thus remains conceptually novel—functionalizing the GB network itself—while being chemically grounded and experimentally decisive.","This is an unusually rigorous and chemically explicit proposal that largely succeeds in derisking a highly ambitious grain-boundary functionalization concept. Major strengths include: (i) replacement of vague COF/MOF analogies with fully specified covalent and coordination chemistries; (ii) quantitative treatment of ion-migration suppression via measurable Pb–ligand crosslink density; (iii) conservative, falsifiable framing of chirality and CISS, avoiding the common overreach in this area; and (iv) a pre-registered decision tree that enforces causal attribution. Minor deductions arise from residual complexity and integration risk: sequential activation of SPAAC, deprotection, coordination, and APNC immobilization within narrow thermal windows may prove kinetically entangled at scale, and the assumption that SPAAC remains strictly GB-localized under realistic film inhomogeneity is plausible but not yet proven. Additionally, while the COF/MOF concepts are invoked metaphorically and responsibly, the proposal still relies on indirect evidence (spectroscopy, Ea trends) rather than direct real-space mapping of crosslink topology at GBs."
"A fluorinated catalytic interfacial coating (FCIC) can improve both operational stability and charge-extraction kinetics in n–i–p perovskite solar cells only if (and to the extent that) the interfacial transition-metal oxyhydroxide nanoclusters operate in an energetically permitted, bias- and illumination-accessible, *reversible* redox window that overlaps the perovskite quasi-Fermi level splitting (QFLS) while remaining electronically non-percolating and chemically de-wetted from the perovskite/ambient. Specifically: an ultrathin fluorinated SAM (F‑SAM) on the oxide ETL establishes (i) a hydrophobic/low-polarity barrier that reduces O2/H2O activity at the interface and suppresses oxygen-vacancy-driven interfacial redox and halide accumulation, and (ii) a controllable interfacial dipole that tunes the ETL work function to minimize extraction barriers without increasing interfacial carrier density. Atomically thin, *sub-percolation* NiFeOOH (or FeCoOOH) clusters tethered to sparse anchoring sites on this F‑SAM can then serve as a selective interfacial charge ‘buffer’ only when their M(III)/M(II) couple is aligned such that (a) interfacial trapped electrons (ETL-side) can be transiently accepted and returned on sub-µs–ms timescales (reducing trap occupation lifetime) while (b) electron transfer from the interfacial region to molecular O2 is suppressed primarily by O2 exclusion (F‑SAM) and secondarily by reduced interfacial electron chemical potential (dipole tuning). This resolves the apparent tension between ‘faster charge transfer’ and ‘more superoxide’ by designing FCIC as a *kinetic de-trapping mediator under O2/H2O-limited interfacial conditions*, not as a general electron donor to dissolved oxidants. The proposal is falsifiable: if (1) the oxyhydroxide redox potentials do not overlap the device QFLS window, or (2) a non-redox-active morphological analog yields identical gains, or (3) improvements persist under O2-free conditions but vanish under controlled O2 series, then the dominant mechanism is passivation/barrier rather than catalytic redox mediation.","Step 0 — Architecture and baseline definition
0.1 Device stack (baseline n–i–p): glass/ITO/ETL/perovskite/HTL/Au, where ETL is either ALD-SnO2 (preferred for low-temperature processing) or compact TiO2. Perovskite: FA/Cs mixed-cation, I/Br mixed-halide tuned to ~1.55 eV bandgap; HTL: PTAA (primary) with spiro-OMeTAD as secondary confirmation.
0.2 Pre-register target performance/stability endpoints: (i) ΔVoc deficit reduction and (ii) PCE retention at 500 h and 1000 h in ISOS-L-2-like conditions. Pre-register maximum acceptable series-resistance increase (≤5% vs control at 1 sun MPP) and maximum acceptable hysteresis index change (≤0.02 absolute).

Step 1 — Control matrix (expanded to discriminate catalysis vs passivation)
1.1 Core four surfaces/devices:
(A) pristine ETL;
(B) F‑SAM only;
(C) oxyhydroxide clusters only (no F‑SAM);
(D) FCIC = F‑SAM + tethered clusters.
1.2 Mandatory discriminant controls:
(E) FCIC-inert analog: F‑SAM + electronically inert, non-redox nanoclusters with similar morphology/roughness (e.g., AlOOH or Mg(OH)2; choose the phase confirmed by XRD/XPS) deposited to match cluster areal density/attenuation of (D).
(F) FCIC-redox-blocked: F‑SAM + NiFeOOH (or FeCoOOH) in a redox-suppressed state. Implement two orthogonal approaches:
   (F1) Chemical ‘locking’ by pre-setting oxidation state (pre-oxidized vs pre-reduced) and verifying persistence under device-relevant bias by operando XPS (see Step 6). Pre-oxidize electrochemically to high-valent state; pre-reduce to lower-valent state; then encapsulate promptly to limit air drift.
   (F2) Composition ‘locking’ by substituting a redox-inactive analog within the same structure that preserves morphology but suppresses M(III)/M(II) cycling (e.g., NiAlOOH-like or Fe-free NiOOH vs NiFeOOH; choice guided by independent redox characterization in Step 3).
1.3 Optional process-risk control:
(G) If any CF4/plasma is used, it becomes a separate factorial variable with its own matched controls: (B+plasma), (D+plasma), (E+plasma), and must pass SAM-order diagnostics (Step 2.4) before device fabrication.

Step 2 — Interlayer chemistry with quantified parameters (SAM + anchoring)
2.1 F‑SAM selection: perfluoroalkyl phosphonic acid (PFPA) on SnO2/TiO2 for robust binding. Target thickness: 0.6–1.2 nm (ellipsometry + XPS attenuation cross-check). Target water contact angle: ≥95° (as a proxy for low water activity at interface).
2.2 Mixed-SAM anchoring strategy to avoid pinholes and preserve fluorinated barrier:
- Use a binary SAM mixture in solution with a minor fraction of polar head-terminated phosphonic acid to create sparse coordination sites. Start with 2 mol%, 5 mol%, 10 mol% anchor fraction (e.g., carboxyl-terminated alkyl phosphonic acid) in a PFPA matrix.
- Acceptance criterion: SAM must remain hydrophobic (contact angle drop ≤10° relative to pure PFPA) and must not measurably increase ETL surface leakage (c-AFM mapping, Step 4.3).
2.3 Anchoring-site verification:
- XPS (C 1s, F 1s, P 2p) to quantify PFPA coverage; verify anchor incorporation by tracking carboxyl/amine signature.
- KPFM/UPS on ETL/SAM stacks to quantify work-function shift vs anchor fraction.
2.4 If plasma/CF4 reinforcement is attempted (only after initial SAM+cluster results):
- Define a narrow process window: low-power (≤10 W), short duration (≤10–20 s), high pressure to minimize ion energy; verify no increase in oxide oxygen vacancies (XPS O 1s + EPR) and no loss of SAM order (NEXAFS or FTIR-RAIRS; ellipsometry stability). If any diagnostic fails, plasma step is dropped.

Step 3 — Energetics: band alignment + redox feasibility mapped against QFLS (mandatory)
3.1 Work-function and band alignment mapping:
- UPS (secondary electron cutoff + valence region) and KPFM on: ETL (A), ETL/F‑SAM (B), ETL/clusters (C), ETL/FCIC (D), ETL/FCIC-inert (E). Extract work function (Φ), valence onset trends, and surface potential uniformity.
- Build full band diagram by combining UPS/KPFM with optical bandgap (ETL) and known perovskite band edges (validated by XPS/UPS on perovskite films made on each interlayer).
3.2 Independent determination of NiFeOOH/FeCoOOH redox potentials in PSC-relevant dielectric environments:
- Prepare model electrodes: ITO/ETL/SAM(+anchors)/clusters, measured in an *aprotic, low-water* electrolyte and in a controlled low-activity water environment (system chosen to bracket device-relevant hydration; report water activity explicitly).
- Use cyclic voltammetry to locate M(III)/M(II) features; calibrate vs Fc/Fc+ then convert to vacuum scale.
- Repeat on inert analog (AlOOH/Mg(OH)2) to confirm absence of redox features.
3.3 Perovskite QFLS under 1-sun on each interface:
- Measure absolute PL and extract QFLS for perovskite films deposited on A–F interlayers under 1 sun equivalent. Map QFLS energy window against measured redox couple energy and ETL work function.
3.4 Go/no-go criterion for ‘redox mediator’ claim:
- Proceed with redox-mediated hypothesis testing only if the measured redox couple lies within (or within ~0.2–0.3 eV of) the operational QFLS window and does not introduce an extraction barrier (UPS/KPFM indicates no adverse band bending).

Step 4 — Quantifying cluster coverage, percolation risk, and resistive losses (mandatory)
4.1 Cluster deposition routes (low hydration, low thermal budget):
- Primary: electrochemical deposition from controlled aqueous micro-environment (minimize exposure time) followed by immediate vacuum drying and mild anneal ≤100 °C.
- Secondary: solution hydrolysis route in anhydrous/low-water solvent system if feasible; goal is to limit structural water.
4.2 Areal density/coverage quantification (not just ‘effective thickness’):
- XPS attenuation model (Sn 3d/Ti 2p attenuation + F 1s persistence) to estimate overlayer coverage.
- STEM (plan-view) counting to quantify cluster number density and size distribution; cross-sectional STEM/EELS to confirm discontinuity.
- Define coverage series: 0.5%, 1%, 2%, 5%, 10% projected area coverage (operational definition from STEM). Hard cap: below electrical percolation; initial cap at ≤5% unless TLM/c-AFM supports higher.
4.3 Electrical acceptance criteria:
- Transfer length method (TLM) on ETL/interlayer stacks (and completed devices where feasible) to quantify added sheet/contact resistance.
- Conductive-AFM current maps to ensure clusters do not form continuous shunting paths; acceptance: no increase in low-resistance hotspot density relative to (A)/(B).

Step 5 — Device fabrication and standard PV metrics
5.1 Fabricate devices for each condition A–F (and G if plasma used), n≥20 per condition for statistics.
5.2 Measure J–V (forward/reverse), stabilized MPP, EQE, Voc deficit, FF, hysteresis index. Report distribution (median, IQR) and yield.

Step 6 — Operando proof of reversible redox cycling vs passive passivation (mandatory discriminants)
6.1 Operando/AP-XPS or near-operando XPS/UPS:
- Track Ni/Fe oxidation states (and Co if used) under dark, 1-sun illumination, and applied bias approximating Voc and MPP for model stacks (ETL/interlayer/perovskite or ETL/interlayer only).
- Required signature for ‘catalysis’: reversible, bias-dependent shift in Ni/Fe multiplet/peak positions consistent with M(III)/M(II) cycling in (D) that is absent in (E) and strongly reduced/absent in (F).
6.2 Transient kinetics consistent with de-trapping mediation:
- Transient photovoltage/photocurrent + impedance spectroscopy under illumination to separate transport resistance vs recombination resistance.
- Compare (D) vs (B) and (E): if only (D) shows reduced trap-related time constants without a commensurate increase in recombination pathways, supports mediator role.

Step 7 — ROS vs O2-exclusion decoupling (mandatory)
7.1 Controlled O2 partial pressure series at constant water activity:
- Run devices or model stacks under controlled atmosphere where pO2 is varied (e.g., 0, 0.2, 1, 20%) while holding humidity constant (fixed RH or fixed water activity via gas mixing). Record (i) ROS signal and (ii) PV parameters/hysteresis.
- Hypothesis test: if FCIC benefit persists even as pO2 increases but ROS signatures remain suppressed relative to (B)/(E), indicates active quenching beyond simple exclusion; if benefit collapses with pO2, exclusion dominates.
7.2 Isotope-labeled oxygen tracing:
- Expose stressed stacks/devices to 18O2 under illumination; use AP-XPS and/or ToF-SIMS to detect 18O incorporation associated with superoxide-derived pathways at/near ETL interface.
- Success metric: (D) shows significantly reduced 18O incorporation vs (A)/(B)/(E) at matched pO2 and RH.
7.3 EPR spin trapping for superoxide:
- Quantify O2− generation under illumination for A–F; correlate with pO2 dependence and with 18O incorporation.

Step 8 — Stability testing with pre-registered failure criteria and decision-tree attribution (mandatory)
8.1 Stress protocols:
- ISOS-L-2-like: continuous 1-sun at 45–60 °C, controlled RH; include both unencapsulated and encapsulated sets.
- ISOS-D-2-like dark heat; plus thermal cycling.
8.2 Pre-registered failure criteria:
- Failure = PCE drops to 80% of initial (T80), or irreversible hysteresis increase >0.05, or Voc loss >50 mV sustained.
8.3 Failure mode decision-tree (each node requires ≥2 orthogonal diagnostics):
Node I: Halide pile-up / ion migration dominant
- ToF-SIMS depth profile (I−/Br−/Cs+/FA+ distributions) + cross-sectional STEM/EELS (interfacial phase/segregation) and/or KPFM potential mapping after bias stress.
Node II: Oxide reduction / oxygen vacancies dominant
- XPS O 1s deconvolution + EPR vacancy signal (before/after stress) and conductivity change (TLM).
Node III: Electrode diffusion dominant
- ToF-SIMS (Au or metal marker) + TEM/EELS at top interface; correlate with FF collapse.
Node IV: Interlayer-induced recombination/shunting
- c-AFM hotspot density increase + light-intensity-dependent Voc/ideality factor changes + impedance recombination resistance drop.

Step 9 — Scaling and manufacturability relevance
9.1 Transfer FCIC to 5×5 cm substrates using dip-coating (SAM) and low-temperature electrodeposition with in-line rinsing/drying.
9.2 Map PL/QFLS uniformity and device performance distribution; acceptance: <10% relative standard deviation in PCE across area and no edge-localized failure signatures.

Milestones / go-no-go summary
M1 (Energetics): redox couple overlaps operational QFLS window; no adverse band alignment.
M2 (Percolation): coverage window identified where ΔRs ≤5% and no shunting.
M3 (Discriminants): (D) outperforms both (E) and (F) in kinetics and/or stability; operando shows reversible redox only in (D).
M4 (ROS attribution): reduced ROS/18O incorporation in (D) relative to (B)/(E) under matched pO2 and RH.
If any milestone fails, the mechanism is revised to ‘dipole/barrier passivation’ and oxyhydroxide is replaced with a less hydrated, better-aligned redox mediator or removed.","1) Addressing energetic plausibility (reviewer items a–c): This revision makes the redox-mediator claim conditional on measured alignment between (i) ETL/SAM work function (UPS/KPFM), (ii) independently measured cluster M(III)/M(II) redox energies in low-water dielectric environments, and (iii) perovskite QFLS under 1-sun (absolute PL). This directly constrains whether the oxyhydroxide can couple to interfacial trapped carriers without creating an extraction barrier or a recombination channel.

2) Decoupling ‘catalysis’ from ‘passivation’: Two mandatory controls—(E) an inert morphological analog and (F) redox-blocked oxyhydroxide—ensure that any improvement uniquely requiring reversible redox cycling is distinguishable from hydrophobicity/dipole passivation. Operando oxidation-state tracking under device-relevant bias/illumination provides a direct, falsifiable signature of cycling.

3) Managing the superoxide tension with controlled atmospheres: Rather than assuming quenching, the plan explicitly separates O2 exclusion from ROS quenching via pO2 series at fixed water activity and 18O2 tracing coupled to AP-XPS/ToF-SIMS. This tests whether FCIC reduces superoxide-derived incorporation beyond what a fluorinated barrier alone achieves.

4) Controlling recombination and series-resistance risk from wide-gap, hydrated oxyhydroxides: The cluster layer is forced into a non-percolating regime with quantified areal density (STEM counting + XPS attenuation) and electrically validated by TLM and c-AFM hotspot mapping. This responds to the concern that oxyhydroxides may introduce trap states or barriers by ensuring discontinuous coverage and enforcing a hard cap via resistive-loss criteria.

5) Controlling the ‘mixed-SAM pinhole’ risk: The anchor fraction is treated as a designed variable (2–10 mol%) with explicit hydrophobicity and leakage acceptance criteria. This prevents assuming the halide-repelling barrier survives anchoring; it is measured.

6) De-risking CF4/plasma as a confound: Plasma is demoted from an unstructured ‘optional’ step to a gated factorial variable with a narrow window and mandatory diagnostics for SAM order and oxide vacancy density. If diagnostics fail, the plasma arm is terminated.

7) Failure mode attribution and statistical rigor: A pre-registered decision-tree with two orthogonal diagnostics per failure mode (ion pile-up, oxide reduction, electrode diffusion, shunting) ensures stability claims are mechanistically anchored and not over-interpreted. n≥20 devices per condition reduces false positives in stability comparisons.

8) Literature grounding and transfer logic: The approach retains the validated benefits of fluorine-modified oxide ETLs (reduced reflection/oxygen vacancies and improved long-term stability; Asset 3) while importing the interface-engineering principle that heterointerfaces can lower kinetic barriers and improve durability (Asset 2) and that defect/strain/interface control governs catalytic kinetics (Asset 1). The revised plan explicitly verifies that such ‘catalytic’ principles are energetically accessible and do not trade off recombination—precisely the reviewer’s central concern.","This is an unusually rigorous and well-controlled proposal that directly addresses the central mechanistic ambiguity in applying transition-metal oxyhydroxides to perovskite interfaces: whether observed benefits arise from true reversible redox mediation or from passive dipole/barrier effects. The engineering plan is exceptionally detailed, with appropriate use of operando XPS, absolute PL-derived QFLS, controlled-atmosphere ROS diagnostics, and quantified percolation limits. Logical consistency is strong—the hypothesis is explicitly conditional, energetically constrained, and falsifiable. Minor deductions arise from practical risk: (i) the sheer experimental breadth (AP-XPS, isotope tracing, operando biasing) may strain feasibility within a single grant period, and (ii) maintaining redox-state ‘locking’ of hydrated oxyhydroxides under device bias and illumination may prove less stable than assumed, potentially blurring F vs D discrimination. These are execution risks rather than conceptual flaws."
"We hypothesize that a piezoelectric–electrocatalytic composite HTL, consisting of oxygen-vacancy-regulated Co(OH)2−x nanodomains embedded within a poled PVDF-TrFE matrix and minimally loaded with a pollutant-binding dye, can generate a *quantitatively resolvable, strain-synchronous modulation of interfacial band bending* at the perovskite/HTL junction, leading to a falsifiable increase in short-circuit current (ΔJsc) under micro-strain, while maintaining or improving operational stability. Mechanistically, the hypothesis rests on three coupled but separable effects: (i) **Piezopotential-driven interfacial field modulation**—under <0.3% cyclic strain, poled PVDF-TrFE (d33 ≈ −20 to −30 pC·N⁻¹) is expected to generate an interfacial piezopotential on the order of 5–20 mV across a 30 nm HTL, corresponding to transient fields of ~0.2–0.7 MV·m⁻¹ oriented to lower the hole-extraction barrier. We posit that this field persists on sub-millisecond timescales under illumination before ionic screening (halide/cation redistribution) relaxes it, enabling a measurable, phase-locked enhancement of Jsc under dynamic strain rather than a static Voc shift. (ii) **Vacancy-buffered charge transfer without catalytic degradation**—oxygen vacancies in ultra-small Co(OH)2−x nanodomains act as shallow, reversible redox/coordination sites that buffer hole accumulation and passivate under-coordinated Pb/halide surface defects, provided their chemical potential is constrained below the threshold for Co–halide formation or iodide oxidation. By limiting domain size (<5 nm), loading (≤5 wt%), and vacancy density (EPR-calibrated), parasitic absorption and catalytic side reactions are minimized. (iii) **Quantified sacrificial pollutant uptake decoupled from charge transport**—the dye is treated not as a photoactive dopant but as a low-loading (≤1 wt%), immobilized scavenger with defined NO2/ozone uptake capacity and kinetics. Its role is to intercept oxidants within the HTL free volume before they reach the perovskite interface, with photobleaching and byproduct formation explicitly tracked to ensure that no secondary reactive species accumulate near the perovskite. Crucially, the hypothesis predicts that strain-correlated ΔJsc will vanish in non-piezoelectric or unpoled controls with identical composition, providing a decisive falsification pathway.","Step 1: Quantitative pre-registration and materials definition.
1.1 Piezopotential model: Using measured d33 of poled PVDF-TrFE films (PFM calibration) and elastic modulus (~2–3 GPa), calculate expected piezopotential (Vp) under 0–0.3% strain for a 20–40 nm HTL. Pre-register predicted ΔJsc(ε,t) waveforms assuming interfacial field-assisted hole extraction with screening times τscreen ≈ 0.1–10 ms under 1 sun illumination. Define a target: ≥1–3% reversible Jsc modulation at 0.3% strain.
1.2 HTL variants (hard controls): (A) PVDF-TrFE (poled/unpoled), (B) non-piezoelectric fluoropolymer with matched dielectric constant and surface energy (e.g., P(VDF-HFP) or PTFE-based copolymer), each with identical Co(OH)2−x/dye loading; (C) PVDF-TrFE without Co(OH)2−x/dye.

Step 2: Vacancy-engineered Co(OH)2−x nanodomain synthesis and chemical bounding.
2.1 Convert 30–50 nm ZIF-67 into <5 nm Co(OH)2−x nanodomains via ≤80°C alkaline hydrolysis, retaining imidazolate-derived carbon fragments. Quantify oxygen vacancy density by EPR (g ≈ 2.003 signal) and XPS O 1s asymmetry.
2.2 Chemical risk bounding: Perform DFT-informed phase stability screening (Co–I, Co–Br formation energies) and define go/no-go thresholds (e.g., no detectable CoI2/CoBr2 peaks in XPS after stress).

Step 3: Composite HTL fabrication with controlled piezoelectricity.
3.1 Disperse Co(OH)2−x (≤5 wt%) and dye (≤1 wt%) into polymer solutions using weak alcoholate ligand exchange; verify no insulating shells via TEM/EELS.
3.2 Deposit 20–40 nm HTLs by blade or slot-die coating at ≤100°C. Pole PVDF-TrFE films using defined electric fields (e.g., 80–100 MV·m⁻¹) and verify remanent polarization; leave controls unpoled.

Step 4: Device integration and confounder control.
4.1 Fabricate inverted PSCs (ITO/HTL/FA-Cs-I-Br perovskite/C60/BCP/Ag). Quantify HTL conductivity, dielectric constant, roughness, and perovskite crystallization to explicitly decouple these variables from piezoelectric effects.

Step 5: Decisive mechanistic validation.
5.1 Strain-synchronous photocurrent: Apply cyclic micro-strain during illumination; measure phase-locked ΔJsc. Require disappearance of the signal in non-piezoelectric and unpoled controls.
5.2 Direct interfacial field probing: Perform Kelvin probe force microscopy or electrostatic force microscopy under bias-light and synchronized strain to observe transient interfacial potential shifts.
5.3 Screening timescales: Use fast transient photocurrent under pulsed strain to extract τscreen and compare with the pre-registered model.

Step 6: Chemical and environmental de-risking.
6.1 Operando XPS/ToF-SIMS after light+O2/H2O exposure to detect halide migration, Co–halide formation, or perovskite decomposition; enforce go/no-go thresholds.
6.2 Pollution filtration quantification: Measure NO2/ozone uptake isotherms and kinetics of dyed HTL films via QCM; correlate ppm·h dose with device lifetime under controlled atmospheres. Track dye photobleaching products by HPLC/FTIR.

Step 7: Stability, scalability, and safety.
7.1 ISOS-L testing under pollutant exposure; correlate lifetime gains with measured uptake capacity.
7.2 ICP-MS to confirm cobalt immobilization; preliminary roll-to-roll coating trials to assess film uniformity and piezoelectric retention.","This revised plan directly addresses reviewer-identified risks by converting qualitative claims into quantitative, falsifiable milestones. The piezoelectric contribution is bounded by an order-of-magnitude piezopotential model and validated through strain-phase-locked photocurrent and direct interfacial potential measurements, explicitly accounting for ionic screening times under illumination. Hard material controls (piezoelectric vs non-piezoelectric polymers; poled vs unpoled films) isolate mechano-electrical coupling from conventional HTL doping, wetting, or passivation effects. Chemical risks associated with Co(OH)2−x are mitigated through vacancy-density control, ultra-small domain size, and operando spectroscopic monitoring with predefined go/no-go criteria, preventing unintended catalytic degradation. The dye’s role is reframed as a quantitatively characterized sacrificial scavenger, with adsorption capacity, kinetics, and photobleaching products explicitly linked to device lifetime under controlled pollutant doses. Collectively, these refinements ensure that any observed Jsc enhancement or stability gain can be unambiguously attributed—or falsified—relative to the intended mechano-electrochemical adaptivity, making the proposal both high-risk and rigorously testable within current perovskite photovoltaics capabilities.","This is an unusually rigorous and well-scaffolded high-risk proposal. The strongest aspect is the pre-registration mindset combined with hard material and piezoelectric controls, which directly addresses a major weakness in prior piezo-photovoltaic literature—namely the inability to disentangle mechano-electric effects from morphology, doping, or ionic redistribution. The quantitative bounding of the piezopotential (5–20 mV) and explicit acknowledgment of ionic screening timescales under illumination demonstrate commendable physical realism. The Co(OH)2−x component is chemically constrained with appropriate risk mitigation, and the dye’s role is correctly reframed as sacrificial and non-photoactive. Minor deductions arise from (i) residual uncertainty as to whether a sub-20 mV transient field can reproducibly yield a ≥1–3% ΔJsc across device-to-device variability, even with phase-locked detection, and (ii) the ambitious breadth of operando techniques (KPFM under strain + light, operando XPS, QCM uptake kinetics) for a single funding cycle, which may strain execution bandwidth rather than conceptual soundness."
"A perovskite-compatible, ultrathin (2–8 nm) “oxidation-selective redox-buffer” interlayer can be engineered by covalently immobilizing Co–Nx single-site motifs (derived from soluble Co-MOF nanocluster inks) inside an electropolymerized N-doped conjugated carbonic framework, and then *programming* the accessible Co redox states and catalytic onset *only under anhydrous/non-aqueous electrochemical conditions (or exclusively pre-perovskite on the transport-layer substrate)*. The refined mechanism explicitly addresses feasibility/compatibility and selectivity: (i) **Energetic flattening + recombination suppression**: N-speciation (pyridinic/graphitic N ratio) and an interfacial dipole (controlled by monomer selection and polymerization potential) set the interlayer work function and reduce band bending at the perovskite/CTL interface, decreasing interfacial hole accumulation and trap-assisted recombination under O2/light; (ii) **Kinetic selectivity via ‘inner-sphere’ Co–Nx redox gating**: Co–Nx centers act as reversible hole sinks with fast Co(II/III) (and possibly Co(III/IV)) redox kinetics that intercept photogenerated oxidative equivalents before they can drive iodide/organic oxidation. Crucially, we do not assume bulk OER in a dry encapsulated PSC; instead, we target an *OER-like* pathway in which adsorbed trace water (ppm–0.5% RH equivalent at the buried interface) forms Co–OH/Co–OOH intermediates at potentials *below* the onset for iodide/organic oxidation under the same water activity. This shifts oxidation away from halides/organics even when net O2 evolution is low, by funneling holes into benign water-derived intermediates and rapid back-reduction (redox buffering) rather than irreversible halide chemistry; (iii) **Utilization ratio as the stability lever**: Molecular-level site isolation (Co-MOF nanoclusters with built-in N donors + covalent capture into the framework) maximizes the electrochemically addressable fraction of Co–Nx. Higher utilization ratio increases interfacial redox capacitance (charge-buffering per geometric area), lowering the instantaneous hole density at the perovskite interface under Voc/MPP and thereby improving Voc retention and operational stability under O2/light without sacrificing transport (because thickness and conjugation are controlled by charge dosing and monomer design). This revised hypothesis overcomes reviewer concerns by (a) eliminating aqueous/alkali activation in completed devices, (b) providing a quantitative selectivity/energetics framework tied to realistic interfacial water activity and device operating quasi-Fermi levels, and (c) committing to atomically specific verification (operando Co K-edge XAS/EXAFS) that the active motifs are indeed Co–Nx single sites that persist after device fabrication.","Step 0 — Device-relevant operating potentials & selectivity framework (before synthesis optimization).
0.1 Define the *interfacial oxidative potential window* under illumination. For each PSC stack (p–i–n and n–i–p), extract quasi-Fermi level splitting (QFLS) by absolute PL (PLQY-calibrated) and transient PL; translate to an effective interfacial hole electrochemical potential Eh (vs vacuum) at Voc and MPP using measured contact work functions (UPS/Kelvin probe) and drift–diffusion-assisted band diagrams.
0.2 Build a *selectivity map* under matched environment (controlled water activity): measure (in the same solvent system and humidity) the formal potentials/onsets for: (a) I−/I3− (and I−/I2 where relevant), (b) oxidation of HTL/ETL constituents (spiro-OMeTAD dopants; C60; BCP; MeO-2PACz) using thin-film cyclic voltammetry and spectroelectrochemistry, and (c) Co–Nx redox + OER-like intermediate formation onset (Co–OH/Co–OOH signatures) on the programmed interlayer. Output: a quantitative window showing whether Co-mediated water-derived oxidation intermediates are accessed at lower potential than halide/organic oxidation at the *same* water activity.

Step 1 — Choose stacks and insertion positions (as in original, but processing-compatible).
1.1 Two representative high-Voc PSC stacks:
(A) p–i–n: glass/ITO/MeO-2PACz/FA0.83Cs0.17Pb(I0.8Br0.2)3/C60/BCP/Cu.
(B) n–i–p: glass/FTO/SnO2/FA0.95MA0.05PbI3/SAM-free spiro-OMeTAD/Au (and a variant with a robust inorganic HTL for electro-processing compatibility, e.g., NiOx as a processing control).
1.2 Default placement is *transport-layer side prior to perovskite deposition* whenever feasible to avoid direct perovskite exposure during electrochemistry:
(A) For p–i–n, program and deposit the interlayer on ITO (or ITO/ultrathin seed such as ALD-SnOx ≤2 nm for electrochemical robustness), then deposit C60 and perovskite above as per stack adaptation (see Step 4).
(B) For n–i–p, program and deposit the interlayer on FTO/SnO2 before perovskite; optionally also test on NiOx (robust working electrode) as a mechanistic control. Avoid electropolymerization directly on spiro-OMeTAD in the mainline plan.

Step 2 — ‘Single-site ink’ Co-MOF nanocluster design (site isolation + covalent capture).
2.1 Synthesize 1–3 nm soluble Co-MOF nanoclusters (carboxylate/imidazolate mixed ligation) with three built-in features:
(i) **N-donor enrichment**: benzimidazole/phenanthroline-derived linkers to bias Co–N coordination upon immobilization.
(ii) **Covalent handles**: vinyl/ethynyl groups for co-electropolymerization (radical/cation-radical coupling) to lock clusters into the growing network.
(iii) **Halide-exchange suppression**: sterically hindered/perfluorinated end-caps or bulky carboxylates to reduce iodide access and suppress Co–I coordination.
2.2 Verify cluster integrity and coordination in ink: DLS/SAXS for size; XPS N 1s/Co 2p; UV–Vis; and ex situ Co K-edge XANES fingerprints vs Co–O and Co–N references.

Step 3 — Perovskite-compatible film formation (non-aqueous electropolymerization on robust electrodes).
3.1 Electropolymerize an N-rich conjugated framework from anhydrous solvent (acetonitrile or propylene carbonate; water <50–200 ppm verified by Karl Fischer) with supporting electrolyte (e.g., 0.05–0.1 M TBAPF6) using potentiostatic pulses.
3.2 Monomer set (examples; final choice by electrochemical stability window and WF targets): triazine/aniline/benzimidazole derivatives to tune pyridinic vs graphitic N; optional sulfonamide-bearing monomer for controlled axial ligand-like coordination without introducing mobile ions.
3.3 Co-MOF nanocluster co-deposition: add ‘single-site ink’ during polymerization so clusters become covalently immobilized and spatially isolated.
3.4 Thickness control: dose by total charge (target 2–8 nm equivalent; calibrate with ellipsometry/XRR). Confirm conformality and pinhole suppression by conductive-AFM and cross-sectional TEM on test substrates.
3.5 Substrate choice to address reviewer concern (C60/spiro electrochemistry):
- Mainline electro-processing substrates: ITO (optionally with ultrathin ALD-SnOx seed), FTO/SnO2, and NiOx (control).
- C60 is *not* the working electrode for polymerization. If the interlayer must ultimately reside adjacent to C60, deposit it first on the underlying robust electrode and then deposit C60 on top (interlayer acts as an ultrathin electronically coupled underlayer).

Step 4 — Programming (activation) without KOH and without alkali contamination.
4.1 Non-aqueous electrochemical programming performed *only on the transport-layer substrate prior to perovskite deposition*.
4.2 Programming electrolyte: anhydrous MeCN/PC with TBAPF6; add a controlled, non-nucleophilic base or proton acceptor that does not introduce alkali ions (e.g., DBU at 1–10 mM) and/or a redox mediator that enables controlled oxidation-state setting without water splitting (e.g., TEMPO/TEMPO+ at low mM) while maintaining water <200 ppm.
4.3 Programming protocol (example):
(i) Stepwise potential holds to set Co(II/III) population and remove weakly bound/leachable Co species (identified by decreasing Co redox charge across cycles until stable).
(ii) A final conditioning sweep that sets a reproducible Co redox charge (QCo) and onset for formation of water-derived intermediates when trace water is present.
4.4 Quantify utilization ratio *without aqueous activation*:
- Total Co loading: XRF/ICP-MS on sacrificial samples.
- Electrochemically addressable Co: integrate Co redox charge in non-aqueous electrolyte (with mediator-free control) and convert to mol Co assuming 1e− per Co redox step (validated by operando XAS oxidation-state calibration).
4.5 Lock-in & persistence test: after programming, rinse in anhydrous solvent, dry, and perform a thermal budget test ≤100 °C; then re-measure QCo and Co K-edge XANES to confirm programmed state persists through subsequent deposition steps.

Step 5 — Device integration (process-flow modifications that keep perovskite safe).
5.1 Deposit perovskite only *after* programming and thorough solvent removal.
5.2 If direct perovskite contact occurs in any architecture, insert a sub-monolayer halide-stable tether (ammonium-phosphonate SAM) designed to block Co–I coordination while preserving electronic coupling.
5.3 Complete devices with unchanged top interfaces to isolate interlayer effects.

Step 6 — Atomically resolved verification of Co–Nx single sites and drift resistance (mandatory).
6.1 Operando/near-operando Co K-edge XAS/EXAFS on programmed films on robust substrates under:
(i) dry inert,
(ii) controlled water ppm to 0.5% RH equivalent,
(iii) applied potentials spanning the device-relevant Eh window.
Targets: dominant Co–N coordination (no Co–Co scattering), reversible oxidation-state changes, minimal coordination drift.
6.2 Complementary microscopy/spectroscopy: STEM-EELS (single-atom dispersion), XPS (N 1s deconvolution; Co 2p satellites), and EPR/UV–Vis spectroelectrochemistry for redox cycling signatures.

Step 7 — Quantitative selectivity validation in controlled-humidity micro-PEC (environment-matched).
7.1 Build micro-PEC on the *programmed interlayer film* (not full PSC initially): controlled humidity (dry → ppm H2O → 0.1–1% RH), O2 partial pressure control.
7.2 Measure: onset for Co–OH/Co–OOH formation (operando XAS + Raman where possible), O2 evolution (RRDE or micro-GC in dedicated tests), and competing iodide oxidation using trace iodide challenge experiments (in non-aqueous electrolyte with controlled water) to determine whether Co-mediated water chemistry intercepts oxidation at lower potential than I−/I3− under matched conditions.
7.3 Only after selectivity is established, move to PSC-relevant stacks (top electrode removed) and replicate under the device’s Eh window.

Step 8 — PSC performance, energetics separation, and causality mapping.
8.1 Energetics: UPS/Kelvin probe on each interlayer variant to measure work function and dipole; correlate with device-level QFLS and Voc. Use impedance + TPV/TPC to separate trap passivation vs dipole-induced band alignment vs added series resistance.
8.2 Stability: ISOS-O and ISOS-L (45–65 °C) with controlled O2 and humidity; monitor Voc retention, ideality factor evolution, and PL imaging.
8.3 Degradation markers: NAP-XPS (Pb0, I0, carbonate), ToF-SIMS (I− redistribution; cation migration) and KPFM under illumination for interfacial potential flattening attributable to redox buffering.

Step 9 — Controls (tightened around reviewer concerns).
C1 N-doped framework without Co (dipole/passivation only).
C2 Co salt in polymer (aggregation/utilization penalty).
C3 Co-MOF nanoclusters physically blended (leaching/poor utilization).
C4 A benchmark 2D perovskite passivation layer.
C5 Non-programmed Co–Nx interlayer (tests necessity of programming step).
C6 Programmed film exposed to perovskite processing solvents (robustness control).

Step 10 — Scale-up compatibility (unchanged aim, revised unit operation).
10.1 Demonstrate meniscus electrocoating/electropolymerization on 5×5 cm on ITO/FTO with anhydrous electrolyte recirculation and inline water-ppm monitoring.
10.2 Map thickness uniformity (ellipsometry), sheet resistance, and PL uniformity after perovskite deposition. Ensure no step exceeds 100 °C and no aqueous/alkali exposure occurs post-perovskite.","Addresses critique (i): KOH/alkaline activation removed. Programming is performed in anhydrous MeCN/PC with non-alkali electrolyte (TBA+ salts) and optional benign base/redox mediator, and is executed *only before perovskite deposition* (or on robust transport-layer substrates). This eliminates perovskite exposure to aqueous base, avoids K+ contamination, and makes the step integration-realistic.

Addresses critique (ii): The mechanistic claim is reframed and quantified. We do not rely on sustained bulk OER inside an encapsulated PSC; instead we target a device-relevant regime where Co–Nx rapidly forms reversible water-derived oxidized intermediates (Co–OH/Co–OOH) at lower potential than halide/organic oxidation under the *same* water activity. The proposal now includes a mandatory selectivity map: interfacial Eh under Voc/MPP (from QFLS + WF measurements) is directly compared to measured onsets for I− oxidation, HTL/ETL oxidation, and Co–Nx redox/intermediate formation under controlled humidity/ppm-water conditions.

Addresses critique (iii): Electropolymerization is moved off C60/spiro-OMeTAD. Films are formed and programmed on robust electrodes/CTLs (ITO/FTO/SnO2/NiOx), then integrated by subsequent deposition steps. This avoids uncontrolled electrochemistry on C60 and avoids perturbing spiro-OMeTAD dopants, improving attribution.

Addresses critique (iv): Co–Nx single-site formation and persistence are treated as a hard deliverable with operando Co K-edge XAS/EXAFS (plus STEM-EELS/XPS/EPR). Utilization ratio is only interpreted as meaningful if EXAFS shows negligible Co–Co scattering and stable Co–N coordination during bias/humidity cycling; otherwise the design iterates on linker/monomer chemistry to enforce site isolation (mirroring the utilization-ratio logic of Asset 1).

Addresses critique (v): A quantitative energetics plan is built in: UPS/Kelvin probe (work function/dipole) + device QFLS/Voc + impedance/TPV/TPC disentangle dipole-driven band alignment from trap passivation and from parasitic conductivity changes. This directly tests the band-bending claim rather than asserting it.

Literature grounding (assets → PSC adaptation): Asset 2 supports that Co-MOF-derived cobalt species can exhibit low OER overpotential when the active environment is controlled; we translate this to humidity/ppm-water-controlled formation of water-oxidation intermediates at buried interfaces. Asset 3 supports that cobalt hydroxide-like motifs coupled to N-doped carbonic frameworks reduce overpotential and improve robustness; we leverage the N-doped conjugated framework to improve charge transfer and stabilize Co redox cycling at ultrathin thickness. Asset 1 motivates the central engineering knob—maximizing utilization ratio of M–N sites through architecture/site isolation—to increase effective redox buffering per area in a thin interlayer.

Overall feasibility increases because the only electrochemical steps occur on chemically robust substrates under anhydrous conditions, while the mechanistic claim is testable via a pre-defined potential/humidity selectivity window validated with operando XAS and controlled-humidity micro-PEC before full PSC demonstrations.","This is an unusually detailed and technically mature proposal that directly addresses common fatal flaws in catalyst–PSC integration (aqueous activation, alkali contamination, ill-defined mechanisms). The engineering plan is exceptionally resolved, with careful substrate choice, anhydrous electrochemistry, charge-dosed thickness control, and operando Co K-edge XAS as a hard gate for success. Logical consistency is strong: the shift from assuming bulk OER to a selective, water-activity-dependent redox-buffering regime is well justified and tied quantitatively to device quasi-Fermi levels. The main deduction arises from residual speculative coupling between Co–OH/Co–OOH intermediate formation and guaranteed suppression of halide/organic oxidation at buried interfaces; while the selectivity map is well designed, the proposal still hinges on a narrow potential/humidity window that may be stack- and morphology-dependent. Evidence grounding is solid and largely disciplined, though the OER concept is stretched into a quasi-OER regime that remains experimentally delicate in PSC-relevant geometries. The rationale is strong and creative, leveraging utilization ratio as a true interfacial capacitance lever rather than a catalytic figure of merit, but carries high experimental overhead and risk of marginal gains relative to simpler passivation strategies."
"We hypothesize that a chemically well-defined, Fe–N4-anchored Dion–Jacobson (DJ) type 2D perovskite surface phase can be deliberately constructed at 3D perovskite grain boundaries to function as an embedded oxygen redox buffer, rather than a passive passivation layer. Mechanistically, we posit that Fe–N4 motifs derived from a pre-leached, Mn-free HIB-based coordination fragment can be covalently anchored to undercoordinated Pb2+ sites via Pb–N coordination and halide (I−/Br−) bridging during crystallization, yielding a [(A′)PbX4]n DJ phase where A′ is a rigid, multidentate diammonium spacer derived from protonated hexaiminobenzene. This anchoring preserves a square-planar Fe–N4 ligand field with constrained, concave electronic density (analogous to the negative-curvature environment in bmFeSAC), but now embedded within the perovskite lattice. Under illumination and oxygen exposure, these Fe centers act as preferential electron acceptors for O2, shifting the O2/O2•− redox energetics away from Pb–I antibonding states, thereby suppressing superoxide-mediated lattice degradation while maintaining quasi-Fermi level splitting and vertical charge transport.","Step 1: Chemically realistic precursor and phase design.
Synthesize a Mn/Fe-HIB-MOF analog and subject it to solution-phase pre-leaching using ethylenediaminetetraacetic acid (EDTA) or diethylenetriaminepentaacetic acid (DTPA) to quantitatively remove Mn (>99%, verified by ICP-MS), yielding Fe–N4–HIB fragments. Protonate HIB to form a rigid diammonium spacer (HIBH2^2+), targeting a DJ-type surface phase with nominal stoichiometry (HIBH2)PbX4. Prepare FA/Cs–Pb(I0.8Br0.2)3 precursor with 2–5 mol% excess HIBH2^2+ relative to Pb to confine the DJ phase to grain boundaries.

Step 2: Controlled incorporation during crystallization.
Disperse ≤0.3 wt% Fe–N4–HIB fragments into the perovskite precursor. During spin-coating and annealing (90–100 °C), Fe–N4 units coordinate to undercoordinated Pb2+ via Pb–N bonds, while halides bridge Fe-adjacent Pb octahedra, forming a coherent DJ/3D heterophase. No Mn is present at this stage. Formation is monitored in situ by GIWAXS to detect DJ (00l) reflections and suppressed bulk RP signatures.

Step 3: Structural and chemical validation.
Confirm Fe–N–Pb anchoring via XPS (Fe 2p/N 1s/Pb 4f chemical shifts), Fe K-edge XANES/EXAFS (coordination number ~4 N, no Fe–Fe scattering), and ToF-SIMS depth profiling to localize Fe at grain boundaries. STEM-EELS mapping will visualize Fe–N-rich regions confined to intergranular planes.

Step 4: Defining and measuring redox energetics.
Fabricate solid-state microelectrochemical devices using patterned Au microelectrodes contacting the perovskite film, a LiTFSI-doped PMMA gel electrolyte, and an Ag/AgCl quasi-reference. Use ferrocene/ferrocenium as an internal redox marker to calibrate potential. Measure oxygen reduction onset at Fe–N sites under dark and illuminated conditions. In parallel, perform bias-dependent XPS and operando spectroelectrochemistry under controlled O2 to extract O2 adsorption and reduction energetics. Complement with DFT calculations comparing O2/O2•− energetics at Fe–N4–DJ sites versus pristine Pb–I terminations.

Step 5: Functional impact and controls.
Quantify superoxide formation using EPR spin trapping and correlate with operando PL decay, TRPL, and quasi-Fermi level splitting. Measure trap density (SCLC), TPV/TPC, and mobility to assess recombination penalties. Include decisive controls: (i) Fe-free HIB spacer DJ phase, (ii) N-ligand-only fragments, (iii) Fe–N sites blocked by axial ligand coordination, and (iv) inert 2D passivation benchmarks. Evaluate device stability under ISOS-L-3 and compare Voc retention and cycle life.","1. Chemical realism: By explicitly targeting a DJ-type 2D perovskite with a rigid diammonium HIB-derived spacer, the proposal aligns with known 2D/3D perovskite crystallization pathways and avoids unsupported assumptions about spontaneous phase formation. Pb–N coordination and halide bridging are chemically plausible and experimentally verifiable.
2. Mn management: Pre-leaching removes Mn prior to perovskite processing, eliminating uncontrolled diffusion or trap formation; residual Mn is quantified and correlated with electronic metrics, directly addressing reviewer concerns.
3. Redox rigor: The half-wave-potential concept is translated into a testable solid-state redox measurement with defined electrodes, reference calibration, and complementary spectroscopic and DFT-derived energetics, avoiding metaphorical use of aqueous ORR terminology.
4. Selectivity vs recombination: By confining Fe–N4 sites to grain-boundary DJ phases and benchmarking against multiple controls, the proposal quantitatively tests whether oxygen buffering occurs without increasing trap density or reducing QFLS. The approach preserves the original concept chain—bmFeSAC-inspired negative-curvature Fe–N4 chemistry repurposed as an embedded redox buffer—while grounding it in perovskite-specific chemistry and measurement frameworks.","This is an unusually rigorous and well-engineered proposal that demonstrates deep command of both perovskite chemistry and molecular electrocatalysis. The chemical pathway for generating Mn-free Fe–N4–HIB fragments, anchoring them via Pb–N coordination into a DJ-type intergranular phase, and validating their spatial confinement is chemically plausible and experimentally tractable. The logical leap—from aqueous ORR half-wave potentials to solid-state oxygen redox buffering—is handled with more care than is typical, particularly through the proposed microelectrochemical calibration and operando spectroscopy. Minor deductions arise from two areas: (i) the thermodynamic alignment between Fe–N4 O2/O2•− energetics and the perovskite quasi-Fermi levels is asserted but not quantitatively bounded a priori, risking a narrow operational window; and (ii) the assumption that Fe–N4 sites will not introduce deep recombination centers relies heavily on confinement arguments rather than a predictive electronic-structure screening. These are addressable but currently unresolved risks."
"A Zr-based, defect-engineered MOF interfacial layer—implemented as a thymol-confined UiO-66/MIL-53 heterostructure (total thickness 10–20 nm) between FA/Cs/MA Pb(I/Br)3 and SnO2—will primarily enhance perovskite solar-cell Isc and stability through chemically robust defect passivation and ion-migration suppression, while a secondary, explicitly bounded tribo/piezo-electret polarization component can transiently modulate carrier extraction under mechanical excitation. Mechanistically, (i) missing-linker defects in UiO-66 and MIL-53 generate coordinatively unsaturated Zr–OH/Zr–O sites that form strong Zr–O–Pb linkages to under-coordinated Pb2+ and halide-vacancy-adjacent sites, reducing interfacial SRH recombination and increasing collection efficiency (Jsc/Isc) without sacrificing Voc; (ii) thymol confined in MOF pores acts as a dipolar, hydrogen-bonding ‘guest electret’ that (a) raises the activation barrier for mobile halides/A-site cations near the interface by disrupting perovskite surface solvation pathways and (b) locally screens defect-induced band-tail states, thereby suppressing ion-migration-driven hysteresis and light/bias-induced degradation; and (iii) any triboelectric contribution is treated as a time-dependent interfacial polarization (Δσ(t)) that produces a local field perturbation (ΔE) superimposed on the built-in field, with a priori success requiring ΔE/E_bi ≥ 1–5% in the perovskite interfacial depletion/extraction region over vibration frequencies relevant to wearable/ambient stimuli (10–500 Hz) and under encapsulation. The proposal directly addresses the reviewer concern by (a) defining a quantitative field-based criterion for triboelectric relevance relative to E_bi, (b) separating transient extraction modulation from true steady-state Isc enhancement (AM1.5G, no vibration), and (c) explicitly testing thymol retention, dipole orientation stability under bias/illumination, and absence of electronic trap formation.","Step 1 — MOF synthesis with calibrated defect densities and heterostructure architecture
1.1 UiO-66 defect series (Zr6O4(OH)4(BDC)6−x): modulated solvothermal synthesis using acetic acid or formic acid as modulators to target missing-linker defect densities of x ≈ 0 (nearly defect-free), 0.3, 0.6, and 1.0 per node equivalent (calibrated by TGA/1H NMR of digested MOF + SSNMR signatures of modulator binding as in defect-dynamics literature). Maintain crystallite size <50 nm to enable smooth ultrathin films.
1.2 MIL-53(Zr) (or MIL-53(Al) if Zr-MIL-53 proves unstable in the chosen solvent/binding conditions): introduce controlled defectivity via modulator/water-content tuning; verify breathing state and defect concentration by PXRD + gas sorption; select a ‘rigidified’ MIL-53 condition to minimize moisture-driven mechanical variability.
1.3 Heterostructure design: fabricate a bilayer UiO-66 (perovskite-facing, defect-rich for bonding) / MIL-53 (SnO2-facing, mechanically compliant and ion-blocking) with individual thicknesses 5–10 nm each (total 10–20 nm). Rationale: maximize Zr–O–Pb anchoring at the perovskite side while using MIL-53 as a porous reservoir for thymol electret/dipole stabilization and mechanical polarization coupling.

Step 2 — Thymol confinement and electronic-neutrality verification
2.1 Thymol loading by vapor-assisted infiltration (VAI) at controlled partial pressure and temperature (e.g., 40–70 °C) to target pore filling fractions of 10%, 30%, 60% (quantified by QCM mass uptake on MOF-coated quartz and confirmed by TGA/DSC + GC-MS of desorbed thymol).
2.2 Confinement stability protocol (mandatory):
  - Thermal retention: isothermal bake at 85 °C for 500 h in N2 and in dry air; measure remaining thymol by TGA/GC-MS.
  - Operational retention: continuous 1-sun illumination + maximum power point (MPP) bias for 200 h in encapsulated mini-modules; post-test quantify thymol by ToF-SIMS depth profiling and compare to pre-test.
2.3 Electronic neutrality screening: UPS/Kelvin probe to determine work-function shifts; SCLC trap-density measurements on electron-only and hole-only stacks to ensure thymol does not introduce deep traps (ΔN_t must not increase vs. thymol-free MOF).

Step 3 — Interfacial film formation on perovskite with defined chemistry
3.1 Deposit perovskite FA/Cs/MA Pb(I/Br)3 with a controlled surface halide deficiency series (mild and more defective surfaces) to test passivation robustness.
3.2 Form MOF interlayer by solution-compatible deposition (e.g., nanocrystal dispersion spin-coating or layer-by-layer growth) to achieve 10–20 nm continuous coverage. Enforce roughness <3 nm RMS (AFM) and pinhole-free coverage (conductive AFM mapping).
3.3 Chemical bonding confirmation (mandatory):
  - XPS: track Pb 4f shifts and appearance of Zr–O–Pb-related signatures; quantify reduction in metallic Pb0 after aging.
  - SSNMR (Zr–OH environment / modulator dynamics) to verify defect-site availability pre-bonding and its consumption/coordination change post-bonding.
  - GIWAXS: ensure perovskite lattice integrity; detect any undesired 2D phase formation.

Step 4 — Quantitative triboelectric-field framework and simulation-to-experiment closure
4.1 Analytical field estimate (defined deliverable): treat the MOF/perovskite interface as a polarized sheet charge density Δσ(t) generated by tribo/electret polarization under periodic strain ε(t). Use ΔE(t) ≈ Δσ(t)/ε0ε_eff within the interfacial region (ε_eff extracted from impedance and literature values). Benchmark against built-in field E_bi ≈ V_bi/L_depl (from C–V/Mott–Schottky and drift-diffusion fits). Predefine relevance threshold: time-averaged |ΔE| in the extraction zone must exceed 1–5% of E_bi under 0.1–1 g acceleration and 10–500 Hz.
4.2 Multiphysics simulation (COMSOL + drift-diffusion coupling):
  - Mechanical module: apply realistic encapsulated-device boundary conditions; input MOF elastic modulus (nanoindentation) and piezo/tribo effective polarization coefficients (fitted from independent MOF-film nanogenerator tests).
  - Electrostatics: map ΔV(x,t) across MOF/perovskite/ETL.
  - Device module: drift–diffusion with recombination (SRH + radiative) to compute ΔJ(t) and any change in steady-state Jsc when averaged over vibration cycles.
Deliverable: predicted ΔJsc(vibration) vs frequency/amplitude and explicit demonstration whether any enhancement is purely transient (AC modulation) or yields measurable DC shift under load.
4.3 Experimental decoupling of transient vs steady-state effects (mandatory design):
  - Measure J–V and stabilized Jsc at AM1.5G with no vibration (baseline steady-state benefit must come from passivation/ion blocking).
  - Apply controlled vibration/acoustic excitation while recording (i) DC Jsc shift (time-averaged) and (ii) AC photocurrent component via lock-in detection at the excitation frequency. Define success metrics:
    * Steady-state success: ≥3–8% increase in stabilized Jsc at 1 sun without vibration vs control.
    * Tribo-success (if present): a reproducible lock-in AC photocurrent signal and/or ≥0.5–1% DC Jsc shift under defined vibration conditions, consistent with COMSOL-predicted ΔE/E_bi.
  - Control stacks: (a) defect-poor MOF, (b) MOF without thymol, (c) thymol-free inert porous layer of similar thickness, (d) MOF layer placed away from interface (e.g., atop ETL) to test necessity of buried interfacial polarization.

Step 5 — Ion migration, recombination, and stability validation aligned to the hypothesis
5.1 Recombination/passivation: TRPL (lifetime increase), transient photovoltage/photocurrent (extraction time constants), and absolute PLQY at relevant carrier densities to verify reduced non-radiative recombination.
5.2 Ion migration: temperature-dependent impedance spectroscopy and bias-stress hysteresis quantification; extract activation energies for ionic processes. Success: increased ionic activation barrier and reduced low-frequency capacitance/hysteresis.
5.3 Operational stability: ISOS protocols (ISOS-L-2, ISOS-O-2 as available) at MPP with encapsulation; compare time-to-80% performance (T80) across control and proposed interlayers. Post-mortem ToF-SIMS for halide redistribution and XPS for interfacial chemical evolution.

Step 6 — Optional DFT/MLP-guided design loop (risk-reduction)
6.1 DFT: calculate binding energies and charge redistribution for Zr–O–Pb motifs at representative perovskite surface terminations and halide vacancies; screen how missing-linker density alters density of interfacial states.
6.2 Use machine-learned potentials (MTP/active learning as demonstrated for UiO-66/MIL-53) to sample defect-site distributions and guest (thymol) orientations at finite temperature, then feed dipole distributions into electrostatic modeling (input polarization density and relaxation times).","1) Quantitative credibility of the triboelectric component (addressing the core critique):
- The proposal no longer assumes triboelectricity automatically increases Isc. It defines ΔE/E_bi and ΔJ metrics and forces simulation-to-experiment closure: Δσ(t) → ΔE(t) → drift–diffusion-predicted ΔJ(t) → lock-in measured AC photocurrent and possible DC shift. This directly tests whether the effect is transient modulation (AC component only) or yields a measurable time-averaged extraction benefit under realistic encapsulated vibrations.
- UiO-66 functionalization has empirically increased Isc in triboelectric nanogenerators (Asset 2), supporting that MOF chemistry can tune charge-transfer/polarization magnitude; here, we translate that into a bounded, field-based criterion relative to PSC built-in fields.

2) Robustness and primacy of the steady-state photovoltaic gain:
- Even if the triboelectric contribution proves marginal, the interlayer is still designed to deliver steady-state Jsc/stability gains via Zr–O–Pb bonding and defect passivation. Defect-rich Zr-MOF nodes provide reactive Zr–OH/Zr–O sites (Assets 4–5), which are chemically plausible anchoring points for under-coordinated perovskite surface Pb and vacancy-adjacent sites. This makes the project resilient: the highest-value outcome (lower interfacial recombination + suppressed ion migration) does not depend on vibration.

3) Thymol confinement and electronic neutrality (addressing reviewer doubts explicitly):
- Thymol is treated as a confined guest whose retention is experimentally validated (TGA/GC-MS/QCM, ToF-SIMS depth profiling after MPP stress), rather than assumed. The proposal also explicitly checks that thymol does not create electronic traps (SCLC, UPS/work-function shifts). The ‘repurposing’ logic is grounded in thymol’s demonstrated functional role when confined in MOF systems (Asset 1), but adapted here with PSC-relevant retention and trap-formation tests under bias/illumination.

4) Clear success metrics and discriminating controls:
- The revised plan separates (i) baseline steady-state Jsc improvement at 1-sun/no vibration (must be present) from (ii) any vibration-induced modulation quantified by lock-in detection. A structured control matrix (defect-poor MOF, no thymol, non-interfacial placement) ensures causal attribution to Zr–O–Pb bonding, thymol dipoles, and/or polarization effects.

5) Practicality of fabrication and characterization:
- Sub-20 nm MOF interlayers are realistic via nanocrystal dispersions or layer-by-layer growth, and the characterization suite (XPS, GIWAXS, SSNMR, impedance, TRPL, ToF-SIMS) directly maps onto the hypothesized mechanisms and known MOF defect/dynamics toolkits (Assets 3–5).","This is a technically dense and unusually well-disciplined proposal that directly addresses common weaknesses in MOF–perovskite interfacial claims, particularly the overstatement of triboelectric effects. The strongest aspects are (i) the quantitative field-based criterion benchmarking ΔE against E_bi, (ii) the clear separation of steady-state photovoltaic gains from transient vibration-induced modulation, and (iii) the chemically plausible Zr–O–Pb passivation mechanism supported by a rigorous defect-calibration and spectroscopy plan. Minor weaknesses remain: the practical stability and solvent compatibility of Zr-MIL-53 in ultrathin buried interfaces is not fully de-risked; the expected magnitude of Δσ under encapsulated, low-g vibration may still be near the detection limit despite careful lock-in design; and thymol volatility/chemical evolution, while well-tested, could still introduce interfacial resistance or dipole relaxation not fully captured by SCLC/UPS alone. These are risks of magnitude and robustness, not of conceptual validity."
"OH-driven interfacial oxidation at the FAPbI3/electron-selective contact (SnO2) and at FAPbI3/organic electron-side interfaces is a primary initiator of Voc and PCE loss because it (i) converts iodide-vacancy–proximal Pb2+ into Pb0 and Pb–O/Pb–OH complexes, (ii) increases interfacial energetic disorder and dipole inhomogeneity, and (iii) accelerates halide depletion/ionic accumulation that raises J0,nonrad and reduces quasi-Fermi level splitting. We further hypothesize that prior ‘MOF-as-OH-sink’ concepts are not intrinsically stabilizing in PSCs unless the MOF photoredox state is constrained; Cu-based conductive MOFs can catalyze ROS formation under illumination/O2/H2O and thus can amplify OH unless (a) the node redox chemistry is rendered net-scavenging (not net-generating) under PSC-relevant potentials and photon flux, and (b) the OH handling capacity and saturation behavior are explicitly engineered and verified.

Therefore, we propose a quantitatively specified, falsifiable bilayer interface on the electron-selective side that separates (1) OH chemical-potential suppression from (2) electrostatic dipole control and passivation:

(A) An ultrathin (2–5 nm) MOF nanolayer on SnO2 engineered to be a net OH sink under PSC operating conditions (1-sun, 40–60% RH, O2 present, device bias near MPP). The MOF will be implemented as a node-swappable, structurally matched series (Cu–HHTP vs Ni–HHTP/Co–HHTP analogues) to discriminate whether redox-active Cu helps (scavenges/quenches OH-derived intermediates) or harms (photocatalytically generates ROS). The decisive criterion is a lower time-integrated OH signal and lower oxygen incorporation into FAPbI3 for the ‘sink’ MOF compared with (i) bare SnO2, (ii) a barrier-only hydrophobe of identical thickness, and (iii) a redox-altered but structurally similar MOF.

(B) A conformal, ultrathin (3–10 nm) anchored IEICO-4F-derived NFA interlayer that provides a permanent interfacial dipole step and a hydrophobic, low-permeability overlayer while minimizing added energetic disorder. Anchoring groups (1–5 mol% phosphonate/carboxylate) are introduced at low density specifically to prevent interlayer drift under bias/heat and to stabilize the dipole spatial distribution; however, such functionalization risks perturbing packing and LUMO/energetic disorder. Thus, we hypothesize that Voc gains will only materialize if (i) the modified NFA retains its electronic structure within tight bounds (ΔLUMO ≤ 50 meV; absorption spectral shift ≤ 10 nm) and (ii) its dipole/work-function shift is stable after thermal/bias stress (ΔWF change ≤ 20 meV after 85°C MPP).

Mechanistic prediction (falsifiable): if OH suppression is the dominant stabilization lever, then (1) EPR OH spin-adduct yield, ToF-SIMS oxygen incorporation, and XPS Pb–O growth rates will decrease in proportion to Voc(t) stabilization and reduced ΔVoc,nonrad; (2) a barrier-only hydrophobe of matched thickness may slow oxygen/water ingress but will not reproduce the same reduction in OH-derived spin-adduct kinetics under identical photon/RH/O2, nor the same suppression of Pb–O formation at equal permeation; and (3) a dipole-only energetics layer (anchored NFA without MOF) may raise initial Voc via work-function/band-bending but will not reproduce the improved Voc stability under OH stress if OH chemistry remains active. The bilayer succeeds only when both conditions are met: net OH sink behavior (kinetics/capacity verified) and a permanent, low-disorder dipole/passivation layer (packing/disorder verified).","Step 0 — Define quantitative acceptance criteria (go/no-go metrics)
0.1 OH-scavenging performance (must meet all):
  • Under identical stress (1-sun equivalent photon flux, 40–60% RH, 21% O2, 25–60°C), time-integrated EPR OH spin-adduct signal at SnO2/MOF surface is reduced by ≥50% vs bare SnO2 over 60 min.
  • OH-sink capacity/turnover: EPR signal reduction persists without convergence to bare-SnO2 behavior for ≥6 h continuous stress OR shows a measurable saturation time constant τsat that is ≥3× longer than a barrier-only control of matched thickness (indicating chemistry, not only diffusion).
  • Oxygen incorporation into the perovskite (H2^18O label) is reduced by ≥30% at the interface (ToF-SIMS ^18O− depth profile integrated over first 20 nm of perovskite) after a fixed stress dose.
0.2 Transport/electrical acceptance (must meet all):
  • Contact resistivity (ρc) of SnO2/MOF/NFA stack ≤ 2× that of SnO2 control, measured by TLM on dedicated electron-only test structures.
  • No extraction bottleneck: transient photocurrent (TPC) extraction time constant increases by ≤20% vs SnO2-only; impedance-derived recombination/extraction resistances show no new dominant high-frequency arc attributable to the MOF layer.
0.3 Dipole permanence/energetic disorder acceptance (must meet all):
  • Work-function step from anchored NFA (UPS/KPFM) is measurable (target |ΔWF| = 0.10–0.30 eV) and stable: drift ≤ 20 meV after 85°C MPP stress (KPFM before/after).
  • Anchored NFA packing/disorder: GIWAXS shows retained π–π stacking signature relative to parent IEICO-4F with (i) Δq ≤ 0.05 Å−1 and (ii) no emergence of dominant amorphous halo; temperature-dependent conductivity yields an activation energy change ≤ 25 meV vs parent.

Step 1 — Build the OH-stress metrology platform and baseline devices (with decisive controls)
1.1 Device baselines:
  • n–i–p PSC: glass/ITO/SnO2/FAPbI3/HTL/Au.
  • Electron-side organic interface model: introduce an IEICO-4F-containing electron-side organic layer (IPOSC-inspired) to explicitly test Voc retention with organic adjacency.
1.2 Controlled OH generation protocols (calibrated):
  • Photochemical: UV-assisted humid air (40–60% RH) with controlled O2 fraction; photon flux recorded (actinometry) to enable dose normalization.
  • Chemical precursor: low-concentration H2O2 + UV applied only to SnO2-side substrates prior to perovskite deposition to localize ROS history at the interface.
  • Isotopic tracing: H2^18O humidity exposure for oxygen incorporation mapping.
1.3 Baseline diagnostics (dose-resolved):
  • Voc(t) under MPP; stabilized PCE.
  • EQEEL/absolute PLQY → extract ΔVoc,nonrad.
  • TRPL (interface-sensitive geometry) and Suns–Voc (ideality factor, J0,nonrad).
  • XPS (Pb 4f/I 3d/O 1s) time series under controlled stress; ToF-SIMS (O−, OH−, I−, ^18O−).
  • EPR spin-trapping for OH (quantify spin-adduct yield vs time; extract apparent rate constants and saturation behavior).

Step 2 — Engineer MOF OH-sink layers with node-swapped analogues and quantify OH kinetics/capacity
2.1 MOF series (structurally matched, redox-discriminating):
  • Prepare ultrathin HHTP-based conductive MOFs with different metal nodes: Cu–HHTP (redox-active, potentially ROS-generating), Ni–HHTP and/or Co–HHTP (comparative redox behavior) using identical ligands and deposition conditions.
  • Include a redox-inert ‘MOF-like barrier’ control: an ultrathin porous organic network (or insulating coordination polymer) matched in thickness/roughness but lacking redox-active nodes, to test barrier-only diffusion suppression.
2.2 Conformal ultrathin growth on SnO2 (2–5 nm) with reproducibility criteria:
  • Surface primer: phosphonic-acid or silane anchoring monolayer on SnO2 (target areal density: self-limited monolayer) to (i) tether MOF nuclei, (ii) suppress pinholes, and (iii) reduce ion ingress.
  • Sequential infiltration synthesis (SIS-like): alternating metal-node precursor and ligand exposures with short cycles; stop at the thickness that meets transport criteria.
  • Inline acceptance:
    – Thickness: spectroscopic ellipsometry (target 2–5 nm).
    – Coverage fraction: high-resolution AFM + conductive-AFM mapping; criterion: ≥95% continuous coverage with RMS roughness ≤ 1.5 nm over 5×5 µm^2.
    – Chemistry: XPS confirms metal/ligand signatures; absence of excessive surface oxides pre-perovskite.
2.3 Quantify net OH sink vs net OH generation (decisive):
  • EPR spin-adduct yield vs time under identical photon/RH/O2 on SnO2, SnO2/Cu–HHTP, SnO2/Ni–HHTP, SnO2/Co–HHTP, and barrier-only control.
  • Fit kinetics to extract apparent formation rate (kform) and saturation/decay (τsat) to determine whether MOF reduces kform (true sink/quenching) or only delays via diffusion.
  • Regeneration test: repeated stress cycles with resting periods; if OH sink is catalytic/regenerative, performance persists; if sacrificial, saturation is observed (explicitly reported).

Step 3 — Implement anchored IEICO-4F-derived dipole/passivation layer with energetic-disorder monitoring
3.1 Molecular design and bounds:
  • Synthesize IEICO-4F analogue with 1–5 mol% terminal phosphonate/carboxylate anchoring substituents placed on side chains to minimize conjugation perturbation.
  • Electronic structure acceptance: UV–vis–NIR absorption (peak shift ≤10 nm), cyclic voltammetry/UPS (ΔLUMO proxy ≤50 meV vs parent).
3.2 Deposition and morphology control:
  • Deposit 3–10 nm NFA film by orthogonal solvent strategy (non-perovskite-solvent) with controlled aggregation; mild anneal below perovskite damage threshold.
  • Packing/disorder characterization:
    – GIWAXS: quantify π–π stacking distance and coherence length.
    – UPS/KPFM: quantify ΔWF and spatial uniformity (dipole homogeneity).
    – Temperature-dependent conductivity / transport: energetic disorder proxy via activation energy trends.
3.3 Dipole permanence under operating stress:
  • KPFM mapping before and after 85°C MPP stress (and after humid light soak) to confirm ΔWF stability (≤20 meV drift) and no dipole redistribution.

Step 4 — Integrate the full bilayer and execute discriminating control matrix (mechanism attribution)
4.1 Full stack variants (minimum decisive set):
  (A) SnO2 (baseline)
  (B) SnO2 + MOF only (Cu–HHTP; Ni/Co analogues)
  (C) SnO2 + barrier-only hydrophobe (matched thickness to MOF; no redox)
  (D) SnO2 + anchored NFA only (energetics-only/dipole-only)
  (E) SnO2 + non-anchored IEICO-4F (mobility/drift control)
  (F) SnO2 + MOF + anchored NFA (target bilayer)
  (G) SnO2 + fullerene-dimer interlayer (DC60-type comparator per state-of-the-art interfacial passivation)
4.2 Prove no transport bottleneck (thickness series):
  • MOF thickness series: 0/2/3/5/7 nm; NFA thickness series: 0/3/5/10 nm.
  • Electrical diagnostics:
    – TLM/4-probe on electron-contact stacks → ρc, sheet resistance.
    – Impedance spectroscopy under illumination → recombination resistance and transport resistance.
    – TPV/TPC and transient EL → extraction/recombination dynamics and interfacial charge accumulation.
4.3 Prove OH suppression (not just barrier or energetics):
  • Under identical OH stress dose, compare:
    – EPR OH spin-adduct kinetics (kform, τsat) across A–F.
    – ToF-SIMS ^18O incorporation and oxygen depth profiles.
    – XPS growth rate of Pb–O/Pb–OH components (time-resolved).
  • Key discriminant: if (F) reduces OH EPR signal and oxygen incorporation more than (C) at matched thickness/permeability proxies, the effect is chemical (sink) rather than purely barrier.
4.4 Prove ‘dipole-defined’ vs pinning/doping:
  • UPS + KPFM: correlate ΔWF with Voc changes across D, E, F.
  • Check for chemical doping/work-function pinning: monitor core-level shifts (XPS) and conductivity changes; a true dipole layer yields a WF shift with minimal bulk doping signature.

Step 5 — Device-level outcomes tied to Voc/PCE and stability
5.1 Initial performance:
  • JV, stabilized MPP PCE, Voc distribution statistics.
  • ΔVoc,nonrad from EQEEL/PLQY; Suns–Voc ideality factor.
5.2 Stability and Voc(t) decay constants:
  • MPP tracking at 60–85°C, 40–60% RH, O2 present; report T80 and explicitly Voc(t) decay constants.
  • Bias-stress capacitance and hysteresis metrics; ion-migration indicators (transient response under bias).
5.3 Causal linkage (must be demonstrated):
  • Quantitative correlation across variants between (i) OH EPR metrics and (ii) ΔVoc,nonrad and Voc stability. A monotonic relationship supports the proposed causal chain; absence of correlation triggers redesign (e.g., metal-node swap or suppression of MOF photoredox activity).

Step 6 — Risk mitigation and decision points (reviewer-critical vulnerabilities)
6.1 If Cu–HHTP shows net OH generation (EPR increase vs SnO2):
  • Switch to Ni/Co node (or mixed-node) that shows net scavenging; incorporate node redox-state stabilization (e.g., pre-conditioning under controlled potential/light) and verify by repeated EPR cycles.
6.2 If MOF increases ρc/series resistance:
  • Reduce thickness to the minimum continuous coverage; modify primer chemistry to improve electronic coupling; consider sparse MOF islands only if OH sink remains effective and transport remains percolative (validated by c-AFM and TLM).
6.3 If anchored NFA increases energetic disorder:
  • Reduce anchoring fraction (toward 1 mol%), shift anchor to less packing-disruptive side chain position, or use a bifunctional anchoring additive blended at low wt% to immobilize parent IEICO-4F without covalent modification; re-qualify with GIWAXS/UPS criteria.","1) Addressing MOF photoredox ambiguity with node-swapped, falsifiable OH metrics: The key reviewer risk—Cu-MOFs potentially generating ROS—is converted into an explicit discriminating experiment by using structurally similar HHTP MOFs with different metal nodes (Cu vs Ni/Co) and by quantifying OH spin-adduct kinetics (kform, τsat) and saturation/regeneration behavior under PSC-relevant photon/RH/O2. This directly tests whether the MOF is a net OH sink or net source, rather than assuming scavenging.

2) Engineering realism for ultrathin MOF layers: Continuous 2–5 nm MOF films are challenging; we therefore define acceptance criteria (≥95% coverage, RMS roughness ≤1.5 nm) and pair them with transport constraints (ρc ≤2× baseline; ≤20% extraction-time penalty). The plan includes thickness series and contact-resistance measurements (TLM/4-probe) plus impedance and transient methods to prove the layer does not become a resistive bottleneck.

3) Anchored IEICO-4F interlayer risk (packing/energetic disorder) is directly monitored and bounded: The proposal now specifies measurable limits for electronic-structure perturbation (ΔLUMO ≤50 meV; small absorption shift), packing retention (GIWAXS q-shift bounds), and disorder proxies (temperature-dependent conductivity activation energy change). Dipole permanence is verified by KPFM before/after 85°C MPP stress, addressing drift and work-function instability.

4) Decisive controls to attribute mechanism (OH suppression vs barrier vs energetics): The control matrix includes (i) barrier-only hydrophobic interlayer matched in thickness (diffusion blocking without redox), (ii) energetics-only dipole layer (anchored NFA without MOF), (iii) non-anchored IEICO-4F (redistribution control), and (iv) fullerene-dimer comparator (DC60-type) to benchmark against established interfacial passivation. Coupling EPR (^•OH), isotopic ToF-SIMS (^18O incorporation), and XPS (Pb–O growth rate) with Voc(t), ΔVoc,nonrad, and J0,nonrad creates a causal test: OH chemistry must track Voc stability improvements for the hypothesis to hold.

5) Alignment with literature assets and the original concept chain: The proposal retains the core chain OH/oxidation → Pb–O/Pb0 defects + dipole disorder → increased J0,nonrad → reduced Voc/PCE, and leverages the empirical relevance of IEICO-4F in maintaining Voc in integrated perovskite/organic architectures while introducing a stricter, quantified methodology to ensure the MOF function is stabilizing (net OH sink) rather than inadvertently pro-oxidative.","This is an exceptionally detailed and technically rigorous proposal that demonstrates reviewer-level awareness of the dominant failure modes in PSC interfacial stabilization strategies. The strongest aspect is the conversion of a known ambiguity—MOF photoredox behavior and ROS generation—into a falsifiable experimental axis via node-swapped, structurally matched MOFs and time-resolved EPR OH kinetics. The separation of chemical OH suppression from dipole energetics is logically clean and experimentally well-controlled, avoiding the common pitfall of conflating barrier, passivation, and energetics effects. Minor score deductions arise from (i) the extreme experimental burden and integration complexity (EPR, SIS-like MOF growth, ToF-SIMS isotopic tracing, KPFM under bias/heat), which may challenge throughput and statistical robustness, and (ii) a residual assumption that ultrathin conductive MOFs can remain electronically benign across all node chemistries at 2–5 nm thickness, which is plausible but not yet broadly demonstrated. These are feasibility risks rather than conceptual flaws."
"A curvature-engineered, thin (60–120 nm) mesoporous semiconductor ETL with a controlled negative-Gaussian-curvature distribution (Schwarz-P/TPMS-like, distinct from mere roughness) will increase PSC Jsc and FF only within a bounded porosity/thickness/trap-density window where (i) local electric-field “hot spots” at the perovskite/ETL interface accelerate interfacial electron extraction and reduce carrier residence time, while (ii) the effective electron percolation resistance through the porous ETL remains below the recombination-limited regime. In parallel, isolated CoNiPt nanoflower microdomains embedded deep in the ETL can deliver high alkaline HER TOF when—and only when—electrolyte access and cathodic bias are applied on the ETL/contact side, provided a quantitatively specified, ion-blocking yet electron-conducting barrier stack prevents OH−/H2O ingress to the perovskite and suppresses any catalyst-induced parallel leakage path during PSC operation. Mechanistically, the TPMS-like negative curvature increases catalytic site utilization (accessibility/transport within bicontinuous channels) and lowers kinetic barriers for water activation at Co–O–(Ni,Pt) motifs under alkaline bias, while the same catalyst remains electronically “silent” in PV mode because: (a) it is electrically shielded from forming a low-resistance shunt by a conformal dielectric nanolaminate with defined tunneling conductance, and (b) its placement in a non-percolating, carbon-encapsulated, discontinuous morphology prevents continuous metallic pathways through the ETL. This proposal therefore couples curvature-specific field redistribution (PV gain) with curvature-enhanced porous-media reactant/product transport (HER TOF), using a hard, testable decoupling stack and decisive curvature-controls to isolate curvature from surface area and porosity effects.","Step 1 — Define quantitative design space (model-first) and measurable targets.
1.1 Drift–diffusion/Poisson + porous-media model (parameter-swept): Build a 2D/3D coupled model of perovskite/ETL/contact that includes (i) Poisson + drift–diffusion in perovskite and ETL, (ii) effective-medium transport in porous ETL (Bruggeman/Archie scaling: σeff=σ0·(1−φ)^m; tortuosity τ(φ,TPMS)), (iii) trap-assisted recombination at ETL/perovskite interface and in ETL bulk (SRH with Nt), and (iv) curvature-dependent boundary conditions via statistical curvature descriptors.
• Inputs to sweep (experimentally controllable): ETL thickness t=60–120 nm; porosity φ=0.15–0.55; tortuosity τ=1.2–3.5; Gaussian curvature distribution metrics ⟨K⟩ and σK (from tomography); ETL electron mobility μn=10−4–10−2 cm2/Vs (SnO2/TiO2 composite); ETL donor density Nd=10^17–10^20 cm−3; interface trap density Dit=10^10–10^12 cm−2eV−1; bulk trap density Nt=10^15–10^18 cm−3.
• Model outputs mapped to acceptance targets: Jsc gain ≥ +0.5 to +1.5 mA cm−2 without FF loss; Rs increase ≤ 0.3 Ω·cm2; recombination resistance Rrec (EIS, mid-frequency arc) non-decreasing; hysteresis index < 2%; extracted carrier collection time (TPC) reduced ≥20%.
1.2 Curvature-specific hypothesis test embedded in model: Hold surface area and φ constant while varying curvature statistics by generating synthetic TPMS (P-surface/gyroid/lamellar) unit cells and randomized collapsed-cubosome structures; compute field enhancement factor F=|E|max/|E|avg at the interface and correlate predicted ΔJsc with F at constant σeff.

Step 2 — Fabricate matched-porosity, curvature-distinct ETLs (decisive curvature controls).
2.1 Base ETL chemistry (PSC-compatible): SnO2–TiO2 nanocomposite (e.g., colloidal SnO2 + sol–gel TiO2) targeting conduction-band alignment suitable for inverted p–i–n extraction and low-temperature processing (≤150 °C for oxide consolidation).
2.2 Three curvature families with matched porosity and thickness (t and φ matched within ±5%):
A) TPMS-negative curvature (Schwarz-P-like): polymer cubosome templating (lipid/polymer cubosomes) with controlled partial collapse during infiltration to broaden σK while maintaining bicontinuity; calcination/UV-ozone removal at ≤150–200 °C (template choice dependent) to avoid damaging underlying layers.
B) Gyroid TPMS control: non-collapsed gyroid-forming block-copolymer templating giving near-constant mean curvature and distinct K distribution.
C) Lamellar/straight-channel control: directed self-assembly producing near-zero Gaussian curvature (K≈0) but matched φ and surface area.
2.3 Quantify morphology/curvature (required to claim curvature effects):
• FIB-SEM or ptychographic X-ray tomography to reconstruct 3D ETL pore network; compute K maps and report ⟨K⟩, σK, bicontinuity, τ.
• BET is not applicable in-device; instead use ellipsometric porosimetry (EP) and image-based surface area proxy; ensure A/B/C are matched for φ and effective internal area.
2.4 Electrical property extraction per morphology: measure σeff (four-point probe on oxide films), μn (SCLC or Hall if feasible), and trap signatures (TSC, DLTS-like transient methods if available) to feed back into the model.

Step 3 — Hard decoupling stack: replace “molecular gate” with an ion-blocking, electron-conducting barrier stack with numeric targets.
3.1 Barrier stack selection (conformal over mesopores): ALD Al2O3/TiO2 nanolaminate + robust electron-selective overlayer.
• Target structure: (Al2O3 0.7–1.2 nm)/(TiO2 1.5–2.5 nm) repeated 1–2× to tune tunneling and block ions; total ALD thickness 2.2–7.4 nm depending on optimization.
• Rationale: Al2O3 provides OH−/H2O barrier and passivation; ultrathin TiO2 provides electron-conductive pathway and protects Al2O3 against alkaline dissolution; nanolaminate reduces pinholes on high-curvature surfaces.
• Conductance target: area-normalized electron transport enabling ≥10–50 mA cm−2 at HER biases with additional overpotential penalty <50 mV (quantified via symmetric cell or solid-state electron-only test structure).
• Ionic blocking target: <5% change in PSC metrics after 100 h KOH-side exposure (sealed perovskite side), and no detectable OH penetration by ToF-SIMS depth profiling.
3.2 Overlayer compatible with sputtered top contact: crosslinkable fullerene derivative (e.g., crosslinked PCBM-like network) 5–15 nm, UV/thermal crosslinked, to (i) planarize, (ii) reduce sputter damage, and (iii) further suppress shunts.
3.3 Validate stack integrity: TEM cross-sections to confirm conformality inside pores; pinhole test via electrolyte leakage current in the dark (no catalyst) under ±0.5 V in 1 M KOH.

Step 4 — Embed isolated CoNiPt nanoflower microdomains without creating electronic shunts.
4.1 Location control and non-percolation rule: confine catalyst to the lower 50–80% of ETL thickness (away from perovskite interface) by sequential infiltration (capillary infiltration time-limited) and then seal the top 20–30 nm near the perovskite with nanolaminate prior to catalyst introduction, ensuring no continuous conductive path to the interface.
4.2 Catalyst precursor route (temperature constraint and trap minimization):
• Use a confined MOF-derived approach only if conversion can be achieved at ≤200–250 °C without carbon overgrowth; otherwise pivot to low-temperature polyol/solution growth of carbon-encapsulated CoNi “nanoflowers” followed by in-pore deposition.
• Enforce trace loading: total metal loading 1–20 μg cm−2; Pt at trace levels (≤1–2 μg cm−2) introduced via galvanic exchange constrained by diffusion-limited exposure to avoid continuous Pt films.
4.3 Confirm electronic isolation: conductive-AFM / Kelvin probe mapping on completed ETL to detect local high-conductivity percolation; reject samples showing continuous conductive pathways across thickness.

Step 5 — Device fabrication with explicit geometry for both PSC and HER modes.
5.1 PSC stack (inverted p–i–n baseline): glass/ITO/NiOx (or PTAA)/FA–Cs mixed-cation perovskite (with grain-boundary passivation additive)/curvature-ETL + barrier stack/IZO (or AZO) + metal grid.
5.2 Area and encapsulation: define active PV area (e.g., 0.1–0.2 cm2) and independent electrochemical exposed area (e.g., 0.05–0.1 cm2) using chemically resistant epoxy + gasket; perovskite side fully encapsulated (glass cap + edge seal).
5.3 TCO protection for alkaline: add ultrathin ALD TiO2 (5–10 nm) or Ni layer under IZO where electrolyte contacts to suppress parasitic HER and corrosion; verify with bare-electrode controls.

Step 6 — Decoupling demonstrations mandated by reviewers (PV-mode: prove “silent catalyst”).
6.1 Dark leakage and diode quality: measure dark J–V (±1 V), extract shunt resistance Rsh and ideality factor n across A/B/C morphologies with and without catalyst; acceptance: ΔRsh <10% and no new low-bias leakage slope.
6.2 Radiative efficiency probes: measure PLQY and electroluminescence (EL) external quantum efficiency under forward bias pre- and post-catalyst incorporation; acceptance: ΔVoc,rad equivalent loss <10 mV and no EL quenching beyond experimental error after normalization.
6.3 Bias-dependent impedance: EIS under illumination at multiple biases (near Voc, MPP, short circuit) to separate Rs, Rct, Rrec; confirm that catalyst incorporation does not introduce an additional parallel recombination branch (fit with physically constrained equivalent circuit).

Step 7 — Curvature-to-field-to-Jsc linkage (decisive experiment).
7.1 Operando/internal field mapping proxy: perform intensity-dependent Voc and transient photovoltage/photocurrent (TPV/TPC) to extract carrier lifetime vs extraction time; correlate extraction time shortening with curvature statistics (⟨K⟩, σK) at matched φ.
7.2 Direct imaging of local potential: cross-sectional KPFM (in inert conditions) or electron holography (if accessible) on representative A/B/C ETLs to validate modeled field redistribution.
7.3 Model-to-experiment closure: fit model parameters (μn, Dit, Nt, σeff) to measured Rs and EIS, then test whether the model correctly predicts ΔJsc across curvature families at constant φ.

Step 8 — HER photoelectrode architecture and measurement protocol (explicit, corrosion-aware).
8.1 Three-electrode cell: ETL/contact side as working electrode; Pt mesh (or graphite) counter; Hg/HgO reference (alkaline) with Luggin capillary; 1.0 M KOH; temperature controlled (25 ± 1 °C).
8.2 Sealing strategy: O-ring compression cell contacting only the defined ETL area; all edges sealed with chemically resistant epoxy; verify no electrolyte contact to perovskite by dye-test + post-test ToF-SIMS.
8.3 iR compensation and background subtraction:
• Measure solution resistance by high-frequency EIS; apply ≥85–95% iR compensation.
• Controls: bare IZO/TCO+protection; ETL+barrier without catalyst; catalyst on flat ETL surface (non-buried) to quantify parasitic contributions.
8.4 Faradaic efficiency: quantify H2 by gas chromatography at multiple current densities; report FE and correct TOF accordingly.
8.5 TOF normalization: quantify active site density using ICP-OES (total metals) + ECSA proxy (double-layer capacitance) +, where possible, operando XAS-derived fraction of catalytically active reduced sites; report TOF bounds (upper/lower) transparently.

Step 9 — Stability and post-mortem proof of decoupling.
9.1 PSC stability: MPP tracking 85 °C, 1-sun, ≥500 h (or highest feasible) comparing A/B/C and catalyst/no-catalyst; success criterion: no additional burn-in/hysteresis attributable to curvature or catalyst.
9.2 HER durability: ≥100 h chronopotentiometry at fixed current (e.g., 10 mA cm−2) and intermittent LSV; monitor delamination and corrosion.
9.3 Post-mortem: ToF-SIMS depth profiles (I−, Br−, Cs+, Co/Ni/Pt) to verify no metal diffusion to perovskite; XPS/XAS to confirm Co–O–(Ni,Pt) motifs form only after alkaline bias exposure; cross-sectional TEM for barrier integrity.

Step 10 — Decision gates (fail-fast criteria).
10.1 If σeff drop causes Rs increase >0.3 Ω·cm2 at any φ>0.45, constrain porosity window and re-optimize t.
10.2 If dark leakage increases or EL/PLQY drops beyond thresholds, reduce catalyst loading, increase nanolaminate thickness by 1–2 nm, or move catalyst deeper (validated by depth profiling).
10.3 If HER current is dominated by TCO background, increase TCO protection thickness or switch to chemically robust conductive layer (e.g., TiN thin film) while keeping optical losses quantified.","1) Quantitative transport rigor (addresses critique i & v): The proposal no longer assumes “curvature → higher Jsc”; it specifies a drift–diffusion/Poisson + porous-media framework with explicit sweeps over thickness, porosity, tortuosity, and trap density, producing measurable targets (Rs, Rrec, μn, hysteresis) and a curvature-statistics variable (⟨K⟩, σK) extracted from 3D reconstructions. Matched-porosity TPMS/gyroid/lamellar ETLs are the decisive control to isolate Gaussian curvature from surface area and roughness.

2) Hard decoupling (addresses critique ii & iii): The vague SAM “molecular gate” is replaced by a conformal ALD Al2O3/TiO2 nanolaminate with numeric thickness and conductance/ion-blocking targets, plus a crosslinked fullerene overlayer for sputter/contact robustness. Decoupling is treated as a falsifiable device-physics claim verified by dark leakage, ideality factor, EL/PLQY, and bias-dependent EIS to prove no added recombination/shunt pathway after catalyst embedding.

3) Chemical/electronic compatibility (addresses critique iii): Catalyst loading is capped (μg cm−2 regime), morphology is enforced to be discontinuous/non-percolating, placement is controlled (buried away from the interface), and conductive-path formation is screened by c-AFM/KPFM. Post-mortem ToF-SIMS/XPS/TEM directly tests for diffusion and barrier failure.

4) Explicit HER photoelectrode architecture (addresses critique iv): The working electrode exposure area, sealing, reference/counter placement, iR compensation, TCO protection, background subtraction controls, and FE-by-GC are all specified so that TOF reflects catalyst activity rather than parasitic HER on the TCO or series-loss artifacts.

5) Literature-to-logic alignment: The curvature/TPMS rationale leverages demonstrated TOF enhancement in negative-Gaussian-curvature bicontinuous architectures (site accessibility and barrier lowering) and ties electrocatalytic metrics (current density ↔ TOF) to rigorous normalization, while CoNiPt nanoflower motifs are explicitly linked to alkaline HER kinetics via Co–O hybridization. The novelty is the PSC-native implementation: curvature is engineered inside an optoelectronically functional ETL while catalysis is activated only in a physically isolated, electrolyte-facing mode validated by hard decoupling measurements.","This is an unusually detailed and technically mature proposal that demonstrates strong command of both perovskite device physics and alkaline electrocatalysis. The engineering resolution is very high: curvature is not treated as a qualitative descriptor but as a statistically quantified variable (⟨K⟩, σK) linked to transport, field enhancement, and recombination through a coupled drift–diffusion/porous-media framework. The logical chain connecting negative Gaussian curvature to interfacial field redistribution (PV mode) and enhanced reactant/product transport plus kinetic activation (HER mode) is internally consistent and largely free of hand-waving. The hard-decoupling strategy via an ALD Al2O3/TiO2 nanolaminate with numeric conductance and ion-blocking targets is particularly strong and directly addresses the central failure modes of PSC–catalyst integration.

Minor deductions arise from two areas. First, while curvature-specific field enhancement is modeled and probed via indirect proxies (TPC/TPV, KPFM, holography), the causal link between Gaussian curvature statistics and local band bending at the buried perovskite/ETL interface remains experimentally challenging and may be underdetermined without very high-resolution electrostatic measurements. Second, the catalyst synthesis/placement strategy, while carefully constrained, still carries nontrivial risk of introducing sub-bandgap states or long-range dipoles in the ETL that are not fully captured by the proposed trap-density metrics. These are risks of execution rather than conceptual flaws, but they slightly temper the otherwise exceptional logical closure."
"A transient, bicontinuous Schwarz‑P–topology scaffold introduced during perovskite film formation will measurably rewire the 3D grain-boundary (GB) network in mixed-cation/mixed-halide perovskites by (i) increasing GB geodesic tortuosity and reducing straight-through GB percolation, and (ii) reducing the final halide-vacancy population through interfacial coordination that is separable from any solution-phase supersaturation effects. 

Mechanistic rationale (quantitative and falsifiable):
1) Topology imprinting, not “curvature metaphor”: Schwarz‑P fragments/pore fields act as a short-lived bicontinuous obstacle/template that forces a multiply-connected crystallization front. This should shift the GB network from a near-percolating, low-tortuosity set of connected planar boundaries to a higher-tortuosity network with increased triple-junction density and reduced straight-through fraction. The expected outcome is a measurable increase in GB geodesic tortuosity (τGB) and a decrease in through-thickness GB percolation probability (Pperc,z), which directly reduces the effective ionic mobility along connected GB “highways” that underlie PSC bias-stress segregation (the PSC-specific shuttle effect: field-driven halide/cation recirculation and accumulation at interfaces).
2) Transient Fe–N4 coordination as an interfacial defect-thermodynamics lever (distinct from solution complexation): During the short crystallization window, Fe–N4 motifs positioned at the solid–liquid growth interface can preferentially bind undercoordinated Pb (Pb2+ surface sites / iodoplumbate termination motifs) and/or halide-vacancy precursors, raising the effective formation free energy of VI/VBr at the growth front. This is predicted to lower the frozen-in vacancy concentration at steady state after solvent removal and annealing. Crucially, this mechanism must be separable from changes in precursor speciation/supersaturation; we therefore pre-register orthogonal metrics and controls to distinguish (a) bulk-solution iodoplumbate complex shifts vs (b) interface-local binding that changes nucleation/growth and vacancy statistics.
3) De-risked sacrificial step: Rather than oxidatively removing carbon (high risk of Pb–O and halide loss), we will implement a perovskite-compatible sacrificial Schwarz‑type scaffold: (A) a degradable polymeric Schwarz‑P “cubosome-derived” network that can be removed by benign wet chemistry (orthogonal solubility), OR (B) an electrically isolating route with explicitly defined volatile salt chemistry and residue verification. The scaffold must be removed/isolated without measurable perovskite oxidation (XPS Pb–O < detection threshold relative to controls; halide stoichiometry preserved within ±2% by XPS/ToF‑SIMS).

Pre-registered design-rule targets (vs matched controls):
• τGB (geodesic tortuosity for connected GB paths, z-direction): +30% (minimum) 
• Pperc,z (probability of at least one continuous GB path from ETL interface to HTL interface): −50% 
• Straight-through GB fraction fstraight (fraction of GB area belonging to boundaries with local normal within 15° of z and connected across ≥80% thickness): −40% 
• Triple-junction density ρTJ (junctions per µm^3): +25% 
• Interfacial ion accumulation under bias-stress (ToF‑SIMS halide enrichment factor at interfaces after stress): −2× 
• Ionic activation energy Ea,ion (impedance-derived): +20–40 meV 
• Device-level hysteresis index: −50% and Voc: +25 mV without FF loss.

If these topology descriptors do not shift in the predicted direction at constant composition and comparable grain size distribution, the curvature/topology mechanism is falsified; if topology shifts but ion-migration metrics do not, the link to shuttle suppression is falsified; if speciation changes dominate with no interfacial evidence, the Fe–N4 vacancy-thermodynamics claim is falsified.","Step 0 — System definition and matched baselines (pre-registration)
0.1 Perovskite: FA0.8MA0.15Cs0.05Pb(I0.85Br0.15)3 (reference), n–i–p: ITO/SnO2/perovskite/SAM-HTL/Au. Film thickness: 550 ± 30 nm.
0.2 Baseline process window: fixed precursor molarity, solvent system (DMF:DMSO), antisolvent timing, and anneal profile; all scaffold experiments run with identical drying kinetics unless explicitly varied.
0.3 Pre-register morphology matching: keep median grain size within ±15% across conditions (quantified by SEM and EBSD-like orientation proxies from GIWAXS texture) to ensure topology descriptors are not trivially driven by grain coarsening.

Step 1 — Replace high-risk oxidative carbon removal with two scaffold routes (primary + backup)
Route A (Primary, sacrificial & perovskite-compatible): Degradable polymeric Schwarz‑P scaffold
1A.1 Fabricate Schwarz‑P polymer cubosome-derived nanoparticles/fragments (50–150 nm) using block-copolymer cubosomes (e.g., PS-b-PEO or analogous cubosome-forming BCP) as the structural determinant of negative Gaussian curvature. Crosslink to lock topology, then functionalize with sparse N-ligands (pyridinic/porphyrinic moieties) at ≤0.1 wt% Fe loading to create Fe–N4-like coordination sites.
1A.2 Verify topology: SAXS (Pn3m signature), N2 sorption (SSA target >500 m² g⁻¹ for polymer scaffold; carbon-level SSA is no longer required for sacrificial route), and TEM for local bicontinuity.
1A.3 Removal chemistry: orthogonal-solvent wash after perovskite crystallization using a solvent that dissolves the polymer scaffold but does not dissolve or swell the perovskite or transport layers (candidate screening: anisole, toluene, cyclohexane, or other nonpolar solvents chosen based on polymer solubility; perovskite stability verified by XRD/PL/UV‑vis before adoption). Endpoint: QCM-delta mass loss on witness substrates coated with scaffold + perovskite cap; stop when mass loss plateaus.
1A.4 Residue verification: ToF‑SIMS mapping of characteristic polymer fragments; XPS C 1s deconvolution and N 1s signatures vs controls to confirm removal below detection.

Route B (Backup, electrical isolation): Volatile ammonium salt nanogap creation
1B.1 Salt choice: ammonium bicarbonate (NH4HCO3) or ammonium carbamate (NH2COONH4) as pore-forming, low-temperature gas-evolving spacers (decomposition ~40–80 °C releasing NH3/CO2/H2O). Avoid halide salts that could alter stoichiometry.
1B.2 Implementation: after crystallization, infiltrate a dilute solution of the salt in an orthogonal solvent with low perovskite solubility (e.g., isopropanol with controlled water content ≤0.2 vol%); then mild anneal ≤80 °C under N2 to decompose.
1B.3 Residue analysis: ion chromatography for carbonate/bicarbonate remnants, FTIR for carbonate signatures, and XPS N 1s to confirm NHx removal.
1B.4 Electrical isolation verification: conductive-AFM current maps across film cross-sections (prepared by gentle cleaving/FIB with low-dose) and device-level Rs/Rsh mapping; criterion: no increase in shunt pathways and no conductive hotspots co-localized with scaffold remnants.

Step 2 — Scaffold introduction during crystallization with quantitative loading and geometry controls
2.1 Scaffold loading series: 0 (control), 0.005, 0.01, 0.02, 0.05 wt% relative to perovskite solids. Fragment size bins: 50 ± 20 nm and 150 ± 30 nm to test correlation length effects.
2.2 Dispersion protocol: probe sonication with dispersant compatible with precursor (minimal ligand concentration; document via DLS and zeta potential). Confirm no macroscopic aggregation.
2.3 Process: spin coat with fixed antisolvent quench time; staged anneal (e.g., 60 °C short dwell then 100 °C to complete conversion) to allow overgrowth around the scaffold before removal/isolation.

Step 3 — Quantitative topology descriptors from statistically significant 3D datasets (mandatory)
3.1 3D FIB‑SEM tomography on fully formed films (post removal/isolation):
• Volume per sample: ≥(10 µm × 10 µm × full thickness) with voxel size ≤10–15 nm.
• n ≥ 5 volumes per condition across ≥3 independent films.
3.2 Segmentation and metrics (predefined):
• GB extraction using intensity/etch contrast + ML segmentation validated by manual labeling.
• Compute: τGB,z (shortest-path geodesic / thickness), Pperc,z (connected-component percolation), fstraight (orientation + connectivity criterion), ρTJ (skeletonized junction count per volume), GB correlation length ξ (two-point correlation of GB density).
3.3 Acceptance criteria: report effect sizes with confidence intervals; topology claim supported only if τGB,z, Pperc,z, and fstraight shift in targeted directions at constant composition and comparable grain size distribution.

Step 4 — Mechanistic separation: solution complexation vs interface-local Fe–N4 effect (mandatory)
4.1 Precursor speciation assays (solution-phase):
• UV–vis of iodoplumbate charge-transfer bands; Raman for Pb–I/S=O coordination; where feasible, 1H NMR for solvent environment shifts (and diffusion-ordered NMR for complex size trends).
• Compare: (i) scaffold with Fe–N4, (ii) scaffold without Fe, (iii) free molecular Fe–N4 analogue at equal Fe concentration but no scaffold topology.
Decision rule: if speciation changes are identical between (i) and (iii) but topology changes only in (i), then interface/topology dominates; if speciation changes track performance regardless of topology, then supersaturation dominates.
4.2 In situ GIWAXS kinetics during spin/anneal:
• Extract nucleation onset time, intermediate phase lifetime (DMSO adduct), growth exponent, and texture evolution.
• Correlate kinetic parameters with topology descriptors.
4.3 DFT / thermodynamic estimates (minimum requirement):
• Compute binding energies (or free-energy proxies) of I−/Br− and representative undercoordinated Pb–I surface motifs to Fe–N4 vs N‑only sites in a dielectric continuum approximating DMF/DMSO.
• Predict directionality: Fe–N4 should preferentially stabilize interfacial halide/Pb undercoordination relative to solution iodoplumbates; if predicted binding is weaker than solvent complexation, the vacancy-thermodynamics lever is de-emphasized and topology becomes the primary mechanism.

Step 5 — Ion-migration (‘shuttle effect’) quantification linked to topology
5.1 Bias-stress ToF‑SIMS depth profiling: after defined bias/illumination/temperature stress, quantify halide and A-site cation redistribution; report interface enrichment factors and spatial gradients.
5.2 Temperature-dependent impedance spectroscopy: extract Ea,ion and separate ionic/electronic contributions via equivalent-circuit fitting; link Ea,ion shifts to τGB,z and Pperc,z.
5.3 Additional confirmation: Kelvin probe force microscopy under bias to map ionic accumulation potential changes; correlate with GB network maps.

Step 6 — Device performance and stability with topology-performance causality
6.1 Optoelectronics: TRPL, absolute PLQY, Suns‑Voc, EL‑EQE. Targets: ≥2× lifetime, Voc +25 mV at unchanged FF.
6.2 Hysteresis and operational stability: MPP at 60 °C, 1 sun, >500 h; target T80 ≥2×.
6.3 Causality model: multivariate regression/partial correlation where topology descriptors predict ion-migration metrics and device hysteresis after controlling for grain size and composition.

Controls (expanded to meet critique)
C1 Flat/low-curvature nanoparticles with similar chemistry and loading (no Schwarz‑P topology).
C2 Schwarz‑P scaffold without Fe (topology-only).
C3 Free Fe–N4 analogue (chemistry-only) at matched Fe concentration.
C4 Permanent additive left in film (to test parasitic recombination and show necessity of removal/isolation).
C5 Process-matched solvent/additive controls to isolate drying/supersaturation effects.

Go/No-Go gates (risk-managed)
G1 (after Route A removal screening): proceed only if XPS shows no Pb–O increase beyond control and halide ratios within ±2%.
G2 (after tomography): proceed only if ≥2 of 3 primary topology targets (τGB,z, Pperc,z, fstraight) meet thresholds.
G3 (after speciation separation): proceed with Fe–N4 emphasis only if (i) speciation changes are not the sole predictor and/or (ii) DFT indicates meaningful interfacial preference.
G4 (after electrical isolation route, if used): proceed only if c‑AFM shows no conductive percolation and devices show no increased shunting.","1) Quantitative curvature-to-topology link (addresses critique i): The revised proposal eliminates metaphor by (a) defining GB-network descriptors that directly encode connectivity relevant to ion transport (τGB,z, Pperc,z, fstraight, ρTJ, ξ), (b) acquiring them on fully formed films via 3D FIB‑SEM with statistically powered sampling, and (c) pre-registering effect-size targets and falsification criteria. The scaffold’s role is framed as a topology/obstacle template that modifies percolation and geodesic paths—measurable independent of subjective “curvature” language.

2) Corrected bmFeSAC transfer logic (addresses critique ii): We no longer equate electrocatalytic “utilization ratio” with transient passivation. Instead, Fe–N4 is treated as an interfacial coordination motif that may perturb defect thermodynamics during growth. To avoid conflating this with bulk-solution iodoplumbate binding (which could simply shift supersaturation), we add mandatory mechanistic separation: (i) precursor speciation (UV–vis/Raman/NMR), (ii) in situ GIWAXS crystallization kinetics, and (iii) DFT/thermodynamic estimates under solvent-like dielectric conditions. Chemistry-only and topology-only controls (C2–C3) ensure attribution.

3) De-risked sacrificial step (addresses critique iii): Oxidative removal (ozone/CO2 plasma) is replaced by a perovskite-compatible sacrificial scaffold (Route A) removable by orthogonal benign wet chemistry with QCM endpoints and ex situ ToF‑SIMS/XPS verification. This directly addresses selectivity concerns and provides measurable endpoints for complete removal while monitoring Pb–O and halide retention.

4) Electrical isolation is specified and verifiable (addresses critique iv): The salt chemistry is explicitly defined (NH4HCO3 / ammonium carbamate), with decomposition pathway (NH3/CO2/H2O), temperature ceiling (≤80 °C), residue analytics (ion chromatography/FTIR/XPS), and isolation verification (conductive‑AFM + Rs/Rsh mapping). These steps turn isolation into an engineering-controlled variable rather than a conceptual placeholder.

5) Realistic imaging strategy (addresses critique v): Cryo‑TEM of intermediates is no longer load-bearing. The decisive structural evidence is shifted to 3D FIB‑SEM tomography on fully formed films with defined volumes, voxel sizes, replication, and segmentation validation. This is aligned with the reviewer’s mandatory directive and is feasible with established PSC cross-sectional prep workflows.

6) Why Schwarz‑P/bicontinuity remains essential (alignment with original chain): The scaffold is still Schwarz‑P/bicontinuous, leveraging negative Gaussian curvature as a route to multiply-connected interfaces. The repurposing of bmFeSAC concepts is preserved but corrected: curvature/bicontinuity increases interface availability during growth (more interfacial events per additive mass) while Fe–N4 provides selective coordination at the growth front. The combination is designed to suppress PSC ionic “shuttle” by reducing GB straight-through connectivity and by lowering vacancy populations—both quantified and independently testable.","This is an unusually rigorous and technically mature proposal that directly addresses prior conceptual and methodological critiques. Engineering resolution is very high: scaffold synthesis, loading, removal, residue verification, 3D FIB‑SEM tomography, ion-migration assays, and go/no-go gates are all concretely specified with quantitative thresholds. Logical consistency is strong: the proposal clearly separates topology-driven GB percolation control from chemistry-driven vacancy thermodynamics and provides falsifiable decision rules. Minor deductions arise from residual execution risk: (i) polymeric Schwarz‑P cubosome fabrication with consistent fragment size and topology at sub‑0.05 wt% loadings is nontrivial and may introduce dispersion variability; (ii) FIB‑SEM segmentation of GBs at 10–15 nm voxel size remains technically challenging and ML-validation dependent; (iii) Fe–N4 interfacial binding energies in solvent-like environments may be marginal relative to Pb–solvent coordination, potentially limiting effect size. Evidence grounding is solid and domain-appropriate, with no disciplinary hallucination, though the utilization-ratio analogy from bmFeSAC remains conceptually stretched despite correction. Rationale quality is high: the work targets a genuine PSC bottleneck (ionic shuttle via GB percolation) with a structurally novel, topology-informed intervention rather than incremental passivation."
"Embedding an ultrasound-exfoliated, ultrathin Cu3(HHTP)2 nanosheet network as a redox-selective interfacial “electron-pair relay” at the perovskite/transport-layer junction will (i) suppress interfacial radical chemistry and (ii) accelerate carrier extraction, because the Cu–catecholate manifold can operate as a fast, reversible *two-electron (2e−) buffer* that transiently stores charge as a paired redox equivalent (catecholate ↔ semiquinone ↔ quinone coupled to Cu(II)/Cu(I) accessibility) and thereby reduces the lifetime/steady-state population of interfacial 1e− radical intermediates (I•/Pb•/organic radical fragments) that nucleate decomposition and trap formation.

Mechanistic refinement (addressing identifiability): We posit that the Cu3(HHTP)2 interlayer contributes a *gated faradaic (pseudocapacitive) admittance channel* whose kinetics are governed by a pair-transfer rate constant k2 (effective 2e− transfer, including internal reorganization) and an interfacial electronic coupling term κ to perovskite defect/transport-layer states. Under a small-signal EIS perturbation held strictly linear, we periodically toggle the redox occupancy of this channel using a Cu-specific “redox gate” (wavelength- and power-constrained optical excitation, or charge-neutral bipolar micro-pulse electrical gating) at repetition frequency frep and recover the gate-synchronous complex impedance contrast ΔZ(ω; frep) by lock-in demodulation.

Critical claim: A *pair-transfer intermediate* produces a unique, falsifiable ΔZ signature: (a) a single dominant Debye-like dispersive feature in the *complex contrast* ΔY(ω; frep)=Δ(1/Z) with a characteristic phase roll (−0→−π/2) at ω≈1/τ2e, (b) a corner in the *frep dependence* of the contrast amplitude |ΔY| (or |ΔZ|) at frep≈1/(2πτ2e,gate) reflecting finite redox-occupancy tracking, and (c) a shared τ2e and occupancy parameters that globally fit across (T, VDC, gate amplitude) with predictable Arrhenius activation (electronic reorganization, not ionic diffusion). Alternative hypotheses—trap charging, transport-layer photodoping, contact resistance modulation, or ionic RC—predict either (i) different phase signatures (capacitive-only ~−π/2 without faradaic quadrature turnover), (ii) strong DC-bias dependent drift and low-frequency Warburg/constant-phase features, (iii) different wavelength-action spectra, and/or (iv) temperature activation energies characteristic of ion migration (typically higher and strongly bias-dependent). We will predefine and test these competing models via global multi-condition fitting and synchronous redox-state tracking.

Electronic-structure rationale specific to Cu3(HHTP)2 at the PSC interface: Cu3(HHTP)2 is a π–d conjugated conductive MOF whose catecholate ligands provide high DOS near EF and whose Cu nodes can access mixed-valence states. When interfaced with perovskite surface defects (undercoordinated Pb2+, halide vacancies, oxidized iodide species) and transport-layer bands, Fermi-level pinning and band bending can place the MOF EF near the perovskite quasi-Fermi level under operation. This alignment enables rapid interfacial electron exchange while the catecholate/Cu manifold provides a multi-electron redox reservoir, favoring paired charge storage over long-lived 1e− radicals. The decisive, falsifiable mechanistic prediction is *coincidence of (i) the ΔZ(frep) corner frequency, (ii) operando Cu redox-state modulation (XANES/optical), and (iii) radical suppression (EPR)* under Cu-selective gating, with shared kinetics and phase behavior incompatible with purely capacitive or ionic explanations.","Step 0 — Predefine quantitative models and identifiability tests (before device data).
0.1 Competing kinetic/electrical models (all expressed as complex admittance Y(ω) and a gate-modulated contrast ΔY):
  M1 (2e− pair-transfer buffer): gate modulates faradaic pseudocapacitance Cf and charge-transfer resistance Rf of a redox branch with first-order occupancy dynamics τg. Equivalent: ΔY(ω)=A·(1/(1+iωτ2e)) multiplied by an occupancy-tracking factor (1/(1+i·2πfrep·τg)) and in parallel with baseline recombination/transport elements. Predicts a dispersive quadrature peak and a phase-lag maximum near ωτ2e≈1.
  M2 (trap occupancy charging): ΔY dominated by ΔCit with broad CPE exponent α<1, weak quadrature turnover, action spectrum follows perovskite subgap tails; predicts strong dependence on illumination history and no synchronous Cu K-edge modulation.
  M3 (photodoping of ETL/HTL): ΔRtransport and ΔCgeo changes with near-zero faradaic phase signature; action spectrum follows transport-layer absorption; Cu redox tracking absent.
  M4 (ionic redistribution RC): low-frequency arc/Warburg; strong DC-bias and temperature dependence with Ea consistent with halide migration; strong hysteretic drift; ΔY peaks at very low ω and does not match Cu redox modulation corner.
0.2 Global-fit strategy (mandatory identifiability): acquire ΔY(ω; frep) datasets across a matrix of conditions and fit M1–M4 with shared parameters:
  • Temperature: 250–330 K (to separate electronic vs ionic activation)
  • DC bias: at Voc-equivalent, MPP, and ±0.2 V around operating point
  • Gate amplitude: 3–20 mV electrical (charge-neutral bipolar) and/or optical power (see Step 2)
  Constraints: τ2e(T,V), τg(T,V), and A(V) must be consistent across datasets; penalize models requiring condition-specific parameters to fit.
  Output: model selection via AIC/BIC + residual phase-structure analysis.

Step 1 — Materials synthesis, purification quantification, and integration windows.
1.1 Ultrasound-assisted Cu3(HHTP)2 nanosheets (Asset 1-informed):
  • Start from pre-synthesized Cu3(HHTP)2 powder; exfoliate in anhydrous, low-donor solvent (e.g., dry acetonitrile or IPA/ACN mix) using probe sonication with controlled energy density (report J/mL) and bath cooling to keep <20 °C.
  • Size/thickness selection: differential centrifugation to target 50–300 nm lateral size and ~2–10 nm thickness. Characterize by AFM/TEM and UV–vis–NIR.
1.2 Surfactant/ligand residue control (quantified, reviewer-critical):
  • Avoid surfactants where possible; if dispersant used, quantify residuals by TGA/FTIR and XPS (C–O/C=O signatures).
  • Purge protocol: ≥5 solvent-exchange cycles + vacuum anneal (80–120 °C, inert) until residue below a predefined threshold (e.g., <1 wt% organic residue by TGA; no detectable N/S surfactant peaks in XPS).
1.3 Integration window definition (thickness/coverage acceptance):
  • Target areal coverage 10–40% (patchy percolative relay) and equivalent thickness 0.3–2.0 nm (ellipsometry/QCM on witness). Define go/no-go: added series resistance ΔRs < 0.2 Ω·cm²; optical parasitic absorption ΔJsc loss <0.3 mA/cm².
1.4 Redox-state conditioning and retention test:
  • Precondition MOF films on inert substrates by mild electrochemical steps to set initial occupancy (Cu/catecholate state). Verify by in situ UV–vis–NIR signatures.
  • Retention criteria: under 1 sun bias at MPP for 1 h, the MOF spectral signature drift <10% and no irreversible Cu reduction/oxidation signature accumulation.

Step 2 — Constrain the “redox gate” to be Cu-specific (wavelength-resolved and photothermal-controlled).
2.1 Spectral selectivity mapping (before devices):
  • Measure absorption and photothermal response of: (i) Cu3(HHTP)2 film, (ii) perovskite film, (iii) ETL/HTL films, and stacks, from 700–1400 nm.
  • Identify two gating wavelengths:
    λCu: maximizes Cu3(HHTP)2 absorption/charge-transfer excitation while minimizing perovskite subgap absorption.
    λref: produces matched perovskite subgap absorption/heating but minimal Cu3(HHTP)2 excitation (control).
  • Calibrate temperature rise via IR thermometry/Raman thermometry or thermoreflectance; enforce ΔT < 0.2–0.5 K under gating.
2.2 Optical gating protocol (Cu-selective, equalized controls):
  • Use intensity-modulated NIR at λCu with low photon flux; verify no measurable change in perovskite photocarrier density using transient photovoltage baseline and steady-state PL (within noise).
  • Control: apply λref with adjusted power to match any residual perovskite photocarrier/heating signatures; require that any ΔZ unique to λCu persists after equalization.
2.3 Electrical gating alternative (to avoid optical artifacts):
  • Apply *bipolar charge-neutral micro-pulses* around the DC operating point (e.g., +ΔV for half-period, −ΔV for half-period, net zero) to minimize ionic drift.
  • Confirm linearity: AC EIS amplitude fixed at 5–10 mV; verify no harmonics beyond 1st in current response.

Step 3 — Device fabrication with interface localization and rigorous controls.
3.1 Architectures:
  • n–i–p: FTO/SnO2/perovskite/HTL/Au.
  • p–i–n: ITO/SAM (MeO-2PACz) or NiOx/perovskite/ETL/Ag.
3.2 Interface placement matrix:
  • Insert Cu3(HHTP)2 at exactly one interface per device: perovskite/ETL or perovskite/HTL.
  • Controls (mandatory):
    C1 inert 2D barrier (Al2O3 or hBN) matched coverage.
    C2 graphene-only network (conductivity/contact control).
    C3 redox-quenched Cu3(HHTP)2 (chemically locked) vs redox-active.

Step 4 — RF-LID-EIS implementation with demodulated complex contrast and global identifiability.
4.1 Measurement architecture:
  • Maintain fixed small-signal EIS amplitude (5–10 mV) at a stabilized DC bias (Voc-equivalent and MPP).
  • Apply periodic gate at frep (0.1 Hz–10 kHz) while sweeping EIS ω (e.g., 0.1 Hz–1 MHz). Use synchronous detection to extract:
    Z0(ω): time-average impedance.
    ΔZ(ω; frep): complex gate-synchronous contrast (both in-phase and quadrature).
  • Record full complex response (magnitude + phase) rather than only magnitude.
4.2 Pre-registered criteria for a 2e− buffer signature (falsifiable):
  • Coincident corner frequencies: (i) |ΔZ| vs frep shows a roll-off at frep≈1/(2πτg); (ii) ΔZ phase vs ω shows a maximum lag near ω≈1/τ2e.
  • Action spectrum specificity: ΔZ present at λCu but suppressed at λref after perovskite equalization.
  • Global-fit parsimony: M1 fits across T/V/gate with shared τ2e and τg; M2–M4 require condition-specific parameter drift or fail phase residual tests.

Step 5 — Direct operando redox-state tracking synchronized to frep (reviewer-mandated).
5.1 Operando Cu K-edge XANES/EXAFS (preferred where feasible):
  • Measure Cu edge under identical gating (same frep) on device-like stacks (thin top electrode or X-ray-transparent architecture). Lock-in/synchronous analysis to extract Δμ(E) at frep.
  • Extract reversible oxidation-state modulation amplitude and phase; require that its tracking corner frequency matches ΔZ(frep) within experimental uncertainty.
5.2 In situ UV–vis–NIR of Cu3(HHTP)2 in stacks (if XANES access limited):
  • Monitor MOF polaron/intervalence bands under gating; perform frequency-response of optical contrast and compare τg to impedance-derived τg.

Step 6 — Radical/intermediate suppression tests linked to the same gating state.
6.1 Operando EPR under gated conditions:
  • Compare buffer-ON vs buffer-OFF radical signatures (iodine radicals, organic radicals) while keeping perovskite photocarrier density controlled (λCu/λref equalization).
  • Requirement: radical suppression correlates with the impedance-defined buffer-ON state and shares frep cutoff behavior.

Step 7 — Band alignment, coupling to defects, and why 2e− is favored (device-environment specific).
7.1 UPS/KPFM and transient surface photovoltage:
  • Determine MOF work function, perovskite surface energetics before/after MOF insertion; assess Fermi-level pinning shifts.
7.2 DFT-level justification (bounded scope):
  • Compute energetics for 1e− vs 2e− addition to catecholate/Cu motifs with halide/perovskite-like ligation; predict whether paired storage lowers formation energy of radical intermediates.
  • Identify where charge resides (ligand-centered vs Cu-centered) and expected spectroscopic markers (XANES edge shift; optical polaron bands).

Step 8 — Integration failure modes and quantified mitigation.
8.1 Migration/complexation assays:
  • ToF-SIMS depth profiling after aging (MPP, heat) for Cu and halides; define acceptable Cu penetration below detection or below a threshold relative to controls.
  • XPS profiling to detect halide complexation or Cu–I species.
8.2 Structural/chemical retention:
  • GIWAXS/XRD for MOF signature retention; AFM/KPFM for interfacial uniformity; leakage/current mapping (c-AFM) for shunt formation.
8.3 Stability testing with mechanistic readouts:
  • ISOS-L at MPP, plus elevated temperature/humidity subsets; periodically repeat RF-LID-EIS + redox tracking to identify early failure (loss of τ2e feature, loss of Cu modulation, onset of ionic signatures).

Step 9 — Device performance metrics and success gates.
9.1 Performance:
  • Stabilized MPP, Voc, FF, hysteresis vs scan rate; correlate improvements with ΔRct, ΔRrec extracted from Z0 plus ΔZ-derived buffer contribution.
9.2 Go/no-go criteria:
  • Mechanistic: synchronized Cu redox modulation at frep with matching ΔZ corner and EPR radical suppression.
  • Device: simultaneous decrease in effective interfacial Rct and increase in recombination resistance under buffer-ON; improved operational stability vs all controls.
  • Safety: no evidence of Cu migration-driven degradation beyond predefined ToF-SIMS thresholds; no increased leakage/shunting.","1) Empirical basis and transfer logic (Assets 1–3 aligned): Ultrasound-assisted ultrathin Cu3(HHTP)2 heterostructures show enhanced charge transfer and strong electronic response under high-frequency operation (Asset 1), supporting feasibility of fast electronic gating rather than slow ionic processes. EIS is demonstrably sensitive to interfacial charge-transfer resistance changes in MOF-based composites and can resolve reduced Rct when charge transfer is enhanced (Asset 2). MOF/PCP electrochemistry explicitly frames pathway control (2e− vs 1e−) as a design lever tied to electronic structure and conductivity (Asset 3); the proposal translates that lever to a PSC interface where radical-mediated decomposition is a known failure initiator.

2) Addressing reviewer gate ambiguity: The gate is constrained by (i) wavelength-resolved action spectra with λCu/λref equalization, (ii) strict photothermal caps (ΔT bound), and (iii) an electrical option using bipolar charge-neutral micro-pulses to minimize ionic drift. These steps directly prevent subgap perovskite photocarrier changes or heating from masquerading as a Cu redox effect.

3) Identifiability and causal attribution: The proposal now predefines a quantitative kinetic-admittance model (M1) that predicts not only amplitude but phase behavior of ΔZ/ΔY, and it mandates model discrimination against trap charging, photodoping, and ionic RC alternatives via global fits across T/V/gate with shared parameters (AIC/BIC + phase-residual structure). Most importantly, it couples the impedance signature to an independent, synchronized measurement of the Cu redox state (operando Cu K-edge XANES/EXAFS or in situ UV–vis–NIR), requiring matching corner frequencies—an identifiability constraint that generic capacitance/trap models cannot satisfy.

4) Electronic-structure specificity and falsifiable coupling: Band alignment and defect coupling are made testable by UPS/KPFM and transient surface photovoltage to show Fermi-level pinning/bending consistent with interfacial electron exchange; DFT provides a bounded, device-relevant rationale for why paired storage is energetically preferred and where charge resides (Cu vs ligand), generating explicit spectroscopic predictions.

5) Integration risks and mitigation windows: The plan explicitly treats Cu migration, halide complexation, and moisture/catalytic risks as measurable failure modes (ToF-SIMS, XPS, GIWAXS/XRD, leakage mapping). It defines acceptable thickness/coverage windows to avoid series resistance and parasitic absorption, and it quantifies residue thresholds for the surfactant/ligand purge. Redox-state retention is tested under operating bias/light to ensure the interlayer remains in the intended bistable regime.

Collectively, these refinements convert the concept from a plausible narrative to a tightly testable mechanistic program where the key claim—2e− buffering that suppresses 1e− radicals—must satisfy synchronized kinetic/spectral constraints across impedance, Cu redox tracking, and radical spectroscopy, while surviving stringent integration-risk assays.","This is an exceptionally detailed and methodologically mature proposal that goes far beyond a narrative hypothesis. Engineering resolution is very high: the RF-LID-EIS scheme with lock-in demodulated complex contrast, predefined identifiability tests, residue thresholds, coverage windows, and synchronized operando Cu redox tracking reflects near-implementation-level planning. Minor deductions arise from practical risk: Cu K-edge operando XANES on full PSC stacks and strict thermal caps under optical gating may be experimentally limiting for many labs, introducing feasibility compression rather than conceptual weakness.

Logical consistency is strong and internally disciplined. The two-electron buffer hypothesis is not merely asserted but tied to falsifiable kinetic, phase, and frequency-domain signatures that are explicitly contrasted against trap, photodoping, and ionic alternatives. The main logical vulnerability is that the proposal implicitly assumes that paired charge storage necessarily suppresses 1e− radical chemistry at the perovskite interface; while plausible, this causal link still hinges on correlational operando evidence rather than a direct reaction-pathway exclusion.

Evidence grounding is excellent: Cu3(HHTP)2 electronic structure, pseudocapacitance, EIS sensitivity to interfacial Rct, and radical-driven PSC degradation are all domain-native concepts. The proposal stays firmly within perovskite optoelectronics and MOF electrochemistry without speculative cross-domain borrowing.

Rationale quality is very high. The work reframes interfacial stability not as static passivation but as dynamic, frequency-addressable redox buffering—an original functional adaptation of conductive MOFs. The slight deduction reflects that the core material (Cu3(HHTP)2) is already well-known; novelty resides more in mechanistic deployment and identifiability rigor than in material discovery."
"Embedding a redox-buffered, dual-ligand EC-MOF (HITP/HHTP–Cu) as a nanoscopic, percolative “charge-regulation interphase” inside the perovskite top-surface (rather than as a discrete interlayer) will simultaneously (i) increase quasi-Fermi level splitting (higher Voc) by suppressing interfacial non-radiative recombination and (ii) improve room-temperature operational stability by reducing interfacial halide vacancy activity and metal-electrode-induced degradation. Mechanistically, tuning the HITP:HHTP molar ratio controls (a) the density and potential of reversible Cu(II)/Cu(I) redox sites that can buffer photogenerated interfacial charge and pin the interfacial electrochemical potential, and (b) the distribution of Lewis-basic (imine) vs Lewis-acidic/phenolic coordination motifs that selectively bind under-coordinated Pb2+ and halide-vacancy-adjacent sites, thereby lowering trap-assisted recombination rates while reducing the driving force for ion accumulation at the contact. Methodological adaptation: instead of spray layer-by-layer growth of a continuous MOF nanofilm (rejected approach), we adapt spray LbL into a “reactive infiltration sLbL (ri-sLbL)” that deposits sub-monolayer ligand pulses and Cu pulses that nucleate an EC-MOF only within the top 10–30 nm of a pre-formed 3D perovskite via capillary infiltration and grain-boundary-limited coordination—creating a vertically graded, electrically conductive, defect-selective interphase that is intrinsically conformal and mechanically locked into the perovskite surface.","Step 1: System setup and control matrix
1.1 Device platform: choose one scalable architecture to avoid confounding (e.g., p–i–n: glass/ITO/NiOx(or MeO-2PACz)/3D perovskite/C60/BCP/Ag). Keep ETL/metal fixed.
1.2 Perovskite absorber: FA/Cs mixed-halide (e.g., FA0.85Cs0.15Pb(I0.9Br0.1)3) processed reproducibly; target 500–700 nm thickness and comparable grain size across all sets.
1.3 Controls: (C0) no treatment; (C1) conventional surface passivation with a small-molecule Lewis base (non-conductive); (C2) ri-sLbL with HHTP-only; (C3) ri-sLbL with HITP-only; (C4–C8) ri-sLbL with HITP:HHTP molar ratios (1:9, 3:7, 5:5, 7:3, 9:1).

Step 2: Reactive infiltration spray-layer-by-layer (ri-sLbL) to form a graded EC-MOF interphase
2.1 Perovskite-safe ri-sLbL chemistry design (key adaptation):
- Use ultradilute ligand solutions (10–200 µM) in low donor-number, fast-evaporating solvent blends (e.g., anisole/isopropanol or 2-MeTHF/alcohol) to prevent bulk dissolution.
- Use a Cu(II) precursor that minimizes perovskite etching (screen Cu(acetate)2 vs Cu(hfac)2 vs Cu(TFA)2 in orthogonal solvents) at micromolar-to-millimolar “microdose” levels.
- Introduce a humidity-controlled spray environment (e.g., 20–30% RH) to stabilize perovskite surface during pulsed wetting while maintaining reproducible infiltration depth.
2.2 ri-sLbL cycle architecture (distinct from continuous film growth):
- Pulse A (Ligand): spray mixed HITP/HHTP at defined molar ratio for 0.2–1.0 s to wet only the top surface; 10–30 s dry/purge to drive capillary infiltration into grain boundaries.
- Pulse B (Cu-node): spray Cu precursor for 0.1–0.5 s; 10–30 s dry/purge.
- Repeat 2–10 cycles. The objective is not a pinhole-free overlayer, but a perovskite-embedded coordination network localized to the top 10–30 nm.
2.3 Vertical confinement and grading:
- Limit total delivered moles per unit area to avoid a continuous external MOF film; target an EC-MOF volume fraction below the optical percolation threshold at the very surface while ensuring electronic percolation along grain-boundary pathways.
- Optional “cap” step: one final ligand-only pulse (no Cu) to terminate coordinatively unsaturated sites and reduce interfacial chemical reactivity with C60.
2.4 Integration into device stack:
- Deposit C60 by thermal evaporation to avoid solvent re-entry and to preserve the graded interphase.
- Keep processing temperature ≤ 100 °C to preserve the Cu redox state distribution established during ri-sLbL.

Step 3: Mechanistic validation linking HITP:HHTP ratio → redox buffering/coordination selectivity → Voc/stability at RT
3.1 Structural/chemical proof of embedded interphase (not a top film):
- Angle-resolved XPS and ToF-SIMS to quantify Cu, N (HITP), O (HHTP) depth distribution; success criterion: decaying concentration within ~10–30 nm.
- Cross-sectional STEM-EELS on selected samples to locate Cu along grain boundaries and near surface.
3.2 Electronic mechanism (recombination/contact):
- Absolute PLQY and quasi-Fermi level splitting (QFLS) of perovskite films before ETL deposition; correlate QFLS gain with ligand ratio.
- TRPL + transient photovoltage/photocurrent to extract surface recombination velocity changes.
- Kelvin probe (KPFM/UPS) to track work function shifts and interfacial band bending induced by different HITP:HHTP ratios.
3.3 Redox buffering mechanism:
- Operando XAS or EPR (if available) to detect Cu(II)/Cu(I) changes under illumination and bias; alternatively, ex situ XPS (Cu 2p) after controlled light soaking.
- Bias-stress at RT (forward bias in dark and at 1-sun) with periodic Voc and impedance measurements; test whether samples with optimal ratio show reduced low-frequency ionic features and smaller Voc drift.
3.4 Ion-migration and interfacial degradation:
- Hysteresis index, stabilized MPP tracking, and temperature-dependent J–V to separate ionic vs electronic limitations.
- ToF-SIMS after aging to detect halide accumulation at Ag/BCP and at the perovskite/C60 interface; compare across ratios.
3.5 Stability protocol and success metrics:
- ISOS-L-2 at 25–30 °C with MPP tracking; target ≥2× T80 vs C0.
- Performance targets: Voc increase ≥ 30 mV without Jsc loss > 1% absolute; reduced hysteresis and reduced Voc drift under continuous illumination at RT.
- Reproducibility: ≥20 devices per condition; include mini-module test (e.g., 5–10 cm2) using identical ri-sLbL spray conditions to demonstrate scalability.","1. Theoretical/Empirical Basis: Dual-ligand EC-MOFs (HITP/HHTP–Cu) are known to provide tunable conductivity and electronic structure via ligand ratio, with defect/coordination chemistry strongly affecting charge-transfer and response dynamics at room temperature. In PSCs, the dominant losses and instabilities frequently originate within the top tens of nanometers near interfaces and grain boundaries; a confined, coordination-driven interphase is therefore a physically targeted intervention rather than a generic coating.
2. Transfer Logic (How the adaptation fits the domain): ri-sLbL converts a film-fabrication concept from EC-MOF sensing into a perovskite-specific interphase-forming process: pulsed wetting + purge drives infiltration and reaction only where perovskites are most vulnerable (surface/grain boundaries), while keeping the bulk absorber intact. The HITP:HHTP ratio becomes an interfacial electrochemical tuning knob to regulate redox buffering and defect coordination, directly addressing Voc loss (non-radiative recombination) and RT instability (ionic/electrode-driven interfacial reactions).
3. Comparative Advantage: Unlike discrete interlayers (including the rejected continuous MOF nanofilm concept), a graded embedded interphase (i) is mechanically anchored and less prone to delamination/cracking, (ii) avoids added optical parasitic absorption from a continuous overlayer, (iii) reduces sensitivity to roughness by forming where grain boundaries exist, and (iv) introduces a reversible redox buffer that can damp interfacial potential spikes and slow degradation pathways without relying on mobile dopants typical of organic HTLs.","This is a technically strong and unusually well-resolved proposal that demonstrates deep familiarity with both EC-MOF chemistry and perovskite interfacial loss physics. The ri-sLbL concept is logically motivated, experimentally constrained, and appropriately scoped to the known vulnerability of the perovskite top-surface and grain boundaries. The dual role of HITP:HHTP ratio—simultaneously tuning redox buffering capacity and coordination selectivity—is scientifically credible and well integrated into the Voc and RT stability hypotheses. Minor score deductions arise from (i) partial over-reliance on advanced characterization (operando XAS/EPR, STEM-EELS) that may not be uniformly accessible and could become a bottleneck, and (ii) the assumption that Cu redox buffering will not introduce long-term electronic noise or slow recombination channels under bias, which is acknowledged implicitly but not explicitly de-risked with a falsification pathway. These are execution-risk issues rather than conceptual flaws."
"Embedding an ultrathin (10–25 nm) bicontinuous PCN-templated CoOx–conductive-polymer interlayer at the perovskite/HTL interface will increase Voc and operational stability only if two quantitative conditions are met: (1) the interlayer formation stays within a verified perovskite-compatibility window (no measurable halide depletion, no Pb0 formation, no lattice disruption beyond predefined thresholds), and (2) the interlayer provides a *falsifiable* reduction of interfacial ionic flux under bias via specific halide-vacancy binding plus interfacial potential homogenization. Mechanistically, the bicontinuous negative-curvature architecture increases the density of *accessible* coordination and adsorption sites per projected area without requiring a thick resistive oxide, enabling (i) chemical passivation of under-coordinated Pb2+ and iodide-related surface terminations through ligand/Co–O(H) motifs and (ii) immobilization of positively charged halide vacancies (V•I/V•Br) and/or interstitial halides at CoOx surface hydroxyl/oxygen-vacancy-associated sites and residual PCN-derived Lewis-base termini. In parallel, polymer infiltration creates a continuous electronic percolation path that prevents the high-area CoOx from becoming recombination-active by enforcing hole selectivity (work-function alignment + reduced interfacial energetic disorder) while distributing interfacial capacitance to flatten local electric-field hot spots. The ion-migration claim will be tested against an explicit coupled ionic–electronic drift–diffusion model with interlayer trap density (Ntrap), trap binding energy (Eb), and interlayer chemical capacitance (Cμ) as fit parameters; the hypothesis is falsified if measured activation energies and KPFM-mapped potential gradients can be explained by capacitance-only controls (inert porous scaffold + polymer) without invoking vacancy trapping (Eb ≈ 0).","Step 0 — Reference stack, metrics, and quantitative kill-criteria (pre-registered)
0.1 Baseline device: glass/ITO/SAM (MeO-2PACz)/FA0.83Cs0.17Pb(I0.8Br0.2)3/HTL (PTAA or equivalent)/Au; target baseline PCE ≥20% and Voc within literature for the stack.
0.2 Define non-negotiable compatibility kill-criteria after each processing sub-step (PCN growth, oxidation, polymer infiltration), assessed on perovskite films (no HTL/Au):
  - Grazing-incidence XPS/HAXPES: Pb0/(Pb2++Pb0) ≤ 0.5 at.% (or ≤ +0.3 at.% increase vs pristine); I/Pb and Br/Pb change ≤ 5% relative; N/Pb (FA/Cs proxy via N 1s) change ≤ 5% relative.
  - GIWAXS: no new PbI2 peak intensity increase beyond +5% (integrated area) vs pristine; no significant perovskite peak broadening beyond +10% FWHM.
  - Optical: steady-state PL peak shift ≤ 5 nm (to avoid halide-segregation artifacts) and absorption onset unchanged within experimental error.
Failure to meet any threshold triggers process-window adjustment (solvent, time, oxidant) or replacement of oxidation route.

Step 1 — Interlayer synthesis with explicit process windows (compatibility-first)
1.1 Perovskite surface pre-conditioning (optional, low-risk): brief exposure (10–30 s) to a vapor-phase Lewis base (e.g., pyridine derivative) or very dilute orthogonal antisolvent rinse (non-coordinating) to standardize surface termination; verify no kill-criteria violations.
1.2 PCN interfacial growth (low-temperature, short-time, solvent-orthogonal):
  - Goal: a conformal, sub-10 nm PCN seed film that can be converted into a bicontinuous Co-containing scaffold without dissolving perovskite.
  - Route: vapor-assisted or orthogonal-solvent layer-by-layer (LbL) growth using a cobalt precursor with minimal water content and a ligand bearing Lewis-base termini (pyridyl/carboxylate). Parameters to screen: total growth time (30–300 s), temperature (25–80 °C), and precursor concentration (low mM).
  - Verification after growth: GI-XPS/HAXPES + GIWAXS kill-criteria; AFM for roughness change (ΔRMS ≤ 5 nm).
1.3 Oxidative conversion to mixed-valence CoOx while preserving bicontinuity (replace plasma/UV-ozone if needed):
  - Primary route (buffered chemical oxidation): mild oxidant in an orthogonal medium (e.g., controlled exposure to a buffered oxidizing vapor/solution system) to convert Co(II)→Co(III) partially while limiting halide extraction; tune dose to obtain Co(III)/(Co(II)+Co(III)) in a target window (to be mapped).
  - Secondary route (only if kill-criteria pass): ultra-low-dose UV-ozone as a calibration tool, not default; no O2 plasma unless demonstrated non-destructive by GI-XPS/HAXPES.
  - Output target: 10–25 nm continuous, bicontinuous CoOx-rich scaffold with residual PCN-derived coordination motifs.
  - Verification: GI-XPS (Co 2p, O 1s, Pb 4f), HAXPES depth sensitivity to ensure perovskite is not reduced; GIWAXS to confirm no PbI2 growth.

Step 2 — Polymer wiring with quantified fill fraction and selectivity safeguards
2.1 Conductive polymer selection and infiltration method (minimize recombination risk):
  - Use a low-acidity, HTL-compatible polymer (e.g., PTAA-compatible polythiophene or PEDOT-derivative engineered to be non-acidic) and avoid aggressive dopants initially.
  - Sequential infiltration: 3–8 cycles of dilute polymer solution; each cycle includes deposition + brief drying; stop when percolation is achieved without pore clogging.
2.2 Quantify polymer fill fraction and accessible internal area proxies (replace BET analog inference):
  - Quartz-crystal microbalance (QCM) on a planar witness substrate carrying the same interlayer to quantify mass uptake per infiltration cycle.
  - STEM tomography (or cross-sectional STEM + segmentation) on representative samples to estimate void fraction and polymer-filled fraction; report a calibrated fill factor (ffill).
  - Dye uptake/infiltration assay (small molecule with known size) to quantify accessible pore volume after oxidation and after polymer infiltration; define a target window: maintain ≥30–60% of initial uptake after wiring (i.e., avoid full clogging).
2.3 Work-function and band-alignment tuning with explicit controls:
  - UPS/Kelvin probe to measure work function after oxidation and after polymer infiltration; define acceptable range to ensure hole selectivity (increase relative to pristine perovskite contact; exact numerical target set from measured perovskite VBM).
  - Introduce dopants only after selectivity is demonstrated; if doping is used, keep dopant loading as a variable in a controlled matrix and re-check dark JV leakage.

Step 3 — Device matrix designed to discriminate mechanisms (passivation vs selectivity vs capacitance vs trapping)
3.1 Fabricate devices with the following matched-thickness interlayers:
  A) No interlayer (baseline)
  B) Polymer-only (same polymer mass as in wired interlayer)
  C) CoOx-only dense film (non-porous, same thickness)
  D) CoOx bicontinuous scaffold without polymer wiring
  E) PCN (no oxidation)
  F) Inert bicontinuous scaffold + polymer (capacitance-only control; chemically inert oxide/scaffold without specific halide binding chemistry)
  G) Full bicontinuous CoOx + polymer (target)
3.2 Each condition must pass the Step-0 kill-criteria before device completion; otherwise it is excluded and treated as a failed process window, not as a performance datapoint.

Step 4 — Discriminating characterization: compatibility, selectivity, recombination, and ion migration (quantitative)
4.1 Compatibility and chemical integrity after each sub-step:
  - GI-XPS/HAXPES: Pb0, halide ratios, N 1s; Co valence distribution; O 1s components (lattice O vs OH/adsorbates).
  - GIWAXS: perovskite phase purity; PbI2 evolution.
  - TOF-SIMS (gentle profiling on witness films): check for halide depletion at the top 10–20 nm and Co penetration (should be minimal).
4.2 Demonstrate electrical selectivity (not just PL):
  - QFLS (from absolute PLQY) vs extracted Voc across all controls; require Δ(QFLS − Voc) not to worsen vs baseline.
  - Dark JV: ideality factor (n), leakage current at low bias, and activation-energy analysis (temperature-dependent JV) to identify new interfacial SRH or shunt pathways.
  - TPV/TPC (optically calibrated) to extract interface recombination velocity proxies and charge-extraction kinetics.
  - Intensity-dependent Voc and Jsc to separate bulk vs interface recombination contributions.
4.3 Falsifiable ion-migration mechanism with activation energies + potential mapping + modeling:
  - Ionic-blocking stack for temperature-dependent EIS: design a stack that blocks electronic current while allowing ionic response (e.g., perovskite/interlayer/ionic-blocking electrodes), then extract ionic conductivity (σion) and activation energy (Ea) via Arrhenius fits; compare G vs F (capacitance-only) to isolate trapping (expect higher Ea and/or lower σion only when binding sites exist).
  - KPFM under bias/light: map interfacial potential distribution and its evolution over time; quantify field inhomogeneity metrics (σV or ∇V) and compare across controls to separate field smoothing (capacitance) from true immobilization (reduced time-dependent drift).
  - Bias-stress + hysteresis/Voc-drift: measure hysteresis index, Voc(t) drift at fixed illumination and MPP; correlate with σion, Ea, and KPFM metrics.
  - Coupled ionic–electronic drift–diffusion fitting: fit transient Voc drift and hysteresis curves with interlayer terms: chemical capacitance (Cμ), trap density (Ntrap), and binding energy (Eb). Model selection criterion: capacitance-only (Eb=0) must fail to fit target-layer data if trapping is real.
4.4 Stability testing with mechanistic post-mortem:
  - ISOS-L, ISOS-O (MPP), and 85 °C thermal; report T80 and failure signatures.
  - Post-mortem GI-XPS/HAXPES + TOF-SIMS to identify halide redistribution and Pb0 emergence; correlate degradation pathways with the modeled ionic parameters.

Step 5 — Success metrics (quantitative and mechanism-linked)
5.1 Performance: ≥30–60 mV Voc gain at matched Jsc (within ±1% relative), and no FF penalty from leakage (dark JV constraints).
5.2 Selectivity: improved or unchanged Δ(QFLS − Voc) vs baseline; reduced interface recombination velocity proxy from TPV/TPC.
5.3 Ion migration: ≥ 50% hysteresis reduction and ≥2× improvement in MPP T80; additionally, demonstrate either (i) reduced σion or increased Ea vs capacitance-only control, and/or (ii) model requires Eb>0 to fit.
5.4 Structure–property linkage: Voc gain and ionic suppression must correlate with measured accessible-porosity proxies (dye uptake, QCM uptake, tomography-derived ffill) across dense vs bicontinuous vs inert-bicontinuous controls.","Addressing compatibility risk (reviewer point i): The revised plan explicitly treats perovskite integrity as a gated constraint, not an assumption. GI-XPS/HAXPES and GIWAXS are inserted after *each* interfacial step with pre-defined kill-criteria for halide loss, Pb0 formation, FA depletion, and PbI2 growth. Oxidation is no longer defaulted to UV-ozone/plasma; a buffered chemical oxidation route is prioritized, with UV-ozone used only as a calibrated backup if (and only if) kill-criteria remain satisfied.

Mechanistic specificity for ion migration (reviewer point ii): The proposal now specifies the likely mobile species under operating bias in mixed-halide perovskites (dominantly halide vacancies V•I/V•Br and halide redistribution I−/Br−) and defines how the interlayer could suppress their interfacial flux via (a) binding/immobilization at CoOx surface O/OH/defect sites and residual Lewis-base motifs and (b) field homogenization through distributed interfacial capacitance. Importantly, this is made falsifiable by: (1) temperature-dependent EIS on an ionic-blocking stack to extract σion and Ea, (2) KPFM under bias/light to quantify potential gradients and their time evolution, and (3) fitting hysteresis/Voc-drift with a coupled drift–diffusion model that includes explicit trap terms (Ntrap, Eb) and capacitance (Cμ). The inert bicontinuous scaffold + polymer control isolates capacitance-only behavior.

Selectivity and recombination risk management (reviewer point iii): Recognizing that CoOx can be leaky or recombination-active, the revised plan requires selectivity demonstration via QFLS vs Voc, dark JV ideality/leakage/activation-energy analysis, and TPV/TPC-derived recombination metrics. Polymer wiring is treated as a controlled percolation problem with measured fill fraction (ffill) and stepwise doping only after leakage is ruled out. This prevents an apparent PL improvement from masking an electrically non-selective contact.

Tightened structure–property linkage (reviewer point iv): The plan removes reliance on BET powder analog inference and replaces it with film-relevant, quantitative proxies: QCM mass uptake per infiltration cycle, dye infiltration uptake to estimate accessible pore volume, and STEM tomography-derived polymer fill fraction/void connectivity. These metrics are explicitly correlated with Voc gains, recombination parameters, and ionic parameters across dense vs bicontinuous vs inert controls, directly testing the bicontinuity → accessibility → passivation/ion suppression causal chain.

Overall feasibility: The concept leverages established principles that bicontinuous architectures maximize accessible interfacial sites while maintaining transport pathways (from high-surface-area bicontinuous scaffolds) and that Co/CoOx redox-active surfaces and conductive polymers can be engineered for charge transport. The revised proposal makes these principles testable within PSC-specific constraints by gating chemistry, quantifying ionic/electronic effects separately, and requiring selectivity metrics beyond PL.","This is an unusually rigorous and well-pre-registered proposal that stands out for treating perovskite compatibility as a hard constraint rather than a post hoc justification. The engineering resolution is very high: each processing step is bounded by explicit windows, kill-criteria are quantitatively defined, and the characterization suite is appropriately discriminating rather than redundant. Logical consistency is strong, particularly in separating (and explicitly falsifying) capacitance-only field homogenization from true ionic trapping via Eb>0. The use of inert bicontinuous controls is exemplary. Minor score deductions arise from (i) the practical risk that GI-HAXPES, KPFM-under-bias, STEM tomography, and ionic-blocking EIS are all resource-intensive and may strain throughput, and (ii) some reliance on fitting multi-parameter drift–diffusion models that could suffer from parameter covariance if datasets are noisy. Evidence grounding is solid: the LIB analogy is used narrowly (ion immobilization at redox-active oxides) and not overstretched. Rationale quality is high, as the proposal addresses a genuine PSC bottleneck—interfacial ion migration vs selectivity—via a structurally novel but mechanistically testable interlayer, rather than incremental passivation chemistry."
"A quantitatively percolated, ultrathin MOF-confined interphase (CCMI) can simultaneously preserve efficient electron extraction and suppress thermally activated interfacial degradation in perovskite solar cells if—and only if—its pore network exceeds a defined electronic and ionic transport window. Specifically, when a 10–20 nm MOF scaffold with open-pore connectivity (>70% accessible porosity, pore apertures ≥0.6 nm) is conformally anchored to SnO2, confined iodoplumbate crystallization within this scaffold will (i) reduce interfacial recombination by enforcing nanoscale nucleation that lowers defect formation energy and lattice anharmonicity at the ETL interface, and (ii) mechanically and electrostatically disrupt continuous ion-vacancy percolation pathways. The apparent ‘utilization advantage’ of the MOF arises not from an abstract defect-count ratio, but from a constrained shift in the interfacial recombination velocity and ionic activation energy that can be uniquely inferred from temperature-dependent Suns-Voc, impedance, and TRPL fits to a unified interface-recombination/ion-migration model. A spatially limited 1.0 M KOH edge-dosing step is viable only within a narrow diffusion–reaction regime where hydroxide penetration length in the MOF (<15 nm for ≤30 s exposure) is sufficient to neutralize trapped acidic iodoplumbate species and precipitate K–I/Br–O nanophases at pore mouths, yet remains below the threshold for bulk perovskite hydrolysis or K+ exchange. Under these bounded conditions, the CCMI architecture delivers a stability and Voc-retention advantage that cannot be replicated by planar alkali-halide, 2D/3D, or zwitterionic passivation layers at matched initial performance.","1. Quantitative definition of the CCMI electronic process window.
1.1 MOF scaffold selection and thickness gating: Focus on UiO-66-X (X = H, NHCO, Py at 1–3% linker substitution) and Al-fumarate grown by vapor-assisted or spray layer-by-layer deposition. Target thickness series: 5, 10, 15, 20, 30 nm. Reject any condition with BET-accessible porosity <70% or average pore aperture <0.6 nm (from powder analogs + ellipsometric porosimetry).
1.2 Electronic extraction criteria (go/no-go): Measure contact resistivity (ρc) across SnO2/CCMI/perovskite using TLM/cTLM and illuminated impedance. Acceptance thresholds: (i) ΔRs ≤ 0.3 Ω·cm2 relative to no-MOF control; (ii) extracted electron mobility across CCMI ≥ 50% of SnO2/perovskite reference; (iii) no inflection in FF vs thickness up to 15–20 nm. Thicknesses failing these criteria are excluded from subsequent chemistry steps.

2. Confined perovskite nucleation with percolation assurance.
2.1 Surface anchoring and pore opening: Use carboxylate-silane priming of SnO2 and modulated MOF growth (water-dominant synthesis with monotopic acid modulators) to deliberately introduce missing-linker defects that ensure pore interconnection without collapsing mechanical integrity.
2.2 Infiltration protocol with quantitative fill-factor: Introduce iodoplumbate-rich precursor (FAI/CsI:PbI2/PbBr2 = halide excess, 0.5–0.7 M) via 3–5 spin–vacuum pulses. Quantify pore filling by quartz crystal microbalance (QCM) on planar analogs and confirm retained electronic continuity by in situ Kelvin probe during infiltration.
2.3 Confined crystallization trigger: Apply antisolvent vapor (EA or IPA) at controlled activity to induce nucleation inside pores first. Mild anneal (80–90 °C) to crystallize confined interphase before bulk deposition.

3. Bounded hydroxide/K+ transport–reaction modeling and validation.
3.1 Diffusion–reaction model: Treat MOF as a tortuous porous medium; estimate hydroxide diffusion coefficient (DOH,MOF ~10−8–10−9 cm2·s−1). Define exposure times (10, 20, 30, 60 s) such that diffusion length (L = (2DOH·t)1/2) remains ≤15 nm for go conditions. Any evidence of deeper penetration is a stop criterion.
3.2 Edge-fed dosing experiment: Perform 1.0 M KOH dosing only on fully buried stacks (no top electrode) via microfluidics. Immediately quench edges with CO2-free water.
3.3 Chemical speciation proof: Use cryo-ToF-SIMS with 18O/D-labeled KOH and angle-resolved XPS to map K–I/Br–O species. Required outcome: K-containing phases localized within CCMI region with no measurable K+ signal in bulk perovskite (>30 nm from ETL). Overexposed controls establish failure boundary.

4. Replace utilization ratio with constrained interfacial recombination inference.
4.1 Unified model: Fit temperature-dependent Suns-Voc, impedance (recombination resistance + ionic branch), and TRPL (ETL-side excitation) to extract interfacial recombination velocity (S) and ionic activation energy (Ea,ion).
4.2 Calibration: Generate reference devices with known interfacial trap densities via controlled Pb0 or halide-vacancy creation (light soaking or reductive bias) and via titrated doses of a known passivant. Use these to anchor the model and ensure identifiability.
4.3 Success metric: CCMI must show ≥2× reduction in S and ≥0.15–0.25 eV increase in Ea,ion relative to no-MOF and planar-passivated controls.

5. Benchmarking against state-of-the-art passivation.
5.1 Fabricate reference devices with alkali-halide layers, 2D/3D perovskite caps, and zwitterionic SAMs tuned to achieve matched initial Voc/FF.
5.2 Compare Voc retention, T80 at 65–85 °C, and hysteresis evolution. CCMI advantage is claimed only if superior stability persists at matched initial performance.

6. Decision gates and scalability.
6.1 Go/no-go gates at: (i) electronic extraction (Step 1), (ii) chemical localization of KOH effects (Step 3), and (iii) stability gain beyond benchmarks (Step 5).
6.2 Scale best CCMI condition to blade-coated 10 cm2 mini-modules to verify transport and stability trends under realistic deposition.","This revision directly resolves the reviewers’ high-risk concerns by replacing qualitative assumptions with bounded, testable criteria. Electronic extraction through the CCMI is no longer presumed; it is explicitly constrained by contact resistivity, series-resistance increments, and illuminated impedance as a function of MOF thickness and porosity, ensuring that only percolated, electronically benign scaffolds are pursued. The chemical risk of 1.0 M KOH is mitigated through a diffusion–reaction model that defines allowable exposure times and penetration depths, coupled with cryo-ToF-SIMS and angle-resolved XPS to prove localization and speciation of K–I/Br–O products. The problematic ‘utilization ratio’ is replaced by an identifiable, model-based inference of interfacial recombination velocity and ionic activation energy, calibrated against intentional trap-density standards. Finally, benchmarking against leading non-MOF passivation strategies at matched Voc/FF ensures that any observed gains are structurally unique to CCMI rather than generic passivation effects. Together, these refinements convert speculative links (confinement, hydroxide chemistry) into quantitatively gated mechanisms aligned with the original CCMI concept.","This is an unusually rigorous and well-structured proposal that demonstrates strong command of both perovskite interfacial physics and MOF chemistry. The major strength lies in converting historically qualitative or post hoc explanations (utilization ratio, generic passivation) into quantitatively gated, falsifiable mechanisms with clear go/no-go criteria. Engineering resolution is very high: contact resistivity gating, pore-accessibility thresholds, diffusion-length calculations, and chemical localization proofs are all technically credible and state of the art. Logical consistency is likewise strong, particularly in tying confinement-induced crystallization, disrupted ionic percolation, and recombination velocity into a unified interface model. Minor logical risk remains in the assumption that powder-analog BET/ellipsometric porosimetry sufficiently represents ultrathin, substrate-bound MOF films; while acknowledged indirectly, this extrapolation could weaken mechanistic certainty if thin-film pore collapse or anisotropy occurs. Evidence grounding is solid and remains within the required concept chain, though the role of organic solvents is largely instrumental (antisolvent vapor, processing medium) rather than mechanistically central. Rationale quality is high: the CCMI is not a trivial passivation layer but a structurally constrained interphase designed to access a regime unattainable by planar treatments. Overall, score deductions are minor and relate primarily to residual uncertainty in thin-film MOF pore fidelity and the ambitious identifiability of multi-parameter model fitting."
"A dual-interface-loss–minimized perovskite photoelectrochemical (PEC) platform can be realized by (i) replacing the conventional nanocrystal mesoporous ETL with a manufacturable, low-thermal-budget “PSC-like” mesoporous oxide scaffold whose *connectivity and texture are quantitatively engineered* to produce near-single-crystal electron percolation paths, and (ii) implementing a *dose-limited, verifiably sub-tunneling-length* AgI interlayer at the hole contact that reduces barrier-limited hole extraction and interfacial non-radiative recombination without triggering Ag/Cu/halide-driven failure. Mechanistically, the PSC-like scaffold outperforms nanoparticle ETLs not by increasing surface area alone (which can increase interface traps), but by reducing the energetic/kinetic penalty of grain boundaries through (a) higher crystallographic coherence length and (b) lower tortuosity percolation, which together shorten electron transport time (τtr) and reduce electron residence time at the oxide/perovskite interface; the predicted outcome is a measurable drop in interfacial recombination velocity (S) because recombination becomes extraction-limited less often. In parallel, a tightly controlled AgI layer (≤2 nm, continuous) at the HTL/metal interface provides field-assisted tunneling and mitigates interfacial band-bending and defect-mediated recombination (reduced SRH via halide-vacancy passivation and reduced barrier height), increasing quasi-Fermi level splitting (Voc) and FF. The PEC mode is not treated as an add-on; instead, a pinhole-validated inorganic barrier and a kinetic model that separates interfacial charge-transfer resistance (Rct) from diffusion/ohmic limits enables mapping of PEC-derived interfacial kinetics (Rct, recombination resistance, τrec) onto PV-mode non-radiative losses (PLQY/EQEEL-derived ΔVoc,nr), thereby preserving the DSSC → PEC kinetics → PV loss-analysis chain with falsifiable, gated milestones.","WP0 (Platform definition and preregistration of gates)
- Device absorber: FA0.83Cs0.17Pb(I0.9Br0.1)3 (or iodide-rich variant if required for AgI formation), identical crystallization across all arms (same precursor molarity, antisolvent timing, anneal).
- Two stack polarities for decoupling contacts:
  (R) regular: Glass/ITO/ETL/Perovskite/HTL/Metal
  (I) inverted: Glass/ITO/HTL/Perovskite/ETL/Metal
- Pre-register quantitative success criteria for each WP (below) and lock two ETL controls + four AgI controls.

WP1 (Highest-risk item #1): Manufacturable PSC-like mesoporous ETL scaffold with measurable texture/connectivity
Goal: deliver a reproducible recipe that yields a mesoporous oxide scaffold with (a) controlled porosity without collapse, (b) high crystallographic coherence, (c) measurable preferential orientation/texture, and (d) superior electronic transport vs state-of-the-art ETL controls under identical perovskite infiltration.

WP1.1 Scaffold fabrication (two manufacturable routes; one must pass gates)
Route A: Block-copolymer templated sol–gel + photonic/flash crystallization (low substrate thermal budget)
- Precursor: TiO2 (titanium alkoxide sol–gel) or SnO2 (tin chloride/alkoxide sol–gel) with amphiphilic BCP template (e.g., Pluronic F127/PS-b-PEO class) tuned for 10–30 nm pores.
- Film thickness: 120, 180, 240 nm (spin or slot-die on test substrates).
- Template removal + crystallization:
  - UV-ozone/oxygen plasma partial removal (to prevent catastrophic shrinkage), then photonic curing (xenon flash) with energy density sweep (e.g., 1–10 J cm−2, 1–10 pulses) under controlled ambient (N2/O2 ratio) to crystallize without prolonged heating.
  - Collapse-avoidance control: in situ ellipsometry (thickness shrinkage limit ≤20%) and ex situ porosimetry (see metrics).
Route B: Seeded nanocrystal “necking” + mild solvothermal fusion (≤150 °C)
- Deposit a mesoporous layer from monodisperse TiO2 or SnO2 nanocrystals (pre-synthesized, ligand-stripped) with a removable porogen.
- Apply aqueous/alcoholic solvothermal treatment (120–150 °C, sealed, ≤2 h) to induce oriented attachment/necking (grain boundary reduction) while preserving mesoporosity.
- Rationale: avoids flash-induced heterogeneous sintering; provides a second manufacturable path.

WP1.2 Quantitative structural metrics (pass/fail gates)
For each scaffold condition, measure:
1) Texture/orientation: GIWAXS texture factor (Herman’s orientation parameter or equivalent) with target: ≥0.3 increase vs nanoparticle mesoporous control; report pole figures.
2) Crystallinity/coherence: cross-sectional TEM + FFT-derived coherence length distribution; target median coherence length ≥30 nm with narrow distribution (IQR ≤20 nm).
3) Porosity/tortuosity: ellipsometric porosimetry or GISAXS-derived pore size; target pore diameter 15–25 nm; porosity 30–50%; tortuosity factor τtort ≤2.0 (extracted from diffusion of small probe molecules or reconstructed tomography on a subset).
4) Electronic transport in scaffold (without perovskite): TRMC (preferred) or contacted conductivity; target ≥3× increase in effective electron mobility/conductivity vs nanoparticle mesoporous ETL at comparable thickness.
5) Interface trap propensity screen: XPS (surface hydroxylation), UPS (work function), and a standardized perovskite-on-ETL PL quenching/PL lifetime assay to flag trap-rich surfaces.
Gate WP1 “GO”: meet criteria (2 of 3 structural targets + transport target) without porosity collapse (shrinkage ≤20%, continuous film by SEM).

WP1.3 Benchmark against two ETL controls (mandatory)
Controls fabricated and infiltrated identically:
C1: Standard mesoporous nanoparticle TiO2 (or SnO2) + compact layer.
C2: Nanowire/compact bilayer ETL (e.g., hydrothermal nanowires on compact or aligned nanorods) OR a state-of-the-art planar SnO2 with passivation (e.g., KCl/alkali passivated) as the “fast-transport/low-area” comparator.
All three ETLs receive the same perovskite infiltration protocol (WP1.4).

WP1.4 Identical perovskite infiltration protocol (controls interfacial chemistry)
- Vacuum-assisted infiltration into mesopores (standardized vacuum dose/time), solvent system fixed.
- Cap layer: thin 3D perovskite overlayer (e.g., 200–400 nm total absorber) to form hybrid meso/planar.
- Void quantification: cross-sectional SEM/TEM + image analysis (void fraction target ≤5%).

WP1.5 Kinetic performance gates linking structure → PV/PEC metrics
Primary transport/recombination targets (pre-registered):
- IMPS-derived transport time constant τtr: ≥2× reduction vs C1 at matched Jsc.
- TRPL (interface-sensitive excitation) or PLQY-derived implied Voc: ≥50% reduction in interfacial recombination velocity proxy (e.g., increased PL lifetime at ETL interface; or ΔVoc,nr improvement ≥25 mV vs C1).
- Device-level: FF improvement ≥2 absolute percentage points vs C1 in PV mode without sacrificing Jsc.

WP2 (Highest-risk item #2): AgI tunneling interlayer with thickness-control strategy, falsifiable tunneling criteria, and degradation forensics
Goal: obtain an AgI interlayer that is (i) continuous, (ii) in the tunneling thickness regime, (iii) reduces contact barrier and non-radiative recombination, and (iv) does not accelerate ion-migration-driven degradation (filamenting, Ag penetration, Cu corrosion).

WP2.1 Architecture and controlled Ag reservoir
- Base anode: Cu (as stress-test + cost focus).
- Ag source options (evaluate both):
  A) Sub-nm to 2 nm evaporated Ag between HTL and Cu (Ag(0) reservoir).
  B) Ag-doped HTL (low loading) + Cu, no discrete Ag film (reduces filament risk).
- HTLs: at least two chemically distinct HTLs to test generality and rule out HTL-specific effects (e.g., Spiro-OMeTAD vs PTAA vs NiOx-based).

WP2.2 Iodide chemical potential control without destabilizing perovskite
- “I-source” introduced only at the immediate HTL interface using a confined iodide reservoir (e.g., trace iodide salt in HTL topcoat or self-assembled iodide-bearing molecule), with total iodide areal density pre-calibrated.
- Hard constraint: perovskite stoichiometry/phase unchanged (GIWAXS peak positions/phase fraction stable; no new PbI2 beyond baseline).

WP2.3 Conditioning dose as the quantitative control loop (thickness-limited formation)
- Define conditioning “dose” D = (light intensity × time) + (bias × time) at fixed temperature; run a matrix (e.g., 0.1, 0.5, 1, 2 “sun·hour equivalents” with/without forward bias).
- After each dose, measure AgI thickness/continuity (WP2.4) and contact resistivity/barrier (WP2.5). Stop conditioning when tunneling criteria met or when Rs rises.

WP2.4 Direct thickness/continuity measurements (mandatory)
- Cross-sectional TEM/EELS on representative devices after specific D to quantify AgI thickness; target: continuous layer 0.5–2.0 nm; reject if >3 nm or discontinuous islands.
- Angle-resolved XPS depth profiling to confirm Ag–I chemical state and spatial confinement.

WP2.5 Falsifiable tunneling/contact criteria
- Contact resistivity via TLM (or c-TLM): target ≥30% reduction vs Ag-free Cu contact without increasing series resistance in full device.
- Barrier height/work-function alignment: UPS and/or KPFM; target measurable reduction in hole-injection barrier (ΔΦ ≥0.1–0.2 eV vs control).
- Non-radiative recombination metrics: EQEEL or PLQY-derived ΔVoc,nr improvement ≥20 mV at matched current density.
Gate WP2 “GO”: meet thickness window + improved contact resistivity + improved ΔVoc,nr with no Rs penalty.

WP2.6 Hard controls (mandatory falsification set)
- Ag-free control: HTL/Cu.
- I-source-free control: Ag present but no iodide reservoir.
- Halide variant controls: AgCl, AgBr (tests whether “AgX tunneling” is generic or iodide-specific).
- HTL dependence: at least two HTLs.

WP2.7 Degradation forensics and filament suppression
- ToF-SIMS depth profiles pre/post stress (illumination + bias) to detect Ag migration into perovskite and Cu diffusion.
- Cross-sectional SEM/TEM to identify filamenting/short pathways.
- Electrical signature: monitor hysteresis, shunt formation, and noise spectroscopy if available.
- Fail criteria: detectable Ag penetration into perovskite bulk above threshold (pre-defined SIMS signal ratio), rapid shunt increase, or catastrophic Rs increase.

WP3 (Highest-risk item #3): PEC barrier integrity, edge sealing, and kinetic model separating Rct from transport limits
Goal: create a PEC-operable perovskite device whose electrolyte-facing barrier is demonstrably pinhole-free at the relevant timescale, with a kinetic model that allows extraction of true interfacial charge-transfer parameters.

WP3.1 Barrier layer + edge seal (manufacturable stack)
- Barrier: ALD nanolaminate (e.g., Al2O3/SnO2 or Al2O3/TiO2), total 10–20 nm on the electrolyte-facing side (choose configuration based on illumination geometry).
- Edge seal: UV-curable epoxy + glass cap or chemically resistant encapsulant; define overlap/edge distance.

WP3.2 Pinhole/leakage testing (mandatory pass/fail)
- Electrochemical leakage: measure dark current in electrolyte vs bias; define maximum leakage current density (e.g., ≤10−6–10−5 A cm−2 at relevant bias) and stable over time.
- Dye-penetration test (analogous to barrier pinhole visualization): expose to dye/redox marker; inspect optical/PL change mapping.
- “Ca-test analog” for ionic ingress: use an ion-sensitive layer or electrical proxy to detect ingress rate; set threshold.
Gate WP3 “GO”: pass leakage + dye penetration + stability of leakage over defined soak time.

WP3.3 PEC electrolyte selection and compatibility screen
- Use non-aqueous redox mediators first (iodide/triiodide; cobalt complex) with defined diffusion coefficients; exclude mediators that chemically attack HTL/ETL.
- Compatibility: soak tests on isolated transport layers + barrier to quantify chemical change (XPS/UPS) before full PEC runs.

WP3.4 Kinetic model and parameter extraction (Rct vs diffusion/ohmic)
- Use EIS under illumination with equivalent circuit that includes: series resistance (Rs), charge-transfer resistance (Rct), chemical capacitance, diffusion element (Warburg) for mediator transport.
- Vary mediator concentration and stirring/flow to separate diffusion limitation from interfacial kinetics (Rct should be invariant with transport once diffusion is alleviated).
- Define mass-transport limit current; operate below this regime for kinetic mapping.

WP3.5 Mapping PEC kinetics to PV non-radiative losses (closing the chain)
- On the same physical device architecture (or sister devices), measure PV-mode PLQY/EQEEL and Suns-Voc to quantify ΔVoc,nr.
- Correlate changes in PEC-extracted recombination resistance/τrec (and ETL/HTL-specific Rct) with ΔVoc,nr and FF losses across ETL/AgI conditions.
Success criterion: statistically significant correlation (predefined) demonstrating that the same interface modifications shift both PEC Rct/τrec and PV ΔVoc,nr/FF in the predicted direction.

WP4 Integrated demonstration and stability
- PV benchmarking: stabilized MPP tracking, J–V hysteresis index, temperature-dependent Voc/FF to identify barrier-limited extraction.
- Stability matrix:
  (i) PV: continuous illumination in N2 (500–1000 h), plus elevated temperature subset.
  (ii) PEC: bias + illumination in electrolyte with barrier; track photocurrent retention.
- Post-mortem: ToF-SIMS/XPS/TEM on both contacts + barrier for failure attribution (Ag/Cu migration vs barrier pinholes vs interfacial decomposition).","Risk 1 (PSC-like scaffold manufacturability and true advantage): The revised plan replaces qualitative claims (“oriented, fused single-crystal domains”) with two concrete low-temperature fabrication routes and explicit, measurable structure/connectivity targets (GIWAXS texture factor, TEM coherence length distribution, porosity/tortuosity, TRMC/contacted transport). The advantage over nanoparticle ETLs is tested under identical perovskite infiltration with void quantification and against two strong ETL controls (nanoparticle mesoporous and nanowire/planar fast-transport control). Go/no-go gates are pre-registered in kinetic terms directly tied to the DSSC→PEC→PV logic (≥2× τtr reduction by IMPS; ≥25 mV ΔVoc,nr improvement or ≥50% interface recombination proxy reduction).

Risk 2 (AgI interlayer underconstrained and potentially destabilizing): The AgI element is converted into a dose-controlled, thickness-verified interlayer with falsifiable tunneling criteria: direct thickness/continuity measurement after defined conditioning doses (TEM/EELS, angle-resolved XPS), and correlation to contact resistivity (TLM) and barrier height (UPS/KPFM). Hard controls (Ag-free, I-source-free, AgCl/AgBr, multiple HTLs) make the “self-optimizing” hypothesis testable rather than assumed. Degradation forensics (ToF-SIMS for Ag/Cu migration; filament detection by cross-sectional microscopy; electrical shunt/Rs monitoring) provide explicit fail conditions to prevent pursuing a marginal efficiency gain that compromises stability.

Risk 3 (PEC idealization, pinholes/edge ingress, and kinetic ambiguity): The PEC module now includes barrier pinhole testing with quantitative pass/fail thresholds, an explicit edge-sealing protocol, and a kinetic modeling strategy that separates interfacial Rct from diffusion/ohmic limitations by varying mediator concentration and hydrodynamic conditions. Only after operating below mass-transport limits and passing leakage/pinhole gates will PEC-derived kinetics be used to map onto PV-mode non-radiative recombination metrics. This ensures the mechanistic linkage is defensible and not confounded by electrolyte transport or barrier failure.

Overall feasibility: Each high-risk innovation is now a gated work package with measurable structural/electrical criteria, mandatory controls, and failure forensics. This preserves the original DSSC-inspired rationale (high-area charge-transfer interface) while addressing the perovskite-specific failure modes (interface traps, ion migration, contact barriers, electrolyte ingress) with quantitative control loops and benchmarked comparisons.","This is an unusually well-resolved and internally disciplined proposal with pre-registered gates, mandatory falsification controls, and explicit failure forensics. The engineering depth is very high: fabrication routes, metrology, and quantitative targets are specified at a level consistent with advanced perovskite/PEC research programs. Logical consistency is strong, particularly in the mechanistic argument that reduced electron residence time at the ETL/perovskite interface—not surface area per se—lowers interfacial recombination velocity, and in the explicit tunneling-length framing of the AgI interlayer. Minor deductions arise from residual coupling risks: (i) achieving ≥30 nm coherence length and low tortuosity simultaneously in a low-temperature mesoporous oxide remains experimentally ambitious, and success probability is not quantitatively estimated; (ii) the assumption that PEC-extracted Rct can be cleanly mapped onto PV-mode ΔVoc,nr, while carefully gated, still relies on equivalent-circuit abstractions that may not fully capture mixed ionic/electronic effects in halide perovskites. Evidence grounding is excellent, staying within the DSSC→PEC→PV chain without conceptual drift. Rationale quality is high, as the work meaningfully restructures known techniques rather than reapplying them verbatim, though it is incremental rather than paradigm-breaking."
"Embedding a monolayer-level single-atom catalyst (SAC) array (M–N4 centers; M = Fe/Co) within a chemically robust, ultrathin conductive MOF-derived interlayer at the perovskite/ETL interface will simultaneously (i) suppress oxygen-driven degradation by kinetically controlling interfacial oxygen reduction reaction (ORR) via tuning the adsorption free energy of OH* toward the top of the ORR volcano and (ii) reduce non-radiative recombination by passivating halide-vacancy/undercoordinated-Pb surface states. The methodological adaptation is to repurpose rotating-disk ORR descriptor engineering (OH* free-energy targeting used for SAC screening) into a perovskite-specific ‘oxygen sink + defect-passivating’ interfacial architecture: a 2–5 nm SAC@porous-carbon/MOF nanolayer with high specific surface area (SSA) that is electronically coupled to the ETL (SnO2) but ionically and chemically decoupled from the perovskite through a thin 2D-perovskite/ionic-bonding anchoring motif. Mechanistically, optimized OH* binding on isolated M sites promotes a controlled 4e− ORR pathway (or benign peroxide suppression) on the SAC layer rather than on the perovskite/ETL contact, reducing superoxide/peroxide residence time at the perovskite surface, while the interlayer’s Lewis-base nodes coordinate Pb2+ and fill halide-vacancy related trap states, increasing quasi-Fermi level splitting and thereby increasing power density under operation.","Step 1: Specific system setup or data preparation.
1.1 Select a benchmark high-efficiency perovskite stack (e.g., glass/ITO/SnO2/(interlayer)/FA-Cs mixed-halide perovskite/spiro-OMeTAD/Au) and a reference without interlayer.
1.2 Build a controlled oxygen/moisture exposure platform: (a) dry O2, (b) O2 + 30–50% RH, (c) N2 control, with continuous MPP tracking and simultaneous in-situ electrochemical detection.
1.3 Pre-screen candidate SAC motifs using DFT: compute ΔG(OH*) on M–N4 sites embedded in (i) phthalocyanine-like coordination, (ii) N-doped graphene fragments, and (iii) MOF-node-like coordination. Use ΔG(OH*) as the primary descriptor to target a narrow window near the volcano apex for low ORR overpotential, while constraining Fermi-level alignment to avoid electron extraction barriers from SnO2.

Step 2: Detailed implementation of the adapted methodology.
2.1 Synthesize a conductive MOF thin film (2–5 nm) directly on SnO2 by vapor-assisted conversion or layer-by-layer growth (e.g., Zr-based or Fe-based MOF seed modified to be electronically percolating after mild pyrolysis at ≤250–300 °C, compatible with PSC processing). This is the adaptation: MOF chemistry and thickness are tuned for high SSA while staying below the carrier tunneling length to avoid series resistance.
2.2 Introduce isolated M atoms (Fe/Co) as M–N4 SACs within the MOF-derived carbonaceous network using a ‘confined coordination’ route: impregnate with metal precursors + nitrogen ligands, followed by low-temperature fixation to prevent nanoparticle formation (verify single-atom dispersion via HAADF-STEM and XAS).
2.3 Add a perovskite-facing anchoring/passivation skin (≤1 nm) by depositing a sparse 2D Ruddlesden–Popper forming salt (e.g., PEA/BA derivative bearing a coordinating group) that (i) blocks direct contact between SAC and halide lattice to prevent metal diffusion and (ii) provides Lewis-base coordination to undercoordinated Pb while maintaining electronic coupling.
2.4 Integrate the interlayer into full devices and also into ‘half-cells’ for mechanistic studies: SnO2/interlayer/perovskite and perovskite/interlayer/SnO2 test structures.

Step 3: Rigorous validation and analytical framework.
3.1 Electrochemical detection of ORR activity at the interface: use a solid-state three-electrode microcell geometry on SnO2/interlayer films (with oxygen dosing) to measure onset potentials and kinetics proxies; correlate with ΔG(OH*)-ranked SAC candidates.
3.2 Quantify oxygen-induced electronic losses: in-situ PL/TPV/TPC under controlled O2 to track non-radiative recombination changes, and EIS to separate charge-transfer resistance vs recombination resistance.
3.3 Identify degradation pathway suppression: operando XPS/ToF-SIMS to detect iodide oxidation products, Pb0 formation, and metal migration; EPR to quantify superoxide signals with/without interlayer.
3.4 Device metrics: compare Voc, FF, and stabilized power output (power density at MPP) under 1-sun and elevated temperature (65–85 °C) in O2/RH stress. Use statistical batches (n≥20) and accelerated lifetime modeling (e.g., T80 at MPP).
3.5 Mechanism-to-descriptor test: demonstrate that stability gain and power density retention scale with (i) measured ORR suppression at perovskite interface (lower superoxide signature) and (ii) SAC ΔG(OH*) proximity to target window, establishing causality rather than correlation.","1. Theoretical/Empirical Basis: SAC ORR activity follows a volcano trend with adsorption free energy (OH*) as a universal descriptor, enabling rational selection of M–N4 motifs; high-SSA MOF-derived carbons and MN4 site-rich macrocycle/MOF systems are proven to deliver high limiting currents and power density in oxygen electrochemistry, indicating that thin, site-dense layers can strongly modulate oxygen reduction kinetics. In PSCs, oxygen/superoxide is a known driver of surface and interface degradation and can also introduce interfacial recombination; therefore, relocating/controlling ORR away from the perovskite contact while passivating traps is mechanistically aligned with known failure modes.
2. Transfer Logic (How the adaptation fits the domain): The adaptation is not simply adding a catalyst; it re-engineers the perovskite/ETL interface into a dual-function layer: (i) an ‘oxygen-reactivity governor’ designed using ORR descriptor engineering (ΔG(OH*)) and (ii) a perovskite-compatible passivation/anchoring skin to preserve band alignment and prevent metal diffusion. The film is nanometer-thin to maintain electron extraction and can be processed at low temperature to remain compatible with perovskite fabrication.
3. Comparative Advantage: Compared to conventional organic passivators or inert 2D layers, this interlayer actively modulates oxygen electrochemistry instead of only blocking oxygen diffusion, providing robustness under realistic oxygen ingress. Compared to nanoparticle catalysts, SACs maximize active-site utilization at minimal loading, reduce optical/electrical parasitics, and allow tunable OH* binding; the high SSA architecture increases the probability of oxygen capture and rapid conversion on the interlayer rather than on the perovskite, improving operational chemical stability and stabilized power density.","This is a technically ambitious and intellectually rigorous proposal with unusually strong cross-domain translation. The engineering plan is detailed, materials-realistic, and largely compatible with perovskite processing constraints. The logical chain linking SAC OH* binding to interfacial ORR relocation and reduced superoxide residence is scientifically defensible and goes beyond simple oxygen blocking. The main deductions arise from two areas: (i) the electrochemical validation of ORR at a buried solid-state interface remains experimentally challenging, and while proxies are proposed, quantitative separation of ORR kinetics from charge extraction effects may be difficult; (ii) the stability of Fe/Co–N4 SACs under perovskite-relevant bias, halide exposure, and illumination is assumed rather than rigorously de-risked, especially regarding metal redox cycling and long-term coordination integrity. These are not fatal flaws, but they introduce execution risk. Overall, the proposal is well above the field’s median in both mechanistic depth and originality."
